{"type":"FeatureCollection","features":[{"type":"Feature","id":363,"geometry":{"type":"MultiPolygon","coordinates":[[[[26.94043046612347,61.215014106876296],[26.940354775070965,61.21515296637532],[26.940347006619493,61.21516593561988],[26.9402815653956,61.21526888910018],[26.940245369531162,61.21527302081019],[26.940210881406543,61.21527971188588],[26.94017847417094,61.21528851361213],[26.940147591066513,61.21529852798245],[26.940117879202777,61.21530933289386],[26.940093605242865,61.215318946178385],[26.939984017740265,61.21536752049974],[26.939976211047295,61.21537113502448],[26.939949351317498,61.21537977755503],[26.9399202900749,61.215390986704186],[26.939890536844537,61.215403874355445],[26.939863446692996,61.215416179636215],[26.939838287511485,61.215431107233925],[26.939822656854613,61.21544734979007],[26.939815152428203,61.21545837995471],[26.939804936875664,61.21547563938406],[26.939798865475932,61.215486849736536],[26.939789450160262,61.21550421725152],[26.93978255986169,61.21551532848565],[26.939768343286,61.21553189485786],[26.939754285311196,61.21554338894313],[26.939730505712735,61.21555716799829],[26.93970103046597,61.21557058541092],[26.939641078153485,61.21559559731376],[26.939581144326894,61.21562062715348],[26.93952149333953,61.215643726904354],[26.93946067411066,61.21566442010477],[26.939429771829058,61.215674416347404],[26.939405314570937,61.215682287768],[26.939374542389988,61.21569237383237],[26.93934723439646,61.215701563677754],[26.93931679677307,61.21571190125204],[26.939289154116384,61.21572085751777],[26.939256894851905,61.215729784776286],[26.939232777033844,61.21573534906926],[26.939198120943452,61.215741887192195],[26.939172925553972,61.21574633776623],[26.939138399418393,61.21575304650697],[26.93911483957639,61.21575884444763],[26.93908371403591,61.2157686699362],[26.939056834465188,61.215777644452665],[26.93902477951781,61.21578674232254],[26.93899931982012,61.21579306906813],[26.93896574100773,61.21580080163997],[26.938943225411776,61.21580564839316],[26.938908996402297,61.215812671425994],[26.938883166124548,61.215818082265415],[26.938849494318575,61.21582574294554],[26.938783432795656,61.215842267860864],[26.938768570198388,61.21584605868166],[26.938569418887766,61.21589474399005],[26.93853939640418,61.21590198429867],[26.938472981510692,61.215918176730405],[26.93843977399454,61.21592629537809],[26.938424818483757,61.215929960432305],[26.93839142517252,61.21593788147609],[26.938363584163174,61.21594331823548],[26.93832770254484,61.21594806005441],[26.93830223083088,61.21595087641389],[26.938194010793993,61.215964087060144],[26.938179542728946,61.21596597474067],[26.93810766799794,61.215975296623576],[26.93807161931059,61.215979759992194],[26.938056760496437,61.21598154872725],[26.937948484510567,61.21599470528623],[26.937934053506694,61.21599666477847],[26.937898579981315,61.21600207999225],[26.937872341564233,61.2160066106452],[26.9378377777242,61.216013274149226],[26.93781647256544,61.21601774421024],[26.937715975998326,61.21604119250503],[26.93770308778987,61.21604430181694],[26.93766982421988,61.216052357406866],[26.93764581684126,61.21605828955063],[26.937612646142735,61.21606643494542],[26.9375875788562,61.216071756112854],[26.937551808366983,61.21607665039716],[26.937526225105906,61.21607930496226],[26.93748993522781,61.21608325634069],[26.937464871326227,61.21608685378385],[26.937430418792648,61.216093624966796],[26.937405797482338,61.216099323366514],[26.937372515198312,61.21610736091958],[26.937348507704055,61.216113301988216],[26.93731563418705,61.21612171677629],[26.937290991593336,61.216128734855495],[26.937260497143484,61.216139018075786],[26.93723361278813,61.21614997628239],[26.937177376436665,61.21617706264525],[26.937148908480424,61.21618862160164],[26.937121134891463,61.21619737087896],[26.937087852467222,61.21620539040674],[26.93706384477301,61.2162113673353],[26.93703325725159,61.21622156966261],[26.937005535915016,61.21623208753169],[26.9369768075479,61.21624348473368],[26.936948595752384,61.2162572073735],[26.936928069822763,61.216272154540135],[26.936914380930617,61.216284582174296],[26.936897389945166,61.21630054545233],[26.936884111385936,61.21631256928155],[26.936865371396816,61.216328073882536],[26.936849915063934,61.2163399440745],[26.936828756471883,61.21635470240117],[26.936805647241975,61.21636743985061],[26.93677641669856,61.21637851358158],[26.9367467666691,61.21638525091988],[26.93671030998775,61.21638860948882],[26.936688993912572,61.2163890394383],[26.936651838295337,61.21638817818358],[26.93663305701194,61.216387101068676],[26.93659670769536,61.216383349382056],[26.936577095546888,61.2163788693527],[26.936550518475617,61.21636642291155],[26.93652713171552,61.216350512597586],[26.936502660395405,61.216337016751375],[26.936469734913533,61.21632480073853],[26.936435980821024,61.216317315534994],[26.936409257086005,61.216313029654025],[26.93633762433876,61.216303273268785],[26.936301686461885,61.21629865086703],[26.936291171236544,61.216297299282466],[26.936255289474907,61.216292551208106],[26.936232100395966,61.21628945200018],[26.93617304823697,61.21628158674569],[26.93606536576894,61.216267387270754],[26.93605496258684,61.21626587412349],[26.935949110539052,61.216248739737736],[26.935940289438403,61.216247361993524],[26.93590478143494,61.21624195863663],[26.93589698396985,61.21624069808266],[26.935862371950424,61.216234110092486],[26.935826182719918,61.216225007613005],[26.935795412715066,61.21621492015256],[26.935768866957076,61.21620559778444],[26.935738488469735,61.216195241167846],[26.935711551283127,61.216186178953926],[26.93565099952498,61.216165295210786],[26.935620416030297,61.216155091089924],[26.93559489114091,61.216147286390324],[26.93549717444128,61.21612124073886],[26.935475257753115,61.21611505370531],[26.935444059199707,61.21610526222229],[26.935416861793694,61.21609608311664],[26.935356198543957,61.21607527998686],[26.935325745744496,61.21606497710783],[26.935302231329917,61.21605725411074],[26.93527131256512,61.21604724725851],[26.935244897579043,61.216037844051336],[26.93521791159198,61.21602548692886],[26.93519085795487,61.216009826004175],[26.935169312455347,61.21599520013488],[26.935150816396284,61.21598229942422],[26.935129215050292,61.215967691477005],[26.93511085036794,61.21595428807691],[26.93509450175172,61.21593818337572],[26.935086912306755,61.21592635621488],[26.935082015771147,61.21590857818055],[26.935080252335837,61.21589708598121],[26.935077031414696,61.21587920999528],[26.935073028569047,61.21586136954518],[26.93507101609291,61.215853297699965],[26.93506193060665,61.21581767014757],[26.935060102997138,61.21581022682419],[26.935055746437655,61.21579240415919],[26.935052437911025,61.21578092019661],[26.935044823089363,61.21576336529867],[26.93503843901474,61.215753819028116],[26.935022649282036,61.21573757992128],[26.935009437125657,61.215726189963824],[26.93499158008456,61.21571044363125],[26.934980453902877,61.21569856090211],[26.9349688171442,61.21568151579484],[26.93496243447963,61.2156713051773],[26.93495089083654,61.215654251135476],[26.93494443368444,61.21564405843653],[26.934937023762796,61.21562648567523],[26.934935404909947,61.2156171302168],[26.934936782219644,61.21559920256802],[26.934938722303034,61.21558820591307],[26.934941681844837,61.21557031493404],[26.934943044865925,61.21555930902438],[26.934943900956412,61.21554137214762],[26.93494237881379,61.215530257121735],[26.934935210975382,61.21551265754334],[26.934929348085188,61.215503174360805],[26.934916780343414,61.2154862814212],[26.93490757176098,61.21547434574058],[26.934896307542374,61.21545724693967],[26.934891638280185,61.21544668701409],[26.93488852918522,61.21542882005373],[26.9348888110658,61.21541852285716],[26.93489132387116,61.21540062268663],[26.93489298272643,61.21539059548004],[26.93489408082097,61.215372667696975],[26.934892033564275,61.21536344669624],[26.93488140247981,61.21534626739926],[26.93487308468405,61.215335687764835],[26.93486027494806,61.215318839591404],[26.934848619779153,61.21530179446394],[26.934837634975413,61.21528465090388],[26.93483351579075,61.2152781670807],[26.934822493754453,61.21526103247904],[26.934815515331245,61.21525092032129],[26.93480227734362,61.21523415273481],[26.93479064836382,61.21522247623262],[26.934771133999444,61.21520719590876],[26.934748396979508,61.21519300032309],[26.934694861965326,61.21516492845122],[26.93466998248136,61.21515159367175],[26.934642985525432,61.21513602243891],[26.934620490816098,61.215121728194575],[26.93460009963693,61.21510743496132],[26.93458011979725,61.21509228007182],[26.934562165111092,61.215079011457554],[26.93453970772791,61.21506470824006],[26.934512072850712,61.215051614496566],[26.934481173900593,61.21504162542698],[26.934454533644008,61.21503364939705],[26.934425107356425,61.215022682465936],[26.934398013764426,61.21500893359449],[26.934376860494414,61.214994182099794],[26.93435911163111,61.214980473654606],[26.934338778040082,61.214965444244555],[26.93431819927477,61.21495194988603],[26.934294158561634,61.214938247360976],[26.93426836644762,61.214925316057894],[26.934263326718007,61.21492294352168],[26.934206864043436,61.21489774287499],[26.93415042005537,61.214872551191384],[26.93412101269522,61.21486155727025],[26.93409324011447,61.214852171131966],[26.93406221099995,61.2148422716794],[26.934035626055074,61.214834681631494],[26.934002396557677,61.21482662150701],[26.933977445545764,61.21482104323064],[26.93394376843465,61.21481340482204],[26.93391926508681,61.21480740480479],[26.933886874958436,61.214798564007964],[26.933861518867236,61.21479088474897],[26.933830825463403,61.21478074301132],[26.933804188324924,61.214771465099375],[26.9337745388652,61.21476062360418],[26.93374729205212,61.21474916382085],[26.9337222456307,61.21473589162818],[26.933695435798853,61.21472024847586],[26.93359811971815,61.21466592213228],[26.933591649061448,61.21466244462239],[26.933539774478675,61.21463352920838],[26.933516349147588,61.214619584450475],[26.933487881357276,61.214604622742904],[26.933458511707723,61.214593628695944],[26.933431707455135,61.21458427880743],[26.93340356795791,61.214572558165194],[26.933374410491336,61.21455808088647],[26.933322517626735,61.21452918333501],[26.93322512826223,61.2144748836185],[26.933218750854696,61.214471361248485],[26.933166858313545,61.21444244568192],[26.933142520368065,61.214428877469054],[26.93311594648679,61.21441634057522],[26.933110850224026,61.21441437196104],[26.933079225129966,61.214404965757765],[26.933052727764,61.21440024839901],[26.933015969066098,61.21439770752713],[26.93299688872009,61.21439782378376],[26.93295995249449,61.214399987083425],[26.93293811399963,61.214401592253076],[26.932901159322807,61.21440367472901],[26.93286403892472,61.214404904238634],[26.932826881906394,61.21440584643595],[26.932816996956632,61.214406092910494],[26.932779840031188,61.21440699020688],[26.932756570773936,61.21440738265859],[26.932719360185082,61.214407256462756],[26.932700429784774,61.21440688796036],[26.93266329591807,61.21440570242768],[26.93264053201959,61.21440480233281],[26.93260351113167,61.214403015339116],[26.932580842114916,61.2144012713848],[26.932544738771863,61.21439695314168],[26.932524715645233,61.21439399851551],[26.932489378289283,61.21438838786118],[26.932465894415227,61.214384695337536],[26.932430631827582,61.214378950040796],[26.93240735657839,61.21437346208635],[26.932378322951312,61.21436229739749],[26.93234896160041,61.21434772104193],[26.93232318938204,61.21433478937708],[26.932301926039877,61.21431994772548],[26.932296472614084,61.214302294994255],[26.93229718512568,61.21429122594053],[26.932299662102132,61.21427331681902],[26.93230122656703,61.214264259178385],[26.932304354992983,61.21424637731496],[26.932305475865572,61.21423584712245],[26.932303783161476,61.21421793591829],[26.932299805329603,61.214206613148434],[26.932288636031508,61.21418952315198],[26.93227882955007,61.214179265806976],[26.93225995032987,61.214163805883445],[26.932243838080726,61.21415142666524],[26.93222495889434,61.214135966736805],[26.932189715065082,61.214104338897556],[26.93217994285887,61.21409548207164],[26.932161659788363,61.21407984288003],[26.93214231503244,61.21406451737122],[26.93212144290089,61.21404965793117],[26.93210413651738,61.21403863371933],[26.93205224567197,61.214009735679646],[26.931955512186594,61.21395516604554],[26.931949488061115,61.21395194005438],[26.93192399583739,61.213938873788884],[26.931897534753553,61.21392623795775],[26.931893387826946,61.21392434159557],[26.931865827236138,61.21391229772893],[26.931836739566112,61.21390058526084],[26.93180724073081,61.21388964465528],[26.931746602741942,61.21386883093614],[26.931721305648832,61.213860280475465],[26.931690949384706,61.21384991398055],[26.931663996731466,61.213840859927856],[26.931632764305515,61.21383110345659],[26.931606328973174,61.21382385415574],[26.931572728154137,61.21381612541862],[26.93154513608734,61.21381010545639],[26.93151114344085,61.21380281640961],[26.93148766161967,61.21379843244001],[26.93145161523309,61.21379398824708],[26.931428501516013,61.21379153464251],[26.931392324356842,61.21378731480831],[26.93136930420955,61.213784636800376],[26.931333108295462,61.21378048876186],[26.93131018242297,61.21377726315656],[26.93127624582668,61.2137699202135],[26.931250013486515,61.21376354177555],[26.93121650608665,61.213755723221134],[26.93119183613961,61.21374991115502],[26.931158664492933,61.21374178751747],[26.931133640248323,61.21373627152242],[26.93109819177934,61.21373084897816],[26.931074669641664,61.21372792826917],[26.931002708045966,61.21371877039195],[26.930966998134398,61.213713751673396],[26.93095657748441,61.213712211192146],[26.930920905012922,61.21370710270427],[26.93089753146965,61.213704343637446],[26.93086069920146,61.213701847031096],[26.93083791858761,61.21370033614622],[26.930801479770768,61.213696681611005],[26.93077858917274,61.21369439858429],[26.93074166310478,61.21369224304742],[26.930718749757425,61.21369184530008],[26.930681593713082,61.21369269713345],[26.93066018403708,61.21369415851342],[26.930624229798934,61.21369870074944],[26.930602627096842,61.213703286234775],[26.93057192847082,61.21371337931939],[26.930546267995272,61.213726338840786],[26.9305235644062,61.213740556740284],[26.93050255422582,61.213754990967196],[26.93046038334817,61.213784559588646],[26.930438907235644,61.21379922698483],[26.930422018240797,61.21381026977206],[26.930400095724533,61.21382476635801],[26.9303827366252,61.2138379455735],[26.93036836705225,61.213854465998644],[26.930362591213825,61.21386532595669],[26.930358028593783,61.21388312624122],[26.930356330036645,61.21389365612162],[26.930353516966402,61.213911547081054],[26.93035200349945,61.21392255287051],[26.93035103315459,61.21394048966474],[26.930351678782714,61.21395157736217],[26.930354952671816,61.213969453493704],[26.930358277039712,61.21398133259825],[26.93036469723793,61.2139990038606],[26.93037092563035,61.21401081263563],[26.93038393731443,61.21402760747558],[26.93039669859613,61.21403978768697],[26.930416526782448,61.21405497005145],[26.930433736838044,61.21406720640872],[26.93045498073353,61.21408194959048],[26.930474776951804,61.21409477081486],[26.930525736871257,61.214123166234465],[26.9305473907039,61.21413775699211],[26.9305637804109,61.214150630323616],[26.93058202548078,61.21416627868902],[26.930595773705043,61.214178351655335],[26.93065076986675,61.21422520708827],[26.93065987420311,61.214232860681165],[26.930696792964298,61.21426403191563],[26.930715075434534,61.21427966232669],[26.930723993537427,61.21428736968577],[26.930742369186824,61.21430296423025],[26.930758035630813,61.21431467905493],[26.930780956505195,61.21432881256318],[26.930808863749935,61.214344034905324],[26.930882097973072,61.21438466908066],[26.93090630445105,61.214398309453806],[26.930910747878265,61.21440081647556],[26.930961708684926,61.2144292117301],[26.931035632657466,61.21446956786683],[26.931059336256276,61.21448339648661],[26.93106363057363,61.214486002181374],[26.931086141811733,61.2145003060041],[26.931107218692585,61.21451508490805],[26.931126451415157,61.214530464372416],[26.931138563414397,61.21454184517453],[26.931153270359818,61.21455832658348],[26.93116164280156,61.214568789766524],[26.931174804075148,61.21458557562729],[26.931184420197642,61.21459765541252],[26.931226734766348,61.21464747576279],[26.931230485078878,61.21465201136507],[26.93125667740034,61.2146856189159],[26.93126939185932,61.214702476361545],[26.931273345421943,61.214707712320276],[26.931286004014897,61.21472458769119],[26.93129327726737,61.2147355081674],[26.93130252823681,61.21475289353395],[26.931307234206447,61.214763094498416],[26.931314530153966,61.21478069433627],[26.931317152001228,61.214790553094595],[26.931318118133497,61.21480849087443],[26.931317606764893,61.21482105928723],[26.931315292931615,61.214874887940645],[26.93131502430301,61.214878568629814],[26.93131269563954,61.214896477807116],[26.931309711991357,61.21490742899481],[26.93130172519718,61.21492494926668],[26.931295125883903,61.2149378916538],[26.93128743683629,61.21495544798615],[26.931276246282028,61.21499093983271],[26.93127376919167,61.215000068818945],[26.93126918826718,61.21501788707697],[26.93126572866598,61.21503367696076],[26.931262822934137,61.21505156788887],[26.931260968394305,61.21506544635276],[26.9312559945184,61.21510126454385],[26.931253070159638,61.21511915546216],[26.931252335262307,61.21512323990761],[26.93124887111882,61.21514110361913],[26.931245667544502,61.21515898541797],[26.93124380416093,61.21517691278454],[26.931243626619825,61.21518150025947],[26.931244071477387,61.21519944675205],[26.931244572654524,61.215208640091454],[26.93124572491014,61.21522657796514],[26.931247037639483,61.21523921912303],[26.931250572821696,61.21525707740656],[26.931261590098547,61.21529258051184],[26.93126332840256,61.215297869212755],[26.9312743829581,61.21533336335804],[26.931279705447828,61.21535112379287],[26.93128221884894,61.21535951016604],[26.93128726207901,61.215377288414196],[26.931289672409793,61.215390262299785],[26.931290173161912,61.21540819984234],[26.931289613361212,61.215417356733],[26.931285365420965,61.21545319324649],[26.931282627179968,61.21547109323651],[26.93128213637148,61.21547421720009],[26.931274033320424,61.215527917226],[26.93127356008837,61.215531517012444],[26.93126573619996,61.2155852351342],[26.931264908255425,61.215589301577026],[26.931260345875085,61.215607110865015],[26.931256372411028,61.21561948899035],[26.931249632367113,61.215637135576316],[26.931245047580703,61.21564813981511],[26.93123652083185,61.21566560594172],[26.931227766231196,61.215676581131675],[26.931207182180465,61.215691500471756],[26.93118434855657,61.21570508100107],[26.93116117881486,61.21571912819214],[26.931140095282515,61.21573258391597],[26.9311180043372,61.215747026662996],[26.93109980674158,61.21576022349596],[26.931081864233423,61.2157759431678],[26.931067314288395,61.21578958175427],[26.931050153128854,61.215805517282114],[26.931035808300642,61.215818985394726],[26.931019875127124,61.21583519984966],[26.931009441899,61.21584759263527],[26.9309976582025,61.215864617185254],[26.93099014988209,61.21587597005411],[26.930977584604477,61.21589285954007],[26.930967766834893,61.2159047139785],[26.930952652276634,61.215921108394674],[26.93093950270646,61.21593277260381],[26.930918788062296,61.215947682855486],[26.930902286139617,61.215960036629305],[26.93088564578596,61.21597608911053],[26.930874060197524,61.21598761046872],[26.930854963985375,61.21600300632736],[26.930836786618517,61.216015350260925],[26.930813914088517,61.21602951425286],[26.930791602944907,61.21604234086196],[26.930716122153235,61.216082019299975],[26.93070277817335,61.2160888983145],[26.930601820639666,61.216141653033894],[26.930582588064762,61.216151240263315],[26.930556627993937,61.216164091897795],[26.93053131603128,61.21617849698785],[26.930512126556174,61.216193847861994],[26.930508699626515,61.216203030211545],[26.930508358580887,61.216214180241955],[26.929692174399303,61.21604403744705],[26.92970103923839,61.215975560749065],[26.92946301694866,61.21595168231562],[26.929404836250665,61.21584664078966],[26.929054971330398,61.215732415404986],[26.929003050832872,61.21544389233949],[26.92849849568703,61.21551984714956],[26.927810704163342,61.21545854251151],[26.927676146334793,61.21540436265619],[26.927465081370915,61.21545482082609],[26.927197452628768,61.21542880384603],[26.92667017447297,61.21550824989696],[26.926501647453293,61.21544518958177],[26.926349339274466,61.21538828754082],[26.92635922732614,61.215331078524414],[26.926529265468364,61.215288500152454],[26.926513162856153,61.21518485374728],[26.926284920059604,61.215074188348346],[26.92630551413742,61.21497616390284],[26.92653846573562,61.21473538480802],[26.926337682542815,61.21466476559144],[26.92642215057214,61.214563786269586],[26.926188267532456,61.21447901807874],[26.92603917756828,61.214068165624624],[26.92603314824195,61.21405153577443],[26.926243519451337,61.214008144839184],[26.92627867739882,61.21400225668826],[26.926311280891262,61.213998189597284],[26.926347736438164,61.21399460938335],[26.926384506494358,61.21399185527183],[26.926426450381413,61.21398952590704],[26.926537847868637,61.21398593243249],[26.9265958928218,61.213991790356225],[26.926632143862367,61.213988084268316],[26.926652407993217,61.21398311265351],[26.92668020837237,61.21397125927436],[26.926703564760732,61.21395730272251],[26.92670891455756,61.21395410060333],[26.92676117277809,61.213926872781364],[26.926813430866666,61.21389966289442],[26.926838498085186,61.213886389542374],[26.92686669400093,61.21387247148473],[26.92689492193748,61.213860788867],[26.926925288842842,61.213849825606516],[26.926956007466018,61.21383969744778],[26.9269863512665,61.213830655372746],[26.927018797912158,61.21382185681902],[26.92704288172563,61.21381519940888],[26.92707425070013,61.213805538409844],[26.927134070807053,61.21378419485597],[26.927157209695203,61.21377560672825],[26.92721676950307,61.21375408344546],[26.927247395012763,61.21374389232726],[26.92727146178148,61.213736507679705],[26.927303666699338,61.21372752039792],[26.92732897840773,61.21372108803605],[26.927362446418773,61.21371325055338],[26.927387197813925,61.21370762586657],[26.927454319512357,61.213692121538514],[26.927480151349904,61.21368612933036],[26.927503636497878,61.213680692474924],[26.92756185573434,61.21366723920796],[26.92766248231119,61.21364391521154],[26.927677289032253,61.21364026921931],[26.927709976821763,61.213631668136415],[26.927733818811472,61.2136248129667],[26.92776492723796,61.21361495416109],[26.9277907646896,61.21360645713943],[26.92782179868489,61.21359657134819],[26.927847502396197,61.21358956453016],[26.92788178709086,61.21358263409406],[26.92790926973764,61.21357912948445],[26.927946205347126,61.21357696756066],[26.927969902588128,61.2135763966098],[26.928007040466383,61.213575321069484],[26.928027538763693,61.213573563363],[26.928062083058244,61.21356704598987],[26.92808391714697,61.213559067489854],[26.928104947675305,61.21354430147572],[26.92812147385537,61.21352939840545],[26.928140216478997,61.21351389500732],[26.92815575026538,61.213501541052146],[26.928175143922115,61.21348622652431],[26.928197157454633,61.213472978235245],[26.92822856267732,61.21346344267483],[26.92825782092112,61.21345668903446],[26.928289802290283,61.21344753082502],[26.92831562015521,61.213439338932076],[26.928346486600272,61.213429318267615],[26.928373684287905,61.21342006773327],[26.928432352763778,61.213396936449875],[26.928461341895442,61.21338568483342],[26.928489675542338,61.213376183501744],[26.928522864155482,61.21336813909966],[26.92854738358613,61.21336609615095],[26.92858303809617,61.21337057682079],[26.92860385109591,61.21337773397458],[26.92862533612217,61.21339227108671],[26.928637833411127,61.213405537618776],[26.928653767682125,61.21342174164216],[26.92867388289,61.2134329293714],[26.92870826750976,61.21343927668599],[26.928732149415428,61.213439307199884],[26.928767361498203,61.21343368776059],[26.92878892794612,61.21342870753296],[26.928822543913434,61.21342099545421],[26.92889118694924,61.213407134118654],[26.92890187619385,61.21340503896162],[26.928957743707496,61.21339390906624],[26.929095048096165,61.21336618623299],[26.929125327357397,61.21336053718735],[26.92916000149047,61.21335401960227],[26.9291811946932,61.213349416177394],[26.929212859770043,61.21334002416666],[26.92924035738968,61.213329687322414],[26.929298209344342,61.21330508290754],[26.92932699362988,61.21329369633465],[26.92935488536557,61.21328188734214],[26.929378760770046,61.21326814606198],[26.92939215703517,61.21325413896819],[26.929394523674475,61.21323632859288],[26.929391194038477,61.213226999106006],[26.92938670633461,61.213219455563134],[26.929373956271906,61.21320258894046],[26.929371283436733,61.213199202983084],[26.929334858131828,61.213148325751725],[26.92933150065305,61.213143125956336],[26.92932018442866,61.213126035635305],[26.92931250109332,61.213115842024],[26.929296641134265,61.213099620160946],[26.929283506647543,61.21308821172503],[26.929264406061233,61.213072805131276],[26.929248537627334,61.21306038079356],[26.92922967921702,61.21304490250025],[26.92921853821838,61.21303271404534],[26.9292098287857,61.21301529290387],[26.929206555714313,61.21300567615763],[26.929200955538953,61.21298793344481],[26.929197891701023,61.21297632377481],[26.9291957727106,61.21295841230516],[26.92919592377203,61.21294916542985],[26.929198290720922,61.21293125630338],[26.9291999676929,61.2129221987552],[26.929208036900043,61.21286826539549],[26.929210106035367,61.212850347135436],[26.929212288776604,61.212839862408686],[26.929220369251507,61.21282235128077],[26.92922858393811,61.21281138491157],[26.929245632704895,61.21279544954883],[26.929262877202977,61.21278352728478],[26.929286640728485,61.21276972311818],[26.929307354558638,61.212754588668304],[26.92931820751906,61.21273747399585],[26.9293216580627,61.212726047277556],[26.929324806638874,61.21270816548878],[26.929325985379194,61.21269715055653],[26.929328017208825,61.21267923227483],[26.929330312667645,61.212668262812855],[26.929338690771342,61.2126507877432],[26.929348693290358,61.212639373417154],[26.92936845782892,61.21262418459713],[26.929383954071497,61.21261156115153],[26.92939542099032,61.21259453656871],[26.929399262517414,61.21258304720852],[26.929403527732322,61.2125652198649],[26.929407515810254,61.21255478096297],[26.929422350352784,61.21253838656535],[26.929440652484924,61.212527865338664],[26.92947109018989,61.21251756588761],[26.929497878887965,61.212507587726286],[26.929516582699065,61.21249221878017],[26.929525305842997,61.2124785324362],[26.929534818934844,61.21246118363086],[26.92954361065892,61.21245011878812],[26.929565402378,61.21243559533707],[26.929574255665358,61.21243029416024],[26.929578562031654,61.21242732480342],[26.9293979936191,61.21221868958889],[26.93008179834557,61.2100601489987],[26.929583168575146,61.21003949368535],[26.929527560605433,61.21003718446566],[26.925181144667278,61.20317782751157],[26.925086549073626,61.20303340583873],[26.925085863072145,61.20303235507574],[26.9248728870939,61.202707201740054],[26.92478882521447,61.20257884668508],[26.924278609752303,61.20179981509557],[26.911745494630047,61.20641580632378],[26.909777756868976,61.207140298658395],[26.909777700986346,61.20714031657647],[26.90959997724359,61.20693042671284],[26.909497854871788,61.20680981583921],[26.909295780322523,61.2065719080538],[26.908329919666066,61.20543066733522],[26.908303075008483,61.20539564536381],[26.907793963001176,61.20479569243721],[26.906993298695003,61.20385212507062],[26.90697158439865,61.203826263539895],[26.90697125061137,61.20382586829459],[26.906955507270204,61.203807130128695],[26.9065726593035,61.20335375622813],[26.906585057121625,61.20313851685069],[26.90658745488192,61.20312057219852],[26.906589108529,61.20310883956118],[26.906589374704208,61.20310692750706],[26.906612114420977,61.202999857872896],[26.906612114500714,61.202999830939994],[26.90664183330382,61.202911197206696],[26.90667399051892,61.20284111295284],[26.90668328989252,61.202823792508276],[26.906685029454014,61.202820741307974],[26.906707914158023,61.20278401157671],[26.906727844756496,61.20275202000303],[26.906779233896287,61.20268471407194],[26.9067792899319,61.20268464228934],[26.906787485729883,61.202675517665185],[26.906788325865513,61.20267457559068],[26.906823610641908,61.20263530471746],[26.906873417047642,61.20258713799412],[26.906928708599775,61.20254032166587],[26.906932569399657,61.2025372719191],[26.906938910822927,61.20253225777215],[26.907022299884332,61.20247279324465],[26.907335313141257,61.20227195334682],[26.90734724622852,61.20226370207522],[26.907350210918192,61.202261630266776],[26.907469417536444,61.20217060659986],[26.907495626156773,61.20214842278308],[26.907653642005023,61.20201463799471],[26.90767013111658,61.20200092241471],[26.907782755890924,61.20191384414774],[26.907827645257374,61.20187913121022],[26.907955753546393,61.201790986011744],[26.908094177134643,61.20170661829778],[26.9081111376515,61.20169703269916],[26.90815237946291,61.201675056455294],[26.908236036888376,61.20163051220022],[26.9083347536448,61.201583778558245],[26.90839529155616,61.201555126947326],[26.90846589832793,61.20152561127945],[26.908648301594823,61.20144937950905],[26.908677175283206,61.20143808713994],[26.90870133562618,61.20142877564838],[26.908701391525263,61.20142874875309],[26.908817554973712,61.201383884884144],[26.908843450926437,61.20137276105106],[26.90887307287858,61.201360041698194],[26.908951686195312,61.20132185875718],[26.908976323458624,61.20130841782096],[26.90899084587659,61.201298866384725],[26.908998302805067,61.20129396959929],[26.909012514354952,61.201282523669235],[26.909017456695842,61.20127854091393],[26.909022681919897,61.20127324761242],[26.90903348690439,61.20126231111869],[26.909046058017587,61.20124545056481],[26.90905262427911,61.201233236399126],[26.909055355643673,61.20122812097544],[26.909057663344274,61.20122151497852],[26.909060421414395,61.20121358957026],[26.909061763235417,61.201206399378236],[26.909063766312958,61.20119573528194],[26.909063650609145,61.20117777991719],[26.90906011097915,61.20115991203107],[26.90905497729359,61.201146370299256],[26.909053426247226,61.201142230564585],[26.909043744807583,61.20112489721443],[26.909031587605085,61.20110793028496],[26.909016432926563,61.20109158079927],[26.90899815024302,61.20107594742274],[26.908980916588437,61.201064327755056],[26.908976571034362,61.20106139812434],[26.908976515317477,61.20106136217632],[26.908951378520523,61.2010480942872],[26.908935415214852,61.20104117077493],[26.90891541447077,61.20103416374821],[26.908905376927322,61.201030646742296],[26.908872970408794,61.20102191663914],[26.908872877426614,61.201021898621335],[26.908838511711956,61.201015070452925],[26.908810667993624,61.2010113619072],[26.908802651550896,61.20101028817284],[26.9087954337995,61.20100969976831],[26.908766004722494,61.2010073008824],[26.908729038468582,61.201005390684124],[26.908673110724333,61.20100387169203],[26.908654765826864,61.2010033745345],[26.908580358550317,61.20100287547513],[26.908571036415555,61.20100291407405],[26.90854323749833,61.201003021002215],[26.90853300334416,61.201003157737034],[26.90853037968182,61.20100319187665],[26.908381541053874,61.20100407886941],[26.908269995137417,61.20100337497224],[26.908195741946695,61.20100108027719],[26.908121959688977,61.20099681077912],[26.908113458293958,61.20099614964678],[26.908085145218156,61.20099391296727],[26.908073518773485,61.20099294447279],[26.908067752055313,61.20099246474556],[26.907922252435608,61.20097774137614],[26.907885456612235,61.2009748435227],[26.907848470794114,61.200973292176656],[26.907839111584835,61.20097328581174],[26.907811182811212,61.20097326681441],[26.90778287746694,61.200974764776895],[26.907774354249995,61.20097520785863],[26.907762367310678,61.20097662714539],[26.907733460977497,61.20098002794903],[26.907699370998767,61.20098716889338],[26.907699277912304,61.20098718678527],[26.907666950859713,61.2009959359205],[26.90766683911385,61.20099597175495],[26.907635625769924,61.20100563736125],[26.907543711531495,61.201036179469284],[26.90751916661575,61.201043371768584],[26.907511885111504,61.201045494500654],[26.90748021279326,61.201053014100985],[26.907444955136622,61.20105855616347],[26.907408438026437,61.2010621132969],[26.9073714607194,61.20106397333121],[26.9073343196121,61.20106458535093],[26.907297181959397,61.20106402129145],[26.907260902333597,61.2010627395975],[26.907148677295464,61.20105880236079],[26.907123280244,61.201058354029506],[26.907116879838895,61.201058232933285],[26.90707974005566,61.20105839600191],[26.90704261573084,61.20105962741063],[26.907005785698445,61.20106201712719],[26.906969434619636,61.201066041093775],[26.906941678856278,61.20107042108164],[26.906929539333582,61.20107307910482],[26.906907829668434,61.20107784029922],[26.90687848024667,61.20108630400732],[26.906875835822174,61.20108706528977],[26.906845568947922,61.201097458553704],[26.906816601961403,61.201108723536244],[26.906816546061286,61.20110875043072],[26.906788786855536,61.20112057285172],[26.906772315756456,61.20112821945132],[26.906761956088612,61.20113303331856],[26.906650431565353,61.20118783687555],[26.906631722971785,61.20119703504905],[26.90663159253743,61.20119709780268],[26.90662298469205,61.20120096123597],[26.906604427463055,61.20120930663387],[26.906587232331013,61.20121636916503],[26.90657612907348,61.20122093113142],[26.9065760359325,61.20122096697778],[26.9065733722444,61.201221943704546],[26.90656269877697,61.20122588650871],[26.906547296115182,61.201230849502096],[26.906531800360675,61.20123583038483],[26.906508354624272,61.201242430734666],[26.90649965792095,61.20124487563111],[26.906466587511318,61.20125311224137],[26.906453349456314,61.20125597594947],[26.906432719648485,61.20126045052854],[26.906408888800307,61.20126513835713],[26.906398239365434,61.201267240747946],[26.906337029938314,61.201277226482944],[26.906186779987987,61.20130173924873],[26.906175237578218,61.201303778160295],[26.906169540854073,61.201304779712025],[26.905827463790942,61.201375277275055],[26.90575738917393,61.20138788703682],[26.905733189261667,61.20139147921742],[26.90568637171581,61.201398431248094],[26.90561413154509,61.201407170064144],[26.905501714463885,61.20141730827581],[26.905467914881132,61.20142035505575],[26.90543108347438,61.20142302265046],[26.90540618213747,61.20142471102268],[26.904956462971807,61.201444766623645],[26.90495640720475,61.20144474862925],[26.904940330444507,61.20143865051008],[26.904822642726227,61.201394774955865],[26.90482258698642,61.20139474798378],[26.904792922065287,61.20138416045831],[26.904642830474465,61.2013310958028],[26.904582720105594,61.20130968669803],[26.90456866721944,61.20130505331559],[26.90452122937078,61.201289443687635],[26.90448882380075,61.201280712536615],[26.904488749427284,61.20128069452892],[26.904455000558286,61.201273156449645],[26.904427440557235,61.20126801975793],[26.904419870955923,61.20126688323592],[26.90439189872914,61.201262697876494],[26.904361672456652,61.2012593727743],[26.904355720194086,61.20125872218296],[26.904319055437018,61.20125555412439],[26.904307670275735,61.20125479196303],[26.90424527501839,61.20125065408195],[26.904222466372115,61.20124949780217],[26.90421645723037,61.201249197292604],[26.9041793229619,61.201247465287395],[26.90410506922348,61.20124525812716],[26.904097589344246,61.20124521692321],[26.90406794893155,61.201245052300855],[26.90403871593282,61.20124552537327],[26.90403080757516,61.2012456544374],[26.90402563435516,61.20124581237124],[26.90400840263815,61.201246356779876],[26.903982348281183,61.201247864520795],[26.903971572951214,61.20124848532046],[26.903934906894307,61.201251870837304],[26.903911229568983,61.20125490644917],[26.903899315054698,61.20125689103724],[26.903841008362715,61.20126660837442],[26.903831444113887,61.2012727961617],[26.903797584622172,61.20129548556801],[26.903787945106757,61.20130194262811],[26.903786061750413,61.20130326998228],[26.903780411735166,61.20130723408929],[26.90370205724132,61.2013683072097],[26.90369388793956,61.20137466655377],[26.90350922893477,61.20150935247288],[26.903495280399774,61.20151928976957],[26.903495243130646,61.201519307698334],[26.90346881756178,61.20153867160989],[26.90337245823823,61.20160924801379],[26.903368877250223,61.201611992619306],[26.903359253297157,61.20161938333475],[26.903246487826685,61.20171229330252],[26.903233893810878,61.20172341658814],[26.903230460719243,61.20172646653544],[26.903154664371595,61.201796060947096],[26.90309202301413,61.201853562860414],[26.903087600067238,61.20185779714513],[26.90307694393799,61.20186799710455],[26.903010105021096,61.20193500330159],[26.902947913420984,61.20199734441904],[26.90293755071876,61.2020089091793],[26.902828397709495,61.202142400329606],[26.90282834169351,61.20214246313294],[26.90282410084589,61.20214796338716],[26.90281926215153,61.20215424426749],[26.90279747554561,61.202183531669064],[26.9027187371136,61.20228933953461],[26.902715596924583,61.20229391587823],[26.902715559543356,61.202293969717246],[26.902711185606265,61.20230037661425],[26.90260213880634,61.20245307083165],[26.902557792866364,61.20250249678561],[26.902539874853986,61.202520169856555],[26.902504236583233,61.20255171859063],[26.902504217892282,61.20255174551011],[26.902484744294785,61.20256698451334],[26.902464006435828,61.202581872475726],[26.90245253958751,61.2025893336207],[26.902439357351618,61.20259791573505],[26.90241985800396,61.20260942898868],[26.902415812736844,61.202611814128645],[26.902390706994936,61.20262508295873],[26.902363706019425,61.20263745265439],[26.90233501480156,61.20264882460823],[26.902319795856933,61.20265411044828],[26.90228857892876,61.20266387357367],[26.90225611832015,61.20267264825418],[26.902222878392838,61.20268070415319],[26.902189119184275,61.202688194077794],[26.902189007454044,61.20268822093007],[26.90217221217738,61.202691772930756],[26.902172081839336,61.20269179976961],[26.902137822146074,61.202698660885154],[26.902137747659204,61.20269867878663],[26.902067985797515,61.202711017536885],[26.90204205267042,61.20271501179966],[26.90203255814657,61.20271646829188],[26.902015487540687,61.20271879013708],[26.901979578858644,61.20272334276619],[26.901906854454634,61.20273091216244],[26.901833353739935,61.202736793160554],[26.901815951828322,61.20273793866945],[26.90163105322584,61.202747410657516],[26.901624465217253,61.20274767520446],[26.900955845908157,61.20276595145328],[26.90092169746363,61.20276690505395],[26.90058747222534,61.202775727701585],[26.900581014881418,61.20277585762905],[26.90055315710941,61.202776420735525],[26.90041361075752,61.20277827538496],[26.900367331021474,61.202778887757695],[26.900218472854668,61.20277734181079],[26.900201243132912,61.20277697001757],[26.900172013799803,61.20277581730584],[26.900090019128385,61.20277257879387],[26.899979418037926,61.20276540486941],[26.899966898071085,61.20276441706509],[26.899962191457373,61.20276404550737],[26.89988919598685,61.20275716859384],[26.899817006101888,61.20274858648438],[26.899745901758212,61.20273803903573],[26.89974580877621,61.20273802101168],[26.899725537331427,61.20273452268797],[26.899704969079586,61.202730736856964],[26.899690779599506,61.20272812283817],[26.899622347429975,61.20271406704423],[26.899288421551248,61.20263501354059],[26.899286190168656,61.20263452708954],[26.899277301883178,61.20263257233501],[26.899208870076656,61.20261852530975],[26.89908988611381,61.202597060993504],[26.899069503760572,61.20259338293601],[26.899057601163154,61.20259139001142],[26.898986983241237,61.20258021409135],[26.898915244073347,61.202570545542066],[26.898878915264156,61.20256675680594],[26.898842249250542,61.20256367704217],[26.89881531075643,61.20256195117854],[26.898778342710123,61.20256021781841],[26.89874105574317,61.20255929219779],[26.89870391504549,61.202559174664145],[26.89865642508773,61.20256009976534],[26.89851808634058,61.202562806241644],[26.89849726240609,61.20256338317026],[26.898489893059303,61.20256359311376],[26.89834164522962,61.20256931745282],[26.89833073870753,61.202570054415084],[26.89830481245949,61.20257180355728],[26.898279050783042,61.202574450582425],[26.89826845945975,61.20257553790438],[26.898258462685078,61.202576903978766],[26.89823256785022,61.20258044865942],[26.898204063119135,61.20258548166342],[26.898197602559463,61.20258661697091],[26.898184270735836,61.202589300248015],[26.898150881865252,61.2025970857076],[26.898139241597445,61.2026003089102],[26.898118568457406,61.20260603906115],[26.898095545108294,61.2026135091045],[26.89808766573898,61.2026160707851],[26.898058174607556,61.202626902574075],[26.898046902412027,61.202631382915634],[26.898019435405413,61.20264348206669],[26.89800564354552,61.20265031265119],[26.897993547715263,61.202656300612446],[26.897993435865445,61.202656363371744],[26.89796951758713,61.20267010809254],[26.897960435505283,61.20267631378334],[26.897948164373545,61.202684716594526],[26.897931801862516,61.202698143803275],[26.89792668967442,61.202702359445],[26.897926652371677,61.202702386349856],[26.897921929348037,61.20270709605489],[26.897921892045286,61.20270712295972],[26.8979104485379,61.20271852492369],[26.897902323285162,61.2027280530593],[26.89789629006478,61.20273512289649],[26.897871283552874,61.20276885101332],[26.897871227496836,61.2027689227922],[26.897858363040907,61.20278814320789],[26.897827638445303,61.20284076494488],[26.897818039241436,61.20285723168199],[26.89781747757328,61.20285829062035],[26.897815361737173,61.20286234691951],[26.897791601865617,61.202907531433425],[26.89778791330002,61.20291456712337],[26.897787258561163,61.20291563496904],[26.897784602273063,61.20291994223408],[26.89777557179241,61.20293315949028],[26.897772954259114,61.202936990969256],[26.89775864678105,61.202953579837136],[26.89775491518271,61.20295666533087],[26.897739951566102,61.20296900727667],[26.897730218191075,61.202975176549785],[26.897724102207597,61.202979050275786],[26.897712379201224,61.202984778141484],[26.897698046941432,61.20299177886173],[26.897674497120775,61.203000810545696],[26.89766887046632,61.20300297888654],[26.897663170573363,61.2030047790885],[26.89763780035601,61.203012821850685],[26.89761887769453,61.20301803254419],[26.89761569287459,61.20301890994706],[26.897582396215704,61.20302676715722],[26.89758230308834,61.203026794019756],[26.897547967835372,61.20303358209703],[26.897512687031124,61.20303930111107],[26.897493567901464,61.203041970965636],[26.89745736161035,61.203046172043564],[26.897421008547663,61.203049726610466],[26.897351546704765,61.20305483615817],[26.89716350457051,61.20306865382748],[26.897152689688248,61.203069758847846],[26.897149562489012,61.20307007966966],[26.89711346814865,61.20307416403132],[26.897113337834007,61.20307418188768],[26.897077613242566,61.20307900268728],[26.897042184024276,61.20308454191324],[26.897040545581046,61.20308482795301],[26.89702823870656,61.2030869552812],[26.89700382726641,61.20309193727704],[26.896994051517535,61.2030939318612],[26.896960976396137,61.20310225592451],[26.896930853216922,61.20311263810514],[26.896913596945897,61.203120345752254],[26.89688956628499,61.20313406326355],[26.896879270635864,61.20314139914122],[26.896868676577974,61.20314894127677],[26.89685720092028,61.203158628397155],[26.896850330343256,61.20316559879606],[26.896841182062627,61.20317486573732],[26.896828120111373,61.203191643985335],[26.896817096842806,61.20321092854658],[26.896814469919242,61.20321758795723],[26.896810135384236,61.20322860920184],[26.8967980511989,61.20328208879401],[26.89678862112509,61.203337653219165],[26.89678800084168,61.20334523885464],[26.896787166791004,61.203355598418725],[26.89678710803994,61.203373553658786],[26.8967875133504,61.20338048470739],[26.896787848458334,61.203386122922005],[26.8967936862028,61.203421849406894],[26.89680922899544,61.20347723534056],[26.896813661866144,61.20349304834387],[26.89681476441191,61.203497313563425],[26.8968178333739,61.203509121499685],[26.896847623440564,61.203651942553584],[26.8968502209089,61.203665680322885],[26.89686033293291,61.20373732062431],[26.896860106776195,61.203755266758286],[26.89685900966642,61.20376640717685],[26.896858990823155,61.20376647898366],[26.89685833609072,61.203773220694345],[26.896856010999453,61.20378430631242],[26.89685451762413,61.2037914334234],[26.896848653662747,61.20380920469086],[26.896840446203836,61.203826615068515],[26.896835358483496,61.20383462822964],[26.89682926079413,61.20384420273136],[26.896820945433358,61.203854772062556],[26.896816049720595,61.20386097188548],[26.89680127666575,61.20387738972085],[26.896794853610224,61.20388402828434],[26.896791212617423,61.203887796121016],[26.89677422662387,61.203903754408266],[26.896738097701604,61.203935148629604],[26.89673554166278,61.20393718460659],[26.896725839894966,61.203944915940646],[26.896685471952207,61.20397513982395],[26.896670869789567,61.20398479761104],[26.89667073923564,61.20398488728794],[26.89666363399659,61.20398957717676],[26.896661042202062,61.20399116424299],[26.89665876745855,61.20399253608756],[26.89663507038773,61.20400643335955],[26.896618032444387,61.20401548778104],[26.89661767826371,61.20401567604133],[26.89661011000262,61.20401969225101],[26.896606661914422,61.204021368439314],[26.896583904558504,61.20403242050687],[26.896556770165596,61.20404469018892],[26.896528669842425,61.204056429447135],[26.896524533257463,61.20405809613005],[26.896522874913405,61.2040587592093],[26.89650252941035,61.204066338757464],[26.89646403681295,61.20408070051416],[26.896371954493972,61.20411106433725],[26.89635761263927,61.20411507535306],[26.896355954937693,61.204115540922615],[26.895998296605345,61.20421138154642],[26.895998240720107,61.204211399458806],[26.895830151894337,61.204249685685966],[26.895795442195645,61.204256643606286],[26.895795349092783,61.20425666148997],[26.895760233191318,61.20426264950366],[26.895687649026293,61.20427130196577],[26.8956749525368,61.204272908167894],[26.895639059186625,61.204277638681916],[26.89560268499997,61.20428146207423],[26.895565704415173,61.20428295978037],[26.895536398322044,61.20428213818329],[26.895534351630122,61.20428205580684],[26.8955273184844,61.20428176310064],[26.89549715564858,61.20428116527566],[26.895490196432633,61.20428102524442],[26.895453196073806,61.204282873032646],[26.895433759340534,61.204285641105635],[26.89541845272909,61.204288717602935],[26.89539955224832,61.20429250953595],[26.895399421927685,61.20429252739064],[26.89537877510783,61.20430105816749],[26.895377955191968,61.20430139868491],[26.89536882440449,61.204305162244964],[26.89525010936303,61.20429124496878],[26.895242300432397,61.20428360793749],[26.89523245704065,61.20427220770121],[26.895222042899274,61.20426456865463],[26.895212000042346,61.20425719922359],[26.895191500476574,61.20424380668541],[26.895173073952016,61.204228171337256],[26.89516236723289,61.20421898790538],[26.895161662102076,61.20421838585794],[26.895144334414354,61.204202482026616],[26.895143017764596,61.20420110742871],[26.895140736866228,61.20419870863359],[26.895125122390933,61.204182447019704],[26.895121838776774,61.204179401058056],[26.895109556443494,61.204168384963694],[26.895104175876227,61.2041635867385],[26.895104157357135,61.20416355979122],[26.89510276552976,61.204162409575794],[26.895101373762174,61.20416124140512],[26.895088236729414,61.204149838608586],[26.895071225761814,61.204133845236505],[26.895055760193582,61.20411759270735],[26.895048031044816,61.20410837566144],[26.895041729028236,61.2041008834276],[26.895029391828544,61.204084004883285],[26.895029373309566,61.20408397793602],[26.895018842083136,61.20406682248265],[26.895018805075114,61.204066759610505],[26.89501007978943,61.20404933622612],[26.895005115618133,61.2040368534581],[26.894999685260142,61.20401907352003],[26.8949956691287,61.204001303655154],[26.894980734578684,61.203875892380466],[26.89497996554651,61.203872130152526],[26.894975819305085,61.2038543242752],[26.894975800905847,61.20385426141744],[26.894959211929883,61.20380102012057],[26.894958179992255,61.20379797590004],[26.894957350714638,61.20379554231624],[26.89493636902114,61.20374265671682],[26.894927494973395,61.20372524218852],[26.894925681997233,61.20372204474221],[26.894924387005958,61.203719763417034],[26.89489244090608,61.20366812617822],[26.894887950696205,61.203658633327656],[26.894884181009004,61.203650703145556],[26.89488118075813,61.20364082541184],[26.894878456343108,61.20363193543258],[26.894876953051764,61.203613987959464],[26.894877851548653,61.20360681552015],[26.894879208672208,61.20359603442442],[26.894888873206888,61.20356049045689],[26.89488911759777,61.20355974550213],[26.89489077325666,61.203554306334986],[26.894909130597895,61.20350118190615],[26.89491655808942,61.20348359148646],[26.89491807648343,61.20348025298081],[26.894919238808203,61.203477668321064],[26.894924912964242,61.20346690852729],[26.89493753475762,61.203442948007535],[26.89494561623862,61.203430125221345],[26.894948403543776,61.20342571935954],[26.894950778328088,61.20342225583039],[26.894959118041236,61.20341011554438],[26.894972162767747,61.203393247686726],[26.894979672107247,61.203384590081214],[26.89497976550689,61.203384482421896],[26.894986471641566,61.20337673991307],[26.89499106461771,61.203372128963814],[26.895002509835816,61.20336060156113],[26.895019491383234,61.20334616071246],[26.89504021494799,61.20333118410138],[26.895049538444315,61.2033253558545],[26.895062833806843,61.20331702592027],[26.89508069419063,61.20330688603527],[26.895086995658303,61.20330330883436],[26.89509967105142,61.20329674701216],[26.895099726995255,61.20329671114493],[26.895112271887317,61.20329022104167],[26.89521835697558,61.203239857733315],[26.89523248488107,61.2032329558713],[26.89531140880032,61.20319167481884],[26.89533340458326,61.20318016451569],[26.89534035665388,61.203176776335944],[26.89534069216511,61.20317660601986],[26.895359460958822,61.20316743638499],[26.89538676226679,61.2031552478689],[26.895415493664917,61.20314387741646],[26.895445747926267,61.203133405897155],[26.89546284766551,61.203128122279594],[26.895481583954563,61.20312312720671],[26.89552808932014,61.20311075596392],[26.895552116451924,61.20310389761018],[26.895552246827034,61.20310386180012],[26.89556006962982,61.20310162341849],[26.8955690871495,61.20309823681877],[26.89558941382235,61.2030906035295],[26.895604007938985,61.2030833518598],[26.895621242830334,61.203070949055494],[26.895624581625054,61.20306854561879],[26.895639039141358,61.203051957091404],[26.895649125874026,61.20303472778423],[26.895657018042254,61.20301713768084],[26.895658237598138,61.20301410417652],[26.895658612756954,61.20301319772342],[26.895664625807083,61.202995516396264],[26.89566867497897,61.20298086800022],[26.89566954124843,61.202977753424996],[26.895670166386367,61.20297440524538],[26.895672893943647,61.20295989049634],[26.895674665257715,61.20294193657374],[26.89567467125542,61.20294012309444],[26.8956746759467,61.20293870463046],[26.89567441899528,61.20292074914635],[26.895672598950064,61.20290280143647],[26.89566953191048,61.20288493356533],[26.89566651602591,61.20287410420572],[26.89565961981891,61.20284938344433],[26.895645482904868,61.202814090420766],[26.89561689104794,61.202755291769414],[26.895602992449156,61.20272673215703],[26.895596302776955,61.202712721879585],[26.89556754481853,61.202642323973436],[26.895556702531145,61.202606773126696],[26.89555338360839,61.2025919484791],[26.8955527049618,61.20258897635599],[26.895552686591877,61.20258890452067],[26.895552192625537,61.20258635448917],[26.895549924091018,61.20257462793809],[26.89554596758553,61.202538813067925],[26.8955459202165,61.20250254335081],[26.895550281315213,61.20246674386898],[26.89555286902861,61.2024551287924],[26.895552887963245,61.2024550300529],[26.895554248105245,61.20244887243758],[26.895557616355465,61.20243755422471],[26.89555962990299,61.20243075072253],[26.895560474617803,61.202428524917856],[26.895566275556316,61.202413069885765],[26.895582840559733,61.202378078817055],[26.89561356562579,61.20232631046016],[26.895619082753278,61.202317884702225],[26.895633085699465,61.20229798307304],[26.895690873302875,61.20221587314551],[26.89569700384416,61.202207627409315],[26.895743921263858,61.202148967675434],[26.89576402598813,61.20212383675995],[26.895793739251413,61.20209092063524],[26.895813751204294,61.20207131986975],[26.89582652006651,61.20205879689475],[26.89582659473333,61.20205872513096],[26.895835906185756,61.20205075116289],[26.895863056751885,61.20202751095339],[26.89587719787097,61.20201639851826],[26.895897771295413,61.20200142165846],[26.89592068656296,61.201987254582086],[26.895939212169818,61.20197821036603],[26.895939249473383,61.201978183461755],[26.895968536577215,61.201967190378575],[26.89600084937783,61.201958408111615],[26.896025613401736,61.20195349838769],[26.896025725105016,61.20195348051811],[26.896061504344996,61.201948677992824],[26.896098188592006,61.20194592305489],[26.89612450319152,61.201944785112374],[26.896161646435765,61.20194390683682],[26.896198917241094,61.20194384561442],[26.896225078575984,61.201944045204016],[26.896262216148116,61.201944890604224],[26.89629933340318,61.201946256682106],[26.896336318315395,61.20194826006138],[26.896372966235653,61.20195089160791],[26.896409630145545,61.20195432216711],[26.896481835862094,61.20196291508388],[26.89649293950436,61.201964431809735],[26.896517527473698,61.20196779027189],[26.896531011330122,61.20196977564968],[26.89653216445637,61.201969938127725],[26.896532257434277,61.201969956153995],[26.896537725583507,61.20197069649579],[26.896603827067988,61.201979616859745],[26.896631898610107,61.201981765977045],[26.896640474458746,61.20198242788638],[26.896645762745372,61.2019812738037],[26.896660547611145,61.20197804414954],[26.89665904164853,61.201960626371196],[26.89663218929192,61.201927128255555],[26.896629854181732,61.201924253628135],[26.896622876434307,61.201912891585174],[26.896622839366753,61.20191284666869],[26.896619267276865,61.2019070084748],[26.896613352290117,61.2018893180028],[26.89661263053597,61.20188244057653],[26.89661124170299,61.201869035893836],[26.896612379479038,61.20185117124947],[26.896614098928804,61.20184318245773],[26.89661621527985,61.20183331764108],[26.896622255808968,61.20181837447123],[26.896623325102347,61.201815726881854],[26.89662441053154,61.201813833426904],[26.896627723110832,61.201808009462574],[26.89664078485974,61.20179115043172],[26.89664683217,61.20178549015035],[26.896657750910215,61.20177527294031],[26.896668418662344,61.20176782963019],[26.896678955864733,61.201760475996096],[26.89668238609432,61.20175849455203],[26.896689955008895,61.20175411025432],[26.896716790280493,61.201741651784],[26.89674581674541,61.2017305506023],[26.8967763846802,61.20172033937538],[26.896801790528038,61.20171253021926],[26.89687048311747,61.20169141322811],[26.8969007541392,61.20168093241781],[26.89690766591478,61.201678334159254],[26.89693528104164,61.20166633409879],[26.89693531834398,61.20166630719419],[26.896936734777523,61.201665608015205],[26.896961020077917,61.20165333608757],[26.896982980079347,61.20164087385741],[26.896992284432283,61.20163494670716],[26.897005448582775,61.20162653568234],[26.89701104403656,61.20162246408431],[26.89702602121728,61.2016115586502],[26.897041884760903,61.20159702691934],[26.89705574545801,61.201580428806885],[26.89708012010608,61.201546440003],[26.89709317687759,61.201530999392205],[26.897110942343218,61.20151522120477],[26.89713212801049,61.20150051395113],[26.897156157291594,61.20148680537081],[26.897165736721757,61.20148209039938],[26.89718219321821,61.201473987095625],[26.8972102912895,61.20146215792056],[26.89732871776392,61.201418804875374],[26.897351930173343,61.20141020392133],[26.897351986052847,61.20141018600835],[26.89740903601675,61.201387093819925],[26.89742806107368,61.2013787141238],[26.89743650219213,61.201374985812514],[26.89745245436466,61.201367438708125],[26.897463002182988,61.201362446141495],[26.897473700254498,61.20135702276073],[26.897473905281604,61.20135691518413],[26.897488591897897,61.20134944791679],[26.897513085500353,61.20133591917718],[26.89753614812323,61.201321841714794],[26.89754248837493,61.20131757314966],[26.89755783555899,61.20130722455015],[26.89756839185252,61.20129961050933],[26.897571021585183,61.201297718214],[26.897583016787245,61.2012882019989],[26.897590329600376,61.20128239001164],[26.897627578916243,61.20124857243502],[26.897660580504166,61.20121637659388],[26.897673473701367,61.20120534382684],[26.897693580833458,61.201190285542395],[26.89771664326928,61.20117620804895],[26.897716699177295,61.20117618115819],[26.89773501993207,61.20116688516735],[26.897760414695078,61.20115654412694],[26.897763414359744,61.20115532543034],[26.89779429711385,61.20114530274147],[26.89785938452933,61.20112793518478],[26.897874114474476,61.20112426545209],[26.898006775380647,61.20109169571445],[26.898006812652387,61.20109167778723],[26.898021039250118,61.20108829494436],[26.898021095128673,61.20108827703113],[26.898325033537756,61.201020571578674],[26.898601571149253,61.20096764010354],[26.898601626998435,61.20096763116771],[26.898602930222538,61.20096739872407],[26.898615534305037,61.200965136810346],[26.899040702414624,61.20090042017846],[26.899184677243035,61.200878505203946],[26.899684844351896,61.200808680181666],[26.899684937442366,61.20080866229527],[26.899898805088657,61.20077284702347],[26.89993345286252,61.20076631893232],[26.899967469988752,61.20075916193155],[26.89999994701688,61.200750657138954],[26.90003053155587,61.20074044518978],[26.900058906408212,61.200728804158416],[26.900077951899934,61.2007194994076],[26.900084958852265,61.200716075113625],[26.900094428046486,61.2007107044856],[26.900094483951644,61.20071067759388],[26.900109135134215,61.20070235713984],[26.900117320151395,61.20069708431768],[26.900131434088973,61.20068801832065],[26.900173039742743,61.200658243194056],[26.90025266312789,61.200597621921496],[26.90027308154722,61.20058364080037],[26.90027839468532,61.200580394802735],[26.900296142388633,61.20056956286629],[26.900320318182782,61.2005559346307],[26.90037115955034,61.20052976627225],[26.90037119684843,61.20052973936673],[26.90038183752435,61.20052456708801],[26.90043518701191,61.20049955866556],[26.900447073990478,61.20049448605152],[26.900463097185852,61.20048764787853],[26.90048388683423,61.200479798730186],[26.90048394273865,61.20047977183833],[26.90049226980428,61.20047661782209],[26.900504674999926,61.20047241641516],[26.90050473087599,61.200472398500885],[26.900536038879334,61.20046274358266],[26.900632635769863,61.200435791737235],[26.90066414814259,61.20042620876041],[26.900672753707482,61.200423234490124],[26.90069441666203,61.2004157360778],[26.900718878568,61.20040569903892],[26.900732762597322,61.20039864380321],[26.900744466165538,61.20039270019706],[26.900766448614036,61.200378262287],[26.90077792146643,61.20036876336127],[26.900783690585424,61.20036249221098],[26.900793007087987,61.20035235429226],[26.900804187354463,61.200335304949874],[26.900809709549833,61.20032471537006],[26.900834678678258,61.20025390899635],[26.900835709392815,61.20025156658504],[26.900839719877812,61.20024243027626],[26.900849803152845,61.200225110797746],[26.900862229402858,61.2002082419149],[26.900876385180446,61.200191643625445],[26.90089210299829,61.20017532478392],[26.900926680256067,61.2001435781793],[26.90103883353083,61.20005048114205],[26.90105642873313,61.200034702311015],[26.9010564474238,61.20003467539172],[26.90105801516104,61.20003314135894],[26.901066171051486,61.200025184141616],[26.901072929276197,61.20001792615982],[26.901081423814524,61.20000877516185],[26.901111305715883,61.19997307491747],[26.901116910335887,61.19996581609158],[26.90112436430848,61.1999562154492],[26.901131282889803,61.19994527674645],[26.9011352096257,61.199939076057795],[26.90114090277062,61.199921376292785],[26.90114092160184,61.19992130448534],[26.901141228302635,61.19991843186232],[26.90114028129137,61.19991188646722],[26.90113862386084,61.19990048364711],[26.901136975960423,61.19989791483799],[26.90112755084693,61.199883418040024],[26.901117881814685,61.1998755106558],[26.901101291872713,61.19986741866701],[26.901091891501427,61.199862842183855],[26.9010918171614,61.19986281519663],[26.901059507234002,61.199854020448754],[26.90104148748405,61.199850954890614],[26.901004993306664,61.19984741797481],[26.900967874652363,61.19984722027723],[26.90093089870154,61.19984897980076],[26.900894069564906,61.19985138581212],[26.900878399551313,61.19985254144467],[26.900731266033606,61.199863108159995],[26.900727562370626,61.19986343761967],[26.900717158639804,61.199864354695066],[26.900691491983164,61.199867136912935],[26.90068095730062,61.19986827833074],[26.90064490310503,61.19987274072345],[26.900503203942264,61.1998946230102],[26.900496148535005,61.19989578492357],[26.900356412655825,61.19992044259127],[26.90035631956833,61.19992046047811],[26.900287674984952,61.19993423555916],[26.900283411137824,61.19993519302972],[26.900280934730574,61.199935756799114],[26.900203067985597,61.19995333157251],[26.900078838462473,61.19998138494579],[26.900048714791364,61.19998731490922],[26.900044358211723,61.19998817354978],[26.900009396148388,61.1999943423318],[26.899973971478197,61.19999970277519],[26.899972705744272,61.19999986343851],[26.899968331522476,61.20000041682362],[26.899932277644776,61.200004699474036],[26.89990296467251,61.20000726338636],[26.89989561317096,61.20000790434627],[26.899858636658795,61.200009762330964],[26.899840140950655,61.20001010776705],[26.899802854970346,61.200009810872665],[26.899765889860042,61.20000807778193],[26.89972907674219,61.200005357252486],[26.899710922225562,61.20000372784117],[26.899638570091,61.19999550461562],[26.899603215138868,61.19999063049679],[26.89949402593903,61.19997555688524],[26.899421973885698,61.199966624532436],[26.899369390768047,61.19996139641351],[26.899349153606654,61.19995938834589],[26.89933953653429,61.19995865401289],[26.899312340868207,61.199956577927004],[26.899273646619854,61.19995448431125],[26.8992463727237,61.19995360218092],[26.89923653103375,61.199953289622975],[26.899199413442513,61.199952723358344],[26.89916212638841,61.199952785392696],[26.8991360377234,61.199953645785584],[26.899050868025288,61.19995647316542],[26.89896576678511,61.199961158915585],[26.89893993678254,61.19996258505536],[26.898933814199907,61.19996293959491],[26.898898305356816,61.19996548969102],[26.898786679518068,61.19997350419836],[26.89871381382864,61.19998045231811],[26.898688499294447,61.19998358454811],[26.898677759227105,61.19998491418725],[26.898642018901608,61.19999000471714],[26.898606760305935,61.199995724033315],[26.89860540133224,61.19999594745761],[26.89860095199862,61.19999670722826],[26.898566378988622,61.20000330685629],[26.898566304534956,61.20000331577821],[26.89853228758877,61.20001057118202],[26.898516478473738,61.20001442870891],[26.898465960017973,61.20002676206243],[26.8984241148548,61.20003822208954],[26.898401208964163,61.20004448927003],[26.89838364710045,61.2000495035837],[26.89819412627588,61.20010633347542],[26.898194051792906,61.200106351374764],[26.898177121866322,61.200111554667],[26.898049307891593,61.20014833873683],[26.89801653325764,61.200156842838695],[26.89798329490018,61.20016489770115],[26.89797510229432,61.20016669604007],[26.8979494259444,61.20017232364533],[26.897934847336156,61.20017536506523],[26.89772588741353,61.20021308420487],[26.89770868349731,61.200216671255376],[26.89769626466416,61.20021925641998],[26.897662710434034,61.20022713141243],[26.8976301586862,61.20023569843268],[26.897630084202596,61.200235716331726],[26.89759825563657,61.20024503801288],[26.897591513437632,61.200247097776426],[26.897560780028858,61.20025721928701],[26.897501169733875,61.20027871158438],[26.897494891805405,61.200281041023636],[26.896968936341835,61.2004943101266],[26.896697497309574,61.20060437589985],[26.896684400643036,61.20060933055353],[26.896683897648554,61.20060951870061],[26.896672868864133,61.20061369387456],[26.896492790145192,61.20067728875232],[26.896461981921544,61.20068729324693],[26.89646190743621,61.20068731114531],[26.896442927562767,61.20069331166491],[26.896379713871656,61.200712403683134],[26.896348367726137,61.20072187805944],[26.896283502800205,61.20073948745815],[26.89628342831463,61.20073950535642],[26.896217116930277,61.20075561434932],[26.896196262128985,61.20076026675156],[26.895814534719232,61.20083123835452],[26.895802152672797,61.200833832351485],[26.89570159917334,61.20085715971818],[26.895701487444082,61.20085718656515],[26.89569902934094,61.20085779515311],[26.89568172943436,61.200862100084045],[26.89561634395931,61.20087937658975],[26.89558505294175,61.20088894060837],[26.895584978455428,61.20088895850628],[26.89556677858761,61.20089531860999],[26.895537399038147,61.2009063923352],[26.895508112590946,61.20091743919292],[26.895492991012087,61.20092132383011],[26.89547533677081,61.20092585290257],[26.89545370532221,61.20092897839162],[26.89541297753884,61.200928228752225],[26.895381200496786,61.200915994624474],[26.895378767867275,61.20091452939012],[26.895357746613755,61.20090198036523],[26.895339794920087,61.20088960428311],[26.895336509066077,61.20088733040086],[26.895302748298043,61.20086173598524],[26.89525664522568,61.20082676833679],[26.895256589495038,61.20082674136078],[26.895234588455725,61.20081230625354],[26.895234551331807,61.200812279291924],[26.895228701201173,61.20080897099516],[26.895217390878514,61.2008025970989],[26.895190489581097,61.200790187143284],[26.895164304924638,61.20078049796348],[26.89516107133436,61.20077930143486],[26.895161015574068,61.200779283436425],[26.89514573635939,61.20077462119387],[26.895112699468545,61.200766434946296],[26.895100036550158,61.200763956291674],[26.895078113495885,61.20075967493699],[26.895067067449727,61.2007577721005],[26.895061339888468,61.20075678012412],[26.894955656000942,61.20073938036171],[26.894921050886914,61.200732799850336],[26.894887398015644,61.20072523252767],[26.894866260534336,61.2007197397658],[26.894834809855052,61.20071019905642],[26.894739503838007,61.200677545180085],[26.89470788518056,61.2006681838636],[26.894707829420696,61.20066816586494],[26.89467830697201,61.2006607094313],[26.894643851454497,61.2006539494123],[26.89461096641404,61.20065051233513],[26.89457382645006,61.200650851528806],[26.894537475493674,61.20065450407788],[26.894529954862637,61.200655566564514],[26.894495139835456,61.20066173403866],[26.89446783918427,61.200668706366635],[26.89446232688805,61.20067012054176],[26.8944622151584,61.200670147387676],[26.89445595673577,61.200672117595545],[26.894397030845134,61.200693950211274],[26.894396956328553,61.20069397708608],[26.894393064933325,61.200694755108714],[26.894367184225324,61.20069996890433],[26.894339422713475,61.200700081925405],[26.894330212291575,61.20070011963167],[26.894317676850488,61.200698493879656],[26.894284639983656,61.20069038822876],[26.894284584254113,61.20069036125236],[26.8942743067772,61.2006867801309],[26.89424583998623,61.20067526653049],[26.8942181561678,61.2006633136306],[26.894218081831756,61.20066328663961],[26.894198441375494,61.200655308133996],[26.89416807282447,61.20064496910397],[26.8941355213294,61.20063641491339],[26.894111255423102,61.200631727577694],[26.894099817566897,61.20063017448431],[26.89407537962976,61.200626851609954],[26.894038733741375,61.200624129665755],[26.894001616390824,61.200623283670915],[26.893971024725893,61.20062399590493],[26.893964325819653,61.200624152260886],[26.893890205879575,61.20062706584283],[26.89387704925571,61.2006275852211],[26.893653923668033,61.200631638769664],[26.893642796667717,61.20063171083566],[26.893456833224427,61.200634347821094],[26.893419708840923,61.20063558447536],[26.893382712940742,61.20063734192403],[26.893345900947228,61.20063973692026],[26.8933092173724,61.20064267066639],[26.89329903653956,61.200643560414974],[26.893262666534007,61.20064730238362],[26.893226629007412,61.20065176281621],[26.893191054203573,61.20065694181563],[26.893181876112006,61.200658424870454],[26.893161881573853,61.200661676971194],[26.893094276825533,61.20067467715149],[26.893058268087916,61.200681606414804],[26.893029577360604,61.20068688058095],[26.892994298363416,61.20069259842106],[26.892958724084664,61.200697597807],[26.892933334343883,61.200700621170995],[26.89289696480836,61.2007041924666],[26.89288620744394,61.20070499195202],[26.892860132873867,61.20070694642101],[26.89284085233712,61.20070813418018],[26.892834282799836,61.200708541956644],[26.89261148445863,61.200714640951354],[26.892589228499666,61.20071534152381],[26.892404026052027,61.20072381313821],[26.892366885090386,61.20072441207803],[26.89232974688504,61.20072420302167],[26.89232191410995,61.200724017244916],[26.892313058583646,61.200723651102],[26.892284799110023,61.20072246154767],[26.89225414254272,61.20072034538388],[26.892247985192746,61.20071991853856],[26.89220726879971,61.200715935991724],[26.892171243094396,61.20071142748414],[26.892135853462136,61.20070591397681],[26.892130033583488,61.20070474225006],[26.892097494400275,61.20069817163942],[26.892076933091662,61.20069301107389],[26.892064477325764,61.20068988590983],[26.89203708007533,61.20068142509673],[26.892027472724777,61.20067783536097],[26.892007663326183,61.20067044892762],[26.89199397147718,61.20066424343912],[26.891984050929484,61.20065974670832],[26.891965610347274,61.20064929100468],[26.891959964893193,61.20064609046148],[26.891959909196437,61.20064605450651],[26.89195469286312,61.20064251315464],[26.891938394177885,61.20063143969738],[26.89191887235711,61.20061616212875],[26.89188963339683,61.20059134254419],[26.89186371535765,61.20056935356216],[26.89185783275189,61.200564779245425],[26.89185310073631,61.20056108565612],[26.891811356568734,61.20053133632316],[26.891792933547844,61.20051579926157],[26.89177966334167,61.200500616440934],[26.891768297785394,61.20048346005788],[26.891766259666046,61.200480953666485],[26.8917662225455,61.200480926703875],[26.89176243664974,61.200478059810564],[26.89174627224384,61.200465855253576],[26.891742818834324,61.20046369785941],[26.89171921777529,61.200449763649615],[26.891694517076385,61.20043637619326],[26.89166886626747,61.20042333810107],[26.891666414224602,61.20042216904667],[26.891642432467602,61.20041074826021],[26.891614899367312,61.20039860641728],[26.891567666870117,61.20037964375032],[26.89155778186476,61.200375676697654],[26.89140850036344,61.200322149127466],[26.891403947454624,61.2003205025694],[26.891384732161438,61.20031360131344],[26.891265967595704,61.20027033256063],[26.891252197555847,61.20026531198332],[26.89124327771112,61.20026205491632],[26.8911830283896,61.20024099885273],[26.89117280596061,61.20023778562328],[26.89115189650817,61.20023119719124],[26.89111886187438,61.20022282143965],[26.89109879928472,61.20021885515289],[26.891091938200255,61.20021750299167],[26.891056231732353,61.2002123570305],[26.891019587827326,61.200209275164895],[26.8910136347361,61.20020900104763],[26.890998156016995,61.200208485849224],[26.89093938530267,61.20020651734502],[26.890934809173146,61.20020621739958],[26.8909337488304,61.20020615370262],[26.890897405750373,61.20020217428134],[26.890891734053916,61.20020123603936],[26.89087172502742,61.20019793410803],[26.890845954727755,61.20019269733878],[26.890837587760483,61.20019099382336],[26.890813177223773,61.200185327216204],[26.890791370427976,61.20017999487602],[26.89074680868367,61.20016911395709],[26.89071869655465,61.200163148086006],[26.890712839865035,61.200161904447334],[26.890674942335757,61.200155499747794],[26.890638599657997,61.20015143048087],[26.890627326740265,61.20015070317081],[26.890601804523854,61.200149066592],[26.890574212559937,61.20014871214063],[26.890564667942275,61.200148587723376],[26.890449674575454,61.20015038011242],[26.890375246325544,61.20015121768566],[26.89033812835122,61.20015073877],[26.890301163598743,61.20014900309754],[26.890264820664513,61.200145023506614],[26.89025623043473,61.200143328752105],[26.890225848456048,61.20013736094039],[26.890194063911444,61.20012808821099],[26.89019400818637,61.20012806123286],[26.890165282495435,61.200116663272816],[26.890136028248865,61.20010210474604],[26.890112837601407,61.20008814365496],[26.89011274478908,61.20008808073618],[26.89010958963908,61.20008580683264],[26.890092106563372,61.20007316110303],[26.890082461067017,61.200064615536256],[26.89007212924142,61.20005546790963],[26.89005713405892,61.20003902664863],[26.89004530382461,61.20002204929519],[26.89004184771317,61.20001537609834],[26.890037818659952,61.200007598185785],[26.890035094420558,61.19999913903075],[26.890032093781034,61.19998990757356],[26.890029011611574,61.19997203955277],[26.890029011705458,61.19997201261993],[26.89002735122975,61.1999572969073],[26.890027351448815,61.199957234063916],[26.890025659654626,61.199903465556815],[26.890028278055734,61.19986755708943],[26.890031168428745,61.19984970289299],[26.890035305469368,61.19983183175284],[26.890041005040864,61.1998140696122],[26.89004263850799,61.19980984246539],[26.89004543612751,61.19980258181812],[26.890053293115685,61.199785072801646],[26.890053330578127,61.19978500101085],[26.890057805366645,61.19977698760166],[26.8900823324508,61.19973305293341],[26.89008454047448,61.199729463665136],[26.89011297924887,61.19967889768185],[26.890134209861518,61.19964118184076],[26.890159138640623,61.199588691784534],[26.890171957288423,61.19955153470995],[26.890174430386946,61.199541275262135],[26.89017626160079,61.19953368165561],[26.890177725945748,61.19952457950678],[26.890177782982295,61.19952422942473],[26.890179133315844,61.19951580948475],[26.890179519934538,61.19951164416915],[26.890180758651248,61.19949787346015],[26.89018098280485,61.19948692988819],[26.890181137452863,61.19947991846994],[26.890181002043576,61.199476057971296],[26.89017819568637,61.19944843147204],[26.890177349712097,61.199440243170834],[26.890170589900645,61.19940451562788],[26.890169672828886,61.1994007173392],[26.89016965444182,61.199400654480726],[26.89016828588243,61.19939293259356],[26.890168140004892,61.199392079598724],[26.89016014736922,61.19934705918924],[26.8901592609864,61.19932910317313],[26.890159347130837,61.19932573662466],[26.89015943733863,61.19932120298513],[26.89016407850428,61.199286750530895],[26.89016669472366,61.19926744172874],[26.89016695188198,61.199263051866865],[26.8901673471566,61.199256399749395],[26.89016717786676,61.19922486113147],[26.89016706947639,61.199202551585934],[26.89016766019317,61.1991985480333],[26.89016866923671,61.199191959256794],[26.890175782057074,61.19917436882974],[26.890184406630663,61.199160774681275],[26.890186651657746,61.19915723032926],[26.89020018026629,61.19914055184264],[26.89020019896572,61.19914052492483],[26.89023023142233,61.19910763719542],[26.890236974617455,61.199100011656036],[26.890238095361216,61.19909874671534],[26.890242337024013,61.19909352515934],[26.89025160531183,61.19908206820835],[26.890263274569815,61.1990650201257],[26.8902642848328,61.19906342292228],[26.89026531382626,61.19906178982347],[26.890274305388495,61.19904429966651],[26.890279855556738,61.19902661819178],[26.890280481406474,61.19902320719183],[26.890281027564605,61.199005261313296],[26.890277480241068,61.198987383941315],[26.890263674489127,61.19895004369589],[26.890239093153955,61.19889751351573],[26.89022773525951,61.19887856147486],[26.8902212002445,61.19886914760407],[26.890215887074767,61.198861494342175],[26.89017438443339,61.19881155395725],[26.890170641093924,61.19880725062912],[26.89014224276932,61.19877699088488],[26.89012459576769,61.19875819533375],[26.890107571584654,61.19874221028967],[26.89010755307303,61.1987421833417],[26.890107478901374,61.19874211146036],[26.890102897083164,61.198738166556225],[26.890089947822528,61.19872743673977],[26.89008414108342,61.19872262000945],[26.89007202401259,61.19871334524548],[26.890064304704552,61.19870744066709],[26.89006426758753,61.19870741370404],[26.89005884769077,61.198703710515005],[26.890021316547625,61.1986781386454],[26.890004237095322,61.19866736058006],[26.88999866771191,61.19866384579795],[26.889996848232308,61.19866274006995],[26.8899938219997,61.19866088821734],[26.88998112157477,61.198653516233314],[26.889946288338535,61.19863327925705],[26.889914196149704,61.198616653513945],[26.88989562429589,61.198607032339154],[26.889869025245435,61.198594450991074],[26.889867743543636,61.19859385742447],[26.889863396908535,61.19859184289803],[26.88983571661011,61.198579880122395],[26.88983564228273,61.19857985312899],[26.88974872398042,61.19854614318201],[26.8897189930685,61.19853535478602],[26.889713437135995,61.19853333029287],[26.889708828820527,61.19853166567684],[26.889638082972493,61.198507413308725],[26.889587555574888,61.19849009914798],[26.8895564259481,61.198480288140296],[26.889545776427696,61.19847704750576],[26.889481931393377,61.198458681041636],[26.889383169022395,61.198433642586096],[26.88935656660567,61.198427426288085],[26.88922004771973,61.1983989543489],[26.889185446023408,61.19839247112537],[26.88918531588129,61.19839244408596],[26.889157909349613,61.19838741214115],[26.888699982555202,61.19831733430167],[26.888555256101192,61.19829518419336],[26.888550904960965,61.198294480357944],[26.88853677301159,61.1982922063659],[26.88836812613565,61.198263195408835],[26.888326512967947,61.19825604184299],[26.88831712339818,61.19825432835066],[26.888179971111597,61.19822656407427],[26.888173055756543,61.19822493341257],[26.8881131413252,61.198210798019275],[26.88810406997822,61.19820854611589],[26.887856294006284,61.198138261736865],[26.887783546853345,61.19811762473472],[26.887717650912617,61.198100970470136],[26.88769777838768,61.19809637539948],[26.88766364505219,61.19808916498511],[26.88762906265283,61.19808267240178],[26.887593826531916,61.19807689747939],[26.887561413273108,61.1980725613144],[26.88752509104183,61.1980687605561],[26.88748844869166,61.19806603684032],[26.88747836641866,61.198065561630415],[26.8874513190937,61.19806430025151],[26.88742726436508,61.19806383138675],[26.887417795035223,61.19806364396642],[26.887380659002826,61.19806371186074],[26.88726942361102,61.19806765032916],[26.887255318735647,61.19806826702941],[26.88714439250122,61.198074189713346],[26.887135590061614,61.1980748108173],[26.887107731224933,61.198076762692914],[26.887097402333836,61.19807761594155],[26.887093773255177,61.19807791815781],[26.8870270103262,61.198085287028654],[26.886837237341698,61.19810625308712],[26.886787341576515,61.198110547613396],[26.886764040737706,61.19811255709247],[26.886731455187658,61.19811477427017],[26.886720271503993,61.19811533051301],[26.886694480123555,61.19811662866358],[26.886667890463908,61.1981174413484],[26.886657340189494,61.19811776469694],[26.88662429821001,61.198117557501334],[26.88658731776261,61.19811573102407],[26.886550995599276,61.19811193000468],[26.88653784858912,61.19811003368993],[26.886503396957355,61.19810345115221],[26.88650330399658,61.198103433119044],[26.886470384068204,61.198095164057484],[26.88645847014128,61.19809184132163],[26.88633580364421,61.198051339049314],[26.886315824994593,61.198045280329715],[26.886304358173675,61.19804180533532],[26.886304246672868,61.19804176933115],[26.88630019465728,61.198040688613],[26.886279785969847,61.198035222052155],[26.886245970281493,61.198027742217455],[26.88621121982502,61.19802151846042],[26.88620554840103,61.198020651843144],[26.886174104568898,61.19801584034473],[26.886074706796396,61.19800299956808],[26.886064980880743,61.198001743496974],[26.88602942755455,61.19799632700679],[26.886013773164333,61.19799326143748],[26.88598090968364,61.19798488457237],[26.88596682364001,61.19798029411664],[26.885939145356218,61.1979683305444],[26.885913666344848,61.1979553004777],[26.88588609466836,61.19793959330375],[26.885841571604495,61.1979142208685],[26.88584153449203,61.19791419390429],[26.88583724593921,61.197911649615754],[26.885831100822145,61.19790801746704],[26.885805305327523,61.19789506791202],[26.885791950077092,61.19788905958492],[26.885778093278358,61.197882835370045],[26.88576516367652,61.197877455834714],[26.88575321861281,61.19787249907786],[26.88571054304235,61.19785590830007],[26.885710171464133,61.1978557643442],[26.88569534554888,61.19785000614133],[26.885681335913386,61.19784489501638],[26.885669221511513,61.197840467790634],[26.88557800226624,61.19780942687195],[26.885258591464435,61.197717593702556],[26.88524638016297,61.197714261630345],[26.884862198766395,61.1976045161052],[26.88467616517884,61.19754448593828],[26.884586532780645,61.19751245815851],[26.884578729897555,61.19750941706566],[26.884566486860063,61.19750463052531],[26.884546108002848,61.197496272923914],[26.88453817565033,61.197493025232376],[26.88451113217738,61.19748071177955],[26.88450398353033,61.19747683631831],[26.88450370501847,61.19747668346085],[26.884486418289786,61.19746731401136],[26.88447095805262,61.19745706630701],[26.884452838444847,61.197441438719444],[26.884452819938797,61.1974414117707],[26.884445671674886,61.19743235620132],[26.884438368310388,61.19741485252843],[26.88443715698194,61.19740524540735],[26.88443910178336,61.197387300738974],[26.88444495263604,61.19736961077596],[26.88444675216201,61.19736593147313],[26.884453481825343,61.19735212060494],[26.884471658488923,61.197321665951534],[26.884484369083008,61.197300354863586],[26.88448832321522,61.19729255665454],[26.88448832331383,61.197292529721665],[26.884495439101475,61.1972748767452],[26.884497041787665,61.19726906059254],[26.884497079489783,61.19726892595989],[26.884500359968804,61.197257105187894],[26.884506128242982,61.19722129824865],[26.88450683797189,61.19721546337945],[26.88450791268857,61.1972064866429],[26.884515375163886,61.19713477053646],[26.88451621040964,61.19712005687556],[26.884514343614036,61.19703029671222],[26.884500279771853,61.19692833449863],[26.884487195148328,61.19683333977553],[26.88448536311281,61.1968205001698],[26.884465834003183,61.19666149825865],[26.88446117340345,61.19662345596741],[26.884460991832388,61.19662223485174],[26.884459486936652,61.196611514250314],[26.88444878653508,61.19654120112143],[26.884445880132834,61.196522013397335],[26.884445663201138,61.19651520815095],[26.884444765138678,61.196486110809936],[26.884445136146663,61.19647624468508],[26.884445280217424,61.19647246521579],[26.88444717709538,61.19645742926374],[26.884449801935737,61.19643665721177],[26.884457132562087,61.19640093240156],[26.884458780177365,61.19639299756068],[26.884460314556613,61.19638550252825],[26.884460361566987,61.19637266452356],[26.884449613958033,61.19636098440869],[26.88442923071528,61.1963489549237],[26.884426149087712,61.196347138809166],[26.88439815619008,61.196335273403925],[26.88438126983327,61.19632851677788],[26.884368729619414,61.19632372996492],[26.88432291618327,61.19630621136837],[26.884311563055796,61.19630240412782],[26.884305245461306,61.19630028000733],[26.88427316823276,61.196291176205996],[26.88425930130436,61.196287986272104],[26.884239504709463,61.196283426667534],[26.88420475657008,61.19627720239496],[26.884106148983538,61.19626366956317],[26.88409750244984,61.19626248609457],[26.8840956614797,61.19626226007842],[26.88407996680697,61.19626031645656],[26.884028756028986,61.196243457488976],[26.88401816453449,61.196239974071226],[26.883988456392572,61.1962291754536],[26.8839657739318,61.196220187354605],[26.883938396274157,61.1962080440736],[26.88393835916533,61.19620801710883],[26.88391306870499,61.1961949150015],[26.883890720396867,61.19618107924298],[26.883870106271882,61.19616615867094],[26.88387006916314,61.19616613170617],[26.88383323632043,61.19613498358351],[26.88382062860111,61.196123310801],[26.883816531055494,61.196119527695146],[26.88378230716232,61.19608721470036],[26.88376580702016,61.19607164227203],[26.88375751986319,61.19606382460347],[26.883661249129386,61.195966711489966],[26.883647674144292,61.19594999241869],[26.883635197724296,61.19593302291514],[26.883623986705977,61.19591596472073],[26.88362221210047,61.195912883861006],[26.883618551963227,61.19590653351556],[26.88361208822812,61.195893627073964],[26.883609835225624,61.19588910937842],[26.883603779861275,61.19587140921971],[26.88360311387671,61.19586534873079],[26.88360181822167,61.195853470180786],[26.88360263567723,61.19584368523956],[26.88360755682327,61.19582591371096],[26.883614586435957,61.19581149265845],[26.883616086091575,61.195808414611065],[26.883618686246987,61.195804556452984],[26.883627571651264,61.195791375910055],[26.8836300577315,61.19578818200023],[26.88363230090359,61.19578527516666],[26.883636597137222,61.19578056558771],[26.883647244448955,61.19576885889194],[26.883657755998954,61.19575865134709],[26.883663749331184,61.195752812039956],[26.883681815614676,61.1957371166549],[26.88382069301966,61.19563086855295],[26.883831219468448,61.19562163957167],[26.88384789164547,61.19560558386278],[26.88385553081986,61.195597357901754],[26.883863151254523,61.195589167834825],[26.883876216913887,61.195572399796355],[26.883881363755567,61.19556401907765],[26.883886772432025,61.19555526152162],[26.883891982214358,61.195544941683],[26.88389861431411,61.19552727036351],[26.88390127784652,61.195516283996184],[26.883902902723495,61.19550949828132],[26.883903613350885,61.1955034389731],[26.883905015175507,61.19549154478141],[26.883905081237835,61.195473589528035],[26.88390478208816,61.195468938846425],[26.883904782187255,61.19546891191354],[26.883904481716414,61.19546462033698],[26.88390188747779,61.19544666280407],[26.883897729887938,61.1954288834846],[26.88387718836209,61.19536909265362],[26.88387339668875,61.19535804688813],[26.88387337818441,61.19535801993928],[26.883869822642446,61.19534852751038],[26.883854288673046,61.1953131601893],[26.883846687876336,61.19529581782133],[26.883836240039802,61.19527867052051],[26.883836221568593,61.19527863459403],[26.883822050981905,61.19526204969261],[26.883810072130395,61.195251463742885],[26.883804249576105,61.19524632353086],[26.883798924289795,61.195242548348666],[26.883785972853556,61.19523338003223],[26.883765013391272,61.19522148461536],[26.88376191314325,61.1952197133576],[26.88375171738905,61.19521495543068],[26.883735170236204,61.19520722044912],[26.883706861028816,61.1951957137331],[26.88370676814439,61.19519567774273],[26.883702049344073,61.19519392304972],[26.883677284894752,61.195184726627446],[26.883668310895484,61.19518162163166],[26.8836470928516,61.19517428662339],[26.883625668426006,61.195167427250205],[26.88362096734376,61.19516591496628],[26.88358935813876,61.19515638047524],[26.88357610780802,61.19515261643036],[26.88355728224634,61.19514728548087],[26.883534198318973,61.19514146607506],[26.88352442205035,61.19513899779368],[26.88349061011903,61.19513151726905],[26.883456032152015,61.195124933842635],[26.88345588339183,61.19512491575935],[26.883423290620385,61.195119788412356],[26.88338729119797,61.19511526860613],[26.883350804117306,61.19511182568919],[26.883316675348592,61.19510955188857],[26.8832796969252,61.19510818236777],[26.88324241590251,61.19510815024679],[26.883229894881747,61.195108408786176],[26.88319275570631,61.19511026208146],[26.883156410518083,61.19511372305163],[26.883120988138323,61.19511916886997],[26.883109371357925,61.19512140326244],[26.883094829199056,61.195124892001715],[26.883076134838056,61.19512936469839],[26.88304454844006,61.19513882681906],[26.883044473926944,61.19513885368769],[26.883014037820868,61.19514915171612],[26.883006586203905,61.19515191937767],[26.883004630157973,61.19515264487878],[26.882995036093483,61.19515623663402],[26.882975288958843,61.195163662056366],[26.88291872241762,61.19518700895853],[26.882918666507628,61.195187035843155],[26.882623814778434,61.19532375282631],[26.88260751139186,61.19533056172003],[26.882579098056272,61.19534211827493],[26.882515142589032,61.195366194772504],[26.88249111032927,61.19537525034182],[26.882452627217084,61.19538819865083],[26.882308063799748,61.19543683978136],[26.882294727285533,61.195441227247485],[26.88229035007095,61.19544266884734],[26.8820706505838,61.19551006159483],[26.882038360898115,61.195518364751145],[26.881972161421682,61.19553538260157],[26.881944138415864,61.19554194778691],[26.88193438158468,61.19554422858751],[26.881831870696423,61.1955654162664],[26.881800744872972,61.19557090139736],[26.881727007110474,61.19558390851749],[26.881651915838138,61.19559568447653],[26.881534001452035,61.19561173223379],[26.88147293164256,61.19562003702203],[26.881454598692926,61.19562225641969],[26.88123800985675,61.195648281503495],[26.88121889481231,61.19565068871452],[26.881183157702015,61.195655478381596],[26.881183008771597,61.19565550518399],[26.88111216210326,61.19566639577818],[26.88107751604314,61.19567291906226],[26.88104396321741,61.1956806014148],[26.881032081773647,61.19568385884954],[26.881011670988283,61.19568946093888],[26.880991908479118,61.19569581771758],[26.880962417581888,61.195706744551075],[26.880953081840318,61.19571079424904],[26.880934801568962,61.19571875034432],[26.88090876383131,61.19573155653049],[26.88088441592315,61.19574518116382],[26.880869666518148,61.19575414585169],[26.880848142641636,61.19576875152584],[26.88084116451863,61.19577413198223],[26.880828346482005,61.1957839961296],[26.880816715988786,61.19579467828696],[26.880816435949782,61.195794938392616],[26.880811059430314,61.19579987137354],[26.88080491269591,61.195806778760776],[26.880796430658275,61.19581628761325],[26.880784866977333,61.1958240520887],[26.880784811030487,61.19582408795007],[26.88076377042478,61.195838783812476],[26.880749384126965,61.19585010095232],[26.880744271500998,61.195854118442],[26.88073765964774,61.1958610254168],[26.88072871319406,61.19587034532535],[26.880725047311163,61.195875513227655],[26.880721774210137,61.19588012486102],[26.880712964702163,61.1958975068233],[26.88071294599657,61.1958975337398],[26.880705977472278,61.19591512380841],[26.879058251251045,61.19544500252424],[26.878534113384248,61.195295459684516],[26.87780839267335,61.19508865322639],[26.875002992622864,61.194289156487585],[26.873564664543796,61.19387815339333],[26.873181186604064,61.19380948398859],[26.873071962269275,61.19379308725787],[26.873003657609964,61.19378283360844],[26.872979710578306,61.19377957920287],[26.872472122244275,61.19372389876081],[26.87246961203406,61.19372361809061],[26.87246224868086,61.193722812147875],[26.87217199048247,61.19369130533377],[26.872135361043775,61.19368238288741],[26.871830294183976,61.19328490501655],[26.871771514081132,61.19322003966967],[26.871768920099452,61.1932174965368],[26.871767771397245,61.19321635528678],[26.871659810977686,61.193091122434794],[26.871482162307103,61.192885051395024],[26.871469593098116,61.192869930068696],[26.871469537548133,61.19286986717236],[26.871351821612016,61.192738071119415],[26.871286308135122,61.19267356724578],[26.871277876147317,61.19266574866986],[26.87123991207374,61.19263323141787],[26.871186562144945,61.192587574187044],[26.871106151069412,61.19252717680603],[26.871040869721874,61.19248348325084],[26.871029607812194,61.19247629040182],[26.871029570682083,61.19247627241114],[26.870934294290237,61.1924211755509],[26.87093423855853,61.19242115754247],[26.870573063837462,61.192240335065776],[26.870572989615127,61.19224029010655],[26.870562871477027,61.19223546841369],[26.870546645347687,61.19222773212164],[26.87022727781916,61.192077347018675],[26.87005950480558,61.192006361437116],[26.87003088649434,61.191995031109904],[26.869883266364177,61.19194049376183],[26.86983108530997,61.19192338607917],[26.869729509838034,61.19189008007664],[26.869666306113555,61.19187107642209],[26.869651907466697,61.19186684306857],[26.8695225318627,61.191831445298504],[26.869440116377653,61.191811650955735],[26.86942270414681,61.1918074685396],[26.86941082810069,61.19180498823584],[26.869354477315063,61.19179321805894],[26.869284680558824,61.19178077053932],[26.869249304910433,61.19177526002957],[26.869238020561532,61.191773642137235],[26.86923223893336,61.19177281958964],[26.869016202124804,61.19174595621782],[26.869002984603494,61.19174401324104],[26.868980509259252,61.19174070568332],[26.86895628837911,61.19173667822053],[26.868943109149168,61.19173447492274],[26.868931734359492,61.19173224643634],[26.86890866886115,61.19172771733365],[26.868887278381532,61.19172297438412],[26.868874882654758,61.19172023317811],[26.868854404991797,61.19171516791099],[26.868841713291975,61.19171203139828],[26.868777408503963,61.19169410358156],[26.868777334210804,61.19169407657662],[26.868715156987463,61.191674480945615],[26.868666865417335,61.19165719702883],[26.86844632218534,61.191578266910916],[26.86843270662121,61.191573666103615],[26.868341453766572,61.19154570181282],[26.868307252574926,61.191535218572575],[26.867853712479555,61.191411809903165],[26.867819937427758,61.19140180277129],[26.867819863098518,61.191401784743434],[26.867696519066968,61.191361749657055],[26.867624474210313,61.19133575179067],[26.867607219878284,61.19132952238762],[26.867607127023597,61.19132948638621],[26.86759769259708,61.19132592201176],[26.867540142855162,61.19130324204545],[26.867484923716205,61.191279280528256],[26.867484793735137,61.19127922653514],[26.867482621899807,61.19127815606886],[26.867458694217376,61.191266452722076],[26.8674341598086,61.191253060976614],[26.86743412275739,61.191253025029724],[26.867411358747123,61.19123885395566],[26.867403865060904,61.19123381913009],[26.867403827972034,61.19123379216078],[26.867383578557416,61.191218806575634],[26.867365303621472,61.19120316755097],[26.867348611636157,61.191187090168185],[26.867336762407643,61.19117389935546],[26.86733668841887,61.19117380052872],[26.867318840492892,61.191153942413834],[26.867281184611084,61.191107042125566],[26.867251541079806,61.19107012386211],[26.867239410731734,61.19105745346969],[26.867220354214513,61.19103751335804],[26.86716744775909,61.19099015818416],[26.867167410708497,61.19099012223717],[26.8670687928018,61.19091402958375],[26.86695576497364,61.1908322757564],[26.866883127003707,61.1907797479119],[26.866869203556792,61.190768898189624],[26.86686408653128,61.19076491605587],[26.866864049443425,61.19076488908642],[26.86682819211416,61.1907328394932],[26.866703998337623,61.19062186115589],[26.866601131019348,61.19052190134237],[26.866554115750095,61.19047620361511],[26.866523902204033,61.19044246271986],[26.866436094415498,61.19034441190113],[26.86643315247804,61.19034073713569],[26.86643220883068,61.19033956013124],[26.866330346670278,61.190204713890665],[26.86632692605283,61.19019988053175],[26.86616568724027,61.18996096033208],[26.866139531548367,61.18992672958489],[26.866090645853998,61.189870696550294],[26.866038539716957,61.18981093458173],[26.866034761858664,61.1898070255614],[26.866033854451665,61.1898060820092],[26.866011053767856,61.1897834177875],[26.865920166341155,61.189693048458615],[26.86591621996653,61.1896894085981],[26.8659150157277,61.18968828519797],[26.865812209454244,61.189592768772954],[26.865765750008922,61.18954380344404],[26.865764121531765,61.18954184469924],[26.865762307971124,61.18953967030702],[26.86574961523032,61.18952393783606],[26.865735368390407,61.18950625567003],[26.865659601042328,61.18938607733773],[26.865654136622943,61.18937640297215],[26.865651219733817,61.18937125587666],[26.865617018844272,61.1893090426373],[26.86556543179789,61.18921517483967],[26.865561394077652,61.189206803647494],[26.865561357183942,61.189206731789575],[26.865558296766157,61.18920035460914],[26.865510543952933,61.1890841182479],[26.86549318440808,61.18904186109051],[26.865492853477406,61.189040954017585],[26.86549195238323,61.1890385381305],[26.86544651613325,61.188933113154825],[26.86541824345537,61.1888810235794],[26.86541621166101,61.18887769982407],[26.865416193214514,61.1888776638951],[26.865408265009474,61.18886568878834],[26.86538228136148,61.188826412610126],[26.86534094751343,61.18877536042534],[26.865340595922035,61.188774938125526],[26.865287568882668,61.18870944718897],[26.86527307554841,61.188693012622444],[26.86511826164408,61.18852985106181],[26.865111408137437,61.1885232276969],[26.865101887292944,61.188514034062685],[26.8649693015308,61.18838997424708],[26.864795072425885,61.18822694557461],[26.86474830114951,61.18817780001976],[26.864597336887847,61.18799427136121],[26.864584720091322,61.18797845805355],[26.864506217882674,61.18787766807392],[26.864506199437816,61.18787763214478],[26.86448333875458,61.1878435300477],[26.864483320271205,61.187843503096225],[26.86447370446845,61.18782619350905],[26.86447049819473,61.18781921465277],[26.8644656518394,61.1878086879764],[26.864460702490305,61.18779615917662],[26.86445866017063,61.187790994973646],[26.864453266478822,61.18777366267613],[26.864452280987216,61.18776927161],[26.86444926998948,61.18775580209393],[26.864446835854768,61.187737934097235],[26.864446835970437,61.187737907164326],[26.864445982979426,61.18771998688365],[26.864445983133642,61.187719950973126],[26.864446525063038,61.187702032088175],[26.864446525217254,61.18770199617765],[26.864448798387354,61.18768371991816],[26.864450794916387,61.18767355919461],[26.864452315869375,61.18766586685411],[26.864469767008654,61.1876126557144],[26.86447343322284,61.18760347522676],[26.8644768926888,61.187594797281626],[26.864476911403305,61.18759477036736],[26.86452042112193,61.18748919160962],[26.864522792314617,61.18748273005909],[26.864545656937718,61.187411847291195],[26.86455284070974,61.187376096416976],[26.864552859539607,61.18737604256977],[26.864553817598868,61.18736948982903],[26.86455679866004,61.18733359110962],[26.864556437966666,61.18731362441215],[26.864556171607436,61.187297679804885],[26.86454755718139,61.18722474558217],[26.864545601163915,61.18720814391531],[26.86454558279643,61.18720809003098],[26.86454485907735,61.187203376030766],[26.864543140173147,61.18719219711334],[26.864512677528847,61.187031403518006],[26.864508671850597,61.187015697567105],[26.864459595669466,61.186849821931354],[26.864414076635676,61.18669592604583],[26.864414058268714,61.18669587216142],[26.864400583816266,61.18662441437374],[26.864400583970532,61.18662437846325],[26.86439937108192,61.186612320237785],[26.86439878252274,61.186606457229836],[26.864398493348872,61.18660017257108],[26.864399673222245,61.18654631670698],[26.864399673337942,61.18654628977406],[26.86440680413409,61.18649255657583],[26.86440680428835,61.18649252066533],[26.864406804519728,61.18649246679951],[26.864410470291883,61.18647470365859],[26.864412857588352,61.18646448048119],[26.864413501919987,61.186461689070555],[26.864435566749428,61.18639070675589],[26.864456623702846,61.18633785832351],[26.864462165273206,61.18632502579892],[26.864522203921705,61.18620283691203],[26.864527825909708,61.186192922208015],[26.864531986074535,61.1861856095665],[26.864568545463108,61.18612597154253],[26.864605797574388,61.186065229947076],[26.864616508766357,61.186048183077084],[26.86461652747982,61.1860481561628],[26.864688275432826,61.18592743328257],[26.86469118027033,61.18592226504546],[26.864695847044956,61.185913893539464],[26.864748128142544,61.18580919427921],[26.86475541948308,61.18579160532288],[26.864760779204165,61.18577775812676],[26.864760798071178,61.1857776953019],[26.864788442291054,61.18568904145812],[26.86478844240641,61.18568901452521],[26.864804705137253,61.18561761337893],[26.864805122899376,61.18561560279741],[26.864807743825367,61.185602893029994],[26.864828203422825,61.18547646294017],[26.86483380060025,61.18544188653317],[26.864835109797593,61.18542713752454],[26.864835128625828,61.1854270836773],[26.864846850471316,61.185247748418554],[26.864857104312453,61.1851940811466],[26.864861563220053,61.185177755209104],[26.864865614205826,61.18516548677237],[26.86486742311769,61.18515998526382],[26.864874398085238,61.18514239598395],[26.864877435960786,61.185136536594214],[26.86488339939393,61.18512498827832],[26.8648859280658,61.185120780272186],[26.86489769860641,61.18510378830063],[26.86489773603174,61.18510373447189],[26.864912368482397,61.18508723014755],[26.8649158220607,61.185084181182944],[26.864930140378686,61.18507154592019],[26.864934114718473,61.1850684884967],[26.86493515962854,61.18506768154803],[26.864942824697245,61.18506265271619],[26.86495714772759,61.185053258394994],[26.864997756070526,61.18502914893281],[26.86500409525645,61.18502539360559],[26.865026083332925,61.18501096146366],[26.865047137125902,61.184993206648535],[26.8650546378305,61.18498311423932],[26.8650597256607,61.18497625138821],[26.865066849220472,61.18495867122376],[26.865067950581867,61.18495335753871],[26.865070533461406,61.18494080932532],[26.86507153526206,61.18492833135835],[26.865071182554715,61.1849194790219],[26.865070830883642,61.184910384289296],[26.86506791308536,61.18489251581454],[26.865066995117786,61.18488973182167],[26.865062056539422,61.18487473418898],[26.86505903207058,61.18486877000157],[26.865055989044006,61.184862796817924],[26.865046986757516,61.18485002159925],[26.865044047527213,61.18484587098623],[26.865044010563004,61.18484581708337],[26.865038957734544,61.18484014713784],[26.86502935179014,61.184829373337536],[26.86498310433615,61.184784941635776],[26.864982919132032,61.184784761897745],[26.864945913777962,61.18474922729049],[26.864931590618433,61.1847326043149],[26.864927559674076,61.18472716880353],[26.864926931019472,61.184726315297745],[26.86491713002593,61.184708987593574],[26.86491032437571,61.1846913845679],[26.86490734966978,61.184678148511466],[26.864906309418565,61.18467352397249],[26.86490630957225,61.18467348806195],[26.86490526651473,61.1846651736966],[26.864905266668412,61.18466513778604],[26.86490502720309,61.18464721811207],[26.86490502731835,61.184647191179145],[26.864906981967216,61.184629354492344],[26.864911596076784,61.18461150250229],[26.864912273755547,61.18460959093375],[26.86491445779637,61.184603335673685],[26.864922510861394,61.18458583724185],[26.864943022511355,61.18455130263039],[26.864943022626584,61.18455127569751],[26.864960562409596,61.184524566651135],[26.864987929806304,61.184482856728366],[26.86499177179988,61.18447593877161],[26.86499488301759,61.18447030389364],[26.86499490176819,61.18447026800163],[26.865002620238734,61.18445271536524],[26.8650026389893,61.184452679473225],[26.865004183754213,61.18444804853332],[26.865008498134966,61.184435035206704],[26.865016331441808,61.184399320850936],[26.865017330192867,61.184391906288035],[26.86501734971115,61.18439169084333],[26.86501875178102,61.18438128711716],[26.865018990721712,61.184377597531494],[26.865019925775677,61.18436333294041],[26.8650195376253,61.18434537720701],[26.86501678728032,61.1843275088964],[26.86500888401544,61.18431000353536],[26.86499298450705,61.184292391450086],[26.864971437058998,61.18427783511963],[26.864944561776174,61.184265410160236],[26.86492686574114,61.18425912609974],[26.86491468465439,61.18425479569195],[26.864891559299473,61.18424828177059],[26.86488842015192,61.18424740780521],[26.864882493584364,61.184246037287394],[26.86485479283195,61.184239653460914],[26.86482963186803,61.18423513951927],[26.864820043180227,61.18423342419272],[26.8647843583148,61.18422845085641],[26.864755880971916,61.184225370018325],[26.864719258164392,61.184222290017466],[26.864682315445865,61.184220089499135],[26.864645369229645,61.184218705935535],[26.86462102692266,61.18421844819038],[26.86457098481518,61.18421791337437],[26.86449661322108,61.18421846743628],[26.86447583893298,61.18421881473827],[26.86446590746999,61.1842189753775],[26.86437828849474,61.18422100641292],[26.86420595193239,61.18422499940096],[26.864185994895266,61.184225580897284],[26.864176025694192,61.18422586716485],[26.864045644685387,61.184229659613734],[26.86376399560008,61.18423784258931],[26.863671648576677,61.18424087391193],[26.863615533548337,61.18424272069225],[26.863602066725456,61.184243326592274],[26.863418015518217,61.18425553033088],[26.86301527805589,61.18429012760799],[26.862992880357183,61.18429172093758],[26.862881978640033,61.1842978033185],[26.8628448722866,61.18429903160485],[26.862814798765363,61.18429953083436],[26.86279997670787,61.184299587644055],[26.862777529756954,61.184299672638986],[26.86273016687563,61.18429882563849],[26.862703314914977,61.1842983405637],[26.862691414878082,61.184297870640414],[26.86266620171294,61.18429686651431],[26.862645842071522,61.184295930148735],[26.8626361549524,61.184295489397414],[26.862470533603414,61.18428187279123],[26.86212319211087,61.184253320823096],[26.862076767398495,61.18425058923748],[26.86204694547908,61.184248844134146],[26.861972904047914,61.184246165184085],[26.86186127203639,61.18424488429255],[26.861824151470714,61.18424511576294],[26.86181089130056,61.184245236901354],[26.861790006013425,61.18424544003547],[26.861744680130094,61.18424659679],[26.861715777183914,61.18424733936741],[26.86164185741016,61.18425085495573],[26.86160519034449,61.18425369035484],[26.861568705343736,61.1842574147198],[26.86153532322031,61.18426177966156],[26.861524343450654,61.18426350112887],[26.861500076277327,61.18426730978608],[26.861481724488794,61.18427076538103],[26.8614654386861,61.18427382806877],[26.861431429828826,61.184281154976425],[26.86139803189472,61.18428911093786],[26.861390733626948,61.184290988781626],[26.861370905481106,61.184296076787625],[26.86134360841037,61.184303787604215],[26.861306628855342,61.18431423567029],[26.861244224527347,61.18433374309152],[26.86123649566917,61.184336266878454],[26.861218970807265,61.18434196770348],[26.861047175266567,61.18440025420061],[26.860853885928115,61.18446582622951],[26.860829490748742,61.184473306503804],[26.860791166059062,61.18448506378761],[26.86078103628961,61.18448799805424],[26.860770161686712,61.18449114701867],[26.860671393132723,61.18451626375185],[26.860639933449157,61.18452318010981],[26.86053611632428,61.18454602019886],[26.860513406922067,61.18455074600595],[26.860355746604146,61.1845829480826],[26.86027375197739,61.18459968769174],[26.860251321175593,61.184604476586],[26.86025119083693,61.18460451236221],[26.86008362610575,61.184643203739896],[26.860065436820996,61.18464767378806],[26.8600451802252,61.184652824001134],[26.859999584342972,61.18466439399494],[26.859981913762915,61.18466931345169],[26.859967445867593,61.18467333844954],[26.859935936490253,61.184683001760895],[26.85992951039743,61.184685266467774],[26.859905966712713,61.1846935554469],[26.859897359369945,61.184697029882365],[26.85988998166881,61.1847000028394],[26.859875428041637,61.18470657739812],[26.859862831016013,61.18471227416739],[26.859812594096017,61.18473869734718],[26.859740068787584,61.18477965024143],[26.85972124133239,61.18478959596362],[26.85971495935218,61.184792902219705],[26.859688588038335,61.18480553342677],[26.859660826701024,61.18481708586781],[26.859638587647222,61.184824702826496],[26.85963055994698,61.18482745963168],[26.85961800924578,61.184831082583536],[26.859598587378315,61.184836673500875],[26.859565188394992,61.18484462900941],[26.859552567963746,61.184847201495074],[26.859531012704938,61.18485159616017],[26.85950562608794,61.184856058669595],[26.859470062812512,61.1848613994069],[26.859448775208904,61.18486415142228],[26.859434186489892,61.18486603955149],[26.859418873915597,61.184867603731625],[26.859397830666772,61.18486977244385],[26.859361179718782,61.184872957381906],[26.85934579434853,61.18487416237126],[26.859335171555003,61.18487499524218],[26.859261413420903,61.18487940746764],[26.859150054006918,61.184883241900756],[26.859112969746047,61.184883499599486],[26.859038559418032,61.18488402369255],[26.858852686614636,61.18488230394096],[26.858825592413808,61.18488182682309],[26.858659814523044,61.18487792821762],[26.858565684657773,61.184875720216645],[26.85855190610225,61.18487525694616],[26.85829263594069,61.184863853653816],[26.85827885900659,61.18486303125029],[26.858094763534833,61.18485071866268],[26.858065018847707,61.184848263527776],[26.85801449371891,61.184843281835576],[26.85788282732914,61.1848302967122],[26.857866135263645,61.18482844775343],[26.857853421066213,61.184827033895196],[26.857422718443573,61.184771027403514],[26.857420543991125,61.18477071089621],[26.8574170871839,61.18477020450793],[26.857412782286172,61.18476806329017],[26.857391944360995,61.18475769907364],[26.857281237688806,61.1847035817694],[26.857261419647973,61.18469389193274],[26.857261308308644,61.18469383794935],[26.857239595523325,61.18468367029617],[26.857239521297135,61.18468363430725],[26.857212555079137,61.18467135135953],[26.857017680260977,61.18458802151559],[26.857000286675397,61.18458096465814],[26.856994383621604,61.18457857036496],[26.856919528330636,61.18455022062202],[26.856760535564963,61.184490000925635],[26.856748652655465,61.18448575987499],[26.85671862890007,61.18447523321917],[26.85650333455847,61.18440471910614],[26.856497893153268,61.184403061449615],[26.85649066896941,61.18440084528829],[26.856458205259063,61.18439117784637],[26.85642748735584,61.184382023974486],[26.856368812092008,61.1843660174216],[26.85629798952495,61.18434669417292],[26.856251175062507,61.184335700715955],[26.85623120461681,61.184331011130936],[26.856217437782828,61.18432803388619],[26.856148915299464,61.184314135516544],[26.856009027772902,61.18428984592247],[26.85599479281984,61.1842875773938],[26.855781667811968,61.18425575821661],[26.855774419865213,61.18425469113412],[26.85575773101728,61.18425223143657],[26.855064254086887,61.184145967623536],[26.854765500712,61.184100184690536],[26.854756599496707,61.184098729740896],[26.85473842542185,61.18409575659754],[26.853932011253498,61.18395854546108],[26.85391361571376,61.18395523979405],[26.853898379042256,61.183952494147555],[26.853758027440072,61.18392874038515],[26.853723590686062,61.18392375650305],[26.85365160686128,61.18391479982961],[26.853578833730523,61.183907628822276],[26.853571621132886,61.18390699258843],[26.853534848976086,61.18390434930724],[26.853507277265344,61.183902775332065],[26.853460946343347,61.18390013964842],[26.853236630838342,61.18389240941603],[26.853127169184962,61.18388864583826],[26.85297939880688,61.18388076473369],[26.85293932028818,61.183877309711264],[26.85287078719343,61.18387019679254],[26.852757606403454,61.18385843874431],[26.85268268376861,61.18384968484761],[26.852645250361764,61.18384530791409],[26.85260956869625,61.1838401518184],[26.852574821905318,61.18383391940956],[26.85254104802392,61.18382643117621],[26.852512575036585,61.18381876915259],[26.852481471368883,61.18380895859341],[26.85245113278335,61.18379859224445],[26.852394603218563,61.183777756313575],[26.852303413576006,61.183744125293124],[26.852272459659737,61.18373413529547],[26.85225665523112,61.18372957535412],[26.852240553598076,61.18372494326536],[26.852207563910575,61.18371682736657],[26.852172986385494,61.183710235932004],[26.85216187320758,61.183708607821764],[26.852149866849228,61.183707095445506],[26.852125872690475,61.18370407968776],[26.852133511758762,61.183641441797484],[26.852183856191463,61.18322766173635],[26.852183856443677,61.18322760787057],[26.851703057521004,61.18321352605491],[26.851480824324735,61.1832070251316],[26.851352043612806,61.18320326586659],[26.85132339057353,61.18320242642914],[26.851294756132035,61.183201587006],[26.848762845457987,61.18312732146931],[26.84868090306994,61.183124904736914],[26.848547735099025,61.18312097630591],[26.848336901049656,61.183114824120096],[26.84819279988936,61.183110613767965],[26.848011344134857,61.18310529301011],[26.848011455841743,61.183105266202396],[26.848163089719364,61.18307054899955],[26.84817092821164,61.183068582696464],[26.848467081849403,61.182993340225565],[26.848483520336657,61.18298958798914],[26.84849372222148,61.18298726520381],[26.848550686303422,61.18297484095481],[26.848595289513657,61.182965114125096],[26.848695320888066,61.18294135425022],[26.8487023408713,61.18293943189049],[26.848727143364712,61.182932681444136],[26.848746230952315,61.182927154553845],[26.84874637989316,61.182927118809424],[26.848758968404393,61.18292346997267],[26.848851961809814,61.18289368707911],[26.848865559426244,61.18288900692537],[26.84888159716402,61.18288348559083],[26.84893243280106,61.18286537147355],[26.848941374204333,61.182862185391635],[26.848941430121382,61.18286215852093],[26.848999408674604,61.18283972510294],[26.849030936298107,61.18282656305741],[26.849031010811068,61.182826536207436],[26.84924719666997,61.18272797762636],[26.849252843255897,61.18272547016047],[26.849252917768418,61.18272544331037],[26.84928044129447,61.18271347975947],[26.8493562727767,61.18268299511903],[26.8493946542824,61.182667560280656],[26.849394728837495,61.18266752445282],[26.8494007834839,61.18266523289875],[26.84946018741401,61.18264402183243],[26.84949049478681,61.18263319252022],[26.84955260628426,61.18261351960496],[26.849558900431155,61.18261169514915],[26.84956467312171,61.182610031712116],[26.84959666409971,61.18260099978171],[26.849924782585763,61.182516632380896],[26.849937166456147,61.18251293831949],[26.849945472028185,61.1825104607035],[26.849958211220294,61.18250634508291],[26.84997622114062,61.182500529539894],[26.849982928231245,61.18249788855292],[26.850005080239495,61.18248916882546],[26.85001713866227,61.182483517262355],[26.8500226553563,61.18248092882146],[26.850046374931026,61.18246712945653],[26.850066010225888,61.182451889138],[26.850066047588093,61.18245185326863],[26.850073092533137,61.182444634034916],[26.850073111299483,61.182444598144954],[26.850073541603937,61.18244405098286],[26.850086170727963,61.18242786025017],[26.850096573245413,61.18241063461905],[26.85009659201172,61.182410598729085],[26.850114553520875,61.182375794188445],[26.850114590968168,61.18237574036382],[26.850116802574114,61.182372097873355],[26.85012501204867,61.18235851475095],[26.850137941371496,61.182341749773975],[26.850157586770457,61.18232435481016],[26.8501795797471,61.18230992507418],[26.85019711914582,61.182301343856125],[26.85019717510343,61.18230130800728],[26.85020830261128,61.1822958708619],[26.850237476331785,61.182284770798425],[26.850243436331958,61.18228280229847],[26.850251089989783,61.18228053042958],[26.850275112360137,61.18227341075246],[26.850293769278068,61.18226836796272],[26.85030756640967,61.18226464849635],[26.850314306995838,61.18226277063271],[26.85031441874036,61.182262734845516],[26.850345520218053,61.18225292967486],[26.850371725729723,61.18224030907523],[26.85038838754347,61.18222461654105],[26.85039503520373,61.18220702763216],[26.850395035373896,61.18220699172162],[26.850394799586,61.18220573458611],[26.850391844897807,61.182189607410784],[26.8503838657296,61.18217817001185],[26.850380024040728,61.182172635518015],[26.850370823271493,61.18216391700571],[26.8503502341429,61.18214899131263],[26.85032759606652,61.182134790544346],[26.85031495002354,61.18212714554279],[26.85030832977226,61.182123259869314],[26.850291380537296,61.182113293868575],[26.850280417091092,61.18210767967894],[26.850265910444474,61.18210025705813],[26.850250453086534,61.18209332715706],[26.850221217387485,61.18208225228681],[26.85018979835606,61.18207279097778],[26.850178169951786,61.18207015663395],[26.850156009181248,61.18206512257538],[26.85013629502406,61.182061779023925],[26.85010014705857,61.182057429739196],[26.85007618429334,61.18205593985675],[26.850063357046825,61.18205514460044],[26.85002624323906,61.18205447507546],[26.84999853325475,61.18205498305283],[26.84998424838816,61.18205569442499],[26.849961426097938,61.182056827267765],[26.849924907594342,61.18206001877663],[26.84985401877331,61.182068271503404],[26.849816509084498,61.18207263796039],[26.849790180936658,61.18207584073113],[26.84961001240602,61.182098174790156],[26.849587888022462,61.18210113081382],[26.849499409085293,61.1821129459154],[26.84944740572594,61.18211888521494],[26.84942701370315,61.18212121470025],[26.849390531791414,61.18212450486031],[26.849377231634275,61.182125387839235],[26.849353551688356,61.18212697748758],[26.849330506390782,61.182128065087674],[26.849316612241513,61.182128722957984],[26.84927949150592,61.182129489649476],[26.849242058501087,61.1821294479921],[26.84922671886353,61.1821290628335],[26.849204964505752,61.18212850893383],[26.849182003448494,61.18212753173615],[26.849168022280043,61.18212694159685],[26.849137645172796,61.18212520200829],[26.849110394193808,61.18212303496676],[26.849064405866898,61.18211937470246],[26.848991194630745,61.182111572298815],[26.8489554718886,61.18210776184343],[26.848853558464267,61.18209408288684],[26.848668966055666,61.18206930487247],[26.848663372009174,61.18206862529656],[26.84866067719723,61.182068299089266],[26.848190089253563,61.182015262041894],[26.84804724065707,61.181995261194935],[26.848033174930986,61.18199293815132],[26.848017678473454,61.18199038008124],[26.847988916426125,61.181985392126855],[26.847982784997175,61.18198432587948],[26.847913804136756,61.181970880679756],[26.8478800147595,61.181963391262386],[26.847846692882452,61.18195536370086],[26.8478141736591,61.181946708595326],[26.84780241896655,61.18194331978029],[26.847786968875898,61.18193886744536],[26.84776765854135,61.18193283069851],[26.847755868096574,61.18192914557577],[26.847725532826523,61.181918787144305],[26.84769598118588,61.18190789092635],[26.847667399563452,61.181896367355215],[26.84766732531144,61.18189634033864],[26.84763989905621,61.181884315310924],[26.84761898934856,61.18187447020734],[26.847613330553816,61.18187180644782],[26.84759904722531,61.18186450050165],[26.847588195657277,61.181858940085405],[26.847582668769828,61.181855917365816],[26.847563528702032,61.181845445807255],[26.847539942038335,61.18183159363332],[26.84743052309944,61.18175903850549],[26.8474097656633,61.181744650834474],[26.847264667378838,61.18164036416011],[26.84725836902474,61.18163538342284],[26.84724423486085,61.181624190271286],[26.847158920073664,61.18155098877605],[26.847061957631997,61.1814677908939],[26.84694131858276,61.181355002684654],[26.846941281566497,61.18135496673211],[26.84692652249046,61.18133847600872],[26.846912991798195,61.18132176223001],[26.846905990162067,61.181312282862876],[26.846900540465686,61.181304879093915],[26.84689474464764,61.181295993616075],[26.846889354965214,61.181287719079364],[26.84687882570516,61.181269446573275],[26.846878788776166,61.18126939266543],[26.846870263707356,61.18125196632629],[26.846864663436573,61.18123727250836],[26.846864626594712,61.18123720064524],[26.846856823135887,61.18121668679857],[26.84685172294145,61.18119857304883],[26.846846805480933,61.18118112385386],[26.846842824616196,61.181162266221726],[26.846839068250954,61.181131630125215],[26.84683184182556,61.18107267449705],[26.84683051279422,61.18105531913576],[26.84683051305554,61.18105526526995],[26.846809022561338,61.180678564370744],[26.846809022822683,61.180678510504976],[26.84679490442391,61.18055305836152],[26.846794904685286,61.180553004495735],[26.846791789812716,61.18051665033701],[26.846788594396532,61.18049689582155],[26.846788594570782,61.180496859910996],[26.846787962969458,61.18049290003869],[26.846786013297322,61.18048083182825],[26.84678338184653,61.18047131250835],[26.846781115929517,61.18046310434351],[26.84678109759628,61.18046305045671],[26.846776590355166,61.18045306217522],[26.84677318685716,61.18044553502721],[26.84677001367575,61.18044036029243],[26.846769884471865,61.180440162637275],[26.846762633903406,61.180428384692995],[26.846753154556875,61.18041607454341],[26.84673772552186,61.18039980748084],[26.84672961525029,61.18039275980057],[26.84671969038214,61.180384129994245],[26.84671963481627,61.180384085042945],[26.84670727794083,61.18037465346974],[26.846660055157354,61.18033859951032],[26.84664397175423,61.180326910314115],[26.846627348510236,61.18031534619219],[26.846622771092296,61.1803121629093],[26.846600508554424,61.18029782727191],[26.84660043443794,61.180297773321875],[26.846576494878065,61.180284162973464],[26.84657638357256,61.18028410898129],[26.8465485861076,61.18027231672754],[26.846538504067613,61.18026926187058],[26.846517003063944,61.18026276459914],[26.846511876516566,61.18026161862416],[26.846503703784048,61.180259786893046],[26.846485606857186,61.18025685761423],[26.846468513252173,61.180254091068605],[26.84643189557649,61.180251266475416],[26.84642295239735,61.18025109473717],[26.846417318781192,61.18025098061722],[26.846380217905065,61.180251926088886],[26.84636600557406,61.18025316684459],[26.846343719723322,61.18025511665479],[26.846330694861102,61.18025688843717],[26.84632085175891,61.180258232899625],[26.846286215876756,61.180264657528774],[26.846253133178056,61.18027287944868],[26.846222718456357,61.18028307947971],[26.84620635938996,61.180289848033986],[26.846205073786326,61.18029037625753],[26.846204980638657,61.1802904120625],[26.846179238590143,61.18030331069415],[26.846162508797995,61.18031365193982],[26.846156316769598,61.18031746939976],[26.84615034616837,61.180321637240574],[26.846135251804164,61.18033215989408],[26.846113898230342,61.180348834125155],[26.84609569215208,61.18036447949569],[26.846095654744104,61.18036452434161],[26.846078655764792,61.180380485300304],[26.846049272371307,61.18041176606313],[26.84604906669239,61.18041199924912],[26.84601727201017,61.180445844881376],[26.845959166950795,61.18051373089173],[26.845946719183473,61.18053058580009],[26.845935683241734,61.18054772062128],[26.84592604057671,61.18056512635689],[26.845917675021838,61.18058374553171],[26.845917656251864,61.18058378142109],[26.845911303518264,61.18060146022852],[26.845911284660648,61.180601514073174],[26.845910526544234,61.18060444891283],[26.84590667921188,61.1806193205556],[26.8459036100072,61.18063477663289],[26.845903152209512,61.180637137242485],[26.845903152034246,61.18063717315301],[26.845899053753428,61.18067298046511],[26.845901033508603,61.18078168449355],[26.845901305173737,61.18078698163507],[26.84590143098551,61.18102027582168],[26.845901430766418,61.18102032070982],[26.845900715283253,61.18103737749127],[26.84590071510798,61.1810374134018],[26.84589785332323,61.18109036949059],[26.84588333288422,61.181360356742076],[26.845883141862956,61.18136520447265],[26.845881828476276,61.18148188590178],[26.845880913433696,61.18156267501322],[26.845880976245198,61.181565045192514],[26.845881056249624,61.18156770267713],[26.845880071384816,61.181624700853476],[26.84587888078047,61.18169336978045],[26.845873834012085,61.18172916702934],[26.84586521770179,61.181764798617856],[26.84585220693208,61.181801637191555],[26.845852206756742,61.18180167310208],[26.845843995247954,61.18181913432372],[26.845843976477163,61.18181917021306],[26.84583448257424,61.181836486331726],[26.845823594921647,61.18185361233195],[26.84581083038571,61.18187047584203],[26.845799908276145,61.18188322967062],[26.845795401025175,61.18188849443799],[26.84578480520028,61.18189916581486],[26.84577934856562,61.18190463598745],[26.845771167030893,61.18191214099076],[26.845762051506583,61.18192050678735],[26.84575114751888,61.18192954387279],[26.845743342969538,61.181936007892745],[26.8457432869198,61.18193606169497],[26.845739199149353,61.18193919922788],[26.845723538550477,61.181951247394565],[26.845702639169705,61.18196603676217],[26.845700754746684,61.181967318423915],[26.845697620298335,61.181969442563606],[26.845675625511728,61.18198387157196],[26.84562961251793,61.18201200007976],[26.8455082406775,61.18207998434232],[26.84550406357739,61.18208236764108],[26.8455025903953,61.18208320986272],[26.84540883692741,61.18213893509005],[26.845354680005745,61.18220852211503],[26.845297004590844,61.18228264780557],[26.845296967179443,61.18228269265126],[26.845279079829982,61.18227852453244],[26.84525519289061,61.18227295801694],[26.844929135520108,61.18220447146895],[26.844755349864784,61.182168307814585],[26.844183472837187,61.18216113337584],[26.844183342667673,61.1821611332261],[26.84418794205559,61.1823558015641],[26.84418797503792,61.18235665448166],[26.844188912301277,61.18239658828213],[26.844174102696098,61.18248848473693],[26.844154189081678,61.18261226403632],[26.845035423502157,61.18261095882307],[26.84506580074656,61.182696084021565],[26.84507820218123,61.18273062636211],[26.845090324646176,61.18278412924169],[26.845090342933826,61.18278419210634],[26.84509726716134,61.182801823209985],[26.845102500639733,61.18281156997711],[26.84510257449529,61.182811677793715],[26.845106573186506,61.182819151795734],[26.84511377260943,61.1828299691543],[26.845117926063914,61.182836222368486],[26.845117981543748,61.18283628527564],[26.84513303139289,61.182854105221665],[26.845143656823534,61.18286404668291],[26.845150024629106,61.18287001514179],[26.845170611767674,61.18288494162302],[26.845189974295636,61.182895521504626],[26.845195278555007,61.18289842735712],[26.845225921265694,61.182910582240815],[26.845257581962407,61.18291992826682],[26.845257656214756,61.18291995528466],[26.845265847939363,61.18292183199984],[26.845266089424577,61.182921886141806],[26.845291128978836,61.182927624546814],[26.845311101528235,61.182931373093695],[26.84532570469122,61.1829341189841],[26.845352146713914,61.1829382789077],[26.845365136947557,61.18294001745231],[26.84538797669957,61.18294307797965],[26.845409592146147,61.182945517646054],[26.845424126346522,61.18294715919254],[26.845438383408837,61.182948432336424],[26.845460744860823,61.182950432939556],[26.84549753382328,61.182953078433556],[26.84553432542746,61.18295518525979],[26.84566442009821,61.182959903188426],[26.845756789772775,61.18296324934338],[26.84583269843655,61.18296728593808],[26.84597968672414,61.18297795703599],[26.846380186198544,61.18301772508967],[26.846408364861155,61.18302045034775],[26.84651132264356,61.183030092368554],[26.846773187728715,61.183054619597215],[26.846787667089725,61.18305609035934],[26.846794618660727,61.183056798480955],[26.846942394846554,61.18307387948728],[26.84694282234118,61.183073924858725],[26.84669299835429,61.18306656793121],[26.84633741403068,61.18305609206371],[26.844888929140655,61.183022489582285],[26.84398956853548,61.183001607085174],[26.843871514474742,61.18299887651621],[26.83930689974992,61.18289271900223],[26.837689132402584,61.182855050007035],[26.837589487543582,61.18285272206019],[26.837442874498286,61.18284928729391],[26.837377814199872,61.182847799704746],[26.83733499227653,61.182846823586495],[26.837320266107383,61.18284643781646],[26.837125662113664,61.182841903650825],[26.836812856674843,61.182834614350796],[26.831027038193113,61.18268824065159],[26.832065709035128,61.181998394387584],[26.832761136656664,61.18167786269129],[26.833074092124548,61.18153485715865],[26.828627909516417,61.179723802328766],[26.829338847478,61.17942058080339],[26.830169065225185,61.179066511891634],[26.8306113601939,61.17846322643207],[26.831137285856066,61.17774582063818],[26.83122340599611,61.17768731264709],[26.831246165691752,61.17767307545792],[26.831251107994824,61.17767024466583],[26.831270038115466,61.17765936933487],[26.83129515336985,61.177646203417034],[26.83130236722045,61.17764277394733],[26.831321697384308,61.177633577935346],[26.831329468586507,61.17763022995753],[26.83133518981379,61.17762776821767],[26.83136358733899,61.17761622235874],[26.831380018302873,61.17761025469695],[26.831393375479763,61.17760539644018],[26.831424125640467,61.177595469481474],[26.831424237389843,61.177595433709776],[26.831456099034412,61.177586271230865],[26.83148886812106,61.17757778320021],[26.83150122944659,61.17757487185249],[26.831522265996725,61.17756992438208],[26.831542815340576,61.177565685539896],[26.83155644044855,61.1775628745136],[26.831591224621135,61.17755654360986],[26.83159967346804,61.17755511768476],[26.831635085474556,61.17754959554243],[26.831670809719657,61.17754479199415],[26.831685284195316,61.17754308626637],[26.831706995905893,61.17754052767181],[26.831779991273123,61.17753371451066],[26.83179885213375,61.177532301504776],[26.83181663412594,61.177530976933504],[26.83183322526222,61.17752982145736],[26.831849146144357,61.17752883572318],[26.831870033052017,61.17752753295503],[26.831907004779538,61.17752588206217],[26.831944102878946,61.1775249405535],[26.83198136258003,61.177525076557906],[26.83201829665038,61.17752700768613],[26.83204165427476,61.17752960427324],[26.83205821086169,61.177531447275065],[26.832093244576246,61.1775376045183],[26.83210507327224,61.1775404381766],[26.832105351831785,61.17754050136576],[26.832126390969997,61.177545536995744],[26.832146143051663,61.177551352086354],[26.832158265379082,61.17755491329677],[26.832219850795738,61.17757492007284],[26.83221992540599,61.17757487527684],[26.832248258163947,61.17755795151632],[26.832266649251682,61.17754696764631],[26.83226670517349,61.17754694078248],[26.832292718867297,61.177532554826755],[26.832318297463686,61.17751956884698],[26.832318371978317,61.177519542006145],[26.832345285762347,61.1775072130456],[26.83235721095169,61.17750237985436],[26.83237573231671,61.177494861518994],[26.832406001457592,61.177484404058504],[26.83256438329673,61.17743756583324],[26.832583752087064,61.17743151188042],[26.83258391970828,61.17743145822153],[26.832595578202646,61.177427818712374],[26.83262569851137,61.17741735204116],[26.832630393424093,61.17741556230502],[26.832630467938227,61.17741553546404],[26.8326389091467,61.17741202664069],[26.832658642494067,61.177403836437534],[26.832667421887695,61.177399663681186],[26.8326850179012,61.17739130923513],[26.832694844764667,61.17738595271593],[26.832712633778012,61.17737626082891],[26.832733134906707,61.177363519874504],[26.832735410743016,61.17736210421013],[26.832735466711654,61.1773620683685],[26.832756164828698,61.17734723585214],[26.83277389083724,61.17733187895696],[26.832776449792572,61.17732966462709],[26.832791726620954,61.177313344092745],[26.83280464495627,61.17729649096151],[26.832806782499823,61.17729310003347],[26.832815389398327,61.17727935683718],[26.832820310085005,61.17727003509138],[26.832824235419565,61.177262588453964],[26.832832174236795,61.17724509175755],[26.83283396578335,61.17724032681544],[26.832838831097373,61.177227413924626],[26.832844093924276,61.1772096535716],[26.83284582853694,61.17720159374682],[26.832847791203513,61.177192600523725],[26.83285477535728,61.17708498459473],[26.832856747777683,61.17706712142554],[26.832857435787496,61.17706359404239],[26.832860282403953,61.17704917938491],[26.832865696590755,61.17703091646676],[26.832865715420954,61.17703087160155],[26.832873133753907,61.17701333834914],[26.83287317122418,61.17701328452923],[26.832876643972625,61.177007031364425],[26.83288276340934,61.1769960322671],[26.83288280092712,61.17699596946958],[26.8328958992441,61.1769766925747],[26.83290928177257,61.17695992080472],[26.832909319100228,61.17695989391769],[26.832924242707083,61.17694351906582],[26.832924280082207,61.176943483201164],[26.83294267186215,61.17692522731054],[26.832959972621243,61.17690935813746],[26.83296000999629,61.176909322272785],[26.832978369325208,61.17689367884516],[26.83299786064332,61.176878440806895],[26.833002676125577,61.17687492748996],[26.833004617249188,61.17687351140833],[26.83302583475008,61.176858823133486],[26.83304538629665,61.176846251536666],[26.83304814738531,61.17684447735754],[26.833095890296338,61.17681689389248],[26.833106555992867,61.17681108051471],[26.833157563534904,61.176784928503515],[26.83318425434623,61.17677239261417],[26.833215785812783,61.17675860580405],[26.833273208103748,61.1767358821486],[26.833289676997726,61.176729618037946],[26.833299405945933,61.176725141167815],[26.83335262042836,61.176699988323065],[26.833367628161497,61.17669226801917],[26.83337646503033,61.17668771822442],[26.833376539589466,61.17668768240539],[26.83339897361304,61.17667494372744],[26.83344870885072,61.1766466982395],[26.833452289905605,61.17664455697517],[26.83345240179137,61.17664449426889],[26.833462361563665,61.176638545329624],[26.833491518737784,61.17662013202503],[26.8335075990386,61.17660997109239],[26.83352835231333,61.17659509363645],[26.833537668280062,61.176587824179784],[26.83354201823395,61.176584426981414],[26.833542055560628,61.1765844000942],[26.833551520591072,61.176577067975906],[26.833561676420178,61.1765691890668],[26.833583524697833,61.176554672055616],[26.833585687511675,61.17655351659103],[26.833585780709893,61.176553471817115],[26.833608471676854,61.17654133492535],[26.833628213546366,61.17653137598596],[26.833634216259856,61.17652834890022],[26.83366137005419,61.17651608281616],[26.833690377336804,61.176504905303204],[26.833695201254034,61.17650329524237],[26.833697603916335,61.17650249020047],[26.833709205736966,61.176498931325],[26.833729113145054,61.17649283298112],[26.833744788514654,61.17648892897356],[26.833762046352025,61.17648462291048],[26.833780790150225,61.176480587999635],[26.83379605326397,61.176477293963124],[26.83381661838886,61.17647339594777],[26.833830837162314,61.17647070213122],[26.83385912232677,61.17646600558889],[26.833901177857967,61.17645902764054],[26.833922314313757,61.17645608194503],[26.833936901469514,61.17645404394049],[26.83395057576091,61.17645235494512],[26.833972938306374,61.17644959927644],[26.8339948333511,61.176447354759404],[26.83400926883419,61.17644587317802],[26.834045930192715,61.176442874668176],[26.834082884397972,61.17644075632087],[26.834101350292457,61.176440060726144],[26.834117694545576,61.17643976652645],[26.834138464229383,61.17643938796756],[26.834159081732757,61.17643966459049],[26.834175572036138,61.17643988229102],[26.83419272921018,61.17644056764586],[26.834192840716653,61.1764405767601],[26.834212656067248,61.176441364121196],[26.83423113065481,61.17644255383453],[26.834254137799302,61.17644450321827],[26.834267741403924,61.17644565105466],[26.83430403138097,61.17644964564148],[26.834375693278105,61.17645898031691],[26.834385391384835,61.17646033882992],[26.834568934728384,61.17644629759673],[26.834583349898924,61.1764451391262],[26.834656147966776,61.1764398952714],[26.83476720490725,61.17643190599724],[26.834788070686482,61.176430925950676],[26.834802743644524,61.17643024358887],[26.834855257957237,61.1764284402731],[26.83491407616641,61.17642642915653],[26.834950717463805,61.17642369073044],[26.834970009646142,61.176421415950735],[26.834986920515817,61.17641942555307],[26.83499866259593,61.17641745578933],[26.835008692686284,61.1764157712251],[26.835026767010465,61.1764117263487],[26.83504223527314,61.17640827980103],[26.835073910389525,61.176398802024956],[26.835076723163382,61.17639778199344],[26.835079871206922,61.17639664566014],[26.83511865797365,61.17638180787438],[26.835138070029306,61.17637437104465],[26.83514386299212,61.17637231322729],[26.835143956093862,61.17637228640755],[26.835175074642155,61.17636256553271],[26.83520798926094,61.17635425633352],[26.8352233461098,61.17635077371886],[26.8352574993096,61.17634382164584],[26.835270191514393,61.176341475951276],[26.835292300458928,61.176337400035926],[26.83530030245937,61.17633600026975],[26.83530811834976,61.17633463618759],[26.83534446422304,61.17632791120121],[26.835377534671508,61.17632179270679],[26.835394435433734,61.17631815932861],[26.835408265017406,61.17631518656515],[26.835441179525535,61.17630687730917],[26.8354730021758,61.17629758815059],[26.835481383485273,61.176294752404026],[26.83550077222681,61.17628819530771],[26.835516178587476,61.176282333631995],[26.835529945558235,61.176277098402046],[26.835553554715773,61.176266973302454],[26.835557710072056,61.17626519178741],[26.83558438085281,61.17625266437867],[26.835610124388353,61.17623967797698],[26.835730882497767,61.176171513250125],[26.835730957099702,61.17617146845218],[26.835731441848868,61.17617120868711],[26.835738881395105,61.17616712388334],[26.835777361298362,61.17614682710078],[26.835789125262608,61.1761406198251],[26.835841538298443,61.17611527649955],[26.83585786238274,61.176108096176755],[26.835859241369278,61.176107487365044],[26.835896455067015,61.17609111226488],[26.835924233579835,61.176080031539556],[26.835953875195653,61.1760681989392],[26.835960246081502,61.17606581859007],[26.835962481510908,61.176064977394724],[26.83596257461105,61.17606495057439],[26.835992451553782,61.176054339216556],[26.836009044475926,61.17604908042693],[26.83602349576561,61.176044501346816],[26.836027107608444,61.17604354510684],[26.836031966795495,61.17604226718009],[26.836065342859605,61.17603449699271],[26.836078312455747,61.1760324029336],[26.836100604577066,61.17602879394798],[26.836110166423193,61.17602773717395],[26.836146954493458,61.17602526793283],[26.83616675499961,61.17602529188663],[26.83618406417448,61.17602531282416],[26.83622114781388,61.17602679410435],[26.836238433276467,61.17602780255224],[26.836263413558324,61.176029260207805],[26.83633680509116,61.176034825307404],[26.836373264978096,61.1760382808841],[26.836413937823906,61.17604317797025],[26.836431103890757,61.176045703479026],[26.836449607564223,61.17604842811011],[26.836484473674915,61.1760544852625],[26.836592530219093,61.17607625191441],[26.836694189894622,61.176098271119805],[26.83672733496086,61.17610639100311],[26.836764373242914,61.17611667021644],[26.836795632194487,61.17612640379396],[26.836825641320303,61.17613694385061],[26.8368546990689,61.176148102215144],[26.836872973097577,61.176155710375205],[26.8368828244041,61.17615980708957],[26.836912651471533,61.17617321079077],[26.836964483865675,61.17619894939035],[26.836992810750917,61.17621484706576],[26.83701298065897,61.1762261742524],[26.837013036250067,61.176226210230084],[26.837024971736877,61.176233559366],[26.83703800069158,61.176241583143344],[26.83706423486126,61.17625950724358],[26.837166707684823,61.176329530780286],[26.837182238748106,61.17633909273683],[26.837212578120244,61.17635776689134],[26.837220568229018,61.17636226533986],[26.837225388324505,61.17636496443999],[26.837385135336962,61.176440470180054],[26.837408427322043,61.176452133230285],[26.837436670662303,61.176466289039716],[26.837453059199476,61.17647544799808],[26.837461809715542,61.17648032440781],[26.83748505237633,61.1764943574957],[26.83750398834035,61.17650708364738],[26.83752905717544,61.17652393791319],[26.837635292766464,61.17660741418389],[26.837743121454896,61.17669214017715],[26.83777341172196,61.17671326505485],[26.83777381927959,61.17671355282912],[26.837785398135814,61.17672162866286],[26.837791790851966,61.17672585583336],[26.837911360525204,61.17679448977721],[26.837974842723295,61.17682934530489],[26.838034060754033,61.17686186150399],[26.83807585950524,61.17688675274942],[26.838076137564602,61.1768869146803],[26.838080882752624,61.176889748325436],[26.83810289750106,61.176904049168584],[26.838116773196795,61.176913842457836],[26.838123794461257,61.1769187885789],[26.838123868509307,61.176918851511225],[26.838129090624005,61.17692295157886],[26.838143275599336,61.17693407393296],[26.838160373456404,61.17695002976299],[26.838160410411497,61.17695007469562],[26.838168821722082,61.17695951131981],[26.838180764398956,61.17697644853309],[26.838180801400117,61.176976484488044],[26.838189785796857,61.176993822161926],[26.838196890510133,61.177011516697114],[26.83819800773096,61.177014821821345],[26.838200278668545,61.1770215667787],[26.83820874115387,61.177053681103594],[26.838219027183527,61.17709277327027],[26.838230932581283,61.17718233095848],[26.838230932397316,61.17718236686902],[26.838236760336905,61.17732590911529],[26.83823715675674,61.17733563242538],[26.838237190171164,61.177336368635764],[26.8382371899872,61.17733640454631],[26.83823841378646,61.17735883227378],[26.838248078768565,61.177533711230424],[26.838248216488992,61.1775394930261],[26.838248321990264,61.177544305192995],[26.838249075923347,61.177567719904225],[26.83825061293101,61.17761612045661],[26.83825149039892,61.17762993816655],[26.838253069879567,61.17764100954224],[26.838256624968167,61.177665675496954],[26.83825664328524,61.177665729384955],[26.838261237533413,61.177683537626734],[26.838268659442175,61.17770105298121],[26.838276566461715,61.17771460975409],[26.838289476548848,61.177731503222304],[26.838298095985273,61.17774028471445],[26.838298188536708,61.17774036562413],[26.838305365214065,61.17774768203017],[26.838318138883032,61.177758542326394],[26.8383237667153,61.17776332517448],[26.838335769876146,61.17777215559178],[26.838344179502375,61.17777834227868],[26.83836571019064,61.1777929118295],[26.83836578433313,61.177792956806414],[26.83838833931462,61.17780720437923],[26.838391342433205,61.17780895861174],[26.8383961435672,61.177811792312056],[26.838444234425292,61.177839132877594],[26.838495455851007,61.17786513948343],[26.838522464568474,61.17787746214149],[26.838532501684952,61.177881729531784],[26.838550442352798,61.177889355020305],[26.838558662582983,61.17789259678645],[26.838559219229264,61.17789282189213],[26.838559330558525,61.177892866913275],[26.838588446957083,61.17790389928338],[26.83858855833231,61.17790393532686],[26.838648879586593,61.17792483543674],[26.838703269499625,61.17794212840337],[26.83871093604575,61.17794457048659],[26.838715075579003,61.17794589513615],[26.838738910589083,61.1779534827301],[26.8388319115774,61.17798313002092],[26.83884524251166,61.177986862646065],[26.838864124931305,61.177992146036985],[26.83889710474677,61.178000354965135],[26.838927749621963,61.17800703490159],[26.838944022332207,61.178009980979],[26.838962635636467,61.178013351788664],[26.83897746252439,61.17801542530723],[26.83899830939984,61.17801833192768],[26.839018212694256,61.17802032169928],[26.83903460361489,61.17802196614161],[26.839048637410315,61.1780227818336],[26.83906637024741,61.178023799428594],[26.839103479080336,61.178024471955155],[26.839125514726103,61.178023968447],[26.839140595689724,61.178023618273905],[26.83917738584978,61.17802114821119],[26.839208564971738,61.1780178634854],[26.839244123543995,61.17801260885933],[26.83938375475286,61.17798791530072],[26.839393597761386,61.177986508498364],[26.839406157382513,61.17798470989823],[26.839442489494346,61.17798089256729],[26.839479298174304,61.177978422444525],[26.839524951451605,61.17797709398006],[26.839553514950467,61.17797626596214],[26.839571440140872,61.17797601786499],[26.839595315603397,61.177975687035705],[26.839634974574437,61.17797578786486],[26.839669687852062,61.17797586487253],[26.83968536016761,61.17797622457613],[26.839706777137113,61.177976716764434],[26.83974372989313,61.17797882536085],[26.839784873324817,61.177983183326305],[26.83982007916666,61.17798879113345],[26.83985416168941,61.177995923810016],[26.839865637938324,61.17799876535058],[26.839887309105283,61.17800413269504],[26.839901866641465,61.17800800133139],[26.83991982209404,61.17801278970641],[26.839931872241173,61.17801612569246],[26.839995180477157,61.17803486510893],[26.84002597612882,61.17804486671903],[26.840055819907683,61.17805558541296],[26.8400590487623,61.17805684610213],[26.84006645290797,61.178059727705296],[26.840084487923104,61.17806717354772],[26.84008467344621,61.178067254565946],[26.840094562997677,61.17807134211213],[26.840112463918555,61.178079568851274],[26.840121516418023,61.17808372722882],[26.84012159065461,61.178083754249535],[26.84017281431367,61.17810967044438],[26.840172907007293,61.178109724419876],[26.840173760025014,61.17811017431084],[26.84018451530578,61.17811587885565],[26.840233073916394,61.17814303978127],[26.840244733294906,61.17815012795154],[26.84025617028596,61.17815707221551],[26.840278167401255,61.178171552233785],[26.8402855601961,61.178176687210886],[26.840288005928834,61.17817838687777],[26.840292580718735,61.17818190254783],[26.840307805476805,61.17819357353702],[26.840319821230302,61.17820373248981],[26.840326190090643,61.178209126610426],[26.840342991793488,61.17822517158815],[26.840343028753168,61.178225216520154],[26.84034987287792,61.1782322271835],[26.84036451532706,61.178248754408315],[26.84037519206729,61.17826265547327],[26.840377427203336,61.178265557900275],[26.840379105220055,61.17826832500539],[26.840387826721063,61.17828280731458],[26.84039154400691,61.178290442728944],[26.840391562373377,61.17829048763901],[26.840398185455836,61.178308127620404],[26.840400348969425,61.17831784402679],[26.84040216710553,61.1783259979087],[26.840404903047716,61.17834385775132],[26.840405493034467,61.178348526843585],[26.840407380650838,61.178372364825776],[26.840407397928377,61.17837262519904],[26.840409758076746,61.17840229923416],[26.84041005102415,61.17840687819948],[26.840410320124782,61.178408817696855],[26.84041066006,61.17841145753723],[26.84041919838603,61.178469553229284],[26.840423818201266,61.178500962619566],[26.840435076174995,61.178627992189405],[26.84043375912032,61.178671532416],[26.840433382735096,61.17868346331751],[26.840430575419344,61.17870547329662],[26.840430459003215,61.17870643377191],[26.84042426313919,61.178755085530966],[26.840422011967423,61.17876638578544],[26.840419615130163,61.17877707538559],[26.840417998417223,61.178784246651915],[26.840414556339432,61.17879572505678],[26.84041449956022,61.17879592249897],[26.84040733195435,61.17881977674301],[26.840404037903003,61.1788277181137],[26.84040004730728,61.17883735544621],[26.840391331799843,61.17885476188673],[26.840391312933864,61.178854815730645],[26.840384879294938,61.17886588661346],[26.84037352500736,61.178882984701744],[26.840373506232105,61.17888302059036],[26.840360424350145,61.178899793444764],[26.840345781988084,61.178916286150226],[26.84032943075714,61.17893242670979],[26.840319084424014,61.178941392198254],[26.840311390020833,61.178948062524995],[26.840311333967172,61.17894811632503],[26.840289026841436,61.178965407978964],[26.84028895219394,61.178965461757066],[26.8402678108009,61.17898019614164],[26.84025762503907,61.17898681863874],[26.840245648320185,61.178994615099505],[26.840222335457693,61.179008547901645],[26.840222260855413,61.1790085927021],[26.840198076108607,61.17902212047566],[26.840043390780913,61.17909972055293],[26.84004331622363,61.179099756375635],[26.839760601817346,61.17924501332922],[26.839760527213855,61.179245058129396],[26.839743025371437,61.17925334178161],[26.839704447384296,61.179270739773976],[26.839661433828486,61.179290134528536],[26.839519749345378,61.17934822293058],[26.839500300261758,61.17935547181038],[26.839346638351792,61.17941034080401],[26.839261266291775,61.17944081751266],[26.839256852054888,61.179442275636774],[26.839251543749658,61.17944403794091],[26.83875177507303,61.17959962867884],[26.83871008679265,61.179614185736455],[26.838602978574087,61.17965160282866],[26.83860124601287,61.17965224715748],[26.838583230026103,61.179659156461256],[26.838554443832358,61.17967050585738],[26.83855036294051,61.17967221573097],[26.838474146191004,61.17970468692467],[26.838470847578463,61.179706137375845],[26.83846874152017,61.17970709547656],[26.8384188621204,61.17973074604851],[26.838417780991595,61.179731265464525],[26.83836907380628,61.17975838280303],[26.838359622221617,61.17976312071938],[26.83833261584279,61.17977545973771],[26.838309498719703,61.17978720188863],[26.83828974816839,61.17980237753075],[26.838282125664332,61.17980940693514],[26.83808763714813,61.179862124970406],[26.837914356542917,61.17990909545564],[26.83613165520451,61.180392337936105],[26.83642341541701,61.18064898554307],[26.836415978292628,61.18068471672324],[26.836413733873897,61.180694409911816],[26.836410517431894,61.18071226264152],[26.836409476065615,61.18073021675261],[26.83641109794178,61.18074736608861],[26.836415561151814,61.18076522809321],[26.836422033957,61.18078283217166],[26.836431650692074,61.1808001707159],[26.836433996423143,61.18080322596128],[26.836450667594246,61.180819226370055],[26.836472497043935,61.1808337875973],[26.836476872875764,61.18083621685491],[26.836503119048952,61.18084890707322],[26.83652919742457,61.18086168686074],[26.836554175981316,61.18087499499944],[26.836561277279408,61.180878971704715],[26.83657041816137,61.180884082058775],[26.83659304961478,61.18089819534983],[26.836599786515453,61.18090431727997],[26.83660582011118,61.18090980094579],[26.83660585697577,61.18090986383406],[26.83662182112615,61.18092597110079],[26.836636723617183,61.18094241823708],[26.836641304639365,61.18094832210053],[26.836652075267114,61.18096550042188],[26.836655928538413,61.18097189717975],[26.836667668952476,61.18098852903058],[26.836601324666304,61.181013119688494],[26.83653384375216,61.18103813987103],[26.83461962867872,61.181747935063264],[26.835177094657176,61.182034589674416],[26.8369356836928,61.181488190713274],[26.83794619423028,61.18150961222203],[26.838139113489333,61.181376910340454],[26.838537085233938,61.18109784720129],[26.83859084098853,61.181123847797316],[26.838598145301063,61.181124547782915],[26.83860305200242,61.18112502046919],[26.83862121429885,61.181126029654614],[26.83863999023247,61.18112703956861],[26.838654903080318,61.181127129154746],[26.838677104996982,61.18112726333157],[26.83868398538787,61.1811272266376],[26.838684078408892,61.18112721777072],[26.838688690114225,61.18112719632993],[26.838703214851606,61.181126818608995],[26.838725792291687,61.18112624398805],[26.838762748411696,61.18112476177879],[26.838783711244773,61.18112356576599],[26.838783953026,61.18112355707611],[26.838799726286076,61.18112266012518],[26.8388999652242,61.18111319121754],[26.839018547670047,61.181102002367595],[26.839029859527795,61.181100821779296],[26.83903892019787,61.18109987193467],[26.839090512772184,61.18109432218245],[26.8391477986028,61.18108815073394],[26.839182570965196,61.181084600949696],[26.83921875836885,61.181080693728894],[26.83925480061445,61.181076077089216],[26.839270453681532,61.18107321382825],[26.839289438357905,61.18106974403601],[26.839306964626193,61.18106418968839],[26.83932048647736,61.18105990541926],[26.839330702802556,61.181054755370276],[26.83933109430243,61.18105455832564],[26.839346064588284,61.18104700789539],[26.839361484887775,61.18103506791002],[26.839366189457923,61.1810314105946],[26.83938022013699,61.18101482749683],[26.839382920875995,61.181010296969355],[26.83938299589524,61.18101017137075],[26.839390629351822,61.18099734233517],[26.839407821633586,61.1809587317483],[26.83942215475446,61.18092654579086],[26.83943258159865,61.18090924020033],[26.83947230148747,61.18085785413155],[26.839472320264907,61.18085781824305],[26.839500493230865,61.18082458931186],[26.839515749683695,61.180808268004945],[26.839533686970842,61.1807913214345],[26.839552490576484,61.180775875160975],[26.83955256522953,61.18077582138329],[26.839573151045183,61.18076094281208],[26.839580725993457,61.18075594223625],[26.839595148176777,61.1807464339941],[26.839604884356948,61.18074060105173],[26.839604940323802,61.18074056520727],[26.839628941104447,61.180726956524815],[26.839629052946833,61.180726902791136],[26.839654500954243,61.18071391527782],[26.83968180472638,61.18070165714853],[26.8396937300009,61.18069682331369],[26.839723221181135,61.18068589646208],[26.839723295696942,61.18068586961723],[26.839753953998255,61.180675797019966],[26.839816679097776,61.18065656919401],[26.8398398850504,61.180649324711915],[26.83990105441462,61.180628847109304],[26.839970731926037,61.18060265176933],[26.84001838829902,61.18058473474299],[26.840021853647933,61.18058341013879],[26.84002498356397,61.18058222878125],[26.84013920228592,61.18053631709423],[26.840153665803985,61.18052960987864],[26.84016602320912,61.18052386976609],[26.840191768346724,61.180510882502354],[26.840193166627575,61.18051015695971],[26.840197585332774,61.180507836952906],[26.840205697503812,61.18050320506092],[26.840221604775486,61.1804941294328],[26.84024445468756,61.180480034488596],[26.84024454793337,61.18047998073248],[26.840326500014765,61.180420169282435],[26.840326574665635,61.180420115504305],[26.8403419746946,61.180408372891954],[26.840398574057737,61.180364817029954],[26.840460493580935,61.18031713767609],[26.840648004387308,61.180191437413065],[26.841223758339392,61.18016364532053],[26.841286328309828,61.180160100646255],[26.841956827405312,61.18012719141337],[26.84198554154161,61.18010035470674],[26.84208259378491,61.18000965862123],[26.841393783648705,61.17973865241931],[26.841382277965455,61.179734114192755],[26.84146216740839,61.179695442084025],[26.841510101774627,61.17966985791496],[26.841510194925757,61.1796698221132],[26.84151222538607,61.179669088318974],[26.84165953523442,61.1796159960063],[26.84170580698294,61.17959931568746],[26.841897357282136,61.179530276578284],[26.84190725047916,61.179526346922444],[26.84204969193341,61.179468616017544],[26.842062639187468,61.179463756232636],[26.84207903280296,61.179457607678174],[26.842109300660702,61.17944713907414],[26.842140346261232,61.17943730878543],[26.842157663311415,61.1794324091959],[26.84217704716585,61.179426937440596],[26.842210278386155,61.179418797487315],[26.842244119065473,61.179411484182715],[26.842283128059407,61.17940433848628],[26.842313706235057,61.17939872712542],[26.842323885680155,61.17939703321595],[26.842360246131076,61.179391518352624],[26.8423948574329,61.17938626179712],[26.84246662066176,61.179377098267274],[26.84247711350245,61.17937594337185],[26.84254996343337,61.17936884592925],[26.842577474834712,61.17936669633012],[26.842623401627428,61.179363095783636],[26.842631232250092,61.179362593153975],[26.842644103276907,61.179361809093855],[26.842658276330084,61.179360936768155],[26.842710950398985,61.17935781086957],[26.842747923259942,61.17935624679469],[26.842747979086624,61.17935623788181],[26.84280570011147,61.17935524551712],[26.842859423067274,61.179354320310814],[26.842896451788146,61.179352738304885],[26.842903129219227,61.17935230614342],[26.84293966420404,61.17934905370362],[26.842974193888285,61.17934522435738],[26.842998100625536,61.179361241327605],[26.843631822184527,61.17978604432173],[26.843778962637643,61.17958994398171],[26.844047109931648,61.17922857800098],[26.844121541579614,61.17927382143575],[26.844149206214972,61.17928579359159],[26.844159354995877,61.179290285133625],[26.844200835703866,61.17930966180906],[26.84420089139716,61.1793096798285],[26.844292906113118,61.1793526451053],[26.844309010947452,61.17935971110065],[26.844320403093906,61.179364706810034],[26.84432931714764,61.17936696147661],[26.8443951319903,61.17938373559641],[26.844403433337195,61.1793858100005],[26.84450372577868,61.17940932102276],[26.84450383721019,61.17940934808371],[26.844511340796267,61.17941106245795],[26.844622377528275,61.17943524109686],[26.844685288766335,61.179441328300186],[26.84471158869725,61.179443522077605],[26.84472909947549,61.179444520720224],[26.844748524911886,61.17944562928751],[26.8447856129731,61.17944710822341],[26.844795001334127,61.179447451156044],[26.844800485607294,61.179447654949364],[26.844817075645253,61.17944683005571],[26.844837441244398,61.17944581197622],[26.84485234116322,61.17944459012397],[26.844865492490797,61.179443518887936],[26.84490151177389,61.17943924187242],[26.844916659186133,61.17943684421989],[26.844936923969133,61.17943363545505],[26.844949653930612,61.17943127991965],[26.844954790558013,61.17943033416519],[26.844963501824637,61.17942845882312],[26.844988798005385,61.179423011388565],[26.84502110227743,61.1794141604483],[26.845036934034102,61.17940871115279],[26.84505467347754,61.17940100166131],[26.845064549409514,61.17939671264805],[26.845081480613647,61.17938698224957],[26.84508841714251,61.17938300409146],[26.845096364704915,61.179377608615155],[26.845096476665343,61.17937752794404],[26.845109927820552,61.17936839506683],[26.845121555038958,61.17935961023231],[26.845121610953065,61.17935958336317],[26.84514074535605,61.17934419953554],[26.845163306431708,61.1793239267846],[26.845175969009265,61.17931254857819],[26.845185347375622,61.179303545703085],[26.84518540342162,61.17930349190108],[26.845234802557947,61.179255257392015],[26.845247686889298,61.17924414876277],[26.845247742891083,61.17924410393835],[26.845305850722426,61.179198258439335],[26.84530766185196,61.17919672532384],[26.845309771715222,61.179194941174316],[26.84532693778893,61.17917898050028],[26.84534235777944,61.179162658722944],[26.845356365938912,61.17914606600134],[26.84536658629607,61.17913217123684],[26.845381261875765,61.17911217673219],[26.84540021740413,61.1790839007084],[26.84540027366915,61.179083802018106],[26.845427002467584,61.17904391773907],[26.845438198031907,61.17902830934424],[26.84545899517346,61.179003644442716],[26.84548024112513,61.17897845036656],[26.845485905790493,61.17897217244969],[26.84549993233973,61.17895558871155],[26.8455086264656,61.17893818192039],[26.845508805524233,61.178931987522176],[26.845502477219277,61.178914294264935],[26.845499856488814,61.17890648966748],[26.84550165452772,61.178888626125854],[26.84550327045554,61.17888518053816],[26.845503308038325,61.178885099781894],[26.84550529992523,61.17888081969835],[26.84550955258812,61.17887430674997],[26.845516502815936,61.17886369407635],[26.8455322382079,61.17884746241341],[26.845532275570953,61.17884742654526],[26.84555126071374,61.17883204248863],[26.845592279339442,61.178801475351584],[26.845592316658472,61.17880144846109],[26.84565434081523,61.17875675641889],[26.84566737910568,61.178748314297025],[26.84567663081566,61.17874233672292],[26.84568487285012,61.17873750714144],[26.84570034991643,61.178728448334724],[26.845725460008495,61.17871527974156],[26.845725515920925,61.17871525287218],[26.84575214746649,61.17870274137804],[26.845779743315056,61.17869075168242],[26.845808452171866,61.178679292931605],[26.8458640705086,61.17865930906706],[26.845957611992034,61.17862569530169],[26.84596329305843,61.17862364587296],[26.84597031513785,61.17862113112933],[26.846087484731335,61.17857693251922],[26.846107898250345,61.17856977356694],[26.846117583512502,61.17856637305085],[26.84614879351068,61.17855671260652],[26.846170110824886,61.178551044967236],[26.84618139319295,61.17854804127863],[26.846215103221255,61.1785404485258],[26.846249885099827,61.1785342036341],[26.84626696618142,61.17853170927114],[26.846303149784823,61.1785278001549],[26.84634024903055,61.17852677390466],[26.846381582395725,61.17852682079119],[26.846418519440547,61.178528559462585],[26.84642943033653,61.17852929004906],[26.84644324094716,61.17853020347596],[26.84646485830061,61.178531646457],[26.846480193057328,61.17853266934008],[26.84651713094361,61.178534237409465],[26.846537955239754,61.17853435078274],[26.846575057582765,61.17853268705608],[26.8465826109099,61.17853179784357],[26.846594647889276,61.17853037504788],[26.846620200849113,61.178525448305294],[26.8466335077642,61.1785228778006],[26.847026595711306,61.178852839276765],[26.84707157722956,61.178890587369494],[26.847189540920706,61.17898955583671],[26.847195964072917,61.1789878483456],[26.847301006890735,61.178959696083794],[26.847521778464955,61.17890056639801],[26.84767645585045,61.17885913785204],[26.847645598136967,61.17882279738961],[26.847593792998016,61.178761753696165],[26.84752978602761,61.17868625115241],[26.847526623034486,61.17868667852062],[26.847227609994214,61.17834239749511],[26.847213945491987,61.17832667113254],[26.847251278531186,61.178319540070824],[26.84728476576301,61.17831177622463],[26.84731217580951,61.17830341299205],[26.84733143921041,61.178295606165555],[26.847340623798363,61.17829188180101],[26.84736720468584,61.17827810407859],[26.847393073015095,61.178265564468646],[26.847393427069793,61.178265403269265],[26.847413674443292,61.178257893803334],[26.84742481191932,61.17825404594557],[26.84744395797683,61.178247424025265],[26.847463827171577,61.1782412158902],[26.847506284326364,61.17822794081462],[26.84750634014971,61.17822793189977],[26.847509822175297,61.178226885430995],[26.8475183315531,61.17822436330403],[26.847550300770713,61.17821518818663],[26.847586770809563,61.1782057577737],[26.8475868452695,61.178205739902104],[26.847586901136133,61.1782057220096],[26.84763060156065,61.178192942066794],[26.847651290534962,61.178205641831504],[26.848110733973517,61.178487805778865],[26.848265068702077,61.17848614731923],[26.84852576442833,61.17848329693431],[26.848929433462597,61.178478917789135],[26.849155618197795,61.1781571582896],[26.862036936708083,61.18001979151768],[26.86216333660184,61.180038064097346],[26.86560180616037,61.179196190262395],[26.865881764886925,61.17917690540452],[26.865933024899565,61.17917337405862],[26.865979640883804,61.17916878770965],[26.86604219860471,61.17916261908529],[26.8661501203718,61.17914890913004],[26.866170344486143,61.17914596648018],[26.86621972701091,61.179137908419946],[26.866219782830612,61.17913789949742],[26.86627593817834,61.1791287438515],[26.866320098317654,61.17912007909398],[26.8663792018074,61.17910847540832],[26.866480115311496,61.17908550228803],[26.866684824601577,61.17903058995656],[26.866837485886123,61.178989631335355],[26.866845323338953,61.17898739462054],[26.867097868146548,61.17891161966643],[26.867188959766146,61.178880565445674],[26.86718907151735,61.17888052066687],[26.867247771245577,61.17885862778488],[26.867247882996615,61.17885858300601],[26.867248981837758,61.17885815315435],[26.867264067545005,61.17885226960347],[26.867348296511445,61.178817078816934],[26.867376466362384,61.17880372965967],[26.867507515337284,61.17874166054807],[26.8675246383076,61.178733238277474],[26.86752665056445,61.17873225270076],[26.86752670649604,61.17873221684476],[26.86776011425846,61.178616596946334],[26.86781128706655,61.17859365505982],[26.86784181933186,61.178579966959376],[26.86792714206906,61.17854522576366],[26.868016210789374,61.178512813383776],[26.86801777478366,61.17851230318002],[26.868021386916382,61.17851111266834],[26.868083312173834,61.178491251522686],[26.868276407667842,61.17843748359415],[26.8682765007101,61.17843746572928],[26.868360839240736,61.17841559729699],[26.868636730282777,61.178344043716],[26.86870052682411,61.17832561155431],[26.868711194433125,61.17832235401949],[26.8687116040106,61.178322228728995],[26.86872247640601,61.17831890854804],[26.868814028098555,61.178288203809295],[26.868832054613595,61.178281452097],[26.86887283771886,61.17826617566385],[26.868929458048072,61.17824298725339],[26.868929532570554,61.17824295141479],[26.868983871310924,61.17821844105454],[26.869006415736234,61.178207258714934],[26.86903564903981,61.17819273416452],[26.869060117922068,61.17817929130125],[26.869070630128437,61.17817313379699],[26.869083826318747,61.17816539881443],[26.869092196600704,61.178160128028466],[26.869092271160042,61.17816008321214],[26.869106439141035,61.17815115513507],[26.86912793787074,61.178136542290524],[26.86914821128379,61.178121479374724],[26.86916720322926,61.178106056110714],[26.869184802111562,61.178090281369045],[26.86918483944686,61.17809024549438],[26.869201156752638,61.178074137338555],[26.869201175457466,61.17807411042358],[26.86920309922775,61.17807202048177],[26.869208385067257,61.178066243959734],[26.86921421416217,61.17805948939492],[26.869222714842103,61.17804965806486],[26.869231931652024,61.17803751118405],[26.869235464957715,61.17803288211202],[26.869247119509353,61.17801575497077],[26.86925721262724,61.17799852756668],[26.869266042139632,61.17798111938856],[26.86927347785894,61.17796353928855],[26.869276413445014,61.17795507616873],[26.86927965001398,61.177945769437294],[26.869284427451152,61.177928052105756],[26.869284427674142,61.177927998239895],[26.86929489461045,61.17785638440139],[26.869298705386637,61.177730808273665],[26.869298448388687,61.17771653351231],[26.86928558052479,61.17750128118027],[26.869285562117675,61.17750123627411],[26.86928512952646,61.17749794104747],[26.869280876021143,61.17746546466765],[26.869279808437273,61.177458362291105],[26.869271947254905,61.1774080796859],[26.869263017257246,61.17735099994299],[26.869261845876625,61.17733304344859],[26.869261920178527,61.17731509713426],[26.869263407570383,61.177297143206204],[26.869264458422684,61.17729032118229],[26.869264458868713,61.17729021345057],[26.86926614030579,61.177279280257],[26.86926818471431,61.17727049307977],[26.869270286052224,61.177261427649256],[26.86927216870796,61.177255782504545],[26.869272187672397,61.177255692746016],[26.869276160215374,61.17724374728561],[26.869279147683915,61.177236208916185],[26.86927916642534,61.17723617302356],[26.869287382374004,61.17721871038391],[26.869297308214342,61.1772014020144],[26.8693089620906,61.17718435566443],[26.869308980831963,61.17718431977179],[26.869322195184125,61.17716758914527],[26.869322232555344,61.17716754429288],[26.869336970381646,61.17715108446527],[26.869349963767572,61.177138321758314],[26.86935330549379,61.177135030172515],[26.86935334282778,61.17713499429778],[26.86937107111277,61.17711924658795],[26.869390080901592,61.17710383228579],[26.869390118235497,61.17710379641105],[26.869400541808435,61.177096489651674],[26.869453349570577,61.17705946273521],[26.86955016607482,61.176999953188385],[26.869568079199478,61.17698892789143],[26.869568135125665,61.17698889203457],[26.869665060076077,61.176934535699324],[26.869665116002057,61.176934499842446],[26.86966591729899,61.176934060707104],[26.869670557487414,61.17693148857754],[26.869965692897765,61.17677003033446],[26.870058756094743,61.17671400913761],[26.87007227068133,61.17670550228239],[26.870201923422915,61.17661784281892],[26.870277209824884,61.17656219945143],[26.870344197159138,61.176512688832204],[26.870358016468202,61.17650237772579],[26.870358016578773,61.17650235079289],[26.870362809822506,61.176444350572396],[26.87036691778706,61.176394761784216],[26.870366917934472,61.17639472587362],[26.870366135553365,61.176358859281436],[26.87036593874115,61.176356982757326],[26.8703643128532,61.176340902170864],[26.870362526563266,61.17633219210858],[26.87036064915594,61.176323033074894],[26.87035683312958,61.176310568398094],[26.87035523702036,61.17630535083642],[26.87034779800847,61.17628774745649],[26.870345675791196,61.17628387604348],[26.870338312720463,61.176270420425276],[26.870326948931538,61.17625326217076],[26.870320107058,61.17624418815991],[26.87030576595992,61.17622765549056],[26.87029563793063,61.17621744714342],[26.870289712886027,61.17621148926502],[26.870278004755058,61.17620122553716],[26.870271761621787,61.17619576112583],[26.870268518432468,61.17619321733494],[26.870252265383172,61.17618048038832],[26.870240326054486,61.17617219152593],[26.870231037844402,61.17616574562776],[26.870161396717723,61.17612376207914],[26.870037532044392,61.176056858289655],[26.870037439268767,61.17605681331216],[26.87003283822642,61.176054429810875],[26.869809633587636,61.17593411198305],[26.869740608177977,61.17589185947724],[26.869740552550194,61.175891823513034],[26.86969720435112,61.17586273900736],[26.869680668858866,61.17585096233169],[26.86968061326827,61.17585091738979],[26.869621511608365,61.175805307739694],[26.869567696706632,61.1757581320603],[26.869503003326905,61.175693529170694],[26.869502966328696,61.17569348424663],[26.86949521065875,61.175685172415726],[26.869339679637303,61.17548078014065],[26.86917479429864,61.17526406126033],[26.869121331135062,61.17520417333692],[26.86910125242457,61.17518168278693],[26.869068664911097,61.175149421397926],[26.86905634918693,61.175137918054354],[26.868982724857972,61.175075559672365],[26.868901413268446,61.17501542925198],[26.868745904543403,61.174914746511604],[26.868729844844463,61.17490499913554],[26.868729789219564,61.17490496317089],[26.868722797879297,61.174900718926786],[26.86871858793423,61.17489823700477],[26.868709518915136,61.17489289546832],[26.868564436666198,61.174811165540326],[26.868461656381378,61.17475927348619],[26.868457073153817,61.17475715030087],[26.868405562974765,61.17473327348241],[26.86795205942042,61.17454756854424],[26.867897689366274,61.174523105193344],[26.86788271607761,61.1745159712823],[26.867872381345492,61.17451105040577],[26.8677959868073,61.174471833142],[26.86771732993137,61.17442684097293],[26.8677000999721,61.17441699357607],[26.867700025833344,61.17441693963752],[26.867520412958015,61.17430254095558],[26.867508861964968,61.17429508715381],[26.867389836752857,61.17422099452355],[26.867258277335985,61.17413910584832],[26.867236414850638,61.174125707664956],[26.867236470661183,61.17412569874201],[26.867281687221723,61.17411608307032],[26.86729158649778,61.17411397403708],[26.86733935224348,61.1741038221829],[26.86738721125232,61.17409358960405],[26.86744134101834,61.17408201649326],[26.867448560695788,61.17408049735302],[26.867461678361302,61.174077870751496],[26.867474405314276,61.17407531558781],[26.867482871294783,61.17407362708928],[26.86749031296676,61.174072368516946],[26.867490461806963,61.1740723417295],[26.86750136379636,61.17407051197032],[26.867501475417093,61.17407049412414],[26.867517958629257,61.174067727166815],[26.86755443006463,61.174064261542],[26.867562890428417,61.17406391070824],[26.867599995599154,61.17406448564982],[26.86762346762291,61.17406648368588],[26.867659141418045,61.17407146525618],[26.867670084348973,61.17407317273192],[26.867670158674954,61.17407318178225],[26.867681658920407,61.17407498855613],[26.86778836149413,61.174090615185776],[26.86789663779026,61.174103379384334],[26.867919308950313,61.17410573569532],[26.868139016228863,61.17412381538817],[26.868396916327118,61.1741403068823],[26.86841180355685,61.17414130889365],[26.868595822051223,61.17415360744445],[26.86859857283943,61.17415377171181],[26.868603293745448,61.17415406357819],[26.86861069107609,61.174154519639394],[26.86866530191746,61.17415682600937],[26.868721827336465,61.17415920603472],[26.86879601860928,61.17416053480771],[26.868804105487825,61.1741605875305],[26.86881118845487,61.17416063928028],[26.868845416116457,61.17416025945835],[26.86888555596141,61.174159822507924],[26.868962478507953,61.17415706000904],[26.86896292476529,61.17415704248541],[26.869034287747876,61.17415448105316],[26.869181953815794,61.174146094970055],[26.86925571152362,61.174139881816075],[26.869328064054624,61.174131790929685],[26.869346944626948,61.174129205616744],[26.86934971623628,61.17412883122778],[26.86936390921585,61.174126887783615],[26.86937869847743,61.17412461273867],[26.869399329002064,61.17412144555665],[26.869437226565623,61.17411474883317],[26.86943730100355,61.17411473094953],[26.86947170375421,61.17410795902565],[26.869505551433395,61.174100540164744],[26.869607404766203,61.174075150617654],[26.869607460613054,61.17407513271604],[26.869650214202935,61.17406299115282],[26.86976771662512,61.174029617428026],[26.86998340022321,61.17395945755951],[26.870013393625868,61.17394890165892],[26.870043442854826,61.173938327849896],[26.870068540590182,61.173929284468095],[26.87006861510121,61.173929248628816],[26.87009833187395,61.17391813582746],[26.870156741349433,61.173896277308465],[26.87015679723255,61.17389625042898],[26.870165828385606,61.1738927039236],[26.870166033216538,61.173892623320796],[26.87017390985604,61.173889533570076],[26.87018281116491,61.173885915117616],[26.87020243855183,61.17387797970028],[26.87022156604362,61.173869541050635],[26.870229872547057,61.17386589509204],[26.870236039043228,61.173862749832814],[26.870255451168894,61.17385290195438],[26.870262757118407,61.17384843806573],[26.870264676762154,61.17384727280545],[26.870269429283326,61.17384438654314],[26.87029014483507,61.17382950342622],[26.870310384749637,61.17381273453652],[26.870439428197436,61.17374818279773],[26.870439484116897,61.173748146940504],[26.870440750973863,61.17374749278132],[26.870444048416747,61.17374581710849],[26.870493145750913,61.17371884123191],[26.87050500013319,61.17371136517696],[26.870505149226826,61.1737112755427],[26.87051575478835,61.173704588329095],[26.870517954341718,61.173703162979955],[26.870519054136718,61.17370244581654],[26.87051911005601,61.17370240995928],[26.87052824661651,61.17369580213939],[26.87053976980891,61.173687481862224],[26.87055860971734,61.17367204927221],[26.87057620543125,61.17365627433841],[26.870576261387168,61.173656229503436],[26.870578855458664,61.17365379902946],[26.870578892787144,61.17365376315436],[26.870611112670552,61.17362147426979],[26.870621983027362,61.173609131358305],[26.870640193578406,61.17358847314195],[26.870701425111935,61.17350371043275],[26.870724365427286,61.17346750736702],[26.870734057944595,61.17345221864069],[26.87073815719794,61.17344539951148],[26.87078861629848,61.17336712632427],[26.870805080594014,61.17334155562428],[26.87080511792186,61.17334151974914],[26.870823019588464,61.17332359042973],[26.87082309409721,61.17332355459005],[26.870856883033092,61.17331203253237],[26.870892563863883,61.173315208743404],[26.870924295330518,61.17332493489233],[26.870953772711232,61.1733357990522],[26.87095384696306,61.173335826056004],[26.870980869944418,61.17334680458107],[26.871015568688883,61.17336286280464],[26.871015958355798,61.17336304272949],[26.871033715980737,61.17337125626923],[26.87106132654905,61.17338403985276],[26.87106589079563,61.17338625270921],[26.871067300888214,61.173386936355875],[26.871075241937007,61.173390786365864],[26.871102427192525,61.17340302189713],[26.8711305624171,61.173414809442576],[26.871159927970037,61.17342578118315],[26.87116833812437,61.173428572266864],[26.871168430930506,61.173428608265894],[26.871176191296797,61.173431183266516],[26.871200255878232,61.17343825363964],[26.871207961722636,61.17344052334521],[26.87120801745763,61.17344053237591],[26.871208091746535,61.17344055040195],[26.87124107522452,61.17344875146027],[26.87125703033285,61.17345224099356],[26.871274879996687,61.173456145299404],[26.871284947764448,61.17345819280342],[26.871293473762307,61.1734599336001],[26.871306923401992,61.17346237933473],[26.87132821247528,61.1734662509911],[26.871345806825264,61.17346894305726],[26.871354037318746,61.17347020775202],[26.871363568346954,61.1734716711907],[26.87140002915229,61.17347510836157],[26.87140960193435,61.173475449625826],[26.87142053160769,61.1734758460438],[26.871420587379337,61.17347584609674],[26.87144228445491,61.1734753998553],[26.871457623012834,61.17347508224056],[26.871470454695693,61.17347406198533],[26.871486745316204,61.173472775680686],[26.871503838908637,61.17347061032266],[26.87152260652462,61.173468231086176],[26.8715497159572,61.17346260085913],[26.871561294793086,61.173458796324134],[26.871580394352907,61.1734525031231],[26.871580431607,61.17345248520305],[26.87158931535512,61.17344854344471],[26.87159516336882,61.17344594546051],[26.871595237876978,61.17344590962039],[26.871607051576152,61.17343920551141],[26.87161931242831,61.17343225942776],[26.871619349718852,61.17343223253002],[26.871627534460664,61.17342645865848],[26.87163062942776,61.173424262058965],[26.871630703972293,61.17342421724121],[26.871632307464424,61.17342306063955],[26.87163849750629,61.17341864050725],[26.871650430208536,61.17341009608151],[26.871668247085342,61.173403774719326],[26.871678970685515,61.17339997834152],[26.871696167927055,61.17339974326011],[26.87171559617519,61.17339947437911],[26.87173266615837,61.173403108555455],[26.871749531868595,61.173406688670056],[26.871787064698303,61.17341623157889],[26.87179685417544,61.17341814411608],[26.871809188623768,61.17342053487898],[26.871821467338833,61.17342291661034],[26.871838989567003,61.173425060905295],[26.87185760805571,61.17342734987827],[26.871873777332404,61.17342846943228],[26.87189436991733,61.17342989840998],[26.871917697059242,61.17343089904179],[26.871937252364113,61.17343139335253],[26.87195480011103,61.1734318318962],[26.871992055855507,61.17343178631691],[26.872010296219013,61.1734310494311],[26.872029001417605,61.1734302950267],[26.87204309754698,61.17342919511289],[26.872043209126513,61.17342918624062],[26.872051707724655,61.17342852094368],[26.872051763532593,61.17342851201874],[26.872066810686473,61.17342669478602],[26.872087884113387,61.17342415605104],[26.87212282147029,61.173418173995195],[26.87215659368038,61.1734106915568],[26.872156668115117,61.17341067367172],[26.872168281423633,61.17340751551084],[26.872188939709535,61.1734018970218],[26.872203887578387,61.17339704522209],[26.87221982204701,61.173391871154955],[26.87223447478274,61.173386444501475],[26.872249295082128,61.17338095516069],[26.872308513916977,61.17335601713048],[26.872361345206638,61.17333377533801],[26.872361401050615,61.173333757435266],[26.872368272580047,61.173330882074055],[26.87237598209407,61.1733276573724],[26.872427876187068,61.17330729100725],[26.87246027509506,61.173294564230474],[26.872491389170634,61.17328234796436],[26.872530559039298,61.17326861306705],[26.872532923393834,61.17326778036762],[26.872581513309353,61.173250750532915],[26.87262000758066,61.17323856811391],[26.872674770721414,61.173221220855346],[26.87267879095362,61.17322005753577],[26.872687147815885,61.17321764141681],[26.872766269251006,61.17319447254393],[26.872814252032935,61.173180422647334],[26.872845133593987,61.17317048641398],[26.87284524531695,61.173170441630454],[26.872875218279297,61.17315992098749],[26.87288491827821,61.17315634799553],[26.872891211216096,61.17315401970354],[26.8729083242289,61.17314696134729],[26.872909348396657,61.17314654035714],[26.87291944116928,61.173142375203994],[26.872946558208703,61.173130101216316],[26.872984074237085,61.173111471796915],[26.872998324366645,61.17310439278875],[26.873146422716083,61.17302392094334],[26.873146478631178,61.17302388508494],[26.87314707474638,61.17302358040199],[26.873151284877355,61.17302141174528],[26.873204294076146,61.17299624306435],[26.873269099392065,61.17296859858256],[26.87326926699257,61.17296852691793],[26.873287870534302,61.17296059907279],[26.873403742956015,61.17291448133006],[26.873403780244406,61.17291445443187],[26.873403836087054,61.17291443652871],[26.87342443199075,61.172905693557766],[26.87373865800199,61.17277224628124],[26.873764991072022,61.172760608814315],[26.873986243649455,61.172664771574674],[26.874044260196175,61.17264229155221],[26.874044353289705,61.17264225572802],[26.874104297572185,61.17262116901422],[26.874134229766362,61.17261131240332],[26.874261478201582,61.1725741821858],[26.874344423733774,61.17255168926761],[26.874520661746207,61.17250387591709],[26.8745274364891,61.172501871192196],[26.87453303870711,61.172500206532774],[26.874625828399193,61.172470405747006],[26.874655578093652,61.17245961517239],[26.87465818446424,61.17245866594989],[26.8747744277352,61.1724165065368],[26.874793753339063,61.1724091447466],[26.874800772346827,61.172406475885005],[26.874853651225294,61.17238545412877],[26.874972907692577,61.17233805436022],[26.875003057373092,61.17232477725906],[26.875027787962477,61.172313874237624],[26.875052036263767,61.17230270143606],[26.875052110694256,61.17230268354937],[26.875155302914322,61.17225107621736],[26.875278447573475,61.17218386600727],[26.87529396654763,61.17217535149575],[26.87539369491793,61.17212038313666],[26.875440960021376,61.172094337457814],[26.875468559570088,61.17207708079159],[26.875509054988292,61.172051765033885],[26.875522810784716,61.172042494749434],[26.87552288532049,61.17204244992951],[26.875543745578586,61.17202765591727],[26.87556352902964,61.17201250180486],[26.875563566350497,61.172012465928404],[26.87556587914782,61.17201051989531],[26.875572631004527,61.17200484322272],[26.875582068685652,61.17199690664012],[26.87559888096858,61.17198093282313],[26.87560100889008,61.171978726266644],[26.875606104838596,61.17197340717878],[26.875620261214586,61.171956811459],[26.87563069091358,61.171942429804176],[26.87563254139949,61.171939863884866],[26.875639388832155,61.17192879170629],[26.875653794613175,61.17190549885678],[26.875653813344183,61.171905462963245],[26.875655516487424,61.17190254677847],[26.875658361549856,61.17189761166244],[26.875694542663688,61.17183479208477],[26.875708150281138,61.1718111752998],[26.875708169047357,61.17181113042859],[26.87571075111904,61.171806886351966],[26.87571445598296,61.17180075799127],[26.875714474713842,61.17180072209772],[26.87574895518887,61.171749580916206],[26.875753494590093,61.17174395607062],[26.875775855795386,61.171716127796074],[26.87577957181077,61.17171188475826],[26.875781028289815,61.17171023419965],[26.87578466959269,61.17170608087003],[26.875816733768062,61.1716737098004],[26.875840125035428,61.17165336985155],[26.875852846501918,61.17164232998029],[26.875864855667235,61.17163278872882],[26.87587214694263,61.17162699582559],[26.875890212699424,61.17161363562801],[26.875890250019445,61.17161359975146],[26.875933046558558,61.17158432681417],[26.875933121092668,61.17158428199402],[26.875961370697727,61.171566989911305],[26.875979110491816,61.17155614315597],[26.87597918502579,61.171556098335756],[26.87599079214567,61.1715495103643],[26.876003200367954,61.17154247424093],[26.876010707833075,61.171538423199735],[26.876025312874297,61.17153055416068],[26.8760646143134,61.171510767398495],[26.87606474468579,61.171510704674006],[26.876076758624457,61.17150465572877],[26.87618417716018,61.17145503554593],[26.876189205439037,61.17145270594421],[26.876195462761782,61.17144982982695],[26.87633210997805,61.17138905004501],[26.87633218447598,61.17138901420229],[26.876360411583093,61.17137736898163],[26.876370018712834,61.171373535301925],[26.87637232737261,61.17137262168533],[26.87637242045976,61.171372585859565],[26.876394611776842,61.17136421197776],[26.876430896051716,61.17135051820559],[26.876430951854744,61.17135050927883],[26.8764397564669,61.17134748285389],[26.87646120020864,61.17134012275785],[26.876476685675694,61.17133523506576],[26.87649693589459,61.17132884346576],[26.876520644801083,61.17132217670815],[26.876529056459788,61.17131980529034],[26.876562269914896,61.171311755649185],[26.876577320116226,61.17130883366265],[26.87659672353831,61.171305062761036],[26.876632748539336,61.17130059776236],[26.876639163908422,61.17130007392297],[26.876676106793965,61.171298572386135],[26.876696441533415,61.17129908467576],[26.87671320748302,61.17129950393645],[26.876750282893884,61.17130215019216],[26.876786535199535,61.17130612438667],[26.876786590932372,61.171306133415094],[26.876822262778056,61.171311184394504],[26.876857561799394,61.171316504356206],[26.87685761753226,61.17131651338454],[26.877391856618846,61.17139320972767],[26.877399975974974,61.17139429440119],[26.877792013799606,61.171450391221384],[26.87786188275097,61.17146225991501],[26.877861975628395,61.17146227795416],[26.877898851481557,61.17146853274577],[26.877918726741857,61.17147252778046],[26.877967504780507,61.171482321513984],[26.878000805030982,61.17149025188336],[26.8780078062263,61.171492071683424],[26.87801395314261,61.171493675249124],[26.878014008841443,61.17149369325466],[26.878045854012466,61.171502951000015],[26.878076319705034,61.17151321299688],[26.878093954065527,61.171519854406206],[26.87810564848386,61.17152424604474],[26.878105722702905,61.17152428202228],[26.878112256058518,61.17152690938779],[26.87811234886699,61.17152694538207],[26.87811711893177,61.17152887090057],[26.87811717459608,61.171528897883725],[26.87815846358725,61.17154771636182],[26.878252268606424,61.17159048065599],[26.878262513303394,61.17159481711142],[26.878269435819536,61.17159776801587],[26.87826963999211,61.17159784899858],[26.878280237236133,61.17160235634565],[26.878296070068433,61.17160859211329],[26.878309007343674,61.17161368511077],[26.878324638227916,61.171619265322356],[26.878355588832584,61.171629168584296],[26.878387807032322,61.17163816623103],[26.878488674261,61.171662227201125],[26.87858696812437,61.171683574527115],[26.87865883120993,61.17169917931456],[26.878700328391663,61.171707493918646],[26.87870344901714,61.17170812515194],[26.87876188690975,61.17171983052032],[26.87877869578572,61.17172366108486],[26.878795523255285,61.1717274916639],[26.878806962761832,61.17173053636035],[26.878811364037027,61.1717316984208],[26.878828040456533,61.17173613934342],[26.87885293982118,61.171743774699465],[26.878853255464556,61.17174387373643],[26.878861499544264,61.17174640384141],[26.878861592388667,61.17174643085751],[26.878861629498875,61.17174644884609],[26.878865100750367,61.171747753715835],[26.878890884479357,61.171757463701766],[26.878902535584007,61.171763507127],[26.87891774879766,61.17177140313977],[26.878937060787433,61.17178663758575],[26.87893711641847,61.171786673546244],[26.878938887493305,61.1717902033607],[26.878946580573043,61.17180554412794],[26.878936346384464,61.17182267338457],[26.878920315982402,61.1718388188903],[26.87892027869996,61.17183884579005],[26.87890244674204,61.17185455875384],[26.87890240942514,61.171854594631185],[26.87889612472903,61.17185980504752],[26.87889047903176,61.17186805049336],[26.87888447806326,61.17187683428246],[26.878879241948777,61.1718946143981],[26.87887916562283,61.17191451786267],[26.878879104617074,61.17193042627002],[26.8788791541202,61.17193206025338],[26.87887917157374,61.17193235653268],[26.878879254365835,61.171935005024515],[26.878878168616342,61.17197090582482],[26.878881390478515,61.17198877430403],[26.878886983356555,61.17199915751247],[26.878887241684385,61.17199966049396],[26.878890711863654,61.17200610059914],[26.87889250728408,61.17200813116208],[26.87889282193193,61.17200849055098],[26.878894450802665,61.172010323455844],[26.87890849835465,61.17202166585874],[26.878913446523562,61.17202565637629],[26.878913502189423,61.172025683359124],[26.87891834422476,61.172028264284684],[26.87893849190317,61.172038911878836],[26.8789659957569,61.17205096656393],[26.878980993203097,61.172056995017385],[26.87901021116134,61.17206805470196],[26.879024023523357,61.17207287010411],[26.87904039783487,61.172078585561906],[26.879071964294212,61.17208804032475],[26.879081231467044,61.17209042768675],[26.879081342902396,61.1720904547193],[26.87908838147253,61.17209227449661],[26.879094436711544,61.17209359064519],[26.87910242363509,61.17209533944694],[26.879122168042656,61.17209966636191],[26.879140616326097,61.17210264546422],[26.87915737401042,61.1721053447471],[26.87917615983528,61.172107561042374],[26.8791935149041,61.17210960548262],[26.87921057480513,61.17211105713005],[26.87924750578394,61.172112885602665],[26.87926604049156,61.172112713596746],[26.87928468666891,61.172112559643075],[26.879284761062245,61.1721125507317],[26.879301238138915,61.17211085068003],[26.879301331121994,61.172110841785226],[26.879320932510467,61.172108821318986],[26.879328951211395,61.17210712270391],[26.87933830940251,61.17210515595122],[26.8793523443537,61.172100383348436],[26.879352549115282,61.17210031170939],[26.879361651367084,61.17209721353848],[26.879368575770926,61.172094858575086],[26.87936863167733,61.172094822714115],[26.87939366655236,61.172081683723086],[26.879393722424428,61.17208165683978],[26.879401120478565,61.17207696809788],[26.879403803913373,61.172075264727006],[26.8794038598197,61.17207522886604],[26.879406749318083,61.17207311270504],[26.879406954353584,61.172072969244596],[26.879424272437337,61.17206035305947],[26.87942430975388,61.17206031718194],[26.87943202995821,61.17205402171922],[26.87944327465027,61.17204483857844],[26.879451423335574,61.172038301098446],[26.879460951835956,61.17203066956837],[26.879470573588584,61.17202295732139],[26.879470610836517,61.172022939399184],[26.87948372290304,61.17201154940597],[26.87948530830261,61.17201016825304],[26.879485345619027,61.17201013237552],[26.879499963996516,61.171993725194106],[26.87950586834,61.17198586599379],[26.87951035260447,61.1719799087994],[26.879524275779698,61.171960556315376],[26.87953472284014,61.171946030733444],[26.879534741532513,61.17194600381703],[26.879548728525577,61.17192940753715],[26.879554700835637,61.1719232182449],[26.879588470245356,61.17189120690967],[26.879597037107196,61.171882236839416],[26.87960401751589,61.17187492623035],[26.879604054866235,61.17187488137515],[26.879613955611273,61.17186223163788],[26.879629909111543,61.17182715203949],[26.87964312102113,61.17180903783153],[26.879643176960926,61.17180899299281],[26.87966446218252,61.17179433338964],[26.87968449978326,61.17178510417548],[26.87969127835322,61.17178196800717],[26.879691315600738,61.17178195008486],[26.879711868667336,61.17177404104466],[26.879749437560196,61.171759584422425],[26.879754278703913,61.17175752385303],[26.87978094674114,61.17174498774516],[26.87979173301154,61.17173897329186],[26.87980525771292,61.171731444039054],[26.879827693820367,61.17171718942753],[26.87982774972558,61.17171715356643],[26.879890324261396,61.17167263486188],[26.879890380166444,61.17167259900073],[26.879905700535392,61.171662144604355],[26.879905756440397,61.17166210874317],[26.87991015390303,61.17165939240352],[26.8799144395549,61.171656747786095],[26.87992860090992,61.171647989142315],[26.87999221931243,61.1716124310481],[26.880074336223778,61.171566529055546],[26.880088479586245,61.17155759082525],[26.8800941070564,61.171554049621484],[26.880096920808036,61.17155227453071],[26.88010066709785,61.17154969227358],[26.880109333876188,61.171543720806774],[26.880118261584613,61.171537570016596],[26.880120070039705,61.17153618007595],[26.88012266163528,61.1715341623904],[26.880129188510292,61.17152874564461],[26.880129225791336,61.171528718744554],[26.880141347134426,61.17151865650791],[26.880239011490644,61.17142184673026],[26.880239067462927,61.17142179291365],[26.88024020515769,61.17142080637411],[26.880242368636484,61.171418931950605],[26.88026136972111,61.171403507129675],[26.880281893274734,61.17138856844711],[26.8802819305895,61.17138853256937],[26.88029603714519,61.1713794596194],[26.880348792317655,61.17134550773778],[26.880362282633588,61.171337161429136],[26.880364294970672,61.17133592428602],[26.880389056552044,61.17132105217488],[26.88038920560634,61.171320962529684],[26.88043412671496,61.17129397038078],[26.88044195079395,61.17128959617688],[26.880458437365224,61.17128034575741],[26.88048384268859,61.171267269734706],[26.880488498495755,61.171265029421654],[26.880488628824374,61.171264975670574],[26.880501571930793,61.17125875657706],[26.88050926226684,61.17125533388622],[26.88052900008501,61.171246571122005],[26.880561170613042,61.17123382424979],[26.880586378322256,61.17122382738052],[26.880643693347483,61.171203031717305],[26.880734961626587,61.17116992161576],[26.88076396528942,61.17115890460005],[26.880781150225864,61.1711517375797],[26.880792730965762,61.17114690880059],[26.88079299162099,61.1711468012978],[26.88082024914649,61.171135441580724],[26.88090021259578,61.17109798519485],[26.880900249841805,61.17109796727222],[26.880900305676978,61.17109794936595],[26.880900994796125,61.17109759984221],[26.880916210436148,61.17109010787593],[26.880940423410387,61.17107764120173],[26.880967020444487,61.1710639376978],[26.880991181974768,61.17105031284751],[26.881013450099147,61.17103596811421],[26.881013506001807,61.17103593225256],[26.881033026298258,61.17102068733283],[26.881033082234683,61.17102064249353],[26.88104392071675,61.171010507227145],[26.881058073804056,61.1709939109357],[26.88106877130033,61.170976781924345],[26.881076496087296,61.17095923732793],[26.881076514845383,61.170959192455975],[26.881078435133013,61.17095276611753],[26.88108221933031,61.170940074989474],[26.881082884684396,61.17093616130171],[26.881085260807634,61.17092222103835],[26.88108625785821,61.170904266537335],[26.8810853959703,61.17088631938159],[26.881082511800408,61.17086732903807],[26.88108249338038,61.17086728413347],[26.88107817329681,61.17084950451681],[26.881074738491115,61.170838521787545],[26.88107260772104,61.170831732783846],[26.88105009264326,61.17078335917901],[26.88104002465086,61.17076168717281],[26.881039028048885,61.17075977404966],[26.881036592463474,61.17075495089138],[26.881018178920193,61.170723171652114],[26.88100658052137,61.17070313223785],[26.88099796543419,61.17069055590342],[26.88099489655185,61.17068607333995],[26.880981222127218,61.17066939873223],[26.880981203673635,61.170669362805235],[26.88097027837205,61.170658167002586],[26.880965426823327,61.17065318909858],[26.88096540833594,61.17065316214928],[26.880958572581495,61.17064690766908],[26.88095853553904,61.17064687172576],[26.880953012932796,61.170642387004285],[26.880939540025732,61.17063144033475],[26.880930826499466,61.17062526500138],[26.880918627575184,61.170616617738226],[26.880895835332755,61.170602412945584],[26.88088895372472,61.17059846568751],[26.880884260356684,61.17059591189563],[26.880864280986593,61.17058506722746],[26.880845782439135,61.17057589370937],[26.880838342195435,61.17057220631013],[26.88083047369865,61.17056870706508],[26.880810987963194,61.17056006235714],[26.880805828598753,61.17055784930456],[26.880803026223372,61.17055664382755],[26.880773958083978,61.17054549488188],[26.88068283989608,61.17051475582087],[26.88056073652624,61.17047358423129],[26.880537200571005,61.17046440622772],[26.880532207521757,61.17046246264208],[26.88053213330244,61.17046242666583],[26.880526695854808,61.170460024825765],[26.880504797532176,61.17045037244384],[26.88047971561016,61.17043710821749],[26.880479641424937,61.170437063263584],[26.88046979419534,61.1704308689443],[26.880469757153687,61.17043083300085],[26.880464752693836,61.17042699511022],[26.88044998022787,61.170415679159056],[26.880441593128033,61.170406792819996],[26.880441315384154,61.17040650528875],[26.880434539053372,61.17039932613227],[26.88042893490407,61.17039186072442],[26.88041885084236,61.1703745787462],[26.880418832423576,61.17037453384149],[26.880416623358162,61.170368831058155],[26.880412021177932,61.17035694053364],[26.88040816656499,61.17033908050586],[26.880407649216846,61.1703284325096],[26.88040763161387,61.170328172141055],[26.88040642473019,61.170303257987676],[26.880406424900144,61.1703032130994],[26.880406174044605,61.170295824239645],[26.88040585627858,61.17028646920679],[26.88040585638055,61.17028644227382],[26.880401525717485,61.17023230298283],[26.880401507910662,61.170232096480284],[26.880398685977077,61.1701967937135],[26.88039796894683,61.170189790482496],[26.880397037317877,61.17018055161731],[26.880389241831548,61.170103812420415],[26.88037151765382,61.16992954878645],[26.880368462419494,61.169911689462516],[26.8803684626235,61.16991163559654],[26.880366931590448,61.16990360818934],[26.880365400762187,61.169895526916136],[26.880353844469482,61.16984983822048],[26.880324853178298,61.16973521239063],[26.880324853314352,61.16973517647999],[26.88032257839261,61.16972724716925],[26.880321753005457,61.16972431971283],[26.880296993085963,61.16964587770555],[26.88024334065427,61.169475963391065],[26.880237160030326,61.16945881053639],[26.88019889860169,61.16935277710101],[26.88019888021785,61.16935272321859],[26.88019735558519,61.169347927783015],[26.88018667647013,61.16930632469435],[26.88018361724079,61.16929446245828],[26.880183617411056,61.16929441756995],[26.880181092748877,61.169278839042875],[26.880177823345818,61.16925868123454],[26.880177804928017,61.16925863632976],[26.880176311265277,61.16924077838135],[26.88017631143555,61.169240733493055],[26.880176014373127,61.169235741634196],[26.88017601450935,61.16923570572356],[26.880176150355464,61.16919989383554],[26.88018840505797,61.16911032528015],[26.8801903002915,61.169100720827785],[26.880213017911892,61.1690116912095],[26.880225996259092,61.168976339564715],[26.880229954049803,61.16896691648975],[26.880232914323447,61.16896075143427],[26.880238609838347,61.16894894183012],[26.880246815866105,61.16893192738515],[26.8802556826766,61.16891712203594],[26.880255794884498,61.16891694258135],[26.880263146506863,61.16890465862297],[26.88026744893973,61.16889748027438],[26.88029185329343,61.168863566178025],[26.880294990782378,61.16885968161131],[26.88029872590508,61.16885505242446],[26.88030111640891,61.16885208292178],[26.880331148684924,61.168819260093485],[26.88033120458442,61.168819224232145],[26.880365378341075,61.1687873387359],[26.880376827559562,61.16877776067631],[26.880383913426396,61.16877182370415],[26.880383969359734,61.16877177886507],[26.88039000958267,61.168767088868],[26.880403525531147,61.168756587929444],[26.880417654493375,61.16874618628548],[26.88044827225441,61.16872559156344],[26.880448551784376,61.16872540327873],[26.880460962898194,61.1687170470272],[26.880604883185374,61.168634821637056],[26.880604957705895,61.16863477681433],[26.88062185160283,61.168625571619735],[26.880621907433788,61.16862555371361],[26.880715796407937,61.16857575639879],[26.880771969437287,61.168545973000896],[26.880824519660568,61.16852061239322],[26.880824556903587,61.16852059447058],[26.880839192224347,61.168513865103925],[26.880842953497236,61.16851212674156],[26.880843009327872,61.168512108835316],[26.88085747559131,61.168505846157885],[26.88089834216547,61.16848818707814],[26.880944154758676,61.16847006549475],[26.880955863825196,61.16846544330015],[26.88095986570987,61.168463974476815],[26.880959921574203,61.168463947592876],[26.880985496228867,61.16845460634065],[26.880995844803643,61.168450934582154],[26.881006174788407,61.168447262806474],[26.88116054732593,61.168397320810165],[26.881181689179495,61.16839032778573],[26.881225112336875,61.16837484345193],[26.881225298448737,61.16837478077134],[26.88127132732942,61.168358365028325],[26.881328848518013,61.16833561211368],[26.88134186143836,61.1683302369022],[26.8814241733638,61.168293958331525],[26.881424210606223,61.16829394040874],[26.881476852723072,61.16826860656107],[26.88148297976422,61.1682654787094],[26.881488622586318,61.16826260180903],[26.881530714658464,61.168240149523356],[26.881563419738857,61.16822271652202],[26.8816107916038,61.16819502585722],[26.881625546844177,61.168185971288075],[26.881664639659675,61.16816028436964],[26.88166467693542,61.16816025746912],[26.88169158345783,61.16814258594932],[26.881713966620417,61.16812667010046],[26.881733330500932,61.16811291523471],[26.881741345703343,61.1681068802482],[26.881742054007475,61.168106351182956],[26.88174621069306,61.168103230576236],[26.88197196145845,61.16791753544439],[26.881981227515052,61.167910002259276],[26.882040226872718,61.16786436619273],[26.882047364866214,61.16785926410376],[26.88204809174692,61.16785873505308],[26.882051371886057,61.167856385754945],[26.88209452883225,61.16782725481774],[26.882103228370724,61.1678220912417],[26.882109226794295,61.16781852334266],[26.882118056773564,61.16781327010227],[26.882127555320512,61.16780817006406],[26.882131298889668,61.16780615334196],[26.882131317577368,61.16780612642518],[26.88213137343954,61.1678060995407],[26.882157405934255,61.16779337387536],[26.882185163971524,61.16778146667632],[26.88218521980012,61.1677814487695],[26.882191957945214,61.167778887011906],[26.882208040123118,61.16777277821646],[26.88223874716231,61.16776257035553],[26.882270565699365,61.16775335997788],[26.88229609211476,61.16774672969889],[26.882329466926407,61.167738867314014],[26.88234153947186,61.1677363371175],[26.88234163250808,61.16773631026526],[26.882349835875278,61.16773459367607],[26.88236360115472,61.16773171481835],[26.88245213385817,61.167716278249195],[26.882503449321632,61.16770732713817],[26.88251233929577,61.16770590739872],[26.882525692892724,61.16770376433808],[26.882667112382364,61.16768162227522],[26.882702947822875,61.16767680536812],[26.8827226031706,61.16767447023748],[26.88273896712443,61.16767252727228],[26.882761986639974,61.167670221982256],[26.882778701979298,61.16766875513417],[26.882798633925262,61.16766701275962],[26.88294622815257,61.16765880015046],[26.88295167521507,61.16765852655052],[26.88295688061142,61.16765826171925],[26.883013449548624,61.16765607515808],[26.883068029388735,61.167653958677214],[26.88310511334714,61.167653281458],[26.88314234341066,61.16765330461472],[26.883153160425564,61.1676535024808],[26.883190237443582,61.167654701569994],[26.88322701245741,61.16765714828779],[26.88324789534103,61.16765961720488],[26.883263000115637,61.16766140781064],[26.883266752395546,61.16766203948391],[26.883271099099197,61.16766277042407],[26.883275817280463,61.1676635735059],[26.88330969346285,61.167670847700805],[26.88330976774511,61.16767086572019],[26.883341536666208,61.16768001442881],[26.883341592361354,61.16768003243219],[26.883341648056494,61.167680050435564],[26.88337166469913,61.16769058019205],[26.88338228163884,61.16769462929745],[26.883410435318083,61.167706315563194],[26.883437285232834,61.1677187278938],[26.883462906096458,61.16773176759975],[26.883556920039155,61.167787321637064],[26.88357160736238,61.16779649151217],[26.883704783188833,61.16788287259574],[26.883725862754837,61.16789760513492],[26.883725918351445,61.16789765007113],[26.8837302007781,61.16790070616349],[26.883738969598394,61.167906953188385],[26.883784876968175,61.16794323553765],[26.883816476597794,61.167968202681834],[26.883816532260703,61.16796822966264],[26.883983340707033,61.168123677770105],[26.88398485966534,61.16812509754676],[26.884158412606695,61.16828682661833],[26.88416556480159,61.168292991432864],[26.884176682317833,61.1683025442284],[26.884180092118296,61.16830535716227],[26.884184780706,61.16830919464658],[26.884251953259415,61.16836073016258],[26.884257310062083,61.16836482856857],[26.88430355619499,61.16840031201387],[26.884495584601165,61.16853260062529],[26.88450096152936,61.168536295042564],[26.884503779795697,61.16853822764989],[26.884503853982196,61.16853827260161],[26.88474022284198,61.168699237507084],[26.88476511189562,61.16871452974139],[26.884832045310606,61.168755677574055],[26.884841115427154,61.16876098212524],[26.88484118961465,61.16876102707678],[26.884914352204728,61.16880161457118],[26.884945263779,61.168816938823404],[26.884945300856536,61.16881696578801],[26.88496621163479,61.16882733483042],[26.88499324935145,61.16883964825445],[26.885001062377093,61.16884307538987],[26.885010769174265,61.16884710563822],[26.885010973346375,61.16884718661081],[26.88502918050297,61.16885476128586],[26.88505811808304,61.16886601694241],[26.88508796851354,61.168876716750624],[26.885118452877926,61.16888688740635],[26.885118545719294,61.16888691441815],[26.885150036263653,61.16889642157123],[26.88516375889202,61.168900230772294],[26.885182235319853,61.16890533679016],[26.885191947967293,61.168907769001585],[26.885209907173344,61.16891198578587],[26.885225396349178,61.16891560794662],[26.885371573784855,61.16894581600549],[26.8854303606169,61.16895795870477],[26.885430434935948,61.16895796774535],[26.885466743494202,61.16896649135496],[26.885466799192816,61.16896650935743],[26.885466873479363,61.168966527375666],[26.885473261210084,61.16896832831628],[26.88549892366777,61.16897553217011],[26.885527205450465,61.16898830440115],[26.885527242496167,61.16898834034322],[26.885537911565713,61.16899871859403],[26.885543690603242,61.16900435249046],[26.885543727681526,61.16900437945487],[26.88554504324226,61.16901066494985],[26.88554772947858,61.16902341554018],[26.88554344577531,61.16903088135761],[26.88553781544208,61.169040635347606],[26.885527192362453,61.169048338203496],[26.885517258886814,61.16905552991317],[26.885506361240417,61.1690620564579],[26.885493880260157,61.169069506364934],[26.88549013662561,61.1690715590903],[26.885485573427406,61.169074077962314],[26.885412969041486,61.169114945832696],[26.885407120816414,61.16911813694142],[26.885406059216137,61.16911871061521],[26.885395835448488,61.16912392697853],[26.88532937177795,61.1691577794473],[26.88531735900412,61.169164242188614],[26.885308288903467,61.169169118370114],[26.885308214388377,61.16916916319545],[26.885284668879653,61.1691829778712],[26.885284612985142,61.1691830137346],[26.885263332131885,61.16919767422792],[26.88525926611132,61.16920147732323],[26.885246210286347,61.16921363102971],[26.885239736353586,61.16922531449555],[26.885237565852435,61.16922924488426],[26.88523703510884,61.16923718968991],[26.88523640444456,61.169247055636525],[26.885236404281482,61.16924710052483],[26.885237748718673,61.1692505401194],[26.88524338523592,61.169264702713],[26.885251167770303,61.16927655985854],[26.885254587652245,61.169281769816514],[26.885254606142507,61.16928179676521],[26.88526230477772,61.169291167018976],[26.885267042364017,61.169296943687534],[26.885267079377186,61.16929698860736],[26.88531361399512,61.169345857681],[26.885313669563935,61.169345911594164],[26.885326723191213,61.1693599727333],[26.885326760237128,61.16936000867543],[26.885338233362024,61.169374212118015],[26.885353721978046,61.16939341953236],[26.8853810616057,61.16943540439706],[26.88538113556752,61.16943551219196],[26.88542063863971,61.1694961629819],[26.885421636574534,61.16949777083271],[26.885423281091818,61.16950048348639],[26.885447822318064,61.16953506835297],[26.885459380917062,61.1695513636588],[26.88545941796334,61.16955139960088],[26.885463692578483,61.16955671800858],[26.88548637997521,61.16958481940821],[26.88550719076843,61.16960757749213],[26.88551642978302,61.16961766724836],[26.88551644827371,61.169617694197036],[26.88552715394779,61.169628287943084],[26.885532673382787,61.16963377797689],[26.885533840444218,61.16963488321921],[26.88553704525714,61.16963791140943],[26.885555722710848,61.1696543653446],[26.885556093306146,61.16965468885463],[26.885572769712635,61.16966935453606],[26.885668756806307,61.16974216387124],[26.885672519943938,61.16974501297582],[26.8856725569907,61.16974504891784],[26.88568735259225,61.16975553837161],[26.885773837807434,61.16981394837427],[26.885796650588837,61.16982806258699],[26.88580727938926,61.16983425717807],[26.885811619927317,61.16983679254652],[26.885820375196957,61.16984190823401],[26.885832805429324,61.16984856220409],[26.885845217078494,61.16985521615732],[26.885863437343602,61.1698645234236],[26.885863511535153,61.16986456837461],[26.885889898920645,61.16987715039948],[26.88590164685697,61.16988229553651],[26.885917403547325,61.169889203676796],[26.88592995079617,61.16989434948474],[26.885945709119568,61.16990080873863],[26.885964922116116,61.16990804298119],[26.885964977784266,61.16990806996111],[26.885974964830876,61.169911831044836],[26.88597502053145,61.169911849047075],[26.885975076199625,61.16991187602702],[26.88598125831627,61.169914053833104],[26.886004928576895,61.169922396078555],[26.886005021389654,61.16992243206743],[26.88603573057357,61.1699324770159],[26.88604824531329,61.169936338975944],[26.886051067653113,61.169937203209024],[26.88606638614878,61.16994192938476],[26.886262645981372,61.16999298888398],[26.88629423673243,61.17000087986881],[26.88629436672277,61.17000091588872],[26.88648921004431,61.170053230745694],[26.886517904710338,61.17006011374943],[26.886518517616516,61.17006025790607],[26.886555662801833,61.1700691769408],[26.886570633541552,61.170072430427105],[26.886589616287136,61.170076558107624],[26.886624018137365,61.17008332018077],[26.886636984579678,61.17008566523514],[26.886655896788934,61.17008873348004],[26.886672040915197,61.17009135052136],[26.886687220274105,61.17009345502521],[26.886707861970933,61.17009631822321],[26.886725867441996,61.1700982455333],[26.88674415161512,61.170100208984856],[26.88675636044766,61.17010129651777],[26.886774145500414,61.170102487466636],[26.886775056147663,61.17010254209419],[26.886793138554737,61.17010375124461],[26.886830239749756,61.17010423114006],[26.88684861140845,61.17010253175373],[26.886866722760786,61.17010085010284],[26.886879874530123,61.170098167783244],[26.886898559962024,61.17009189900888],[26.886910284904964,61.17008795861826],[26.886911271834812,61.17008747464729],[26.886933002776274,61.170076854232605],[26.886943118505695,61.17007067705106],[26.886945260849217,61.17006937707484],[26.886956065860456,61.17006277851647],[26.88696229284685,61.170057639499014],[26.886972248591885,61.17004941526881],[26.88698903157116,61.17003453529082],[26.887003619886826,61.17003038181712],[26.88701926877262,61.170025941940715],[26.887037502389887,61.17002644194729],[26.887055903240356,61.17002696004627],[26.88706966675186,61.1700299341622],[26.887089671200766,61.17003426013378],[26.887089745522818,61.17003426917343],[26.887098306977094,61.17003647584536],[26.887105772703368,61.170038403294875],[26.8871717774034,61.17005496827451],[26.88717831476913,61.170056598682805],[26.887185855019577,61.170058481301595],[26.88725042396586,61.17007631090074],[26.8873129613858,61.17009566498548],[26.887346621135368,61.170107283186795],[26.887403636647498,61.17012697378786],[26.887775139997462,61.17027610531064],[26.887783660432923,61.170279425138375],[26.88778874668367,61.17028141342217],[26.88783610437896,61.1702989232367],[26.88796395741282,61.170346197846825],[26.888083865214202,61.170390539043375],[26.888106532817392,61.170398817247886],[26.888156043251485,61.17041743298437],[26.88822376515583,61.17044289575628],[26.888223802269838,61.17044291374229],[26.88823986002727,61.17044901386795],[26.88835801583226,61.170494888559276],[26.888413978031295,61.17051844724802],[26.888440850859574,61.17053086757534],[26.888450072736546,61.170535624368824],[26.88846834945287,61.17054506599481],[26.888484062726125,61.170553993779194],[26.888492429592755,61.17055873191029],[26.888515225252924,61.17057292644752],[26.88853660653248,61.17058758665648],[26.88861465043718,61.170648681191075],[26.888622917977692,61.17065524170289],[26.888700031788723,61.170716613730825],[26.88871748693438,61.17073241982786],[26.888717542543095,61.17073246476199],[26.88873356490166,61.17074868265308],[26.888748062190665,61.1707651237315],[26.888748099242108,61.17076515967268],[26.888753817780064,61.17077239140874],[26.888807367932603,61.170858253100455],[26.888807386395214,61.17085828902636],[26.88881058747444,61.17086250218994],[26.888820153539147,61.1708751416497],[26.8888201905592,61.17087518656856],[26.88882509785171,61.17088053232115],[26.888835227349535,61.170891538303344],[26.888835282990293,61.170891574259755],[26.888838396755357,61.1708941893227],[26.888853835970522,61.17090712088695],[26.88886956000409,61.17091835590033],[26.88886968984323,61.17091843680606],[26.888874603594207,61.170921951114],[26.888916612499134,61.17094908921685],[26.88896362916994,61.17097946337997],[26.888984694318385,61.170994293833864],[26.889004047710788,61.17100957176575],[26.889021056715983,61.17102546723393],[26.889021112325636,61.17102551216797],[26.889034623247948,61.17104235640242],[26.889038351350127,61.17105001742405],[26.889039938693646,61.17105324171422],[26.889043168518324,61.17105986989346],[26.889045240140614,61.171068113107275],[26.889047641827517,61.17107764937836],[26.889048507298696,61.171095865813754],[26.889047686488475,61.17110197894591],[26.889046102306025,61.171113729439796],[26.889042996679436,61.17112466171761],[26.88904278973851,61.17112536180757],[26.889041039088706,61.171131581910025],[26.88903376435063,61.17114926199184],[26.889023244137064,61.171170054670824],[26.889016130648923,61.17118416176447],[26.889014780616563,61.1711874644467],[26.889009004914055,61.17120175219008],[26.889007611013604,61.17120695810581],[26.889006631596715,61.17121059326613],[26.889006631438974,61.17121063815441],[26.889006267107078,61.17121380697916],[26.88900469117642,61.17122849318267],[26.889006554003295,61.17124325402612],[26.889006970482722,61.17124640553543],[26.88900697032498,61.17124645042373],[26.88901263047379,61.171259759994165],[26.889014418868577,61.171263963017154],[26.88902080065177,61.17127293695606],[26.88902485750719,61.17127698023954],[26.88903702807971,61.17128911008931],[26.88904800656774,61.17129662443042],[26.889048525806185,61.1712969839633],[26.889058428706804,61.171303761252034],[26.889083887494817,61.17131679975169],[26.889094447717593,61.171321674306654],[26.88910083212825,61.17132461523859],[26.889110779917896,61.171329202004735],[26.889129193939162,61.17133678527142],[26.889167358517252,61.171352500529906],[26.889171720706067,61.171354299637244],[26.889342398507925,61.171426072170846],[26.889371936161087,61.17143695032652],[26.889385643856738,61.171440175535565],[26.889398367136,61.17144316651938],[26.88941496458191,61.17144399704331],[26.889424109011514,61.17144444441702],[26.88943509341185,61.17144500102452],[26.889435149179956,61.17144500107004],[26.88944872394479,61.171443719365726],[26.889464437177057,61.171442241896415],[26.889474371942022,61.1714399517175],[26.88949796226147,61.17143453946885],[26.889526332958525,61.171422981400866],[26.889552050349298,61.17140999371086],[26.889559817050102,61.171405726666414],[26.889561176677837,61.171404982627294],[26.889567732683275,61.171401396899206],[26.88959486813244,61.17138689312843],[26.889594979856735,61.171386839353424],[26.889617589540478,61.171374773818926],[26.88964408606898,61.17136222665306],[26.889660711077692,61.17135515680552],[26.889660766908385,61.17135513889562],[26.889676495232518,61.17134932519159],[26.88969032496428,61.17134421917638],[26.889703536980804,61.17134033362201],[26.889721977949062,61.17133491714022],[26.88974923165032,61.17132910383507],[26.8897662675345,61.171326801460445],[26.88977160517018,61.1713260875903],[26.88978494002635,61.17132428495119],[26.889821884792575,61.17132207059283],[26.8898516292343,61.17132164590532],[26.889851703591486,61.17132164596579],[26.889888879369668,61.17132248419041],[26.88992564055363,61.17132493805135],[26.889941434888843,61.17132683620271],[26.88996165160315,61.17132927660691],[26.88997775914634,61.171331983000265],[26.889984761997887,61.17133351489618],[26.89001152886505,61.171339372134824],[26.890065796796378,61.171353789475866],[26.890076587253656,61.1713566531393],[26.89007666154843,61.17135667115494],[26.89007987465736,61.1713574907325],[26.890091129881412,61.17136034579433],[26.890109259533432,61.17136424784542],[26.89012506727322,61.171367645259785],[26.890229346876463,61.17138564928929],[26.890370039997848,61.171409940169006],[26.89038638787677,61.17141305070411],[26.890404612037557,61.171416521863186],[26.890438251509693,61.17142400056262],[26.890470305298116,61.17143309395467],[26.890470342383438,61.1714331209177],[26.890470398058138,61.17143314789582],[26.890495523578466,61.171445997328476],[26.890495597780323,61.171446042276926],[26.890497168850704,61.17144864707624],[26.890488778986896,61.17146111029768],[26.890485994819322,61.1714652467594],[26.890472363949222,61.17147199593312],[26.89046011108559,61.171478054938234],[26.890460073844533,61.17147807286348],[26.890459980804177,61.171478099721256],[26.890430182285588,61.17148871417235],[26.890398696036595,61.17149819606246],[26.890398640206076,61.17149821397269],[26.890379437934072,61.171503387532674],[26.890366171254843,61.17150695888963],[26.890366115424303,61.17150697679979],[26.89013362580428,61.17156324904906],[26.890122983306576,61.17156592474255],[26.890058267355318,61.171583648036524],[26.890048646514238,61.17158654001807],[26.890043677910782,61.17158803525741],[26.89002676227938,61.171593138802564],[26.890010868343783,61.17159844966222],[26.88999620277701,61.17160333956658],[26.889966681825683,61.17161424142701],[26.88996658878451,61.17161426828445],[26.88993868187496,61.17162609615186],[26.889929985853577,61.171630317574106],[26.889912500637365,61.17163882318493],[26.889888509840205,61.17165244078488],[26.889885621990068,61.17165429681769],[26.88988372154245,61.17165553419306],[26.889879883499066,61.17165799993577],[26.88985869558714,61.17167279588642],[26.889854874282094,61.17167579132551],[26.88985060560707,61.171679136530315],[26.889839234914458,61.171688042123094],[26.88982385037024,61.171701846265876],[26.889821649916996,61.1717038195665],[26.889821612612696,61.17170385544685],[26.889814169460998,61.17171128291477],[26.889805476422193,61.17171996624123],[26.889790565871902,61.171736437138534],[26.889790528567527,61.1717364730189],[26.889737871661847,61.17180357426654],[26.889729991566192,61.1718136767243],[26.889725920762473,61.171818907400215],[26.88961154053762,61.17195135178413],[26.889611503201404,61.17195139664213],[26.88959609105279,61.17196771448803],[26.889587116966805,61.171976990098315],[26.889582284788606,61.17198197775156],[26.889535026429986,61.172030741908806],[26.88953498915635,61.17203076881143],[26.889530173824404,61.17203625024924],[26.88953015510908,61.17203628614469],[26.88952052437734,61.1720472669751],[26.88950717399362,61.17206404435459],[26.88949379778151,61.17208288657936],[26.889453179280466,61.17215187387262],[26.88945316056499,61.172151909768054],[26.889448771665663,61.17215770576997],[26.889440441965707,61.17216874152267],[26.88943099995179,61.172178896553504],[26.88942523392184,61.17218511338143],[26.889425196616514,61.172185149261736],[26.889412629649872,61.1721958314231],[26.8893905129561,61.17221025845613],[26.889363867211006,61.172222715672504],[26.88934614906218,61.172228590557715],[26.88933738309173,61.1722314831871],[26.88930385746821,61.17223908681953],[26.889267686071275,61.17224309720625],[26.889233105461475,61.17223876861496],[26.889212819856322,61.17222401963993],[26.889212782802623,61.17222398369887],[26.889205664886738,61.172207512801045],[26.88920587646473,61.17218959351451],[26.889205876622196,61.17218954862618],[26.889206183475405,61.17218686454935],[26.88920766149892,61.17217357878443],[26.889204600768952,61.172155800463585],[26.889197133635257,61.172138198091105],[26.889191404379712,61.1721286231908],[26.889166177157175,61.172086479247],[26.889158740529954,61.1720707891441],[26.889158722034736,61.172070762195936],[26.889156614398143,61.17206215984824],[26.889154397240773,61.172052982839],[26.88915437877707,61.172052946913155],[26.889147075699565,61.171999209487936],[26.88914554977,61.171994360288686],[26.88914301249955,61.17198635011625],[26.889141505097875,61.17198151888749],[26.88913917968763,61.17197670494443],[26.88913871838031,61.1719757259991],[26.889138699916668,61.17197569007324],[26.889137775064807,61.17197436959635],[26.889126862083327,61.17195871255625],[26.88911126662943,61.171942450176225],[26.889111229576184,61.171942414235126],[26.889093624722044,61.171926643980356],[26.88908728698518,61.17192096489254],[26.889080096712146,61.17191454893591],[26.889080059658955,61.17191451299482],[26.889062175676052,61.1718988322841],[26.889062120064818,61.1718987873501],[26.88905906122589,61.171896378824535],[26.889042766099898,61.171883509428426],[26.889018386300574,61.1718701216769],[26.889018330594798,61.17187010367588],[26.88899086235792,61.171862737415374],[26.88895424965351,61.171860193646076],[26.888946569838673,61.17186084271949],[26.88893734664354,61.17186161621434],[26.888937272221952,61.17186163410868],[26.888937197800367,61.171861652003024],[26.888932825105247,61.17186282449363],[26.888905063031675,61.17187029808917],[26.888897819858716,61.17187364980143],[26.8888926807225,61.171876033649504],[26.88887164126641,61.1718907308129],[26.88885689732896,61.17190723765474],[26.88885685999173,61.17190728251252],[26.888847643610433,61.171921962441886],[26.888834725676745,61.171942546649255],[26.888834688339426,61.17194259150706],[26.888821468111114,61.171959270171754],[26.888821430773753,61.17195931502951],[26.88880514525671,61.17197541660415],[26.888799627286314,61.17197979318382],[26.88878583232202,61.17199074360964],[26.888762171023057,61.17200560020101],[26.8887621337488,61.17200562710344],[26.888736749814967,61.17201871367127],[26.888729935798075,61.17202159888744],[26.888708842119254,61.172030532306664],[26.888679060891064,61.17204120025247],[26.888679023679973,61.17204120919958],[26.888644129718767,61.17205202555546],[26.888585191450183,61.172070291557134],[26.888575161161764,61.17207323696321],[26.888385252718162,61.17212972079269],[26.888381624032288,61.17213075921344],[26.888376171676388,61.172132325814346],[26.88830183120498,61.172153281279684],[26.888119357001816,61.17220472540862],[26.888100394895044,61.17221009635288],[26.888024765439273,61.1722327204505],[26.88797411003706,61.17224786880008],[26.88794894656875,61.172256304961465],[26.887912988037964,61.17226837712399],[26.88789774303261,61.17227397555851],[26.88788352177076,61.17227920675379],[26.887883447315716,61.17227923362519],[26.887854685594323,61.17229058453776],[26.887837743629287,61.1722976628783],[26.887810317699017,61.172309760035645],[26.88780316706718,61.172313165632026],[26.88778381932817,61.17232239661711],[26.887760427298595,61.17233451506223],[26.887752214000727,61.172338772655294],[26.887733161371905,61.17234865027107],[26.88769553268063,61.17237030018137],[26.88766148057986,61.17238987920281],[26.88765671134046,61.172392748105736],[26.887655369991727,61.17239355498467],[26.887655295504274,61.17239359083362],[26.88764208564003,61.17240190218855],[26.887587438734325,61.17243631319403],[26.887545208737933,61.172465814717334],[26.887525764762064,61.17248114143374],[26.887507695115357,61.17249683737403],[26.887502995409235,61.172501052982035],[26.88748669035057,61.172517154381126],[26.887486653042664,61.17251719026087],[26.88747207552676,61.17253366117852],[26.88747203821881,61.172533697058256],[26.887465463731207,61.17254233710586],[26.887459300011894,61.172550474744135],[26.887457037887444,61.17255404598289],[26.887448437816737,61.1725676938945],[26.88743991696284,61.17258519329824],[26.887437233950305,61.1725921038856],[26.887436126898915,61.17259497582462],[26.887436126802925,61.172595002757625],[26.887434431109142,61.172601339593754],[26.887431378564234,61.17261282849313],[26.887429121261068,61.17263069220979],[26.887429121101075,61.17263073709808],[26.887429373295728,61.17264864778912],[26.88742937313574,61.17264869267738],[26.88743228403314,61.17266651580149],[26.887436566793262,61.17268019237537],[26.88743785350983,61.17268428726916],[26.88744023224336,61.172689729723295],[26.88744220525889,61.1726942561163],[26.887442223689007,61.17269430102005],[26.887451977679444,61.17271159116994],[26.887463982237175,61.17272855999263],[26.88746401925749,61.17272860491184],[26.887470110042777,61.17273572927705],[26.887478163100866,61.172745180492804],[26.88750652134379,61.172774192996044],[26.8875110408414,61.172778829235504],[26.887511077893816,61.17277886517701],[26.887546026437864,61.172810486674344],[26.887567696412454,61.17282790341971],[26.887584268679166,61.172841222105866],[26.887584305795624,61.172841240092005],[26.887594615421722,61.17284870012781],[26.88760627868684,61.17285713087616],[26.887618519468422,61.172865220950705],[26.88762814513767,61.172871594116494],[26.887747324251585,61.17294045304074],[26.887793170333747,61.17296594276958],[26.88786918471165,61.17300823675713],[26.88790808411148,61.17303205982313],[26.887915114575023,61.17303636595282],[26.88791517018663,61.1730364108873],[26.887935496742028,61.17305007378906],[26.887935570944023,61.17305011873888],[26.887964658924417,61.17307275759257],[26.888072742860817,61.173156842178166],[26.888072779946125,61.17315686914188],[26.888094013758863,61.17317161009144],[26.888108685961722,61.173180878206935],[26.888116513678202,61.173185804444934],[26.888116550731784,61.17318584038628],[26.88812287720806,61.17318947259713],[26.88813148559842,61.17319443538995],[26.88815659180038,61.173207617411315],[26.888156666034828,61.17320765338334],[26.88818322475754,61.17322014531764],[26.88823963842669,61.173243533862944],[26.888268730243865,61.17325469019586],[26.888275618243778,61.17325725451842],[26.88827842174744,61.17325828926488],[26.88842820371048,61.1733113721034],[26.88843787761053,61.17331470181596],[26.88858765979252,61.173367874254374],[26.88859894780713,61.173372138962385],[26.888599523352728,61.17337235490023],[26.88860212260334,61.173373326628145],[26.888602196870355,61.17337335362229],[26.888660027167816,61.17339584538852],[26.888688243715624,61.17340751263926],[26.88868831798279,61.173407539633345],[26.888705394469152,61.17341515776602],[26.888715510395695,61.17341968185386],[26.8887155475135,61.173419699839705],[26.888726534098268,61.173425104455156],[26.88874160345763,61.1734325413804],[26.888754110111854,61.17343918616268],[26.888778006359054,61.173452941645905],[26.888783793838854,61.173456573383056],[26.88878412774169,61.17345678014397],[26.888791733114218,61.17346154456177],[26.88879180728679,61.17346159848875],[26.888800655447472,61.173467153962704],[26.888870380218158,61.17351715404927],[26.888883657598786,61.17352668128831],[26.888883713244237,61.173526717244705],[26.888896211722635,61.17353570518241],[26.888937898892806,61.173565455508076],[26.888957253836818,61.173580733441185],[26.888957290891792,61.17358076938232],[26.888967169837787,61.17358927037057],[26.888975510374024,61.17359645935515],[26.888990176442,61.17361289156056],[26.888999020273936,61.17363027960448],[26.88899903876994,61.17363030655269],[26.889001821007085,61.17364269803601],[26.889000772874134,61.17365528388897],[26.88900034532621,61.17366056241631],[26.88900030795554,61.173660616251745],[26.888992605529783,61.17367815233153],[26.88899099887359,61.17368038645775],[26.888987262402058,61.1736855994289],[26.888971551948206,61.17370182717883],[26.888971533262826,61.17370185409655],[26.888971495986752,61.173701880999054],[26.888954410940727,61.173717784423424],[26.88894767538799,61.17372469171644],[26.888944233861544,61.1737306141652],[26.88893617261201,61.173744442164256],[26.88893895164585,61.173757740392055],[26.88893986546035,61.17376221202767],[26.888939883956382,61.1737622389759],[26.88894041999377,61.173763119228404],[26.888941436517424,61.173764816844134],[26.888941473541042,61.173764861762926],[26.888957014191988,61.173781079224284],[26.888957051310346,61.17378109721008],[26.88895708836557,61.17378113315121],[26.888978732859268,61.1737956318995],[26.8889787699461,61.173795658862936],[26.888978825623674,61.17379568584165],[26.888983890358947,61.17379868853966],[26.88899886548873,61.17380655628728],[26.889009053043015,61.173811906358345],[26.889035295905455,61.1738245863964],[26.889045764068044,61.17382944292207],[26.889067166734648,61.17384400430172],[26.889143752860992,61.17389927976403],[26.889232504087662,61.173963336328946],[26.88926918615856,61.173994518885706],[26.88926924177378,61.17399456381956],[26.889302890959065,61.17402649801254],[26.889312727480753,61.17403656105704],[26.889319394812503,61.174043811496105],[26.889324098967904,61.174048932619684],[26.889324228600838,61.17404907636854],[26.889327840110063,61.174052993589584],[26.88934152043682,61.17406965836979],[26.88934155746137,61.17406970328845],[26.889353545242127,61.17408659112647],[26.889357112909575,61.1740924115796],[26.889360089002384,61.17409727991496],[26.88936010746751,61.174097315840775],[26.88936910039749,61.17411469500318],[26.889372750553587,61.17412350509155],[26.889374981315616,61.1741288576126],[26.88937640077462,61.17413229722452],[26.889379322176858,61.174142166083946],[26.889381655525174,61.174150077328186],[26.889381673958916,61.17415012223165],[26.889382424239223,61.17415353436384],[26.889382442704413,61.17415357028967],[26.88939478971011,61.174243078890854],[26.889397522891457,61.174253611944515],[26.889399412237257,61.17426090336559],[26.88939943070253,61.17426093929141],[26.8894005165691,61.17426408236702],[26.889407649678837,61.174281684449625],[26.88941049345933,61.174287181113456],[26.889416661278435,61.17429906362365],[26.88941667974374,61.17429909954943],[26.889425869265704,61.17431345338909],[26.889438627574272,61.17433332243855],[26.88944064362941,61.17433628671955],[26.88944923104376,61.174347390145],[26.889492686463825,61.174403563057545],[26.889493778690163,61.17440489264577],[26.8894950375141,61.17440642885658],[26.88949505597956,61.174406464782344],[26.889595601047773,61.17452230501846],[26.889598249229913,61.17452526981237],[26.889643614024106,61.174572529393004],[26.889676382763096,61.174606653326826],[26.8896764383486,61.1746067072382],[26.889712451880666,61.174638014814136],[26.889712507497645,61.17463805974787],[26.88972947165845,61.17465148621817],[26.889735887651888,61.17465624063573],[26.8897497581541,61.17466649546299],[26.889792806475604,61.174695761832396],[26.88979286215548,61.174695788810766],[26.889862526210777,61.17473777125575],[26.889883715976623,61.1747496928923],[26.889883771625346,61.17474972884829],[26.88993369011713,61.17477620869925],[26.88993376435729,61.17477624467029],[26.889986121964565,61.17480170302836],[26.890011423323003,61.1748128199933],[26.890021967110226,61.1748174520619],[26.890041142690848,61.17482587971984],[26.89006147147765,61.17483415569061],[26.890077494170658,61.17484039022963],[26.8900777726662,61.17484049818784],[26.890090286345412,61.174845365269654],[26.890090379177295,61.17484540125572],[26.890238755645655,61.17489937870074],[26.890260015661816,61.17490720651221],[26.890322991852663,61.1749319820616],[26.89034133517736,61.17493919701581],[26.890375236938496,61.174952529385486],[26.890430090809012,61.17497673271609],[26.89045045233754,61.17498634632917],[26.890450637940656,61.17498643625609],[26.89045540812818,61.174988693512596],[26.890684811052488,61.17510619023145],[26.890714584357298,61.17511994113432],[26.890765462671656,61.17514342290555],[26.890777270222195,61.17514825344326],[26.890793737550478,61.17515502691653],[26.89080142405463,61.17515804063748],[26.89080220384455,61.17515834650741],[26.890831484680845,61.17516937674998],[26.890831540393457,61.175169394750235],[26.89083159610609,61.17516941275052],[26.890840602401237,61.175172490376816],[26.89089224481133,61.17519011029039],[26.89098653541043,61.17521881604485],[26.89099212587068,61.17522044550486],[26.89099578472698,61.1752215167938],[26.891027823937712,61.17523061003478],[26.89119128342276,61.17527328668876],[26.891202057626316,61.175275889894245],[26.891434501130423,61.17533236648293],[26.891445219043753,61.17533513122214],[26.891445293348667,61.17533514923707],[26.891452648950185,61.17533710328936],[26.891477817730078,61.175343793876095],[26.891537735397847,61.17536103413319],[26.891573544856435,61.17537134225094],[26.89166641992062,61.17540113269666],[26.891680328721755,61.175405919947714],[26.891690189277035,61.17540932139707],[26.89174975794754,61.17543081670148],[26.89206685779469,61.17555632638081],[26.892209599018614,61.17561282887186],[26.892209691885807,61.17561285587882],[26.89222829788525,61.17561961292369],[26.892258455209628,61.175630131826175],[26.89228943270795,61.17564003191423],[26.89229855285129,61.17564251700689],[26.892298608565568,61.17564253500658],[26.892307895883864,61.17564506511993],[26.89232180828755,61.17564885578517],[26.89234276305702,61.175653810167944],[26.892373232394156,61.175660082850115],[26.89237687385784,61.17566083089131],[26.89237692960281,61.17566083991332],[26.892411917600583,61.17566687378012],[26.892447279222317,61.175672387229106],[26.892463725008856,61.17567475244045],[26.89247606398306,61.17567653084017],[26.89258388785898,61.175690172697784],[26.89294771906622,61.17572682037657],[26.892959130532226,61.17572799649452],[26.892974798021474,61.17572962485887],[26.893227211169272,61.175759980116766],[26.8932390674978,61.17576156055744],[26.89324270987388,61.175762048223326],[26.893254268854726,61.175763592517555],[26.8933612333463,61.17577865155184],[26.89336130768369,61.17577866058805],[26.893376247314812,61.17578112325703],[26.893376581787585,61.17578117738645],[26.893431546374483,61.1757902073047],[26.893449475955222,61.17579366884068],[26.893450795134278,61.17579392125356],[26.893466123544478,61.17579687799088],[26.893479946253013,61.175799761720725],[26.89348007630572,61.17579978875607],[26.893500215824858,61.17580399717084],[26.893503949988798,61.17580483503137],[26.893505863535566,61.175805258487],[26.893539209856055,61.17581305937427],[26.89353926557137,61.175813077373384],[26.893539339878604,61.175813095387156],[26.8935445783579,61.17581441922377],[26.893572182599232,61.17582138066512],[26.893700419656778,61.175857652447625],[26.89370560167928,61.175859182720316],[26.89380604649575,61.17588916616683],[26.89389529177457,61.175915792090414],[26.893903667870706,61.17591844706777],[26.8939171885258,61.17592272205664],[26.89395707857773,61.175936327547056],[26.893977859292992,61.17594341822779],[26.89400723513788,61.17595438501206],[26.894017521261205,61.175958522794254],[26.894035846862092,61.17596590780823],[26.894051070040923,61.17597256320075],[26.89405274085451,61.17597330067749],[26.894055488470347,61.17597449685823],[26.894055562718016,61.17597453282705],[26.89408197706359,61.175987113260625],[26.894107069347292,61.17600030313757],[26.89410712503313,61.17600033011414],[26.894130392817676,61.17601426370757],[26.894151575422036,61.17602905752449],[26.89415163107787,61.176029093478725],[26.89415960520766,61.176035204532525],[26.894171154494114,61.17604523264772],[26.894177717047302,61.176050920646524],[26.89418692596797,61.17606028258338],[26.89418705566137,61.17606041734992],[26.894193633473826,61.17606710188222],[26.894208078253257,61.17608414382369],[26.894235893815377,61.17611694305503],[26.894238152913935,61.176119674033615],[26.894241486086802,61.176123680681386],[26.894280304896686,61.17617415656758],[26.894280323398686,61.17617418351507],[26.89428032330852,61.17617421044804],[26.894282153743482,61.17617725531004],[26.894290584435293,61.176191401735146],[26.894292281962258,61.17619527243974],[26.89429835286925,61.17620899507155],[26.894300798704485,61.17621704098082],[26.89430079858429,61.176217076891426],[26.894302692845255,61.17622327296829],[26.894306072604074,61.176241141187106],[26.894312288522777,61.17629486846874],[26.89431230699482,61.17629490439389],[26.894312634744278,61.176296969515796],[26.894315221960746,61.17631277224956],[26.894318564286625,61.17632516405453],[26.894320015047548,61.176330551793846],[26.894327002627143,61.17634815349663],[26.894337282277814,61.17636538968255],[26.894348598241553,61.176378523876856],[26.89434956131551,61.17637963786027],[26.894349598379932,61.17637967379991],[26.89435797950427,61.17638643155202],[26.894368641327112,61.176395031506566],[26.894375897788805,61.17639896041157],[26.894389891034148,61.17640654848482],[26.894400066431526,61.17641049761994],[26.89440663957867,61.17641305240564],[26.89441882033719,61.17641778416091],[26.894433586599952,61.176422167800894],[26.894433679471437,61.17642219480635],[26.8944411848798,61.17642396028126],[26.894466989368038,61.17643003134625],[26.89446704511497,61.17643004036737],[26.89450235163369,61.17643571483382],[26.89457401211323,61.17644519719721],[26.894592949592557,61.17644763591038],[26.894617163818147,61.176451120137614],[26.894628629767478,61.176452780951614],[26.894641599509526,61.176455098305084],[26.894642008301005,61.17645517044451],[26.894663358151906,61.17645900256465],[26.8946694332904,61.176460371896646],[26.894670640893196,61.17646064216616],[26.89468167641081,61.17646314654278],[26.89469438188667,61.17646665771692],[26.894694623377386,61.176466720748415],[26.89470034454597,61.1764683052681],[26.8947138859027,61.176472050509936],[26.894742349644964,61.17648356406282],[26.89475094263778,61.17648814935689],[26.89476732132171,61.17649967146791],[26.894771977111816,61.17650294296034],[26.894772032769193,61.17650297891426],[26.894787112652974,61.176519285116406],[26.89478714971805,61.17651932105593],[26.894799773480607,61.17653620889764],[26.894802955487567,61.17654097851652],[26.894802973960314,61.17654101444161],[26.89481115096909,61.17655327532382],[26.894814572916157,61.176558574811786],[26.894850249563657,61.17660949697414],[26.894864436086106,61.17662610771482],[26.894877238322387,61.17663967394655],[26.894908272219624,61.17667227802546],[26.894917530294745,61.176683749704154],[26.89491947446658,61.17668616620802],[26.894919492939543,61.17668620213306],[26.8949264499782,61.176696343329404],[26.89493118664853,61.17670325981636],[26.89494129950173,61.176720468892846],[26.89494131797474,61.17672050481787],[26.894943958599633,61.17672594733923],[26.894948464283782,61.176735233753405],[26.894948482756813,61.176735269678446],[26.89499360456076,61.17685896320833],[26.894993623063748,61.176858990155694],[26.894999355885762,61.17687387061285],[26.89499937432906,61.17687391551554],[26.89501470805084,61.17690903012348],[26.895014726524042,61.176909066048516],[26.895031743940393,61.17694107568286],[26.89506091938189,61.176995951903564],[26.89506093785519,61.176995987828576],[26.895200103472614,61.17722027717422],[26.89520014050919,61.177220322091244],[26.895261949599433,61.17732485211425],[26.89529266477137,61.17736979118341],[26.895308540505262,61.17739301075176],[26.895323226295133,61.177410627327944],[26.89532357813147,61.177411058528364],[26.89535017189321,61.17744294983342],[26.895356711685285,61.17745004725138],[26.89536440257496,61.17745764830822],[26.895389328461786,61.177482293331316],[26.895397597264758,61.17748943697108],[26.8953977084952,61.177489535811425],[26.895407442010526,61.17749792847891],[26.895426653452947,61.17751329514139],[26.895447242278955,61.17752821398051],[26.895447316502157,61.17752825892624],[26.895457093172986,61.17753485608795],[26.895467929022644,61.177541642597724],[26.895479766817036,61.177549058317176],[26.895489213225172,61.177554326525495],[26.895489268914954,61.177554353501456],[26.895504134521865,61.177562633412144],[26.89551785227318,61.177569431118975],[26.89553008502731,61.17757549150942],[26.895542005120674,61.1775805192248],[26.895558065753026,61.177587273846086],[26.895568966952048,61.17759117856373],[26.895573609707448,61.17759284301369],[26.895587927984188,61.177597971328474],[26.89560873136381,61.177604271738325],[26.895616905309453,61.177606387792295],[26.89564142715294,61.17761273595128],[26.895675223506373,61.177620123682814],[26.89569765156779,61.177624288643266],[26.89572712211833,61.17762975180762],[26.89574468178707,61.177633015244425],[26.895750591224544,61.17763397142684],[26.895754437904387,61.17763460282501],[26.895767371710047,61.177636713555714],[26.895908511730962,61.1776592573161],[26.895947776620243,61.177666020744816],[26.895966803081958,61.17766992269473],[26.895982039140964,61.17767304067304],[26.89599565636643,61.177676534469],[26.8960189524412,61.17768250455582],[26.896050399170047,61.17769203605443],[26.896066743207484,61.17769747111418],[26.89608557600224,61.17770373402772],[26.896085631722336,61.177703752025806],[26.89614485388407,61.1777254156958],[26.89625819353117,61.17777190816772],[26.89628361218626,61.177782673913974],[26.896283686470234,61.177782700903904],[26.896425250219046,61.17784076013769],[26.8964253430964,61.177840787141754],[26.89644597610852,61.17784811074746],[26.896485125043757,61.17786199322881],[26.896485217921242,61.17786202023284],[26.896487260960672,61.17786269512001],[26.896500856582115,61.177867149459914],[26.89655516632177,61.17788448195557],[26.896569338115114,61.17788900855001],[26.89659391126885,61.177896846869515],[26.896624240148896,61.17790718537178],[26.896653488264135,61.17791825023437],[26.89666033960062,61.17792117320687],[26.896681320673586,61.17793012200158],[26.896691827208326,61.17793539093424],[26.896699233734065,61.17793911334144],[26.896707104357368,61.17794306054405],[26.896717979798957,61.177949236501355],[26.896718926290472,61.177949775883675],[26.896718981981987,61.17794980285917],[26.89672643997772,61.17795484502251],[26.89672669969537,61.17795502477409],[26.896740539724547,61.17796436313207],[26.89675770508393,61.17798026670484],[26.896760667348513,61.17798413834133],[26.896763944289813,61.17798844114607],[26.896773276932567,61.17800586495128],[26.896779652701806,61.17802345707819],[26.896779652555068,61.17802350196646],[26.89678366083707,61.17803728575413],[26.89678500000921,61.178042834978605],[26.896785036755546,61.17804296967173],[26.89678799074298,61.178055064852686],[26.896793990907803,61.17809087239749],[26.896795685645056,61.178112788196295],[26.896800893422476,61.17818055566339],[26.8968012120237,61.1781854756726],[26.896801230441,61.17818552955267],[26.896801336543632,61.178187199481265],[26.896803499060653,61.17838458431084],[26.896803112403727,61.17838910876485],[26.89680286141703,61.178391945519124],[26.896798148881764,61.17844570922823],[26.896798148735048,61.17844575411648],[26.896797774137074,61.17846365531631],[26.89679777396102,61.178463709182225],[26.896799128559657,61.178481611699574],[26.89680250997164,61.17849947985048],[26.896807918405806,61.178517250791174],[26.896815521559482,61.1785348169171],[26.896815540035682,61.17853485284191],[26.89682239981262,61.17854661882267],[26.896837983903268,61.17856288028614],[26.89685253319208,61.17857148300248],[26.89685268161803,61.17857158186997],[26.896853924982448,61.17857231898623],[26.8968815904375,61.17858427138267],[26.896881646159603,61.17858428938046],[26.896895053485242,61.178589578460546],[26.896930245915915,61.178602595942394],[26.896954091370848,61.17861141220822],[26.89695416565732,61.17861143919779],[26.89741285730835,61.178764371965634],[26.897460583104884,61.178782875183366],[26.897461771585316,61.178783342922195],[26.89747085250388,61.17878686006764],[26.89747373070817,61.17878803832178],[26.89747380499551,61.17878806531106],[26.897479468611152,61.17879036788296],[26.897507283506012,61.178802239465014],[26.89753078846786,61.17881294068301],[26.89756138579002,61.1788268702465],[26.897600035144812,61.17884625533968],[26.89760062918345,61.17884655205206],[26.897716113504842,61.17890445553917],[26.89771977022445,61.17890638850071],[26.89772192340828,61.17890753029139],[26.897724095156974,61.17890868107373],[26.897798748561744,61.1789491279845],[26.897839008030182,61.17897093819606],[26.89787239980487,61.178989044415374],[26.897879933302285,61.17899387110693],[26.89788379280319,61.17899635185503],[26.89789474033882,61.179003416560704],[26.89791600128979,61.17901814699564],[26.897922437619357,61.17902301774625],[26.897922604586576,61.179023134581854],[26.89793597809569,61.1790332445442],[26.897939891501156,61.17903630888019],[26.89794632577794,61.17904181704298],[26.897958155983737,61.17905193481794],[26.897975173535258,61.17906791892091],[26.89798549522026,61.17907878968178],[26.897990628319636,61.17908418015262],[26.8979906468265,61.179084207099606],[26.898004650231037,61.17910079941053],[26.898004687244807,61.179100853304455],[26.898007279948576,61.17910408721969],[26.89800731702035,61.1791041231583],[26.898019776163427,61.179121019545676],[26.898019813206243,61.17912106446195],[26.898024253473093,61.17912796265915],[26.898030858559174,61.17913816627028],[26.898047236982155,61.17916784083642],[26.89804999141759,61.17917281654139],[26.89805139504818,61.179175762275186],[26.898056197237253,61.1791857490637],[26.8980614015978,61.179197872841264],[26.89806590443537,61.179208433975305],[26.898065922971348,61.17920845194462],[26.898071274873782,61.179220952895115],[26.898082889341424,61.17925761747971],[26.898091742784803,61.17928558959699],[26.898099326150465,61.17930956569292],[26.89810186175989,61.179318976203234],[26.898102872320074,61.179322729631366],[26.898102890798178,61.17932276555597],[26.898107370374692,61.179340544721015],[26.898126752582133,61.17944781557418],[26.898127956386222,61.179460834107026],[26.898130004810213,61.17957514837122],[26.898131798608443,61.17967617548462],[26.89813374619175,61.17969495824299],[26.898141067027538,61.17976577066151],[26.89814185441739,61.17976954187661],[26.898143227875263,61.17977608763357],[26.89814753992929,61.17979394746916],[26.898153116777117,61.17981169154583],[26.898153135255583,61.17981172747041],[26.89816042353918,61.1798292394141],[26.898160442017666,61.17982927533869],[26.898162825742578,61.17983390961056],[26.898165708329692,61.1798395318015],[26.898165708242825,61.17983955873445],[26.898176307488175,61.17985671405954],[26.898189697169375,61.179873476463634],[26.89818971564792,61.179873512388205],[26.898193181962693,61.17987687264359],[26.898206268871498,61.17988950508856],[26.89822249786039,61.17990225660307],[26.898244467109706,61.179916691253084],[26.89824454137142,61.17991672721956],[26.898268279304528,61.179930480891244],[26.898289069746216,61.17994144028895],[26.898307393192525,61.17995052149746],[26.89831502334042,61.17995429784875],[26.898315079036838,61.17995432482359],[26.898341926715027,61.179966707232786],[26.898401478910504,61.17999162007117],[26.898607593780014,61.18006833611854],[26.898618124583056,61.18007215951235],[26.898628692577553,61.18007598293316],[26.898914593440324,61.18017727622677],[26.89892841209806,61.18018217937083],[26.898928504984454,61.180182206373146],[26.898937569598303,61.180185184746655],[26.899023854699006,61.180212280873114],[26.899155613908317,61.18025365837564],[26.899165626944182,61.18025661948463],[26.899180600430764,61.18026093093612],[26.899180711883492,61.1802609669298],[26.899197524545414,61.18026580943114],[26.899295155993418,61.180291908328506],[26.8993230834718,61.18029825834889],[26.899324012514178,61.18029847450359],[26.89932867640666,61.18029952835782],[26.899328732133185,61.18029954635458],[26.899328787888315,61.18029955537372],[26.899363166416162,61.18030631417569],[26.899363222171313,61.180306323194785],[26.89939827297989,61.18031218472009],[26.899412436055975,61.180314080550005],[26.899437230697604,61.18031741172225],[26.89946072629526,61.180319933935124],[26.899473533659073,61.180321299069675],[26.89951017390394,61.18032437866704],[26.89958388723055,61.18032892217182],[26.89966915133949,61.180332369939286],[26.8997719108295,61.18033651290345],[26.899792640800225,61.180337479874844],[26.89980712386578,61.18033816391441],[26.899817219059265,61.18033870106429],[26.899844083717166,61.18034015735945],[26.8999176460953,61.18034541878473],[26.89995224043468,61.18034867630418],[26.899988413048895,61.18035265319399],[26.900017873013436,61.1803566251193],[26.90001792876888,61.18035663413812],[26.900060083527396,61.180362303226836],[26.900087627098454,61.18036664180753],[26.900122510188964,61.18037268257496],[26.900122565944468,61.180372691593774],[26.900156349949178,61.18037936895678],[26.900191360448176,61.1803862896123],[26.90021765345062,61.18039213549394],[26.900234710539905,61.18039619698884],[26.90025096868766,61.18040006038446],[26.90026551630168,61.180403868652576],[26.90026612944305,61.18040402172449],[26.900283668333113,61.18040861325067],[26.900315734077232,61.18041770430278],[26.900324075171643,61.18042021521184],[26.90033278782055,61.180422834125885],[26.900360019829744,61.180431652280404],[26.900363604945813,61.18043281303739],[26.900363660673147,61.180432831033734],[26.900393937184603,61.180443249446625],[26.90042333798232,61.180454232802276],[26.9005373273868,61.180500264282536],[26.900552350711227,61.1805065596843],[26.900744353916114,61.18059135099083],[26.90076405364036,61.180600693226616],[26.90094412011906,61.180691400765824],[26.90095780214098,61.180698539042595],[26.900962981620683,61.180701245109084],[26.900963037292513,61.180701281060486],[26.90113442800796,61.18079571671254],[26.90113450227503,61.18079575267741],[26.90116349059864,61.18081394464098],[26.90118216036408,61.180825683102334],[26.901246379746656,61.18086971155288],[26.901346958870395,61.18094741477306],[26.90136027525232,61.18095856576172],[26.901364448184097,61.1809620700925],[26.90136450385684,61.1809621060437],[26.901495166798956,61.18107075913459],[26.901556241414315,61.18111579064829],[26.901600147004253,61.18114481145215],[26.901606735586316,61.18114888312344],[26.901612637438586,61.18115254132278],[26.901617983089913,61.18115566943525],[26.901620525974085,61.18115716157562],[26.901636247350623,61.181166375106464],[26.901644824303403,61.181170870170426],[26.90166142120192,61.18117959056214],[26.90168814098486,61.18119199914473],[26.90169445513389,61.181194634185196],[26.901696906502757,61.1811956594188],[26.901703629186866,61.181198474308744],[26.901721887314054,61.18120519387784],[26.9017219616107,61.1812052208648],[26.90173319880697,61.18120935874637],[26.90174436310643,61.18121302075761],[26.901763849507088,61.18121942699354],[26.901788372097567,61.18122683339985],[26.901795450226352,61.1812289662399],[26.901808993852285,61.18123290827863],[26.90180904958187,61.18123292627436],[26.901841191625056,61.18124181053246],[26.901841284517058,61.181241837532774],[26.901860775336427,61.18124683426351],[26.901906984790514,61.18125867337376],[26.901974065691842,61.181274055799264],[26.901974121449456,61.18127406481727],[26.90214512566022,61.18130919240481],[26.90215389730119,61.181310904499],[26.90236185749416,61.18134983810299],[26.902364979795752,61.18135038799152],[26.90237094555437,61.18135146063447],[26.902511005069034,61.18137552291651],[26.902562845233522,61.18138266155549],[26.90258245494463,61.181385351006284],[26.902582529297863,61.18138536003746],[26.902588180253428,61.18138601049385],[26.90259911042685,61.18138725727261],[26.90270101827565,61.18139745732743],[26.90275446324036,61.18140280151162],[26.902853954553443,61.18141275731924],[26.902889772985525,61.181417532191496],[26.9029095117258,61.18142060772726],[26.902944396521168,61.181426647767374],[26.902978664927563,61.181433585124076],[26.903006166521255,61.18143991612272],[26.90300648242007,61.1814399881703],[26.903012298655554,61.18144132103033],[26.903030489162695,61.18144597550988],[26.903030544920917,61.18144598452751],[26.90303060065157,61.181446002522726],[26.903062687111486,61.181455003160316],[26.903080205696153,61.18146047412036],[26.903093804430856,61.18146472131059],[26.90309387872929,61.18146474829678],[26.90310062173358,61.18146706038214],[26.903124157159034,61.18147515712051],[26.90312707350578,61.18147617368307],[26.90313010131423,61.181477226235955],[26.90315918738371,61.18148837934575],[26.90315924308696,61.181488406318614],[26.903159317385505,61.18148843330473],[26.90327208515969,61.18153513492442],[26.903358263039703,61.181569302608345],[26.90338829956028,61.18157982790991],[26.9034135649231,61.18158779116664],[26.90342242639159,61.18159058056302],[26.90342250069061,61.181590607549005],[26.9034225564492,61.18159061656644],[26.903454456939773,61.18159970675499],[26.903553177554187,61.18162482478442],[26.903605932454116,61.18163709890239],[26.9036569220936,61.181648958771405],[26.90367533913742,61.181652571915485],[26.90369134020881,61.18165571650044],[26.903717081353502,61.18166015181421],[26.903726392772214,61.18166175645803],[26.90373481273526,61.18166299238317],[26.903755667407808,61.181666077566156],[26.903779311585627,61.181669101883834],[26.903789423569826,61.18167039287358],[26.903791654142218,61.181670681743334],[26.90390090678255,61.18168144272655],[26.903902598800457,61.181681497792994],[26.90391687859626,61.18168199271734],[26.903953992021368,61.181683006582446],[26.903968886723195,61.181683088964505],[26.903991107905952,61.18168321244881],[26.904000963798833,61.18168311170233],[26.90400706331043,61.181683044203716],[26.904007137692048,61.181683044256424],[26.904044202156534,61.18168181364455],[26.904044443924082,61.181681804838185],[26.904044946081896,61.18168177826091],[26.904081138905045,61.18167977494184],[26.90410316074484,61.181678183531574],[26.90410321655831,61.181678174593436],[26.90424982116827,61.18166652653627],[26.904249895577077,61.18166651761117],[26.904281903943122,61.18166466390084],[26.904324231742688,61.18166314964618],[26.904393098074014,61.18166069350202],[26.90442536322823,61.18166000703617],[26.90446932420376,61.18165955325364],[26.904469863470144,61.18165955363397],[26.90449972864823,61.181659251497535],[26.90453684423713,61.18165954699087],[26.90456486559414,61.18166019517366],[26.904597422193678,61.181661519870275],[26.90463890352783,61.18166320097171],[26.904686237998266,61.181666349539505],[26.904712638232134,61.18166810080437],[26.90489547583203,61.18168420955599],[26.90490623978769,61.181685141813254],[26.904906407092273,61.18168515988606],[26.90492365916992,61.18168665331229],[26.905004227279232,61.18169481667674],[26.905069235815983,61.18170138901936],[26.905089570836346,61.181704186347254],[26.905124157217088,61.18171076427648],[26.90513118035217,61.18171274428301],[26.905142458333994,61.18171589436601],[26.905171545334532,61.181727047043516],[26.905187181120308,61.18173424012508],[26.90518723685271,61.18173425811943],[26.905212207904963,61.181747535614846],[26.905234702737996,61.18176182584993],[26.90527641618774,61.18179156213713],[26.90533827838682,61.181836664309444],[26.90536010320249,61.18185118747459],[26.90536015888138,61.18185122342418],[26.905384087593166,61.18186488619911],[26.905409952546265,61.18187778722001],[26.905410026820753,61.18187782318257],[26.905414409419777,61.18187981030798],[26.9054144836943,61.18187984627054],[26.905414539427063,61.181879864264765],[26.90547023662407,61.18190354135087],[26.905470292330047,61.181903568322745],[26.905476735869495,61.18190661624948],[26.905496809215283,61.18191612863041],[26.905520104980635,61.18193006026965],[26.90552014209113,61.181930087228515],[26.905537594143453,61.18194559485837],[26.905551639893147,61.18196221334191],[26.905576419649563,61.18199604052204],[26.905576438164616,61.18199606746798],[26.90558942943093,61.18201087172305],[26.9055909120587,61.182012551580634],[26.905590949115673,61.18201259649485],[26.90561124280693,61.18202930012556],[26.905631243766326,61.18204440552411],[26.905631317987794,61.18204445944185],[26.905640614752258,61.18205103757259],[26.90565416093185,61.182060626181894],[26.90565421661144,61.18206066213137],[26.905660993983116,61.18206402450017],[26.905680007855022,61.18207342838376],[26.90571662383308,61.18207928936079],[26.905743104968835,61.18207276306953],[26.90575110701554,61.18207078457265],[26.9057511815053,61.18207074871385],[26.905754272186343,61.18206947603522],[26.905754346649296,61.182069449154035],[26.905761142390087,61.18206666182698],[26.90577376944077,61.18206023362235],[26.905776823732428,61.182058691587805],[26.905786713013814,61.18205367097165],[26.905808513313016,61.18203913333056],[26.905823018355928,61.18202652081292],[26.90582652343544,61.18202347084218],[26.905826560733782,61.182023434957436],[26.90584288070048,61.18200708001121],[26.905858753071186,61.18199115568002],[26.905861643632335,61.18198839256674],[26.905862389624083,61.18198766589395],[26.90586593290383,61.18198427479728],[26.905865970175313,61.181984247890185],[26.905883218381344,61.18196839633361],[26.905883255652782,61.18196836942649],[26.905939143978184,61.18192182311994],[26.905939181249522,61.18192179621279],[26.906181888445698,61.181741127333],[26.906201517989164,61.181724801568286],[26.90642462609163,61.181517876946266],[26.906428485511512,61.18151444116476],[26.906428541483685,61.18151437835976],[26.906519443944696,61.18143617379674],[26.90651948124155,61.18143613791178],[26.906535762637436,61.181420025251455],[26.90654561382951,61.18140891769283],[26.90655037158745,61.181403525395446],[26.906550408884232,61.181403489510515],[26.906562954757693,61.1813866470783],[26.906573344687654,61.181369426095706],[26.906573344793916,61.1813693901851],[26.906581373837746,61.181351925176294],[26.906581373944,61.18135188926572],[26.906584885435098,61.181340337425695],[26.906586744635323,61.18133416207068],[26.906586763310212,61.18133413515055],[26.906587789152265,61.18132680110127],[26.906589308641944,61.181316028944664],[26.906589308721625,61.18131600201171],[26.906592127092125,61.18126217384319],[26.906592923228292,61.181257057120035],[26.90659734575696,61.18123925744913],[26.906597364511462,61.18123920359603],[26.906597888946937,61.181237929128486],[26.906600061547024,61.18123266971168],[26.90660463148007,61.1812216123727],[26.906606295104606,61.18121868679916],[26.906607453924956,61.18121668557762],[26.906619107738493,61.18119963603832],[26.906619126413265,61.181199609118174],[26.906634645794114,61.18118330738904],[26.906646109661253,61.181173888736396],[26.90664614695764,61.181173852851394],[26.906666980237098,61.181159000185794],[26.90669064140992,61.18114365569317],[26.906690734571097,61.181143592913664],[26.9067113588868,61.18113022141285],[26.906732229402998,61.18111533285207],[26.90674089788351,61.18110796815309],[26.906750573012435,61.181099751267844],[26.906750591687043,61.18109972434768],[26.90676492357155,61.181082506063504],[26.906769240608238,61.18107520121101],[26.906775108772162,61.181065275946146],[26.90677512747324,61.181065240048326],[26.90677874454706,61.18105568131845],[26.90678206184511,61.18104688548413],[26.906783843929972,61.18102902114571],[26.906783844035996,61.181028985235095],[26.90678039921124,61.18101799419532],[26.906771906993445,61.18099086680701],[26.906769397187144,61.18098439217882],[26.906769231131175,61.18098395215866],[26.90676506047553,61.180973176082865],[26.906758872063516,61.1809593192769],[26.90675759738802,61.18095648145543],[26.90675586197443,61.1809522428001],[26.906749363422083,61.180936365804165],[26.906746440968423,61.180918507204694],[26.9067469487863,61.180916559399726],[26.9067486603899,61.18090997096766],[26.906763417248253,61.18089364176518],[26.906787275525335,61.1808870326647],[26.906796022328695,61.18088460573493],[26.906833123202567,61.180883284608576],[26.90687008572609,61.180884737477335],[26.90689276649316,61.18088646780499],[26.90692909015265,61.18089017361389],[26.90696507728637,61.18089449864115],[26.906979764117573,61.180895586048685],[26.90697985706585,61.18089559509018],[26.90700186871961,61.18089722618565],[26.907042968821116,61.180901779144435],[26.90704791346491,61.1809023301757],[26.907074346919817,61.18090525707841],[26.90708518397099,61.180906557297355],[26.907101578985156,61.18090851669748],[26.907101634743604,61.18090852571341],[26.90731708797457,61.18093621680518],[26.907323835075577,61.18093719998791],[26.90732690195419,61.18093764199211],[26.907330080323643,61.180938111005574],[26.907365301459162,61.18094370125394],[26.907381209037638,61.180947024892816],[26.907399402432382,61.1809508169314],[26.907411609854236,61.180954057237976],[26.90742087942964,61.18095724166944],[26.90742585788297,61.18095895082955],[26.907441963519634,61.180964492081316],[26.907451265764756,61.180969220692404],[26.907451395771766,61.18096927464723],[26.907467437976553,61.180977428354794],[26.90747853384144,61.18098560561487],[26.907478570926212,61.18098564155089],[26.9074823710887,61.18098967512075],[26.907493975600982,61.18100195552249],[26.907499141566397,61.18100948233857],[26.907505659105393,61.181019012097956],[26.907511117810323,61.18102817304954],[26.90752015976093,61.18104559590439],[26.907527471882965,61.18106318815344],[26.907531948777336,61.18107742979537],[26.90753196724093,61.181077474696316],[26.90753630337825,61.181095334243246],[26.907544505223804,61.18115835411148],[26.907545632987233,61.18116693753427],[26.907545632882076,61.18116697344488],[26.907546290160195,61.18117112157726],[26.907548408101302,61.18118447281888],[26.907556711296795,61.1812255962166],[26.90756534454825,61.18126831786411],[26.90757725876764,61.18132730031042],[26.907582721872828,61.181373099133886],[26.907585807195858,61.181399019772805],[26.907586102729415,61.181412405680625],[26.907584584402247,61.181448306347626],[26.907577230742422,61.181502032685586],[26.907577212041996,61.18150206858353],[26.907574681480018,61.181515317897784],[26.90757468137489,61.181515353808386],[26.907551418356235,61.18160434255296],[26.907551399655716,61.181604378450835],[26.90754792773009,61.181615230084084],[26.90751804580218,61.181703801331],[26.907516357092806,61.18170896233811],[26.90751444347574,61.181714724695524],[26.907514443370548,61.181714760606084],[26.907502204999595,61.18176006254848],[26.907501998266508,61.18176080755387],[26.907500024227943,61.18176814993967],[26.907497312706486,61.181786022628295],[26.907496014254235,61.181803959125524],[26.90749621248993,61.18181246111404],[26.907496212358406,61.18181250600233],[26.90749642653297,61.181821914746365],[26.907497948020076,61.18183575037426],[26.907498400834164,61.18183987143387],[26.907501807254995,61.18185773932257],[26.90750660863309,61.18187550940932],[26.907509189913583,61.18188305241437],[26.90751267474943,61.18189319956044],[26.90751267467053,61.18189322649338],[26.907512693187165,61.18189325343904],[26.907519819676992,61.18191080067107],[26.90751983811475,61.18191085454967],[26.907536602018734,61.18194578015077],[26.9075366391047,61.18194581608674],[26.907539598461778,61.18195125857456],[26.907542520944258,61.18195659330507],[26.90754255797763,61.18195664719634],[26.907602187977268,61.18206039792197],[26.907627715431953,61.18211274616691],[26.90763369249176,61.18212913448915],[26.90763642269378,61.18213664168231],[26.90764061034732,61.18214811799894],[26.907641530151384,61.1821515301404],[26.90764927303735,61.18218725756514],[26.907654731750707,61.18224100161385],[26.907654731671926,61.18224102854682],[26.907654888792333,61.18224452994485],[26.907654888713555,61.1822445568778],[26.907655635890436,61.18226248579223],[26.90765441523795,61.18229835074769],[26.90765441513291,61.18229838665829],[26.907652939216728,61.1823070850133],[26.907651387551024,61.182316250155445],[26.90764586841853,61.182334013199345],[26.907644014855318,61.182338312238976],[26.907642854010902,61.182341013725825],[26.90763507476969,61.18235583953047],[26.90763479423042,61.18235638697697],[26.90763372828098,61.182358433158605],[26.90763369095805,61.1823584780215],[26.90762181440321,61.18237542873889],[26.907621795702312,61.1823754646368],[26.907619015100806,61.18237882038856],[26.907616327793043,61.182382068471895],[26.907616290470063,61.18238211333478],[26.907597041618825,61.18240190494263],[26.907584749937847,61.18241454609244],[26.907584712641064,61.18241458197765],[26.907497327755838,61.18247267966854],[26.907451201999635,61.182500748264275],[26.907451108862276,61.18250080206666],[26.907432072196283,61.182511589194014],[26.90739875255266,61.18252915367272],[26.90738189715702,61.182538039018404],[26.90736740891236,61.18254505862578],[26.9073293632497,61.18256349966681],[26.907307092235364,61.18257379976963],[26.90722462426585,61.182610013092244],[26.907207961176056,61.182616707996786],[26.907196101511236,61.18262147599164],[26.907185247793233,61.18262564317092],[26.907171806329455,61.18263079611949],[26.907081059042525,61.18266197618598],[26.90705721488321,61.18266967164465],[26.907036051760514,61.18267627366358],[26.90699484233297,61.18268911037393],[26.90697693792901,61.18269420637279],[26.90696271865043,61.18269824553549],[26.906948872981868,61.18270171038263],[26.9069373349092,61.18270460224298],[26.906921480812887,61.18270808366277],[26.906903486794903,61.182712030448705],[26.906868563564995,61.182718281832216],[26.906835040003564,61.182722846367724],[26.906818001252997,61.182724459605566],[26.906798544302255,61.18272631357442],[26.906761587377776,61.182728532557874],[26.90672697619963,61.18272985537968],[26.906680874691993,61.182730487974275],[26.906652588917627,61.182730881457175],[26.906392361739023,61.182728816564115],[26.90638678282552,61.18272884861935],[26.906377335885885,61.18272889595623],[26.906340216092428,61.18272958850849],[26.90630311276182,61.18273099927546],[26.90629199028724,61.18273168286186],[26.906285722280874,61.18273206456527],[26.906249079313422,61.1827350018396],[26.90621289830615,61.18273892696743],[26.906206722130648,61.18273969477048],[26.906195820775988,61.18274106080492],[26.906160268257683,61.182746252205206],[26.906125178519687,61.18275215315269],[26.90611276812816,61.18275444283448],[26.906098534334955,61.18275706342481],[26.90606405557161,61.18276386254689],[26.906053988326182,61.18276613589287],[26.906030374018474,61.182771470203356],[26.90601364251364,61.1827760461838],[26.90600547219168,61.18277827595401],[26.905992870393924,61.182782387958696],[26.90597474018961,61.18278830063621],[26.9059573323634,61.18279517442338],[26.905945900901127,61.18279969123131],[26.905937837864922,61.18280335749888],[26.905918937173222,61.18281196293444],[26.905904410134905,61.18281936839805],[26.905904354239652,61.18281940426986],[26.90587987858011,61.182832943544824],[26.905866092207805,61.18284140888385],[26.905856981961133,61.1828470225729],[26.90583532968064,61.182861632144544],[26.905823756434756,61.18287002719637],[26.905823719135434,61.18287006308108],[26.905819487776,61.1828734267648],[26.905785245170584,61.182900730974744],[26.905746346604097,61.18293656072131],[26.905733442525793,61.18294845612992],[26.905669519889436,61.18301321243975],[26.90566565872818,61.18301714196952],[26.905662916717862,61.183019941092404],[26.90563525553484,61.183047698730824],[26.905614551604778,61.18306846760789],[26.905601060470364,61.183083863885315],[26.90560104176675,61.18308389978295],[26.90558799282116,61.1831006699504],[26.905586068977716,61.18310348759729],[26.905576356344454,61.183117719408884],[26.90556886012153,61.18313079464572],[26.905566429905633,61.183135039388524],[26.905558402988245,61.1831514539473],[26.905551302358067,61.18316904522601],[26.905550251458155,61.18317222258777],[26.905545447429837,61.18318671817192],[26.905539528359725,61.183213395673846],[26.90553751147709,61.18322244375674],[26.90553497266746,61.183238116994595],[26.90553497256001,61.18323815290518],[26.90553218725928,61.18327405265695],[26.905532617035874,61.1832920082926],[26.90553500663071,61.18330755927991],[26.905535371761534,61.183309830884546],[26.905535371654075,61.183309866795106],[26.9055398621584,61.18332558084542],[26.905547638613374,61.18334317351947],[26.905554115521156,61.18335381657198],[26.905558075677515,61.18336032814228],[26.905564077276786,61.1833682326742],[26.905570875302022,61.1833772150812],[26.905576973541578,61.18338389871706],[26.905577010573293,61.1833839526089],[26.90558585209007,61.18339364567532],[26.905602243242033,61.18340973610201],[26.905620680072065,61.183425809996635],[26.90564004913125,61.18344108552574],[26.905660665271352,61.183455993836134],[26.905682863712528,61.18347037356274],[26.905701131092833,61.18348094401801],[26.90570673754539,61.18348418885886],[26.905706793281173,61.183484206852995],[26.905732417804078,61.183497152529426],[26.90575405466387,61.18350655822557],[26.90576057361369,61.183509381748664],[26.90576792956725,61.183512151987735],[26.905789978892827,61.18352044473422],[26.9058117901183,61.1835275163488],[26.905820800740155,61.18353043137816],[26.9058528712499,61.18353952111618],[26.905918727778914,61.183556166579734],[26.905933817472032,61.18355975914871],[26.905944094094945,61.18356219923264],[26.905987821080945,61.183572509016976],[26.906111048525617,61.18360153848479],[26.906127865231113,61.18360597612984],[26.906135298054693,61.18360792943442],[26.90619951416431,61.18362599209586],[26.906199607067045,61.18362601909318],[26.906327708287844,61.18366722545522],[26.90647678735218,61.18372081740635],[26.906509777174367,61.18373358846666],[26.906901399478514,61.18389911010684],[26.90693017243807,61.18391044173928],[26.90694360272922,61.18391558619167],[26.906943677036736,61.18391561317571],[26.906950810107492,61.18391835626418],[26.907005909969776,61.18393809110323],[26.907040444952464,61.18395045909942],[26.907133210838282,61.18398031960502],[26.90715088077919,61.183985628541286],[26.907312412870418,61.18402987337538],[26.907312524372085,61.18402990038467],[26.90734537899232,61.1840382720914],[26.90736373926948,61.18404283632568],[26.907363832174426,61.184042863322205],[26.907699335244285,61.184120021971516],[26.907870528878497,61.18415505265793],[26.9078782049298,61.18415658408173],[26.90805020173879,61.18419054674462],[26.90807456615179,61.18419609352346],[26.908075105121714,61.18419621059885],[26.908117478068707,61.184205845450144],[26.90814717430331,61.18421329012002],[26.908150407812823,61.18421410030254],[26.90815050071895,61.18421412729852],[26.908174602617596,61.184220428005304],[26.908303058203423,61.18425659626268],[26.908331435946383,61.184263420540496],[26.908336267785014,61.18426458192917],[26.908336379288382,61.18426460893765],[26.908343126428672,61.184265834465776],[26.90837111870826,61.184270916807215],[26.90840712820376,61.184275340216715],[26.908443925550447,61.184277429955955],[26.908464420025496,61.18427721936478],[26.908477270899112,61.18427709338302],[26.90851376745491,61.18427388607697],[26.908548394815742,61.184267535316],[26.9085485250983,61.18426749949329],[26.908559059152637,61.184264678639785],[26.908589142465672,61.18425410529775],[26.908616570843435,61.18424199497708],[26.90862504332822,61.18423823905036],[26.908625136416745,61.1842382032025],[26.908653585908198,61.18422667711143],[26.908672649087567,61.18421979511753],[26.908683372096345,61.18421593297242],[26.908711033337557,61.184206875196104],[26.908711126425896,61.1842068393482],[26.908749342052722,61.18419434125258],[26.908842598010242,61.18416477774246],[26.908870500635125,61.18415581885031],[26.908931167878166,61.184135040442],[26.908944517540004,61.184129599972785],[26.908959542881114,61.184123478325844],[26.90898133214896,61.18411275567941],[26.90898321312171,61.184111823265965],[26.908983268989896,61.1841117963705],[26.909006276610345,61.18409775280212],[26.909006313907522,61.18409771691649],[26.909025977287428,61.18408255786757],[26.90902605182996,61.18408250405163],[26.90903675599952,61.184072240789746],[26.909042704835173,61.18406653498852],[26.909057462475495,61.184050034968514],[26.909069520565684,61.18403457454404],[26.909069557940292,61.18403451172548],[26.909071350809093,61.184031882472716],[26.90908121146583,61.18401746198141],[26.90909143351841,61.18400024069999],[26.90909629631488,61.18399064683788],[26.909100261345404,61.18398282995112],[26.909107193043436,61.183965157577056],[26.909111776659024,61.18394918040614],[26.90911177676241,61.18394914449553],[26.909115119974903,61.18393122731619],[26.90911690090382,61.183913362954506],[26.909116388916363,61.1838909543551],[26.90911564906414,61.1838572606757],[26.909111966274473,61.18381872605915],[26.909108807391156,61.18378554248326],[26.909106249483102,61.183769695184985],[26.90910557327203,61.1837655739822],[26.909105573401277,61.18376552909396],[26.90909884463605,61.18373857362287],[26.909087777110635,61.183694243454006],[26.909080365350576,61.18367199182076],[26.909069468923505,61.18363929682117],[26.909036119739884,61.18355084440989],[26.909022222851267,61.1835139548204],[26.90901700338359,61.18349891372223],[26.909009957955835,61.183478637417274],[26.909009939514643,61.18347858353887],[26.90900907627091,61.18347483927179],[26.909005769352657,61.18346080495651],[26.90900456787275,61.1834453715394],[26.909006181468648,61.1834275070655],[26.909010317552553,61.183411942568775],[26.909010919081133,61.183409707533706],[26.90901093785869,61.18340964470265],[26.909017720450517,61.18339206200818],[26.909026511032625,61.18337462430462],[26.909026529810113,61.18337456147355],[26.909081438748654,61.18328636582428],[26.90913720889545,61.183163750351866],[26.909137227646752,61.18316369649843],[26.90914005041297,61.18315858112134],[26.909149820625764,61.18314317301922],[26.9091509041697,61.183141450033744],[26.909150941465565,61.18314141414812],[26.909176180706815,61.183107684020705],[26.909176218054284,61.18310763017973],[26.909191781554306,61.18308878751201],[26.909223271671795,61.18305414584389],[26.909253511826734,61.18302087691404],[26.909310513203987,61.182967722407334],[26.909321794131536,61.1829571991552],[26.90932183142701,61.182957163269485],[26.909329176543263,61.18295082097514],[26.909329213812907,61.182950794067075],[26.909348039367476,61.18293567929675],[26.909405764825713,61.18288930337334],[26.90940965976134,61.182886397213835],[26.90941392744287,61.18288320401814],[26.909603468536236,61.182750128980935],[26.90960352442718,61.18275009310758],[26.90960801473471,61.18274707062995],[26.909723455584945,61.182676780653885],[26.909723530071616,61.18267674479285],[26.909731000798647,61.18267194671916],[26.909775382940534,61.182641712569215],[26.909816970141584,61.18261338878719],[26.909837208425223,61.18259831977722],[26.90984395477185,61.182593206996714],[26.90991840990316,61.18252914700269],[26.910116775205864,61.18235848761214],[26.910176077051386,61.18231283959465],[26.910195846756793,61.18229893731683],[26.910285102350517,61.18224154836098],[26.91030518426479,61.182228992924124],[26.910324613119712,61.182217209131466],[26.910337205526943,61.18220957747145],[26.91037466610088,61.18218685285051],[26.910400327851885,61.18217387914095],[26.910400383715412,61.18217385224487],[26.910424997769606,61.182163104299484],[26.910428814089162,61.18216162550779],[26.910482987243775,61.182140608686694],[26.910508871602687,61.18212779670166],[26.910525028652724,61.182115597745714],[26.91053634588505,61.182098574583165],[26.910536364557025,61.18209854766249],[26.91053785187933,61.182092102678546],[26.910540468778564,61.18208077458882],[26.910540856768694,61.182075100958336],[26.91054097309958,61.18207342221106],[26.910539494226562,61.18203751055871],[26.910539280338977,61.18203424254597],[26.91053904915323,61.18203051666066],[26.91053900020995,61.182021538959376],[26.910538951266705,61.1820125612581],[26.91054134496082,61.181994688300065],[26.910548275313023,61.1819770517574],[26.91054827541477,61.1819770158468],[26.91055223517783,61.181970841825475],[26.910553131708074,61.181969450878775],[26.910553150456263,61.18196939702513],[26.910568240563126,61.18195306763146],[26.910568277855987,61.181953031745444],[26.910581843221568,61.18194322810889],[26.91058888681109,61.18193812446483],[26.910588942699476,61.18193808859103],[26.910614975384945,61.18192535748236],[26.910629866312362,61.18192025003664],[26.9106490318477,61.18191598033237],[26.91066350835386,61.18191274894242],[26.910663545570355,61.181912739989315],[26.910699725078334,61.1819088136719],[26.91071471430438,61.18190839262494],[26.910736844827404,61.18190776081858],[26.910792161085727,61.18190973643715],[26.91080921152497,61.181910340191486],[26.910852237354085,61.181911876764055],[26.910866759790004,61.18191212871822],[26.910877767820256,61.181912324492544],[26.910889333691667,61.18191252961062],[26.910926450399337,61.18191255402362],[26.910963717896927,61.18191186031202],[26.910985793212976,61.18191102194231],[26.910986109387842,61.18191100419475],[26.911000671293245,61.18191044817027],[26.91117795952884,61.181897941939006],[26.91117799682095,61.1818979060528],[26.911184599574923,61.18189743456588],[26.911196019961373,61.18189647246542],[26.91160249621734,61.18191793462143],[26.91175102867591,61.18192117365757],[26.91186799614206,61.18192072910788],[26.911980284534565,61.181917767669425],[26.912017312800156,61.18191616676796],[26.912054138711685,61.18191377569013],[26.91209141621023,61.18190948162955],[26.91212618892281,61.18190316595827],[26.912227819535737,61.18188101212159],[26.912262962752944,61.18187518144943],[26.912279313431522,61.181873315706525],[26.912316249649603,61.18187135555696],[26.91235336444108,61.1818720529029],[26.912390214337886,61.18187439298077],[26.91242689531161,61.1818772985325],[26.912446769172536,61.18187902611471],[26.912556343776338,61.181888999265446],[26.912592594003033,61.18189301772518],[26.91261118322547,61.1818953100474],[26.91264691018319,61.181900270810225],[26.912682151607207,61.18190597639708],[26.91271675841273,61.181912543422094],[26.9127305854585,61.181915461095976],[26.912764035887417,61.18192328423749],[26.912796610110004,61.18193191479676],[26.91282840147768,61.18194121816959],[26.91284109141625,61.18194514957693],[26.912902158693665,61.18196561305407],[26.91296145615273,61.18198727837401],[26.91297105606563,61.18199236590279],[26.913006827256957,61.18194759031433],[26.91307609301999,61.181860820724715],[26.91319844549598,61.18170752469068],[26.913198464165458,61.18170749776959],[26.91319545412553,61.1817066160291],[26.91319248125194,61.18170574328999],[26.913189564115424,61.181704888541894],[26.913094191253666,61.181676691369574],[26.913062753361817,61.18166739726325],[26.91306267902966,61.181667379260176],[26.91305580417015,61.181665399760305],[26.91304671818979,61.18166279040385],[26.91291748475493,61.18162733536443],[26.91291742899357,61.18162732635089],[26.912898400676426,61.181622475152516],[26.912832059803566,61.181606272671544],[26.912823697342702,61.181604292202536],[26.91281990636738,61.181603391995694],[26.912812342987984,61.181601600571305],[26.91277822149559,61.18159448624498],[26.912755356944867,61.18159167048705],[26.91274223303949,61.18159006400814],[26.912726353350045,61.181589784447475],[26.91270026530717,61.181589318752565],[26.912678096216872,61.18159054338096],[26.912675511065064,61.181590685357044],[26.91266331062394,61.18159135979386],[26.912622112467407,61.18159474473813],[26.912585785043674,61.181598581696754],[26.912570903807666,61.18160035864848],[26.9125350201729,61.18160509364689],[26.91252677899381,61.18160632724344],[26.912517756535067,61.18160765908925],[26.912499488346477,61.1816103675232],[26.91242045781899,61.18162380090643],[26.912394263149242,61.18162824586871],[26.91239420733821,61.18162825481031],[26.912390951502818,61.18162884523068],[26.91237995605306,61.18163084911638],[26.912207465196033,61.18166421515558],[26.912194068368905,61.181667133192],[26.912187314118263,61.181668610128845],[26.912180373813083,61.1816701228554],[26.91213457957033,61.181681216489345],[26.912129555436632,61.181682425215534],[26.91208056057152,61.18169429781209],[26.912006847751687,61.18171447663506],[26.911886573390884,61.181747400360216],[26.911867144455677,61.18175286409823],[26.911672210472442,61.18180514875529],[26.911605000357696,61.181820546502124],[26.911595696955988,61.18182256040601],[26.911590114914404,61.181823768748075],[26.91152118089862,61.18183718126319],[26.911486093172062,61.181843083600604],[26.911467285061203,61.1818459441629],[26.911467229249517,61.18184595310413],[26.91144791918242,61.18184876844727],[26.91143173444192,61.18185112797018],[26.911431660009498,61.181851145876855],[26.91140965416642,61.181853752965466],[26.911398679136795,61.18185505652665],[26.91136235176922,61.18185871360388],[26.911342617643673,61.18186022689256],[26.911305662808083,61.18186217778677],[26.911268543383777,61.18186314101947],[26.911238790659123,61.18186308561531],[26.91122092044401,61.18186304697086],[26.91119418016788,61.18186300250897],[26.91117445133584,61.18186263046609],[26.911127984932964,61.18186125333655],[26.9111002427,61.18186042714147],[26.91102635475233,61.18185660800642],[26.910842727191337,61.181842212770015],[26.910787977157856,61.181837319802455],[26.91073252069014,61.18183236350354],[26.910714805604332,61.181830080477276],[26.910696662926266,61.18182776125607],[26.910671404171595,61.181823318609815],[26.910661776457154,61.181821633435995],[26.910655327530943,61.18182031844275],[26.910649919368325,61.181819210622095],[26.910649882202744,61.181819201619895],[26.910636688502176,61.18181597891055],[26.910635517799612,61.18181569085276],[26.910616712128608,61.181811099833155],[26.910600474139514,61.18180598082314],[26.91058562954533,61.181801311614485],[26.910585573809733,61.18180129362235],[26.910578830668793,61.181798811334204],[26.910575561272132,61.18179760616814],[26.910565308674162,61.18179332602851],[26.91054742244627,61.18178582684148],[26.910520363450466,61.18177359933881],[26.910513436096306,61.18177050644419],[26.91050786448157,61.18176802492649],[26.910488753425113,61.18175966306618],[26.91048032150002,61.18175598562704],[26.91048024722004,61.181755949667284],[26.910451549228437,61.18174465474518],[26.910451512088486,61.18174463676534],[26.91045145635307,61.181744618773145],[26.910437802605767,61.181739707938384],[26.910424853120574,61.18173563249124],[26.910406664412893,61.18172990168637],[26.910373960400246,61.18172144104148],[26.910364258911798,61.181719558288975],[26.91035234579197,61.18171724314387],[26.910340618526178,61.18171496403141],[26.91030541513395,61.181709186038695],[26.910230785160604,61.181698354418145],[26.91019868410044,61.181693682707014],[26.910198609744313,61.181693673680066],[26.910197401553003,61.181693493325646],[26.910192104132406,61.18169269080087],[26.9101835172392,61.18169121276949],[26.910166157603218,61.18168822067119],[26.910157050296384,61.18168665251627],[26.9101338371489,61.181682238059395],[26.91012246289241,61.181680075871924],[26.910088360773035,61.181672871104034],[26.910072880953862,61.18166929669301],[26.910054855231003,61.18166513704115],[26.909989873857953,61.18164870065097],[26.909923127220992,61.18163183212752],[26.909916363446857,61.181630094939145],[26.909915044174035,61.18162974393263],[26.909908094575115,61.181627961731905],[26.909822358330914,61.181605909389255],[26.909743980550154,61.18158575618393],[26.909736659859227,61.18158369541936],[26.9097292648392,61.181581616649545],[26.909627431359176,61.18155093489151],[26.90957158187812,61.18153410937515],[26.90956610111851,61.18153240893645],[26.909508788463004,61.181513562441545],[26.90944471349612,61.181492511872435],[26.909351025673054,61.18146170966406],[26.909348090428754,61.18146072913362],[26.90934539671703,61.18145982058618],[26.90925686552239,61.181427091564494],[26.909200253789187,61.181403891238226],[26.90920017948567,61.18140386425538],[26.909190838213984,61.18139963848826],[26.90917302854372,61.18139157357716],[26.909158302668885,61.18138456111931],[26.90914660366357,61.18137899609502],[26.909130672469878,61.181370815728584],[26.909117898983112,61.18136384946442],[26.909105960968606,61.18135734162088],[26.90887260312231,61.18121768978687],[26.908847370280274,61.18120452949929],[26.90884727746016,61.18120447557082],[26.908832106758187,61.181197013894355],[26.90881537430683,61.18118947036584],[26.908777730975746,61.18117249517776],[26.908777693837415,61.1811724771974],[26.908733840718398,61.18115517461863],[26.908662591085502,61.18112707137212],[26.908652876403725,61.18112341988677],[26.908645390743562,61.181120595849755],[26.908578293433216,61.18109702908275],[26.908525258343577,61.181078418476304],[26.908462537147923,61.181059163888854],[26.908462462845836,61.18105913690565],[26.90843061664471,61.18105025441934],[26.90840597788457,61.18104394441333],[26.90839427168836,61.18104094693256],[26.908364913297557,61.1810334307192],[26.908281643128984,61.18101473671529],[26.908230187038562,61.181003174533565],[26.908230112684627,61.18100316550552],[26.908226414548366,61.18100238194256],[26.908196550696477,61.18099605938036],[26.90808907838272,61.18097448497532],[26.907990619521627,61.180954721119726],[26.90781151113995,61.180923285219606],[26.907811436786325,61.1809232761913],[26.907709560267516,61.18090868094339],[26.907628798873436,61.1808971165174],[26.907599057470748,61.18089350516338],[26.907382127172944,61.180868578632605],[26.907352292560972,61.18086506591498],[26.907352218207613,61.18086505688644],[26.90724438857703,61.1808515255591],[26.907140585981836,61.18084709128734],[26.907131029357185,61.18084668971782],[26.90710314208244,61.180844937903935],[26.9070573139967,61.18084206054366],[26.907034057471083,61.180840105406595],[26.90702067243976,61.18083897401022],[26.907006767677377,61.18083752803722],[26.906979199863805,61.18083464523062],[26.90694304546869,61.18083031111441],[26.906880350245228,61.18082165844027],[26.906835852094137,61.180815514047104],[26.906806746749982,61.18080436171274],[26.906778758948374,61.18079259068192],[26.90677870329625,61.18079254575527],[26.90676711930921,61.18078602897071],[26.90675453292708,61.18077892794643],[26.90675258441587,61.18077758893203],[26.90675063595783,61.180776231962334],[26.906733761828306,61.18076024008972],[26.9067241062061,61.18074300528987],[26.906724087717347,61.18074296936645],[26.906721016457464,61.18072513759642],[26.906721163594405,61.18071309864069],[26.906721236857816,61.1807071824058],[26.906721236937386,61.18070715547284],[26.906723479054207,61.18069093436496],[26.90672619590522,61.18067137389023],[26.90672793285758,61.180662496169425],[26.90671797980471,61.1806452432087],[26.90671796131601,61.18064520728529],[26.906709887249345,61.180627650377104],[26.90670787731541,61.18062193021613],[26.90670725037172,61.18062014322771],[26.906703673067152,61.18060996008444],[26.906701709106034,61.18060126834575],[26.90670169077656,61.18060117855642],[26.90669965331295,61.18059219050394],[26.906698492165344,61.1805824040423],[26.906697512190622,61.18057423368627],[26.90669742895335,61.18057093882355],[26.906697429696184,61.18057068744925],[26.906697361525197,61.18056858662721],[26.906697588591374,61.180560964740565],[26.906697628460382,61.180560058023204],[26.906697898074942,61.18055062267627],[26.90670029377872,61.180532767737986],[26.90670153697469,61.18052737301378],[26.90670441881522,61.18051490501314],[26.906715959340126,61.18047945115919],[26.9067159780144,61.180479424239046],[26.906716952604267,61.18047683036318],[26.906717983561578,61.18047403901734],[26.90671802091012,61.18047398517704],[26.906721522174557,61.1804658448402],[26.90672554780146,61.18045644799036],[26.906725566528753,61.18045640311485],[26.90674305544485,61.180421581791514],[26.906743092740253,61.1804215459065],[26.90676461522389,61.18038721215152],[26.90677718002165,61.18037008242471],[26.906819611240998,61.180320294521366],[26.90691321908116,61.18022487236885],[26.906914394084446,61.18022367016835],[26.90697870135404,61.1801581144995],[26.906981052011776,61.18015548565595],[26.906982152737655,61.18015424749314],[26.907001261762886,61.18013108924356],[26.90705093772293,61.180070856230145],[26.90705097499112,61.180070829322716],[26.90705439030382,61.180066576249864],[26.90705442765131,61.18006652240944],[26.907079889804237,61.18003279281027],[26.90709105947008,61.180015742895506],[26.907099106582738,61.17999824195453],[26.907099106688396,61.17999820604394],[26.90710369615724,61.17998038851253],[26.907104212497604,61.17996289138363],[26.907104194035277,61.1799628464826],[26.907103036746307,61.17995803365661],[26.907099876786056,61.179945022842304],[26.907094028830095,61.17993554738703],[26.907089291256437,61.17992786822758],[26.90708339473127,61.179922262115255],[26.907078091616263,61.17991720404773],[26.90707304803139,61.17991241548825],[26.907073010921923,61.179912388529736],[26.907051335703052,61.179897766984375],[26.907035000265804,61.17988838308354],[26.90702750083706,61.179884068653365],[26.907027407997504,61.17988402370128],[26.907025811421395,61.17988316074877],[26.907019295221804,61.17987961907287],[26.906958286239252,61.17984834385598],[26.90694283904332,61.179840432892384],[26.906862174678512,61.17980329966176],[26.90680059025676,61.17977809288424],[26.906606941694697,61.17969883029221],[26.906600125815007,61.17969605149153],[26.90658835117194,61.179691276227366],[26.906515473544143,61.17966212931007],[26.90651528778804,61.179662066338125],[26.90647389026131,61.17964550088619],[26.906468633765105,61.17964358501218],[26.906454480326946,61.17963839512073],[26.906387628913944,61.17961503391737],[26.906377635568514,61.179611543673154],[26.906334058719874,61.179596305367475],[26.906318567157054,61.1795909080499],[26.90604580806369,61.17949736927813],[26.90595806579216,61.1794712013127],[26.905919405727357,61.17945967406579],[26.90590844395795,61.17945673075219],[26.905893357619586,61.17945267134062],[26.905893283296727,61.17945265333365],[26.90583741141889,61.179439013327965],[26.90549526910138,61.17935552507283],[26.905467586565276,61.17934796450941],[26.905306771220655,61.17930297278594],[26.905267976270217,61.179293168971526],[26.90524092391059,61.17928631803862],[26.90521773412727,61.17928113067288],[26.905207198368238,61.17927878012696],[26.905207105479125,61.17927875312897],[26.90519554694443,61.17927643777703],[26.90517285724523,61.17927190612377],[26.905155406795277,61.179268796607985],[26.905137956321784,61.17926569606762],[26.905102476300513,61.179260383364046],[26.90510242054556,61.179260374347315],[26.90508004146327,61.17925767434151],[26.905066435556726,61.179256039846884],[26.905055895849006,61.17925500900439],[26.905040504518208,61.17925350792073],[26.90504044873629,61.17925350788162],[26.905003826976984,61.17925069912258],[26.904893005333367,61.17924496541656],[26.904871867504813,61.179243783474746],[26.90482762248833,61.17924088851465],[26.904798286944875,61.17923896463162],[26.90479823116298,61.179238964592415],[26.90468857459153,61.17922920056259],[26.904664578054906,61.17922644548385],[26.904616250411518,61.17922089916734],[26.904544749044476,61.179211063131106],[26.904532835968087,61.1792091873787],[26.904528635717078,61.17920852904791],[26.904478120068845,61.17920098809627],[26.904351013274308,61.17918201834738],[26.90433214647054,61.179180011979064],[26.904321272502333,61.17917885515587],[26.904321198153816,61.17917884612564],[26.90406440181348,61.17915884177629],[26.904064346059005,61.17915883275912],[26.904051092659184,61.17915748569768],[26.904027950325048,61.17915513510648],[26.904015589736538,61.179153689919794],[26.90397973626819,61.17914899611671],[26.903940297572408,61.17914318652995],[26.903908683428828,61.17913853162527],[26.90387191342591,61.1791356326781],[26.903839515184483,61.17913201861095],[26.903830353202448,61.17913043203539],[26.90382448056452,61.179129431343725],[26.90380444681344,61.17912597866774],[26.903785790164147,61.17912214990477],[26.90377237371474,61.17911940218311],[26.903730044766142,61.17911020589858],[26.903565857671488,61.179074555466535],[26.9034640113699,61.17905266716776],[26.90342942852109,61.17904599903622],[26.903394210474595,61.17904031798685],[26.903354936784062,61.179035352248476],[26.903337891228837,61.179033706148026],[26.903336590044436,61.17903357953194],[26.90331846637801,61.17903182492755],[26.90328167655738,61.179029383667235],[26.903260296196034,61.179028533474536],[26.903244586269896,61.1790279117711],[26.90320747486013,61.1790272657957],[26.903095984560398,61.179027715758124],[26.90308410281992,61.17902779703351],[26.903009727149183,61.17902784254857],[26.902823901979847,61.17902716171518],[26.902823827604468,61.17902716166182],[26.90281263411197,61.179027153630436],[26.902738260654818,61.17902648078408],[26.902701320253517,61.17902464973985],[26.902695371829402,61.17902412476145],[26.902694684023352,61.17902407040127],[26.902686913901277,61.179023382515645],[26.90265081792399,61.17901905627091],[26.902650762142486,61.17901905623081],[26.90263301446885,61.17901598208681],[26.90261586149673,61.179013007122485],[26.90261106738914,61.17901199817594],[26.90258176394443,61.17900580944049],[26.902568311708286,61.17900265757835],[26.902535444723394,61.17899437447134],[26.90253540759117,61.178994356489255],[26.902521678369617,61.17899058496366],[26.902503063135462,61.17898546326853],[26.902461117816678,61.17897263988279],[26.90244034949389,61.17896629566475],[26.90244029376796,61.178966277669275],[26.902379984269917,61.17894534316734],[26.902347669830075,61.17893278703996],[26.902235163854048,61.17888904744868],[26.902209665317713,61.17887911768872],[26.902209535328254,61.17887906372883],[26.901889117452495,61.178756484260624],[26.90187777108076,61.178751852538774],[26.9018648833904,61.17874659126205],[26.901782645071034,61.17871018104718],[26.901704485095333,61.1786717986535],[26.90168785251086,61.178663015393504],[26.90167946197338,61.17865858330932],[26.90167938771071,61.17865854734472],[26.90166192072005,61.17864902730647],[26.9016618093261,61.17864897335954],[26.901639611629868,61.17863602938957],[26.90159078036903,61.178607588556005],[26.901590706134556,61.17860754361369],[26.90155652390997,61.178585972354],[26.901500388641313,61.17855056848064],[26.901500333000648,61.17855052355179],[26.901484634360035,61.17854041224997],[26.90148456012587,61.17854036730757],[26.90134900106712,61.1784548550403],[26.901343043772506,61.178451259631125],[26.901200206282617,61.178368668633645],[26.901200150614635,61.17836863268232],[26.901193969838506,61.17836516279094],[26.900462704902164,61.177958629933904],[26.900453017048356,61.17795297585575],[26.900195594813983,61.17779960930298],[26.90019550199028,61.17779956434618],[26.900187837789332,61.17779489030676],[26.90018778212351,61.17779485435504],[26.900024081064196,61.17769720014382],[26.899949854552474,61.177657024097655],[26.899924218545518,61.177644077303974],[26.89992410712963,61.177644032333234],[26.899915307836313,61.177639671658206],[26.89983484377365,61.17760238175085],[26.899834806644616,61.17760236376804],[26.899778599601465,61.17757901614028],[26.899750356834705,61.17756728834852],[26.89966233105981,61.1775341942934],[26.899653100629052,61.177530955491385],[26.899575892470832,61.177504871981824],[26.899561758375413,61.17750010333253],[26.89955152351788,61.17749699844386],[26.89949875169715,61.17748102391956],[26.899456024635356,61.177469473848646],[26.899433918042753,61.17746349625867],[26.899433825135347,61.177463478234316],[26.89941626818181,61.177459272621846],[26.89940066197304,61.17745554427289],[26.89939088896519,61.177453382371134],[26.899388659388908,61.177452886942724],[26.899366883802262,61.177448067707935],[26.899355921110434,61.17744582412054],[26.899338844702154,61.177442525600476],[26.899321340889657,61.177439154939115],[26.899251245977716,61.17742734205954],[26.899144367257886,61.17741191068666],[26.899136264343177,61.17741078244296],[26.899127009243635,61.17740947378706],[26.899019196091885,61.177395576802105],[26.899000312475323,61.177393452967465],[26.898983027274255,61.17739150987592],[26.898966335754714,61.17738997122054],[26.898946558710296,61.17738815195293],[26.89890962211337,61.177385799170594],[26.898891310720913,61.17738497751098],[26.898868889298463,61.17738446699878],[26.898854201964923,61.17738413283472],[26.898839364939615,61.177384094820574],[26.8988171094449,61.17738402432988],[26.89879684243803,61.177384251584684],[26.898796117287265,61.177384260020496],[26.89877984789143,61.17738444537145],[26.898752757242455,61.177384685475225],[26.89873674788724,61.17738495181451],[26.898719492780543,61.17738522619797],[26.898715662418503,61.17738529515503],[26.898709563006086,61.17738558685696],[26.898694407482107,61.17738630271362],[26.89867869405603,61.17738705406192],[26.898643314273954,61.17739205508885],[26.89863348276812,61.177396554524776],[26.898619629230705,61.177402909328514],[26.89860412625222,61.17741918322885],[26.898604088922294,61.17741922808931],[26.898601403185634,61.17742182960487],[26.898585963957995,61.177429826132844],[26.8985763167753,61.177434819474854],[26.898541547604818,61.17744071870013],[26.89851943735194,61.17744172559054],[26.898504579427495,61.17744239676053],[26.898489332638718,61.17744257386528],[26.898467485137225,61.177442817841595],[26.898444690552083,61.17744270199718],[26.898427101923012,61.17744260800861],[26.89838997246784,61.177442400604676],[26.898315634850945,61.17744333235871],[26.898299438781542,61.177443831925714],[26.89827851965058,61.17744447158643],[26.89824156975857,61.17744623936558],[26.898204766579834,61.17744863568231],[26.89813163811858,61.177455134403736],[26.898098269482404,61.1774591223235],[26.898054893906284,61.17746432366722],[26.89801917900545,61.17746940507804],[26.897984912514023,61.17747505316403],[26.897984019560564,61.17747520511194],[26.897983945130864,61.17747522301121],[26.897976261176847,61.17747678831669],[26.89794978589036,61.17748219986526],[26.89794775769434,61.17748268313161],[26.89794664124817,61.17748295162067],[26.897944631615964,61.17748344387863],[26.89791186160354,61.1774920377517],[26.89784825086408,61.1775105646031],[26.89784674349951,61.17751097643933],[26.89784322638316,61.17751191644261],[26.897819668394444,61.17751786882669],[26.89781032703453,61.17752024086328],[26.89779940620203,61.1775223244217],[26.897781341227482,61.17752577617214],[26.897745331313267,61.177530058274876],[26.897727068871546,61.177531328293554],[26.897714478618386,61.17753218962047],[26.89771440424654,61.17753218956429],[26.89769963969267,61.17753271707373],[26.897677381303183,61.177533508250576],[26.89765651918855,61.17753374386286],[26.8976402683021,61.17753392909096],[26.897640193930272,61.17753392903476],[26.897603009176482,61.177533541819805],[26.897570493789807,61.177532377068204],[26.897569601444296,61.177532340482635],[26.89752896186995,61.177530882290974],[26.89746347057142,61.17752723267722],[26.897416959280672,61.17752464779696],[26.897344273820067,61.177520597658656],[26.897332208746146,61.177520049852816],[26.897146551529538,61.177516228143475],[26.8971398211454,61.17751614223312],[26.897028359347672,61.17751515976936],[26.89701127122819,61.17751551486126],[26.896991245217517,61.177515930560425],[26.896954293998313,61.177518057094524],[26.89694724551257,61.177518590392275],[26.896923568657904,61.1775210322585],[26.896910921171997,61.17752233337336],[26.896875354736082,61.17752742357329],[26.896860099364158,61.17753021299208],[26.89684058367984,61.17753377124446],[26.896811594727517,61.17754021308888],[26.89677886182747,61.17754871693948],[26.89676611276008,61.17755264842268],[26.89674750097354,61.1775583889261],[26.896717420402524,61.17756886089506],[26.896692641426405,61.17757853788803],[26.89666458331157,61.17759027724027],[26.89664968978959,61.17759611034387],[26.8966357457393,61.17760156710803],[26.89659923305704,61.17761168401232],[26.89656368479864,61.1776168549434],[26.89652688247091,61.17761889169786],[26.89650732174322,61.17761914608277],[26.8964702127176,61.17761831870858],[26.896447794966868,61.1776166496781],[26.896433574761442,61.17761558841695],[26.89643350041886,61.17761557938239],[26.896427423008678,61.17761481163253],[26.896414952225925,61.17761323997961],[26.89638022281595,61.17760683926334],[26.896360288702155,61.177601895266456],[26.896347209869717,61.17759864431641],[26.896315465066767,61.177589292211955],[26.896264128159377,61.177572778864636],[26.89625497146469,61.17756983615067],[26.89622257947501,61.177559415185065],[26.896190200846203,61.17755059224841],[26.89617191938717,61.1775463138385],[26.896165788402346,61.1775448816877],[26.896156722003088,61.1775427560049],[26.896114580688984,61.1775343564931],[26.896084126742718,61.17752828217647],[26.89605142450916,61.17752176622125],[26.89602979582283,61.177517646821315],[26.896016844608397,61.17751518597285],[26.89598289951412,61.17750780718987],[26.89597388962645,61.177505466073974],[26.895967350471597,61.17750377324807],[26.895967257566056,61.177503755221345],[26.895956429033582,61.177500362319115],[26.895936146373472,61.17749402645196],[26.89592365063842,61.17748876490927],[26.895920122834283,61.1774872898593],[26.89590814696668,61.17748225315662],[26.895896120355676,61.17747569020876],[26.89587523345065,61.177460896896136],[26.89587519638323,61.17746086095692],[26.895863689056533,61.17744906441961],[26.89585942710668,61.17744468901387],[26.89585709651046,61.17744101535187],[26.895856985486,61.177440853668294],[26.895848532442244,61.17742753327303],[26.8958416927858,61.17740985096687],[26.89583150948744,61.17737432744401],[26.895831490983426,61.177374300496744],[26.895831141835593,61.17737305233104],[26.895828697446255,61.17736442290318],[26.895815984751472,61.177329139830675],[26.895815966306728,61.17732909492814],[26.89579081591473,61.17727663696592],[26.895790797440423,61.177276601041],[26.895789670063927,61.17727454428542],[26.895781297864268,61.177259284769484],[26.8957767876233,61.177251282188216],[26.895747027636848,61.17720406363358],[26.895733507233423,61.177182578621085],[26.895723514285237,61.17716829642041],[26.895723495811094,61.17716826049548],[26.895720126518306,61.17716384088401],[26.89571997833967,61.177163670194055],[26.895672067449816,61.17710094217424],[26.895662253511233,61.177088769860994],[26.895660698102525,61.177086838462074],[26.89560785622381,61.17701974346845],[26.89560398775134,61.17701447956752],[26.895600563515096,61.1770098175133],[26.89560052644853,61.177009781574014],[26.895591923462234,61.176996891974696],[26.895577770272304,61.176975657833026],[26.895570820444696,61.176963254301505],[26.89555832544092,61.17694098900325],[26.89555335788063,61.17693075061969],[26.89554257478425,61.17690245364053],[26.89553319259518,61.17687782961119],[26.8955331741511,61.17687778470858],[26.89551508259977,61.1768162557032],[26.895491383514155,61.176735653779566],[26.89549136504053,61.176735617854575],[26.895477259788144,61.17669995660967],[26.895477241314545,61.17669992068472],[26.89546050492978,61.17666716617497],[26.89544164424315,61.17663024438029],[26.895434023540542,61.17661273202413],[26.895428448902834,61.17659495191692],[26.895425892820725,61.176580801122256],[26.89542521718065,61.1765770928194],[26.895425217329304,61.176577047931126],[26.895424644500064,61.17655913702045],[26.89542464461899,61.176559101109824],[26.89542493126435,61.17655675815709],[26.895425389373607,61.176553167439465],[26.895426420862282,61.176544863883365],[26.89543136003603,61.17652995577307],[26.89543226162593,61.1765271913442],[26.895432280337186,61.17652715544792],[26.895440769040253,61.176512734872375],[26.89544541524219,61.17650769300393],[26.895455846024962,61.17649632633732],[26.895466897676567,61.1764883626892],[26.895466990846305,61.17648829991738],[26.89547151960245,61.176485035537745],[26.8954731969248,61.17648382484566],[26.895473271472465,61.17648377103713],[26.89549789481251,61.17647041329767],[26.895511381474883,61.176462622100644],[26.895511437370676,61.17646258623305],[26.89553052687916,61.176447195262845],[26.895533866813462,61.17644359778996],[26.89553446387622,61.17644296083537],[26.89553918457064,61.176437874132716],[26.89554794077156,61.17642687425213],[26.895552496268646,61.17642114102879],[26.895552533601712,61.17642109616919],[26.895563708507957,61.17640395742067],[26.895571526667457,61.176389877471394],[26.89557332224409,61.17638663791392],[26.89558905564549,61.176351601186724],[26.895589092978415,61.17635155632713],[26.895631298055633,61.17622763404734],[26.89564506133527,61.176197982402016],[26.895647533183183,61.17619263360999],[26.895647570486194,61.176192597728004],[26.89564983253892,61.17618884680112],[26.895654936292498,61.176180348871526],[26.89565861594535,61.1761752074964],[26.895667058664316,61.176163390397456],[26.89568120638022,61.17614679258948],[26.895697676288883,61.17613074420682],[26.895697732183898,61.17613070833913],[26.895697769516428,61.17613066347952],[26.895702542771225,61.176126528445444],[26.895714323237446,61.176117380284445],[26.89572217068044,61.176111281505094],[26.89574523425828,61.1760972043049],[26.895773142917363,61.17608538422687],[26.895778279642045,61.176083781175315],[26.895782374112173,61.17608250949568],[26.895782448539837,61.176082491597576],[26.895803882372373,61.176077740941736],[26.895816217998405,61.17607500326171],[26.895859355725047,61.17606816851424],[26.895886700460125,61.17606383536345],[26.895886774887686,61.17606381746534],[26.895893249197805,61.176062529656406],[26.895921155798856,61.17605694903318],[26.895952181910296,61.17604692684973],[26.895958498232194,61.17604280196975],[26.895974149293433,61.17603257943795],[26.89598303587753,61.17602142700832],[26.895984286691355,61.17601986585279],[26.895987516395696,61.17601583735536],[26.895987535106038,61.17601580145901],[26.89599603326379,61.175998391287855],[26.89599693461163,61.17599568072094],[26.895996953351524,61.17599563584695],[26.89599903755887,61.17598941591584],[26.89600045599969,61.17598211815197],[26.896002536041326,61.17597151711022],[26.896002554781173,61.175971472236235],[26.896002911088697,61.175953606928395],[26.895999679106904,61.17593574784281],[26.895998409385246,61.17593176077826],[26.895997047383887,61.175927567156194],[26.89598901302385,61.17591141911907],[26.89598834808802,61.17591008991187],[26.89598834817673,61.17591006297891],[26.895976970283332,61.17589299664994],[26.895963248304085,61.175876386380935],[26.895963211268008,61.1758763414641],[26.89593301438152,61.17584353177976],[26.895932995878304,61.17584350483247],[26.89592658613687,61.17583649731731],[26.895926567663256,61.175836461392386],[26.895897682291785,61.17580061825214],[26.89584568884754,61.17573608262839],[26.895838986947783,61.175727476857276],[26.895836950486146,61.17572485380865],[26.895836931983087,61.17572482686137],[26.895794688141276,61.17567501313206],[26.895778920093118,61.17565875139895],[26.89576518548888,61.17564602843476],[26.895761756487502,61.17564284769706],[26.895746145425594,61.17562972826873],[26.89572600446228,61.175614639239136],[26.895682428017373,61.17558561675392],[26.89568237236055,61.175585580800345],[26.89551979481605,61.17548755387994],[26.895496366610484,61.17547146575729],[26.895494901546666,61.1754703513945],[26.895476523632308,61.17545628714319],[26.895439889628296,61.17542507040527],[26.895439834031485,61.17542501649629],[26.895423044192853,61.17540861926689],[26.895357478630675,61.17534462060893],[26.895342170706062,61.1753298853851],[26.895325357586145,61.17531493353185],[26.895320556513468,61.175310656445355],[26.89530672788814,61.175298355312094],[26.89529810542584,61.175291516631866],[26.8952927279602,61.17528725705412],[26.89529269092577,61.17528721213709],[26.895287442144387,61.175283392564936],[26.895272215182523,61.17527229335609],[26.895249580418948,61.175258100094155],[26.895249524733423,61.17525807311808],[26.895231076295733,61.17524852455149],[26.89523098348659,61.175248479591296],[26.89522559921648,61.175246275894345],[26.89520268830119,61.17523687649209],[26.895172809542885,61.175226268683744],[26.895172753827698,61.17522625068524],[26.89515743250874,61.17522119336912],[26.89511135706163,61.17520601234629],[26.895081813906458,61.17519513544726],[26.895050867090657,61.175181465395504],[26.895028213929926,61.175167263104385],[26.89502267358471,61.17516168367053],[26.89502258098502,61.17516157586661],[26.895016818319036,61.1751557628405],[26.89501390520684,61.17514843479514],[26.895009830618093,61.17513816117017],[26.895009553807224,61.175131948400775],[26.89500925944955,61.17512542139894],[26.895010282437504,61.175114101337044],[26.895010880801543,61.1751074762728],[26.89501484441441,61.175089613761365],[26.895020063859274,61.175074274951456],[26.895020852491793,61.17507193238814],[26.895020871202682,61.17507189649194],[26.895028421919996,61.17505435097933],[26.895028440660703,61.175054306105416],[26.895037552278726,61.17503699522178],[26.895037589640726,61.17503694138466],[26.895039982599155,61.17503295714913],[26.895047965200675,61.17501971227898],[26.895073503686948,61.174982429804835],[26.89510630957557,61.17493449644772],[26.89510651509511,61.174934191365736],[26.8951137096779,61.17492309154692],[26.89512300712539,61.174905780801176],[26.895124346375187,61.17489998225655],[26.895125553636248,61.17489474022594],[26.89512555378532,61.174894695337656],[26.8951223408796,61.17487687215346],[26.895117189957897,61.1748660051709],[26.895112567873078,61.17485824487519],[26.89511245689131,61.17485807421326],[26.89511018285363,61.174854247960106],[26.89510691036874,61.17484876904033],[26.895094491739844,61.17483184547085],[26.89509445473605,61.174831791576125],[26.895090491453058,61.17482719193354],[26.8950802500379,61.17481526163976],[26.895064501377856,61.174798999836],[26.895005892979302,61.17474558209944],[26.894994901582198,61.174735572441314],[26.894994845927677,61.17473553648746],[26.894993845161085,61.17473458407733],[26.894991472906458,61.174732346795466],[26.894923901316417,61.17466848102969],[26.89492386425337,61.17466844509023],[26.89491366827069,61.17465965700711],[26.894905678260283,61.17465279185879],[26.894905641197276,61.1746527559193],[26.8949013022252,61.17464933205574],[26.89490044923818,61.174648667045375],[26.894886282718364,61.17463747883798],[26.894872056699217,61.174627412793036],[26.894865342508172,61.174622649410026],[26.89485834837454,61.17461820900585],[26.894842857421644,61.17460836641776],[26.894838979297234,61.1746061279639],[26.89483816283748,61.174605660490485],[26.89481348105051,61.17459226457802],[26.894803791682033,61.17458767843473],[26.894786918849753,61.174579684169146],[26.894758922484296,61.174567901654164],[26.894737959279357,61.17456000295829],[26.89472960368041,61.174556863252995],[26.894729529405367,61.17455683626221],[26.89469920436246,61.174546497331384],[26.89466805911118,61.17453682210427],[26.894667929122534,61.17453677711477],[26.89464274342518,61.17452957537906],[26.894630298172064,61.1745263157762],[26.89461005139477,61.174521021145395],[26.894576743475675,61.17451318463889],[26.89454248472514,61.174506155375084],[26.89450744186195,61.17450011303675],[26.894488134033455,61.174497584244925],[26.894483320990197,61.174496961035054],[26.89447161365334,61.17449542570728],[26.894434980363478,61.17449243452257],[26.894419235536226,61.174491856654946],[26.8944046246206,61.1744913245581],[26.894367515752556,61.17449156494954],[26.894330568497082,61.17449351121641],[26.89432011713678,61.174494436740204],[26.894312120561164,61.17449513973684],[26.89429517895879,61.174496634765255],[26.894276412655152,61.174498954313805],[26.894267894352453,61.17450000703014],[26.89426774556296,61.17450002486933],[26.894259208668505,61.174501077570596],[26.894259152864933,61.1745010865047],[26.894223755823866,61.1745064454717],[26.89420805588035,61.174509117535266],[26.894190086547162,61.174512164886586],[26.89415563341981,61.17451878144861],[26.894121791078305,61.17452620647074],[26.8941186465191,61.17452699404825],[26.894114590299246,61.1745279873996],[26.894101676364997,61.174531451665],[26.89408215665347,61.17453667038857],[26.894067510207726,61.174541183684426],[26.894067193796044,61.1745412911691],[26.894050797966305,61.17454634175564],[26.894047224600957,61.17454748810333],[26.894044060723683,61.174548491128355],[26.894029580894955,61.174553211037114],[26.894013202770477,61.174558521985716],[26.893996901235226,61.1745631686439],[26.89396228126361,61.17456961445021],[26.893953708122424,61.174570379818036],[26.893943349681724,61.17457130538548],[26.89390624192271,61.17457118654427],[26.89388789915275,61.17456916117304],[26.89387009528889,61.17456720804307],[26.893835071077984,61.174561165545434],[26.893823310691772,61.174558822128695],[26.893789685972024,61.17455125451066],[26.893789611667618,61.17455123649703],[26.893789555954402,61.17455121849797],[26.893756845390698,61.17454270893211],[26.89372583090272,61.17453293483623],[26.89372571947642,61.17453289883804],[26.893716490833963,61.17452956985379],[26.89368847617023,61.17451783199128],[26.893688364774246,61.174517787015404],[26.893684263074434,61.17451571892882],[26.893662733882582,61.174504839031755],[26.893655775735894,61.17450081156689],[26.89364872481654,61.17449673016274],[26.893638983440866,61.174491084528704],[26.893619004605476,61.174478051198655],[26.893616871279562,61.17447666695996],[26.893616797066155,61.174476622013245],[26.893596229533042,61.17446174779264],[26.893596192471726,61.1744617118528],[26.893579800431556,61.17444907635287],[26.893497525074974,61.174385692088386],[26.893489382383216,61.174380110544455],[26.893467046820525,61.174365827440454],[26.893466991198668,61.17436578250826],[26.89344971505955,61.174356234619374],[26.893439787336998,61.174350741444876],[26.893320339464115,61.1742846524688],[26.8933071093752,61.174277145682396],[26.893307053723397,61.174277109727825],[26.89325496518162,61.17424301633479],[26.893130568896094,61.17416162531946],[26.89308370232117,61.1741337575141],[26.89305900302599,61.17412037024416],[26.893039237235357,61.17411044327377],[26.89303322398732,61.174107422023276],[26.893017130580763,61.17410004761189],[26.893017074868766,61.17410002961252],[26.893017037747715,61.17410001162783],[26.892988986573528,61.174088264613],[26.89295976157537,61.17407728874517],[26.89292910263173,61.17406703892962],[26.892897530043758,61.174057587398266],[26.89286483897495,61.174049032742936],[26.892848101972156,61.17404506932145],[26.892813993451096,61.17403786018467],[26.892779119366235,61.174031637978175],[26.892743590955238,61.17402649256635],[26.892726103543794,61.17402453055859],[26.892725954877672,61.17402451248545],[26.892707296669414,61.17402242386032],[26.892687279101956,61.17402098952626],[26.892670662875396,61.17401979130462],[26.892661833607505,61.17401937133365],[26.8926572981634,61.17401915227449],[26.89265159164606,61.1740188873985],[26.892630864028167,61.17401851185979],[26.89261446778202,61.17401822952927],[26.892577377162098,61.17401872979718],[26.892503465859228,61.174022352000065],[26.892503410055994,61.17402236093345],[26.89248760428594,61.174023380820145],[26.892466536100844,61.17402474665626],[26.892461831444013,61.17402508407254],[26.8924590793197,61.17402527939618],[26.89245900495614,61.17402527933712],[26.89234908421366,61.17403399013559],[26.892312596325862,61.17403764197661],[26.892276589649477,61.17404192262831],[26.892273576637503,61.1740422972943],[26.892269540635922,61.174042814789374],[26.892251814655786,61.1740453952378],[26.89225017782939,61.17404563633293],[26.89223397706605,61.174047993550474],[26.892216770583715,61.17405087964887],[26.892198894427207,61.17405388192193],[26.892190187998512,61.17405559870635],[26.89218484879138,61.1740566538224],[26.892164440770177,61.17406067753104],[26.892155268921147,61.17406258247394],[26.892154115456854,61.17406282395282],[26.892120736373613,61.17407069772839],[26.89211074326768,61.17407355364841],[26.892088765889177,61.17407982949367],[26.892060078309513,61.17409120828846],[26.892051772363384,61.17409541220117],[26.89202995266101,61.17410993865246],[26.892015097525945,61.17412108606743],[26.892009860054895,61.17412500513832],[26.892009822780903,61.17412503204168],[26.891986796253878,61.17413908170649],[26.891968624147957,61.174147057349025],[26.891939101891364,61.17415241142765],[26.89193166089732,61.1741537521425],[26.89190530154934,61.17414209602992],[26.891902591386987,61.17414089085733],[26.891893852840397,61.174130254306384],[26.891888909647022,61.17412423531331],[26.891888872618782,61.17412419039536],[26.891886107646567,61.17410641237731],[26.891891363447808,61.17409171112948],[26.891892414742703,61.17408873137817],[26.89189245201674,61.17408870447486],[26.891896243952264,61.174083455557664],[26.891898149230403,61.17408082661758],[26.891904705618078,61.17407178234712],[26.891933783285186,61.17403877665981],[26.891940654009616,61.174030226410906],[26.891947244576947,61.17402205300081],[26.891947281943004,61.174021999164516],[26.891948048131734,61.174020841654794],[26.891948291041896,61.17402048274131],[26.8919498049204,61.17401814077408],[26.891958193496276,61.17400064996364],[26.891959753799206,61.17399560575092],[26.891963701307926,61.173982914457184],[26.891963701430768,61.173982878546546],[26.89196973775287,61.17395737776613],[26.891972133430166,61.17394725285134],[26.89197831034114,61.17392956276631],[26.8919805192591,61.17392512057537],[26.891980612827382,61.17392494109635],[26.89198224140657,61.17392167451889],[26.891988794973727,61.17391343823336],[26.891995553926833,61.1739049417585],[26.891995591261992,61.17390489689987],[26.89200140753103,61.17390024212101],[26.892018319209708,61.17389112530324],[26.892026123185396,61.173886912014595],[26.892026179049907,61.17388688512611],[26.892030293327345,61.1738852185573],[26.892034817154517,61.17388339071661],[26.89206458067308,61.17387264122217],[26.892083041521335,61.17386716159236],[26.89209623583137,61.17386323988074],[26.892129614701407,61.17385536611093],[26.89217967515963,61.173845844743525],[26.89217995420529,61.17384579109961],[26.89219868732174,61.173842232894884],[26.892209234576846,61.17384040086517],[26.892217158937484,61.17383903358673],[26.892233770368794,61.17383615599242],[26.892258677510252,61.17383204607584],[26.892295150525495,61.173827236116495],[26.892330395987834,61.17382258676972],[26.892333706920194,61.17382206869637],[26.89233666444419,61.17382160420811],[26.892371690996427,61.17381572473402],[26.89237174679933,61.17381571580068],[26.89240584780698,61.17380865950577],[26.89240590360985,61.17380865057244],[26.892415467243985,61.173806314995005],[26.89244775242159,61.17379747068823],[26.89246046427586,61.17379326127213],[26.892460575942664,61.173793225450076],[26.892478443147212,61.17378734129929],[26.892507334309396,61.173776106220046],[26.892507390173307,61.17377607933132],[26.892507446006636,61.173776061420256],[26.89253535385529,61.17376423302753],[26.892552278827548,61.173756606448855],[26.892552371933924,61.173756561634335],[26.892561216091952,61.17375258255987],[26.892587565026993,61.173739944928165],[26.892602631726103,61.173732074471886],[26.89260408439705,61.173731312520864],[26.892612818920334,61.17372676776204],[26.892636643413997,61.17371296999798],[26.892645383237486,61.1737068631245],[26.892657682363907,61.17369826327589],[26.89266458072413,61.17369244222742],[26.892669931538975,61.17368794864915],[26.892682469511374,61.173674707525635],[26.892685305484243,61.17367171122691],[26.892685324166436,61.17367168430868],[26.892697280065732,61.1736546631181],[26.89270244574005,61.173644468563324],[26.892706095411178,61.17363726237562],[26.892720158255468,61.17360199122315],[26.892722280222426,61.17359574443687],[26.89272331286221,61.17359275568648],[26.892723331605325,61.17359271081292],[26.892746253159217,61.17352176936292],[26.892750700872742,61.17350400605083],[26.892750701025182,61.17350396116255],[26.892752590417317,61.17349502986433],[26.892758911380028,61.17344571147985],[26.89276175712346,61.173423404191055],[26.892762961867078,61.173402576920445],[26.892765923524085,61.173351603981196],[26.89276606118665,61.17334938660246],[26.892766258156577,61.17334612785948],[26.892778441443745,61.17325660307178],[26.89277846018657,61.17325655819822],[26.892792100957504,61.173203160759705],[26.892793060343745,61.173199839776345],[26.892793681140894,61.17319768562382],[26.89279369988367,61.17319764075021],[26.892800546172936,61.173179735691505],[26.892820691062422,61.17312706161253],[26.89287224422969,61.17302235079263],[26.892874452227524,61.17301812405028],[26.892877913630635,61.173011582057036],[26.892944585460604,61.17288890086566],[26.89296280597654,61.17285538361935],[26.89296572217321,61.172850627751835],[26.89296590914008,61.17285031368066],[26.89297334926199,61.172838154799315],[26.892977984179577,61.172830913471444],[26.892980114777473,61.172827575456786],[26.893015051735645,61.17277643924134],[26.893041414591345,61.172742928416085],[26.893041451954037,61.17274287457951],[26.893053247401213,61.17272915701641],[26.893053284703058,61.17272912113511],[26.89308436602312,61.17269660157273],[26.89308438470441,61.172696574654395],[26.89309275773654,61.172688878411705],[26.89310163424696,61.17268072470404],[26.89310167154871,61.17268068882275],[26.893102696890804,61.1726798367521],[26.893102901928827,61.17267967531567],[26.893113155103624,61.1726712264303],[26.89312046280576,61.17266520817192],[26.893125233625636,61.17266173757335],[26.893133713075766,61.172655549663006],[26.89314101837076,61.17265024063864],[26.893159798110805,61.17263815353776],[26.893159835351675,61.172638135611784],[26.893167807238882,61.17263360817038],[26.893183844108577,61.17262450847113],[26.89320970942215,61.172611601004945],[26.893232460252037,61.1726016267811],[26.893237244966556,61.17259953875284],[26.893237300827746,61.17259951186384],[26.89324005582732,61.172598427735984],[26.893240130278556,61.17259840086163],[26.893257349013993,61.17259162730552],[26.893277766564207,61.17258446124999],[26.89328744491301,61.17258105735682],[26.89329699133998,61.17257818304232],[26.893318949995646,61.1725715658336],[26.893338411847708,61.17256664343711],[26.89335184534035,61.17256325147454],[26.893363676844352,61.17256081886138],[26.893363732644744,61.17256080992762],[26.893375805999124,61.172558323637745],[26.893393048772786,61.17255542844281],[26.893399819390403,61.17255429360665],[26.893410905347345,61.172552434974286],[26.893446910777758,61.172547974466404],[26.893489290243252,61.17254421024392],[26.893520028837028,61.17254147826719],[26.893539293239776,61.17253996720651],[26.893579836856432,61.172540358180214],[26.893765629413334,61.1725393369546],[26.8937756491605,61.172539425613444],[26.893787174638703,61.17253953340782],[26.893787248998784,61.17253953346616],[26.893861360456377,61.172541656438455],[26.89386141619625,61.17254166545983],[26.8940489146831,61.17255302540877],[26.894159710265882,61.17255894754032],[26.89417800077826,61.17255958129412],[26.894196811752018,61.17256023340745],[26.894215475539884,61.17256042754131],[26.894215549899997,61.172560427599414],[26.894234064967854,61.17256062161454],[26.894271172770214,61.17256002215257],[26.894292443038605,61.172559060189535],[26.894292666148992,61.172559051385996],[26.89431202137282,61.17255816872417],[26.894348671927993,61.17255532446319],[26.894377999598074,61.172551998663884],[26.89438484333889,61.17255122294287],[26.894384899138974,61.17255121400869],[26.89439345472256,61.17254997278271],[26.894393529142683,61.17254995488539],[26.89442038625096,61.17254605257851],[26.89445515233079,61.17253969654509],[26.89445520813085,61.17253968761092],[26.894468081991892,61.17253683376255],[26.89448899276486,61.17253218166038],[26.894501458899043,61.17252895042846],[26.894521739640382,61.172523687347926],[26.894527843159022,61.172521896564845],[26.89455886566897,61.172512045270125],[26.894565249861397,61.1725097070652],[26.894588497175917,61.17250121431807],[26.89461664442904,61.172489493413764],[26.89461671887885,61.17248946653865],[26.894623924466426,61.17248609653645],[26.894643362748326,61.17247701726647],[26.894662804821685,61.17246679783082],[26.894668447464227,61.172463839584],[26.89466850338385,61.17246379473908],[26.894692214516706,61.17244998754593],[26.894692289026228,61.172449942715424],[26.894696368609505,61.17244743213622],[26.89471848304668,61.17243300423665],[26.894727762897595,61.17242639489756],[26.894739353463166,61.172418117504655],[26.894754264071107,61.17240652992561],[26.894758904991555,61.17240292450322],[26.894758960940838,61.17240287068063],[26.89481128979811,61.1723532198551],[26.894860093886326,61.172306905971034],[26.894860746624126,61.17230627803991],[26.894861809684084,61.17230524643157],[26.89486371197812,61.172303407483184],[26.89493576084382,61.172232467872526],[26.894948797869777,61.1722196309201],[26.895011035894992,61.17215837955692],[26.895014318411718,61.17215515911302],[26.89509565652967,61.17207452174035],[26.895095693858256,61.17207447688081],[26.895130988989735,61.172042956634115],[26.895131026288425,61.17204292075227],[26.895169274490566,61.172012192818485],[26.895169330408674,61.172012147973376],[26.895179188944258,61.17200474901477],[26.895193721056298,61.1719950733406],[26.895193832832803,61.171995001605644],[26.89528834703812,61.17193213217251],[26.895292426804755,61.17192953179848],[26.895319832534625,61.17191134624118],[26.895336190302242,61.1719004779308],[26.895340681174815,61.17189723147975],[26.89535676261169,61.17188559985014],[26.895373820868034,61.17187089860508],[26.895374958106363,61.171869911938394],[26.895389884219338,61.17185349430628],[26.89539255356534,61.17185016564721],[26.895392572244155,61.17185013872861],[26.895403262466154,61.17183294574197],[26.895410050170337,61.17181535472242],[26.895410050318983,61.17181530983409],[26.895413399686266,61.17179749171662],[26.895413775134692,61.171779545614754],[26.895413146587494,61.17177287470952],[26.895412105760844,61.17176158895591],[26.895408874539722,61.17174372984526],[26.895407278000064,61.171737462188155],[26.89540487404566,61.171728015807],[26.89539913265093,61.17171033431093],[26.895399114180325,61.17171029838593],[26.895391978488895,61.17169264274557],[26.895387343325076,61.171683338283465],[26.89538328051355,61.171675219317734],[26.89537505397938,61.171661387327504],[26.895373038875938,61.17165801913881],[26.895373001845623,61.17165797422173],[26.89536037969391,61.171641095399224],[26.895348135887573,61.17162785283028],[26.89534526481044,61.17162474433255],[26.89534137265128,61.171621231049734],[26.895330270846035,61.1716111764399],[26.895310448990294,61.17159598883009],[26.89529724183353,61.17158736901952],[26.89528843091946,61.17158160751086],[26.8952883566807,61.17158157154272],[26.895264365916038,61.171567862020545],[26.895213573275523,61.17154169766408],[26.895210715060383,61.17154032186658],[26.895190614763195,61.171530646322225],[26.8951096505298,61.17149359557282],[26.895081675337764,61.17148182211187],[26.895052917950647,61.171470487945456],[26.895052843652746,61.17147046993252],[26.895040088196776,61.17146580960587],[26.895027388423216,61.17146117625424],[26.895027277036103,61.17146113127951],[26.895020332275603,61.17145881863093],[26.894996786995428,61.17145096285712],[26.894982171782406,61.171446552458164],[26.894978773329942,61.17144552636653],[26.894965198111684,61.17144142201354],[26.894943467509204,61.17143570432705],[26.894932676493713,61.17143286798432],[26.89492049091945,61.17143013829088],[26.89491027432621,61.17142785900855],[26.89489888750087,61.17142530948671],[26.89488746251273,61.171423056197895],[26.894852273690926,61.171417193384634],[26.894829975759606,61.17141438400942],[26.894816448359634,61.171412676720635],[26.894816355442764,61.171412667670765],[26.894802584797947,61.17141143600899],[26.894779819539377,61.1714094073211],[26.894762311450663,61.17140846901485],[26.894761196298955,61.171408405304476],[26.894742889018858,61.171407421486215],[26.89473021230831,61.17140704354742],[26.89471179056104,61.17140693944915],[26.894693108562997,61.17140683514597],[26.89463640616237,61.171408254403566],[26.894581804503282,61.171409630384346],[26.894578049094562,61.17140973519314],[26.894576004056077,61.1714097964449],[26.89457024075754,61.17140997151182],[26.894551539119806,61.17141018139282],[26.894533134911484,61.171410391502896],[26.894495882748647,61.17141009315494],[26.89447714696099,61.17140939625286],[26.89445895020535,61.17140871772362],[26.89445887587795,61.17140870868799],[26.89445515902763,61.171408400549915],[26.894443766935574,61.17140744003599],[26.8944223207966,61.17140563675834],[26.894410446673987,61.1714042898253],[26.89437508888633,61.17139895643965],[26.89437501455897,61.171398947404015],[26.894350623234168,61.17139399962789],[26.894340833257587,61.171392016899006],[26.894333571162235,61.17139011694112],[26.894328184939063,61.17138871221931],[26.894308125936327,61.17138347155242],[26.894288553117377,61.17137737838195],[26.89427687256726,61.17137374227852],[26.89418667113469,61.171342169129694],[26.894169144482202,61.17133569150019],[26.894096665678777,61.1713076424152],[26.89408324299153,61.17130245179299],[26.894053167280877,61.17129082011898],[26.894036720398436,61.17128388545507],[26.894025192722637,61.171279028484214],[26.894007746490594,61.171270764337244],[26.89399868926831,61.17126648386956],[26.89399861503177,61.1712664479007],[26.89399111807483,61.171262536738936],[26.89397347060354,61.171253311817615],[26.893973414926176,61.17125328484093],[26.893960185981122,61.17124576913753],[26.893960130303785,61.17124574216089],[26.89393722011476,61.171231566408956],[26.893916040464198,61.17121688028064],[26.893915984847254,61.17121683534862],[26.89390376620317,61.17120739920633],[26.893896368249795,61.17120169257968],[26.893896312632904,61.17120164764768],[26.893891975209097,61.17119793646492],[26.893859166584697,61.171169846508064],[26.893826409199622,61.171137590937036],[26.893817520370966,61.171127475093286],[26.893811909397762,61.171121060625914],[26.89379928829468,61.17110418165677],[26.8937885480614,61.17108630763852],[26.89378852962318,61.1710862627356],[26.893780781168473,61.171068714259796],[26.893778485240436,61.17106047094321],[26.89377582187845,61.17105093455153],[26.893774987369287,61.17104481111506],[26.89377339101765,61.17103306704955],[26.893773701959272,61.17101799375861],[26.893773748799227,61.171015120935785],[26.893773748980383,61.171015067069845],[26.89377467817412,61.171009618343284],[26.893776802031383,61.17099716795865],[26.893777743563493,61.17099357762277],[26.893779394560863,61.170989072119376],[26.89378117691931,61.17098419863384],[26.893784216279283,61.170975896658156],[26.893791719441136,61.1709613497138],[26.89379319757863,61.17095849596891],[26.893798241444614,61.17095112026662],[26.89380481718875,61.17094149236619],[26.893804854517825,61.17094144750705],[26.893819093664725,61.17092489484159],[26.89381913099376,61.170924849982384],[26.893821051763812,61.170923037995834],[26.89383593345414,61.17090888287459],[26.89383794704683,61.17090710687129],[26.89383955059382,61.17090565374323],[26.89385496398864,61.17089368959207],[26.893859176124955,61.170890416038134],[26.89385923204295,61.17089037119352],[26.89388075122388,61.17087585318439],[26.893880807171975,61.17087579936213],[26.893904350426347,61.170861911373386],[26.893979917568657,61.17082238793742],[26.89398438646332,61.170820147014496],[26.893993715222383,61.170815485920514],[26.894064024723736,61.17078052796399],[26.89414909975585,61.17073822878809],[26.894153978456067,61.17073572782698],[26.894159657804163,61.17073283247325],[26.894162264709802,61.170731505813116],[26.89446167157049,61.17057201746644],[26.89446174607591,61.170571972636054],[26.894533413897,61.17053073111317],[26.894555074939877,61.17051809842107],[26.89477431809463,61.170382391672035],[26.89517224791187,61.17013610119384],[26.895286816216444,61.17007247518888],[26.895343001433798,61.17004127627217],[26.895419511370754,61.170002192665386],[26.895419567195766,61.170002174753144],[26.895419604461992,61.17000214784887],[26.89543315904904,61.16999546993924],[26.895433196285513,61.16999545201262],[26.8955947716364,61.169921277343114],[26.8956787785204,61.169885889198845],[26.895686428545012,61.16988281574523],[26.89568881103941,61.169881856967955],[26.8958340972201,61.169825957012826],[26.89583413445616,61.1698259390861],[26.89583422748707,61.169825912224624],[26.895925449532836,61.16979514400829],[26.895925505357198,61.16979512609584],[26.895956784310112,61.16978548116246],[26.89595685875241,61.16978545428656],[26.895962738451875,61.169783708154895],[26.895968134379338,61.16978210529434],[26.895968208821614,61.16978207841845],[26.896032453501007,61.16976421727212],[26.89603254653158,61.16976419041046],[26.896032602355824,61.169764172497935],[26.89604839674636,61.16976027932935],[26.896098700631985,61.16974788383854],[26.896136163567345,61.169740021190506],[26.896166837067764,61.16973357180093],[26.89617325412656,61.16973233780035],[26.896177959963445,61.169731434661905],[26.896212722267112,61.16972517692817],[26.89624796579017,61.1697195479923],[26.896248021584725,61.169719539057375],[26.896283672240884,61.16971445806306],[26.896305094632197,61.16971185298426],[26.896319692324678,61.16971008657958],[26.896356007750104,61.16970634375068],[26.896371812148377,61.169705045103676],[26.896376553473512,61.16970465371367],[26.89639265537202,61.16970332835887],[26.89639934867937,61.16970287561772],[26.896399404444406,61.16970287566039],[26.896404684713186,61.16970252059243],[26.896422216705243,61.16970156441333],[26.896441645119744,61.1697004839946],[26.89647865890337,61.16969917462018],[26.89647873325675,61.16969917467699],[26.896534369531032,61.169698804224154],[26.896590173040337,61.16969845183152],[26.89660868659246,61.16969860063335],[26.896627274498144,61.16969874948943],[26.896631753995848,61.16969884268576],[26.896636196316887,61.169698935853546],[26.896858887762132,61.16970386382647],[26.89686749361107,61.16970404095701],[26.897007758695842,61.169727750049894],[26.89700783302004,61.16972775908407],[26.89704491807133,61.169733102075305],[26.897081817368502,61.16973840900447],[26.897113591404405,61.16974214093428],[26.897142819805236,61.16974557465946],[26.897154098651566,61.169746902946024],[26.89717203111454,61.16974855050327],[26.897190558232136,61.16975025237571],[26.897208826253824,61.16975160391916],[26.897227335867576,61.16975297359889],[26.897264265136307,61.169754797158376],[26.89728298243786,61.169755179442475],[26.897304952472908,61.16975563601225],[26.897324786595753,61.16975555229778],[26.89734203687528,61.169755484577],[26.897379143073984,61.169754345602534],[26.897399110755465,61.16975320261131],[26.897416103770166,61.1697522189621],[26.897433637071114,61.16975085865708],[26.897452732202265,61.169749373844965],[26.897471438403578,61.169747448828964],[26.897481163416582,61.16974644171316],[26.897489066127278,61.16974563072624],[26.89752612807744,61.16974093651384],[26.897560939892276,61.169736527875195],[26.89757615263062,61.169734241094496],[26.897596461111306,61.16973117710689],[26.89761072598341,61.1697288447171],[26.89762714823831,61.169726163826944],[26.89769654297152,61.169713387155724],[26.897736722070952,61.16970469119215],[26.897764363770065,61.16969871496873],[26.89778140408906,61.16969458911885],[26.897781590146828,61.169694535393184],[26.89779757011248,61.1696906601161],[26.897812807121486,61.169686604722784],[26.897830146438142,61.169681985319606],[26.897841328539567,61.16967874383315],[26.89786194380674,61.16967276228883],[26.89789298135703,61.16966282046269],[26.897909804267062,61.16965693480602],[26.89791882984513,61.169653772486534],[26.897932490294814,61.16964863856877],[26.897948142097125,61.16964276100234],[26.89796532196308,61.169635699530744],[26.897976378120607,61.169631156173594],[26.897976508412746,61.16963110240562],[26.897991865655552,61.16962433582117],[26.898003872272675,61.1696190300743],[26.898003928095562,61.16961901216097],[26.89810787219472,61.16956774701887],[26.898120421826494,61.169561202749385],[26.898220022812673,61.16950778858611],[26.898294448620373,61.16946789379607],[26.89829452308884,61.16946785794129],[26.89830040757159,61.169464567549475],[26.898306366463764,61.16946125925794],[26.898371754931322,61.169422372116834],[26.898433083195723,61.16938591485207],[26.89854065414387,61.169321948669094],[26.898542944837466,61.16932059475456],[26.89854436021662,61.16931976089007],[26.898546446008023,61.16931854148726],[26.89857445610557,61.1693018819261],[26.898593340508203,61.16929066498198],[26.898617957207144,61.16927721688274],[26.89863849272216,61.169266997691786],[26.898665670363215,61.16925485326546],[26.898665726185083,61.16925483535186],[26.898665763418844,61.16925481742438],[26.89869459264276,61.1692435271085],[26.898725147082857,61.169233315399254],[26.8987508405214,61.16922606268561],[26.898770595235092,61.16922165145469],[26.898784509091154,61.169218546597705],[26.898819604324533,61.169212467997426],[26.89885529062524,61.16920755692896],[26.898873550766858,61.16920548774315],[26.89889147620614,61.169203454215754],[26.898927956572443,61.1692001686825],[26.898963727828505,61.169197744468356],[26.898963802180717,61.16919774452382],[26.899001525607275,61.169195187090956],[26.899001581371436,61.16919518713254],[26.89914928806267,61.16918758538485],[26.899222877024904,61.16918216378118],[26.899241433763297,61.169180337164114],[26.899241861402835,61.16918030157156],[26.899259190927438,61.16917859972654],[26.899277618690412,61.169176413901035],[26.89928810632397,61.16917517380284],[26.899295358407183,61.16917431733822],[26.89932167335916,61.169170296946064],[26.899356119856797,61.16916358928632],[26.899389491665445,61.16915580349683],[26.899389547486713,61.169155785582916],[26.89942190002478,61.16914702943786],[26.89942197440547,61.169147020515425],[26.899422011638674,61.16914700258769],[26.89942774223794,61.16914528312789],[26.89945356710292,61.16913754558342],[26.899514973247147,61.169116942482425],[26.89953583504272,61.16910921021695],[26.89957389251601,61.16909508063301],[26.899630474153454,61.16907178957292],[26.89964994487303,61.16906308666848],[26.89965772571125,61.169059609091484],[26.899671482781386,61.16905314637193],[26.899684234613265,61.16904714974604],[26.89969683924748,61.1690406771925],[26.89970907151882,61.16903439289341],[26.89973519308155,61.169020972638535],[26.899783329773623,61.168993635301725],[26.89982896017362,61.16896529957042],[26.89983289039443,61.16896272588129],[26.89984479292206,61.16895489716367],[26.899894589165626,61.16891998384599],[26.899971230176536,61.16886621924238],[26.899986542482285,61.168855780523806],[26.899986561155394,61.168855753604504],[26.899986598387954,61.16885573567662],[26.899991608752508,61.1688525074094],[26.90005357662243,61.16881270120392],[26.900103912925466,61.16878320175329],[26.90013107891811,61.168768552248935],[26.900153441034167,61.16875649374893],[26.90016807444777,61.168749097945344],[26.900179151913612,61.168743495056596],[26.900205642012157,61.168730954795684],[26.900236838538497,61.16871723294222],[26.90024489727799,61.168713997933686],[26.900245101998607,61.168713917285324],[26.900265351256934,61.16870577148233],[26.900294661839762,61.16869475051062],[26.900336697130776,61.168680345332334],[26.900355286427487,61.168673975876395],[26.900377427844035,61.16866701650382],[26.900377781350887,61.16866690903164],[26.900388349691042,61.16866358608393],[26.90048423772868,61.16863609508386],[26.900552044218045,61.1686189167146],[26.900755643508,61.16857508439154],[26.900755717915157,61.1685750664907],[26.900757596428008,61.16857469978221],[26.90076113028853,61.16857400211239],[26.900864967300873,61.16855433623443],[26.900887116968498,61.16855060875228],[26.900900042245393,61.16854843663387],[26.900935746342114,61.168543435253326],[26.900952871581193,61.16854153553302],[26.900952927372355,61.16854152659615],[26.900971893435692,61.168539421733065],[26.90097542621811,61.16853906520904],[26.900977936369213,61.168538806691686],[26.900978010748023,61.16853879776837],[26.901014637706258,61.16853587088786],[26.901051596198528,61.16853391383006],[26.901088681651448,61.168532962356025],[26.901123291767618,61.1685330235431],[26.901162864761915,61.16853309732158],[26.901181098136092,61.168533469736346],[26.901200112192555,61.168533842718276],[26.901220147700723,61.16853449475102],[26.901329965129893,61.16854004222755],[26.901441882696382,61.168545689898195],[26.901461136162656,61.1685467812328],[26.901461191925662,61.16854678127337],[26.901719967838822,61.16855944832225],[26.901727234755505,61.16855973190459],[26.901734055623844,61.16855999720747],[26.901805758909273,61.168562616840795],[26.90188223873909,61.16856540149565],[26.901901104372612,61.1685656934724],[26.90191933808101,61.16856596703345],[26.90195658779761,61.16856599400867],[26.901993690762545,61.168565392429265],[26.90200101486654,61.168565218176205],[26.90200793004143,61.16856504362683],[26.902007985804474,61.16856504366716],[26.902015273150646,61.168564734721436],[26.902026836248282,61.168564240337474],[26.902045017451076,61.168563463454106],[26.90208180973607,61.1685611468874],[26.90210064420339,61.16855949963317],[26.90211843748058,61.16855794140061],[26.902139412363816,61.168555379964005],[26.902158676510172,61.16855303275256],[26.902194065812527,61.16854758192847],[26.902210822504344,61.168544622415766],[26.902228992606105,61.16854142152386],[26.902301659331027,61.16852701989363],[26.90240579124649,61.168507801931696],[26.902440884162317,61.168501991722025],[26.90245445979701,61.16849984685686],[26.90246576665635,61.16849805048609],[26.902608876917704,61.16847877066068],[26.902622450925882,61.16847714648347],[26.902634239856052,61.16847573648586],[26.902798017467436,61.168457081802316],[26.902995915194577,61.16843452811766],[26.90301344937121,61.16843256558599],[26.90315569778008,61.16841530454533],[26.903301683567236,61.168397579184436],[26.90337294247013,61.16838740446521],[26.90338021359089,61.16838630539787],[26.90339016253036,61.16838481322237],[26.903636164104352,61.16834397842962],[26.903649795873008,61.16834166290855],[26.90366779798638,61.168338605347124],[26.90381577404973,61.1683141026934],[26.903913947296466,61.16829785095407],[26.9039254585999,61.16829600971805],[26.90394182364816,61.16829338188773],[26.903977859671524,61.168295113206895],[26.90401582852871,61.16829693566335],[26.90405307629429,61.168297500721984],[26.90409017944961,61.16829671901467],[26.904108082398132,61.168295690282],[26.904127119429702,61.16829458155072],[26.90416345031992,61.16829102517091],[26.90416352469724,61.16829101624584],[26.90417659660015,61.168289418490595],[26.904212133415115,61.16828414679736],[26.904281355575897,61.16827118707606],[26.904281411392827,61.16827116916012],[26.904289632213544,61.168269478187874],[26.904293891446024,61.16826859240718],[26.90430888306794,61.16826527227975],[26.904361390908445,61.16825364735828],[26.904383360056443,61.16824794408551],[26.904394112134334,61.16824514166093],[26.904404381179997,61.168242258095304],[26.904412920092902,61.168239867080416],[26.904444250759504,61.1682301932899],[26.90444428798878,61.1682301753608],[26.90447372333751,61.168220293739104],[26.904505298398615,61.16820969540496],[26.90450535421532,61.16820967748895],[26.904512257441258,61.16820727633659],[26.904523198326256,61.16820349546686],[26.90455298914723,61.168192833019724],[26.90456871383481,61.16818679314075],[26.904582130986988,61.1681816404251],[26.90460954691119,61.16816953986185],[26.904616452885453,61.16816622298192],[26.90464138158897,61.16815295356076],[26.904664583780672,61.16813897368206],[26.90466465826586,61.168138928846034],[26.90474974334738,61.16808005917673],[26.90475389656613,61.16807733288086],[26.904755069900013,61.16807656162493],[26.90475512579754,61.16807651677581],[26.904845223694448,61.168019455087325],[26.904888211447282,61.167990218024165],[26.904909319959273,61.16797393834443],[26.904909394443756,61.16797389350831],[26.90491185421457,61.1679718213896],[26.904927898384553,61.167958384077835],[26.904965493113526,61.167923810456365],[26.904979677399222,61.16791073991833],[26.904979696067542,61.16791071299833],[26.90497647779125,61.16786834502759],[26.904974261305178,61.16783897745263],[26.904974261413205,61.167838941541945],[26.904974017893714,61.167821030882166],[26.904974018028746,61.16782098599383],[26.904974191842076,61.167812636865335],[26.9049741919771,61.16781259197698],[26.904975825768148,61.167794682634565],[26.90497922251607,61.16778389383636],[26.904979766622358,61.16778220641266],[26.904979785317604,61.16778217051504],[26.90499188073465,61.16776525605888],[26.905004888085873,61.16775413285056],[26.905028572551032,61.167740332800996],[26.90505661880638,61.167728591696346],[26.90508529403801,61.16771783857254],[26.905144670687218,61.167696252926866],[26.90516000293198,61.16769079625381],[26.905173344242606,61.16768603844454],[26.90523272079881,61.167664443782435],[26.905243718840605,61.16766010627763],[26.90524745930121,61.1676586275764],[26.905261565081293,61.16765306230137],[26.90528309781335,61.167643938077575],[26.90528944413055,61.16764124023223],[26.905289537173932,61.16764120438655],[26.905298229102858,61.1676372961934],[26.905310365785308,61.16763134349547],[26.905324345252858,61.16762450329374],[26.90532440109498,61.16762447639973],[26.90534893914743,61.16761107190908],[26.905349013630413,61.16761102707271],[26.905371918012797,61.16759694810928],[26.90537197388171,61.16759691223757],[26.905393077041925,61.16758224846198],[26.905393114296803,61.16758222155497],[26.905394157486942,61.16758145020257],[26.905399820629626,61.16757722566759],[26.90541131725881,61.16756775325936],[26.905418640077784,61.16756171638975],[26.90542631911267,61.167554656312035],[26.905435899294183,61.16754583793447],[26.905445165720355,61.167536274188976],[26.90545161684078,61.16752959929296],[26.905466052669652,61.167513090424094],[26.90547457932867,61.1675022782613],[26.905479262516746,61.16749632034493],[26.905479281238115,61.16749627546953],[26.905491340044104,61.167479046723535],[26.905526881847177,61.16742822189419],[26.905528766894726,61.1674256286572],[26.905529868119455,61.16742409424064],[26.905563104008067,61.16737982150579],[26.90561850935779,61.16730602761907],[26.905624163891815,61.16729843643509],[26.905631068762805,61.16728916729437],[26.905643163776265,61.16727220789031],[26.905643201057355,61.16727217200553],[26.905645832941513,61.167268448098426],[26.90575589575818,61.167097068834096],[26.90575858401768,61.16709312949939],[26.905761253716477,61.16708918117403],[26.905773590077967,61.16707226681426],[26.905773832750782,61.16707191685326],[26.90578590781269,61.167055361418086],[26.905785945093392,61.16705532553332],[26.905793819054008,61.16704515928931],[26.905798968898598,61.16703849244867],[26.905812475517823,61.16702180334164],[26.905822212608186,61.167010139117735],[26.905838604004103,61.16699215922709],[26.905867116386165,61.16696089180282],[26.905871646446016,61.166956370196345],[26.905873697086015,61.16695432470857],[26.905883279207174,61.16694475217419],[26.905890138166306,61.1669383648263],[26.90589326945493,61.16693544027569],[26.905893325375565,61.16693538644843],[26.9058952078765,61.16693362812955],[26.90590506597791,61.16692499844279],[26.90593111822014,61.1669021773013],[26.905931155473755,61.16690215039408],[26.90596957265057,61.16687147337834],[26.90597722904028,61.166865679107296],[26.905977266320512,61.16686564322241],[26.906039497276268,61.16682102241249],[26.90603953452969,61.166820995505226],[26.906061584033164,61.16680658365621],[26.90606163989989,61.1668065477842],[26.906063613795386,61.166805301254655],[26.906070261508017,61.1668011761289],[26.906080298553974,61.166794844842],[26.906086294768997,61.16679104246036],[26.906092849542453,61.16678691726904],[26.906116688463506,61.16677077395778],[26.906134727001188,61.16675507550607],[26.906149929903997,61.166736636891144],[26.906149948597296,61.16673660099335],[26.906158903158598,61.16671924434699],[26.906158921905188,61.16671919049384],[26.906162659438493,61.1667061305451],[26.906163993086306,61.166701418182036],[26.906165607398236,61.16668356267529],[26.90616560753157,61.166683517786936],[26.906164434016613,61.16666560648209],[26.90616441556337,61.16666556158085],[26.906156139113513,61.16661107024396],[26.906156120660317,61.16661102534269],[26.90615277006436,61.166550145303496],[26.906150176587072,61.16650344156134],[26.906150176693746,61.166503405650666],[26.90614693996359,61.166485537803595],[26.90614283897846,61.16647079359357],[26.906141993016913,61.166467758547846],[26.906138822420584,61.16645891332513],[26.906135651692647,61.16645011299065],[26.906135633239593,61.16645006808944],[26.906128325268007,61.166432475727866],[26.906123192921488,61.16642080117226],[26.906105936970935,61.16638587496959],[26.906100350935088,61.16637676771789],[26.906095375237925,61.166368675368204],[26.906095338198565,61.16636863045408],[26.90609232102579,61.16636445373556],[26.90608723071853,61.16635740271818],[26.906079710561887,61.166348680164774],[26.906072894209316,61.16634079302437],[26.906069410113933,61.16633737908514],[26.906056511639783,61.16632471159325],[26.906038138904858,61.16630911357442],[26.90603808325259,61.16630907762503],[26.906035617168325,61.16630709184409],[26.9060341708505,61.16630594169604],[26.906034133784612,61.166305905759565],[26.906023432771796,61.16629806080922],[26.906013714703953,61.16629093475555],[26.906013640518825,61.16629088083791],[26.90599160265632,61.16627651021217],[26.905991547030887,61.16627646528511],[26.90596779737564,61.166262721905355],[26.905962694312173,61.1662599711881],[26.90596263866009,61.166259935238685],[26.905959353717034,61.16625830799532],[26.90595029695261,61.16625381285968],[26.905936711784072,61.16624707913273],[26.905883997749452,61.16622317082371],[26.905855431975432,61.16621021411327],[26.905833809014997,61.16620010815317],[26.90583377189592,61.16620009017198],[26.90583371621733,61.166200063200186],[26.905808087117915,61.166187108521946],[26.905799458843603,61.16618229047732],[26.905796694092,61.166180744391106],[26.905785115555936,61.166174263420224],[26.905762780257394,61.16615997334917],[26.905756721080127,61.16615375657007],[26.90574764158504,61.166144440384976],[26.905747641692173,61.16614440447429],[26.905743940195062,61.16612666198066],[26.905744957593157,61.16612205713347],[26.905745523135625,61.16611939115293],[26.905745541802226,61.16611936423287],[26.905754347800887,61.1661019805752],[26.905758903195736,61.16609516070072],[26.905786706984802,61.16605819196268],[26.90580965897464,61.16602770173666],[26.90580969628086,61.16602765687417],[26.905817813391018,61.16601688929123],[26.905822385071232,61.166010832529615],[26.90583433077585,61.16599388197932],[26.905834349495798,61.1659938371039],[26.90584531070963,61.1659766883588],[26.905845329402823,61.165976652461026],[26.905845460228367,61.16597641015435],[26.905855083013176,61.16595933229925],[26.905857364943348,61.16595449491033],[26.905857458489415,61.165954288488464],[26.90586249018457,61.16594354569059],[26.905862508904477,61.165943500815125],[26.90586880641086,61.16592586403024],[26.90586882513074,61.165925819154815],[26.90587124906247,61.16591698679184],[26.905873710619808,61.165908001834225],[26.90588008056575,61.16587228402911],[26.90588748701795,61.165800575379876],[26.90588988234783,61.165782621662224],[26.90589063996354,61.16577786401239],[26.90589126488269,61.1657739771064],[26.90589149211381,61.16577256776678],[26.90590035213787,61.16573698635608],[26.90590035227157,61.16573694146769],[26.905926550139228,61.16566488676515],[26.90593871824264,61.16563560101137],[26.905948471471444,61.16561211316771],[26.905962117429816,61.1655858449425],[26.90596656632021,61.16557730126983],[26.905966585039742,61.16557725639438],[26.90597063809231,61.16557057082882],[26.90598966570675,61.16554082299348],[26.906014519297333,61.165501930931605],[26.906024278516483,61.16548264464594],[26.906027224724287,61.165473157270625],[26.906029795501354,61.165464917533804],[26.906029814220734,61.16546487265834],[26.906036913150075,61.165415177083524],[26.90604004477382,61.16539333653263],[26.906041385673372,61.16538617326509],[26.906041461378315,61.16538571545535],[26.906043217893256,61.16537629009783],[26.906043218026753,61.16537624520948],[26.906046184780383,61.16536609349866],[26.90604841915728,61.16535847298867],[26.906048437876564,61.165358428113194],[26.906055515605146,61.165340845725744],[26.906059048954035,61.16533390842141],[26.90606435846752,61.165323435138596],[26.90606482543426,61.16532265440336],[26.906067963406308,61.16531742258589],[26.906076850909663,61.16530374674867],[26.906079110062585,61.16530029190434],[26.906082897837802,61.16529529395728],[26.90609185430772,61.16528342268289],[26.906106140355547,61.165266823860165],[26.906108787828842,61.16526403363379],[26.90611147268661,61.16526117161176],[26.906127653098185,61.16524503196255],[26.90616294833442,61.16521345495181],[26.906181617313308,61.16519794545908],[26.90618167320372,61.16519790060935],[26.906202482610926,61.16518135118451],[26.906258800059497,61.165136600480025],[26.90625883731075,61.165136573572745],[26.906277951906695,61.165121181085105],[26.90628887010458,61.165112085262194],[26.90629656493775,61.16510569847072],[26.90629660221556,61.16510566258575],[26.906300030868135,61.16510266640929],[26.906306645972208,61.16509687139776],[26.906329925000723,61.16507477544826],[26.906340399587716,61.16506484438887],[26.90634550833625,61.165059353574954],[26.90635561388854,61.16504851551221],[26.906358298945072,61.16504557268615],[26.906358317637125,61.16504553678828],[26.906359716108316,61.16504400257007],[26.90636253174234,61.165040898235766],[26.90638905994135,61.16500734898759],[26.906394491463075,61.16499955112805],[26.906400856304003,61.16499038930423],[26.906406195450526,61.16498240284881],[26.906416914363625,61.164965262865366],[26.906426964690237,61.16494795184285],[26.90643625329088,61.164930541538546],[26.906440068324155,61.16492258096163],[26.906444593992354,61.16491313955634],[26.90644824225672,61.16490500828779],[26.906452451886274,61.16489559359694],[26.906452470604712,61.16489554872138],[26.906459417932517,61.164877957243995],[26.906459418038843,61.16487792133328],[26.90646571526487,61.16486019474098],[26.90646809797608,61.16485264614761],[26.906468098055814,61.16485261921456],[26.906477737788318,61.16481702932251],[26.906481544831333,61.164799202254734],[26.90648154493763,61.16479916634403],[26.906484887446172,61.16478130304447],[26.906485227272455,61.16477951671838],[26.906485529183744,61.16477798174145],[26.90648793659616,61.16476208391062],[26.90648823978261,61.164760118005326],[26.906488239888898,61.16476008209461],[26.906488793933143,61.1647549921256],[26.906490188641246,61.16474216396614],[26.90649034726248,61.16473880641867],[26.906491022319017,61.164724227112075],[26.906490303176398,61.164709745597264],[26.906490127499126,61.164706307019664],[26.906490127631987,61.16470626213128],[26.906489821484858,61.164702949151284],[26.90648982164429,61.164702895285245],[26.906486287379707,61.16468508110216],[26.906486268900593,61.16468504517861],[26.906465198958035,61.16461398116508],[26.90646348609482,61.164608719053874],[26.90646101809021,61.16460114017622],[26.90645954904407,61.16459513308489],[26.906456684577165,61.16458336135071],[26.906456684710072,61.16458331646234],[26.906455158575504,61.16457148280888],[26.90645423164311,61.16456441672423],[26.90645476802453,61.16454646170915],[26.906457597288338,61.164532458462965],[26.906458578051343,61.16452762016404],[26.906458596796142,61.16452756631084],[26.906465488256945,61.164509983771275],[26.906465506975135,61.16450993889576],[26.906472197426822,61.1644974735019],[26.906474813745103,61.16449261837726],[26.90647483243668,61.16449258247939],[26.906479183510438,61.16448559186195],[26.906486130345606,61.16447441045457],[26.906495426864414,61.16446054633926],[26.906509072841946,61.16444023026533],[26.906522729843548,61.1644224638624],[26.9065292197671,61.16441494503601],[26.90653703383402,61.16440587398243],[26.90656904052854,61.1643734866001],[26.90657479936906,61.164368077024896],[26.906578526818247,61.164364560341106],[26.906578564094858,61.16436452445601],[26.906586000299313,61.16435752698594],[26.906602792812716,61.16434155827658],[26.90660486174108,61.16433953972273],[26.906606856036497,61.164337619871986],[26.906639477280645,61.16430476605664],[26.90670324691203,61.16424055666186],[26.90670458944285,61.16423906728983],[26.906705130161555,61.16423847513467],[26.90670559632761,61.164237954749666],[26.90680713122078,61.164142062108844],[26.906825019206394,61.16412637243395],[26.906919138935837,61.16404906740808],[26.90691919482318,61.16404902255804],[26.906938902604367,61.164033818914426],[26.90695162409277,61.16402434721311],[26.906959130323852,61.16401875926828],[26.90696477403332,61.16401453465271],[26.90709195130147,61.163926119876166],[26.907105284261867,61.16391724110769],[26.90710532148456,61.16391722317785],[26.90713986137233,61.16389519765517],[26.90721752467703,61.163845694027664],[26.907230259029046,61.16383811660222],[26.907240889591243,61.16383179461138],[26.907246139362393,61.16382879068042],[26.907255633604365,61.16382336567938],[26.907329608184117,61.163783115462756],[26.90735008231858,61.163772634550305],[26.90735516364744,61.163770025518374],[26.907407127729794,61.16374442077089],[26.907407183563258,61.16374439387601],[26.90740837462481,61.163743838073515],[26.90741140811195,61.16374242167229],[26.907544603188033,61.1636798663415],[26.90755975281553,61.16367249702111],[26.907564107885236,61.16367037228093],[26.907570789337843,61.16366712691701],[26.907574865423918,61.16366507380756],[26.907605800490792,61.16364897996039],[26.907622384766505,61.16364036371254],[26.90765071392738,61.16362563268655],[26.90767072606731,61.16361418181941],[26.907674374795253,61.16361209250481],[26.90769759091989,61.16359810313097],[26.907697665416304,61.16359804931563],[26.907719841665536,61.16358375398749],[26.907740959901087,61.16356900007239],[26.907741015786392,61.163568955221976],[26.90776046226691,61.163553894923105],[26.907767113686063,61.16354818964086],[26.9077672068456,61.163548108905076],[26.907778665150516,61.16353828613504],[26.907792624831362,61.16352468545835],[26.907795140947233,61.163522227283664],[26.907795178221473,61.16352219139826],[26.907810372573273,61.16350581745305],[26.907824508236242,61.16348921834303],[26.90783176421371,61.16348012887845],[26.907838796228027,61.16347136245799],[26.907856283731423,61.1634461201066],[26.90787414454919,61.16342031241216],[26.90789461744368,61.163384613073184],[26.90790133172261,61.16337007377586],[26.907910813815175,61.16334960210482],[26.907914728430377,61.163339163708855],[26.90791744426138,61.16333193851204],[26.907922959938322,61.16331416642843],[26.907927100349706,61.16329639340934],[26.90792995891774,61.16327844894222],[26.907931252219562,61.16326193086406],[26.907930839926564,61.16324397519496],[26.907928344213,61.16323306559918],[26.907927114614367,61.163227723034844],[26.907927096160645,61.16322767813385],[26.907917984476544,61.16321034498715],[26.907917965996678,61.16321030906378],[26.907914596876964,61.163205755081364],[26.90790658151537,61.16319485968636],[26.907896690169604,61.163183603906994],[26.907892096466707,61.16317836678617],[26.90789205940237,61.16317833085019],[26.907878365571527,61.16316455872815],[26.907859928074792,61.16314599826542],[26.907790198012925,61.16308262213714],[26.907790160974997,61.16308257722342],[26.907773146823754,61.16306667511558],[26.907773091201435,61.16306663018923],[26.907763010193886,61.16305671194715],[26.90774791173498,61.163040308390165],[26.907747874670957,61.16304027245413],[26.907736202682987,61.163021501119005],[26.907736184177203,61.16302147417332],[26.907733621944512,61.16300791610826],[26.907732798151088,61.163003633186506],[26.907732816866584,61.163003588310765],[26.907733272618795,61.163000257896606],[26.90773553195518,61.162983893098726],[26.907739223334175,61.16297353535436],[26.90774128442099,61.16296778205643],[26.907741827824733,61.162966256218624],[26.907741846540194,61.16296621134292],[26.907745809708235,61.16295824185036],[26.907750501937645,61.162948809490146],[26.907761498196283,61.16293166958473],[26.907761516859278,61.162931642664375],[26.907761535496064,61.16293162472166],[26.907773906330338,61.162914710194016],[26.907776275794298,61.162911542681705],[26.907779969935376,61.162906598488],[26.907786481422015,61.16289784967046],[26.907789858289775,61.16289336312286],[26.90779161203049,61.162891030116526],[26.907793720183484,61.16288824846682],[26.907805645090455,61.162871288744],[26.907805682390094,61.16287124388093],[26.907817551505037,61.1628542930967],[26.907817588804665,61.162854248233614],[26.907821917837712,61.16284826305842],[26.907825201956854,61.16284371360292],[26.907829848177457,61.16283729771402],[26.90784320327797,61.16282059931448],[26.907843240577513,61.162820554451436],[26.90785811886928,61.16280409948491],[26.907863822523343,61.16279832173081],[26.90786704718724,61.16279503808877],[26.90787222683941,61.16279050787733],[26.907872301385986,61.16279043610648],[26.907878561725916,61.16278494601676],[26.90788493388346,61.16277934827046],[26.907899722383544,61.16276818110063],[26.907905011962217,61.16276418962439],[26.90792728061035,61.162749840457465],[26.90794671396914,61.1627390804373],[26.90795942448696,61.1627330919781],[26.90795948029204,61.162733074060654],[26.907973363234007,61.162726529780045],[26.90800201615169,61.16271515655709],[26.90802229247381,61.16270847297238],[26.908032728266917,61.16270503262639],[26.90804377579598,61.162702122379066],[26.908058877821045,61.16269813756075],[26.908080988239327,61.16269342132791],[26.90809285234311,61.16269089767189],[26.908128086452535,61.162685077104996],[26.90816376393487,61.16268016357685],[26.908167426279395,61.16267973513156],[26.908171293154627,61.16267927091407],[26.908207451700843,61.16267508489402],[26.908227788966055,61.16267298892202],[26.908243776217958,61.16267133888384],[26.908280377665474,61.16266822149018],[26.908283444686667,61.16266800810314],[26.908287905836758,61.16266768792802],[26.908583842693993,61.16265442152008],[26.908605720800196,61.16265288314875],[26.908620609788468,61.16265184280801],[26.908625126893185,61.162651450838],[26.9086570813464,61.162648635447944],[26.90869333219546,61.16264462891429],[26.908693406558207,61.162644619986715],[26.90869784984302,61.162644048410606],[26.90870374326616,61.16264328030289],[26.908739124820535,61.16263782776192],[26.9087577761014,61.16263391707951],[26.908759021994396,61.162633657565955],[26.90877622284785,61.16263004216751],[26.90880832531136,61.16262100529878],[26.908813367015732,61.16261914133381],[26.90884045465505,61.162609086600355],[26.908866936197796,61.16259653565431],[26.908891636098705,61.16258313062315],[26.908891691954747,61.16258309474997],[26.908939123998636,61.16255551126886],[26.908939179854578,61.162555475395635],[26.90896332255643,61.16254193531113],[26.908989451593722,61.162529141706294],[26.908989488839577,61.16252911479821],[26.908998978539028,61.162525027347726],[26.90899905295312,61.162525000464676],[26.909080204505244,61.16248816563408],[26.9090984945887,61.16248056482944],[26.909102178658237,61.16247903211693],[26.909112337743153,61.16247481044244],[26.909131257037007,61.16246812578064],[26.909143032750265,61.16246396803269],[26.90914308855419,61.16246395011474],[26.90915385535429,61.16246165904946],[26.909163339076027,61.162459636453306],[26.909177006798114,61.1624567188937],[26.909193384518247,61.162454943317606],[26.90919344029632,61.16245493437733],[26.909213164208534,61.162452792957495],[26.90921323854491,61.162452793007354],[26.909238982667844,61.16245101472823],[26.90925184455951,61.16245043082166],[26.909260375765037,61.16245005049855],[26.909275932709658,61.16244934270813],[26.909282158740158,61.162449221192134],[26.909290020247713,61.16244907383852],[26.90929007599997,61.16244907387589],[26.90936433773382,61.162449222363236],[26.909385004270053,61.162448877088416],[26.909400801543082,61.162448609351564],[26.909474518871516,61.16244417878965],[26.90949407218395,61.16244319533753],[26.909511244572684,61.16244296441778],[26.909531167534208,61.16244269044528],[26.909568259851344,61.162443244908886],[26.909587957697056,61.1624437069487],[26.909607041677802,61.16244437506278],[26.90962488065398,61.162444997454685],[26.909661820195954,61.162446988221916],[26.909672243687407,61.16244775828042],[26.909672912560566,61.16244781259284],[26.909686383227193,61.16244880014775],[26.909705576280377,61.16245032120178],[26.90970576206995,61.16245033928107],[26.90972298567316,61.162451697420664],[26.909723041425444,61.162451697457826],[26.909754739242025,61.162454043812374],[26.909796526098532,61.16245714203017],[26.9098101835877,61.16245778854486],[26.909810295066638,61.162457797596815],[26.909821388310114,61.16245831671448],[26.909838093899218,61.16245885752414],[26.909846957718162,61.162459141735006],[26.909858478832305,61.16245950851371],[26.909895553563757,61.16245972172352],[26.909916740916493,61.162459215115696],[26.90993264997631,61.162458848636476],[26.90993872769169,61.16245860130394],[26.909945939164647,61.16245830983672],[26.909965567498283,61.16245708396866],[26.909982723736835,61.162456000097286],[26.909982798073223,61.162456000146726],[26.90999699959339,61.162454860442935],[26.910019510067755,61.162453070888105],[26.910164917199893,61.16243826447098],[26.910238007920064,61.162431938783946],[26.910249755250906,61.16243117448976],[26.9102555546053,61.162430783315344],[26.91029248626618,61.162429012250996],[26.9103295645573,61.16242795948932],[26.91034597472986,61.162427817735804],[26.910366677976707,61.16242762495634],[26.91040388304285,61.16242773935859],[26.910440993916584,61.1624283025731],[26.91046113768194,61.16242880069158],[26.910478066606057,61.162429224859956],[26.910484328804245,61.16242945344273],[26.910485666730644,61.16242949921576],[26.910495589610758,61.1624298648836],[26.910569600590502,61.16243323553669],[26.91060635329626,61.162435594008315],[26.91064312332213,61.16243840136611],[26.91066274290993,61.16244025474063],[26.910679575648622,61.16244183694298],[26.910715710277774,61.162445900739186],[26.910732596897496,61.16244814731994],[26.910751694214852,61.16245068264206],[26.910766481014853,61.162452864990506],[26.910766722531964,61.162452892082804],[26.910787193709023,61.162455913100885],[26.910822394374446,61.162461673037555],[26.910926485769714,61.1624808550702],[26.91092654147141,61.16248087306224],[26.91095659383466,61.162486827086205],[26.910995524434245,61.162494555546],[26.911029606063614,61.16250176010201],[26.911063072916217,61.16250950290728],[26.911082813516078,61.16251460622596],[26.911095757230996,61.16251796340606],[26.911095831516985,61.16251798141021],[26.91111271039828,61.162523002046115],[26.911127490994716,61.1625274108194],[26.9111388909738,61.162531215866785],[26.911153317317826,61.162536037378665],[26.911157346289844,61.16253738667667],[26.91117602209907,61.162544455398226],[26.911186585273587,61.16254844842416],[26.91121467011774,61.16256020069101],[26.911214725819768,61.16256021868293],[26.911231040584372,61.16256760006788],[26.911241768635207,61.1625724460786],[26.911252625719417,61.162577669236256],[26.91126815976509,61.16258512192652],[26.91128261598643,61.16259255595333],[26.91129291538256,61.16259784158619],[26.911293008177417,61.16259788653547],[26.91129603278598,61.16259953143521],[26.91131768758834,61.16261127946775],[26.91134145541231,61.16262502192866],[26.91136410689529,61.16263923049471],[26.91138343456964,61.16265245831283],[26.911385493463833,61.162653869158426],[26.91138554909058,61.162653914083315],[26.91140298136888,61.16266707781418],[26.911403036995676,61.16266712273905],[26.91149830725266,61.162744105934195],[26.911498362879726,61.16274415085901],[26.91151928444672,61.16275897772895],[26.911525313726496,61.16276277025601],[26.911525369403908,61.1627627972255],[26.911542566764773,61.16277361760633],[26.91156661377397,61.162787288388145],[26.91158311103871,61.16279593570447],[26.911591795752297,61.16280049306666],[26.91162004242912,61.16281431920187],[26.911620190902646,61.16281439112036],[26.91164398346984,61.162826032763256],[26.91167148958024,61.16283887085801],[26.91169428307225,61.16284892278836],[26.911697568458244,61.16285037033989],[26.911726357356983,61.162863056639225],[26.911753534731833,61.16287384758856],[26.911755056942656,61.1628744590639],[26.91175511264553,61.162874477055595],[26.91177054053862,61.16288010714663],[26.911770763325094,61.16288018809106],[26.911784650277053,61.162885260559264],[26.91178938492421,61.16288682576279],[26.91180154649463,61.16289083773725],[26.911832796874087,61.16290056297813],[26.912022487227322,61.162954139559965],[26.91205719420955,61.16296394779416],[26.912057287081538,61.162963965809865],[26.912057342784728,61.16296398380143],[26.91208797905599,61.16297405871442],[26.91210789963742,61.16298143335657],[26.91211460173969,61.162983906572975],[26.912114676027375,61.16298392457656],[26.912114713146227,61.16298394255605],[26.912143171060038,61.16299546145133],[26.912161194634844,61.16300334658316],[26.91216128743213,61.163003391531866],[26.91217066113246,61.1630075093967],[26.912197127735254,61.16302004146821],[26.91219722053264,61.163020086416886],[26.912222849709753,61.16303303091421],[26.912237454412725,61.16304068937702],[26.912248013548815,61.163046244435876],[26.912269890952793,61.16305837850017],[26.912293808202843,61.16307212088947],[26.91230998661549,61.163081943988075],[26.91231690698494,61.16308614105302],[26.912349519399317,61.163107457259194],[26.912383152137483,61.16312944744475],[26.912388568178933,61.16313328442476],[26.912388605273247,61.163133311381834],[26.912397934604517,61.16314005068874],[26.912409174310554,61.163148173795726],[26.912409229939623,61.16314821872021],[26.912429333811318,61.16316328731701],[26.912429370905695,61.163163314274094],[26.912434656195188,61.1631673935654],[26.912449047029256,61.16317849930128],[26.912676363121815,61.16336373023305],[26.91268652640999,61.16337136782701],[26.912770532898918,61.16343057599696],[26.91284748921719,61.163478799857224],[26.912861236756815,61.16348740933584],[26.912861310971827,61.163487454272094],[26.91287042125511,61.163492828795604],[26.91287364977003,61.16349472516645],[26.912897549226205,61.163508395614976],[26.912917386294993,61.16351928933929],[26.912922081127924,61.16352186895674],[26.912922155367852,61.163521904915235],[26.912972949766072,61.16354807163831],[26.912973024006096,61.16354810759681],[26.912979742977118,61.163551272063316],[26.91299958437781,61.163560612637326],[26.913027149755774,61.163572606589625],[26.913027205460608,61.1635726245808],[26.91302726114072,61.16357265154963],[26.913055868867232,61.163584071593306],[26.91306168009123,61.16358618508268],[26.913085556259507,61.163594863885365],[26.913118402836204,61.16360574797508],[26.9131366379757,61.16361125402317],[26.913149989397063,61.16361527561686],[26.913177214326076,61.163622699674306],[26.913182284196857,61.16362407651226],[26.913182358486644,61.163624094515264],[26.913191978669595,61.1636265515937],[26.91319203439927,61.1636265606071],[26.913215193446934,61.163632464819884],[26.91331543125231,61.16365596081053],[26.91335202115026,61.163664064155014],[26.913385974238974,61.16367135781049],[26.913413483604316,61.16367675304359],[26.9134149324324,61.16367704125628],[26.91345479409509,61.163684859379],[26.913489978006968,61.16369062758725],[26.913525796518567,61.16369540864539],[26.913543502966714,61.16369720651371],[26.913562175533094,61.16369911272875],[26.913562249847832,61.16369912175391],[26.913567731168015,61.163699565159995],[26.91357040679356,61.16369978233262],[26.91357993869757,61.16370056049845],[26.91361684251777,61.16370264891733],[26.913653935135336,61.16370366012336],[26.913691178886342,61.1637037736463],[26.913711288749656,61.16370339144524],[26.91372827616524,61.16370307907323],[26.913745952052434,61.163702461896165],[26.91378288451497,61.16370086943385],[26.913833774912597,61.16369901651417],[26.913894014449795,61.163696810413505],[26.913921390385532,61.16369664826655],[26.913941330972964,61.16369700209454],[26.913941405312272,61.16369700214178],[26.91394954509872,61.1636971419806],[26.91395863266241,61.163697300376505],[26.913970636528127,61.16369801724186],[26.913975467824947,61.16369829861997],[26.913995406165753,61.16369947838632],[26.914022941549135,61.16370218918187],[26.914058293824446,61.16370759824154],[26.914090980180934,61.16371605801613],[26.91410785646864,61.16372244288496],[26.914110213399763,61.16372367432402],[26.91411643051166,61.16372691921485],[26.914133003304293,61.163735566266624],[26.914153945373332,61.16375038376169],[26.914154001005933,61.16375042868545],[26.914172934441602,61.16376579254324],[26.914172990074274,61.163765837467004],[26.91417920154344,61.16377116517605],[26.914182835716172,61.16377428273893],[26.91418287276399,61.163774327650884],[26.914234651048638,61.16382197814147],[26.914234688096595,61.16382202305342],[26.914235392519362,61.16382268784888],[26.91424245557733,61.16382924603833],[26.914306938501188,61.16389342350154],[26.91433983805054,61.16392616800926],[26.914383339664948,61.163976335936844],[26.91438335815263,61.163976371859306],[26.91439191904622,61.16398574100566],[26.914399127277544,61.16399361899936],[26.914411566585414,61.16400515422032],[26.914416238309745,61.16400947544341],[26.914416293967495,61.16400951138937],[26.91442375239921,61.164014220414394],[26.914438799169908,61.16402371036686],[26.914445499366273,61.1640270363469],[26.91444557365774,61.16402705434926],[26.914459851002302,61.16403243203002],[26.914474833877936,61.16403807050797],[26.914474908145145,61.164038097487996],[26.914507110553952,61.164046996762735],[26.91451184682186,61.164048077076316],[26.91451539437673,61.16404888730843],[26.914528266469254,61.16405160669776],[26.914549497070812,61.164056090988936],[26.91458389811194,61.164062935741356],[26.91459420722762,61.164065007113706],[26.914613728096263,61.16406946338325],[26.91462769543765,61.164072659271476],[26.914627751144266,61.164072677262],[26.914658166095762,61.16408282327296],[26.914658258924018,61.164082859242264],[26.914666611867993,61.16408668900379],[26.914689117237877,61.16410088793953],[26.914700332091,61.16411167721373],[26.91470140726192,61.16411270134799],[26.914705781971456,61.16411691464162],[26.914705819020426,61.16411695955341],[26.91471642900866,61.1641315100983],[26.91472513559791,61.1641489233274],[26.914730235693717,61.16416670237009],[26.914735937818392,61.16420243717611],[26.914738722418825,61.16421738678712],[26.914738722321914,61.16421742269784],[26.91474380572065,61.16424139633687],[26.91474391582644,61.164241917112356],[26.914753862507794,61.16428879590571],[26.91476539788413,61.16435992444422],[26.914767335850765,61.16437181212839],[26.914774337481962,61.16441500821167],[26.9147908874191,61.164487459623565],[26.914790887298043,61.16448750451194],[26.91479632708087,61.16450340742738],[26.914809032157578,61.16454057408802],[26.91480905064607,61.16454061001044],[26.91481605018681,61.16455704359013],[26.9148241248044,61.164574546190984],[26.91483390795227,61.16459254363906],[26.914861814746004,61.16464395847408],[26.914871788265827,61.16466029516594],[26.914871806730275,61.16466034006599],[26.914882856133666,61.16467744951491],[26.914894853767773,61.16469442489352],[26.91490811573122,61.164711212534016],[26.914923404705387,61.164727561539955],[26.914940888227623,61.16474337326128],[26.91495385216664,61.164753517218294],[26.914960140864817,61.164757893303864],[26.914975092879825,61.16476825397197],[26.91499852887144,61.164782184108255],[26.915023695288465,61.164795388133435],[26.915035760779404,61.16480099778452],[26.915050406445538,61.16480780308624],[26.915078401759594,61.164819572445346],[26.915078476029137,61.16481959942499],[26.91508328467502,61.1648214608229],[26.915098249136935,61.164827215929485],[26.91512301921985,61.16483577822115],[26.915123074928093,61.164835796211456],[26.91512842258259,61.164837648967946],[26.915128496876342,61.16483766696993],[26.915160010957162,61.16484718511714],[26.9151800323175,61.1648523418778],[26.915192773201927,61.16485561773814],[26.915192847495753,61.16485563574007],[26.91520657483639,61.164858382533154],[26.915227100838653,61.164862489212986],[26.915244880188236,61.16486510387367],[26.915262622393808,61.16486770953111],[26.91528086879453,61.164869426710226],[26.915281147505027,61.16486945381769],[26.915294377094142,61.16487069203833],[26.91530859306437,61.1648714281239],[26.915311101772136,61.164871555380735],[26.915331301461475,61.164872600447914],[26.915351206165212,61.16487275653624],[26.915368397407693,61.16487290194793],[26.915385980124352,61.16487260769525],[26.915405477221015,61.16487228770325],[26.915405532977573,61.16487228773806],[26.915424752396618,61.16487155459601],[26.91544257773287,61.16487088342445],[26.91545759691979,61.16487011174391],[26.915457745603906,61.16487011183673],[26.915474028773247,61.1648692780997],[26.915510815029386,61.16486723618997],[26.915584831900574,61.164863781055956],[26.915621930260574,61.16486317574121],[26.915638061885232,61.16486341023531],[26.915654472268837,61.164863653878754],[26.91569124679178,61.1648660020037],[26.91570564493554,61.16486812072552],[26.91572676840373,61.16487123117776],[26.91574131138158,61.16487479539419],[26.915741441384437,61.16487483138583],[26.915756950214213,61.164878620643876],[26.91578634192258,61.16488958273296],[26.91580882978194,61.16490378146956],[26.915815704705985,61.16491140780393],[26.91581572321976,61.1649114347485],[26.91581901065866,61.164919238405965],[26.915823129330068,61.164928963806034],[26.915823166357637,61.1649290176952],[26.915824048059385,61.16494687487094],[26.91582290847972,61.16495604936277],[26.915822547675674,61.1649589309773],[26.91582182573251,61.16496481989384],[26.915821825588985,61.164964873759864],[26.91582152255076,61.16496700128427],[26.915820745137534,61.16497278243401],[26.915819417523355,61.16498277377877],[26.915819385756507,61.164994696132695],[26.91581936992091,61.16500063935434],[26.91581938841082,61.16500067527659],[26.91582123135011,61.165006538854584],[26.915824345932688,61.16501644318406],[26.915833043568014,61.165030561521064],[26.915834931216484,61.165033597154],[26.91583496829205,61.16503363308781],[26.91585053704481,61.16504984749652],[26.91585059268211,61.165049892419574],[26.915869378821046,61.16506533674419],[26.915869434434505,61.16506539064486],[26.915874294522737,61.165068903941716],[26.915890043394683,61.16508030641537],[26.91590570307762,61.16509030831202],[26.915912382536106,61.16509458584114],[26.91593123528667,61.165105972282134],[26.91593129097198,61.16510599924977],[26.915936190179544,61.165108785375644],[26.91595532316506,61.16511963332582],[26.915955360264746,61.16511966028189],[26.915966013295563,61.16512535874985],[26.91596619888955,61.16512545761963],[26.915980211131487,61.16513296268708],[26.915993779185857,61.165139767217596],[26.916005992281654,61.16514589757943],[26.916032648268622,61.16515834821405],[26.916032722515926,61.165158384170866],[26.916060234515324,61.16517044031244],[26.916063576338388,61.16517179801539],[26.916068830413245,61.165173937962685],[26.91608659784682,61.165181131127525],[26.91609729176512,61.16518544704607],[26.916109248942075,61.16518997921099],[26.91610932321337,61.16519000619007],[26.916126516343457,61.16519650771166],[26.916137137144936,61.1652003657195],[26.916156224885587,61.16520729933987],[26.91621735477459,61.165227806313595],[26.916248478772562,61.16523751249675],[26.916321072902576,61.16525926543541],[26.916406406890502,61.165284832741605],[26.916415636650168,61.16528762152357],[26.91644226700133,61.165295816636],[26.916446909691565,61.16529723797606],[26.91644698396341,61.16529726495498],[26.916466297993214,61.165303013615954],[26.916668315659425,61.165363171911714],[26.916700855031166,61.16537190029341],[26.91673980373571,61.16538169197597],[26.916766698212477,61.16538845973407],[26.91676675392263,61.16538847772371],[26.916784845469248,61.16539268142489],[26.916818447108657,61.165400342085924],[26.916836223749655,61.165404150568406],[26.916852402887567,61.16540762589304],[26.916886656976605,61.16541455974487],[26.91692761879866,61.165422171030244],[26.916927860296568,61.16542221606685],[26.91695594840112,61.16542744035686],[26.916956022697303,61.16542745835783],[26.916990985262974,61.16543356667018],[26.917030574941087,61.16543997407266],[26.91704762953962,61.16544273169518],[26.917096731170986,61.16545068009033],[26.917115811310016,61.16545356463206],[26.91725879706357,61.16547313367001],[26.917277470151813,61.165475326658076],[26.91729493553689,61.165477375262796],[26.917367530820773,61.16548496084474],[26.917403987864024,61.16548821505689],[26.91744076207129,61.16549101159043],[26.91746783698689,61.16549283261175],[26.917486717500417,61.16549389450842],[26.917504687424124,61.16549491095918],[26.91750476174421,61.16549491998214],[26.91798625822859,61.16551262022152],[26.918006532014587,61.16551395222024],[26.918022234440564,61.16551498518461],[26.918059008710557,61.16551779052793],[26.91816837858614,61.16552817203611],[26.918312448396865,61.16554577450179],[26.91832628995951,61.16554769509953],[26.918347340237535,61.16555063452209],[26.91836677391569,61.16555342932372],[26.918383011978598,61.16555577331189],[26.91846182024896,61.165568685821775],[26.918523741099555,61.1655788229967],[26.918523796834197,61.165578832007945],[26.918568436178994,61.16558764801974],[26.918568789126727,61.16558772005354],[26.918626877921987,61.165599183574656],[26.918656579975348,61.165605755134976],[26.918656635710086,61.165605764146164],[26.918690051985926,61.16561349605233],[26.918698354639943,61.16561554795113],[26.918699673411087,61.165615871939806],[26.918723225482765,61.165621685666736],[26.91876551713347,61.16563282542592],[26.918765962896558,61.16563294240332],[26.91878843673002,61.1656388632043],[26.918803238879885,61.165643100573334],[26.91880630332718,61.16564397324683],[26.918820492583002,61.16564803967032],[26.918852083113325,61.1656574851806],[26.918860068697924,61.165659976786216],[26.918880069825406,61.165666210309276],[26.918908352131407,61.16567563586902],[26.9189105619748,61.165676373362984],[26.918910636272688,61.165676391362865],[26.918940588342153,61.16568698501551],[26.91896996309124,61.165698036178135],[26.91899810954989,61.16570972401553],[26.91901255218291,61.16571647489964],[26.919024841421056,61.16572221899319],[26.919050159165153,61.165735341558396],[26.919060236932964,61.165740985572015],[26.91906290945724,61.16574249542137],[26.919062965123345,61.1657425313654],[26.919085789864155,61.1657566310019],[26.919107033179262,61.16577136710562],[26.919112635178365,61.16577566178788],[26.919118422694773,61.165780091246056],[26.919126862847786,61.16578654226852],[26.91915530962389,61.16581166087598],[26.919162467675303,61.16581798544301],[26.919162504755576,61.165818021375884],[26.91917932132964,61.165834056590235],[26.91919813823861,61.165852822213814],[26.919211634456516,61.16586630577879],[26.9192155456561,61.16587040193875],[26.91921739935406,61.16587232427023],[26.919219401259053,61.165874435221546],[26.919219456925546,61.165874471165544],[26.919222496921353,61.165877651081175],[26.919235046301022,61.165890730082914],[26.91927535324315,61.16593688148691],[26.91929688741377,61.16596152910287],[26.919336156735806,61.166006494814766],[26.919340121206112,61.16601157854855],[26.91934028793169,61.16601179411239],[26.91934443771515,61.166017093421],[26.919376779188198,61.16606022354529],[26.919407750085416,61.166101503441844],[26.919411195584157,61.16610603024786],[26.9194160118404,61.166112371362765],[26.919421144156463,61.166118676754806],[26.91942118123736,61.16611871268764],[26.91942959297371,61.166129077946344],[26.919443769179562,61.166145668172604],[26.919443787697155,61.16614569511666],[26.91945907973539,61.16616203462983],[26.919465588208144,61.16616804457495],[26.919476268734865,61.16617792638484],[26.91949548500768,61.16619328965933],[26.91949891704413,61.16619581443037],[26.919505095735925,61.16619995681822],[26.91952062598505,61.166210362213484],[26.919544065050808,61.166224291560496],[26.919552473426222,61.16622870460163],[26.91956923449372,61.166237503716204],[26.919587185735292,61.166246052160155],[26.919595650841174,61.16625008816934],[26.919622997691416,61.16626221530756],[26.919629793050483,61.16626506526852],[26.919651144665924,61.16627399278515],[26.919654078408456,61.16627513469247],[26.919654115535486,61.166275152669854],[26.919655990906843,61.16627588097544],[26.919669155635884,61.166280997091164],[26.91968490131565,61.16628712023761],[26.919714612099163,61.166297911083745],[26.91974510492146,61.16630815474781],[26.91976477260376,61.16631418145491],[26.91977654724141,61.16631777950698],[26.919786242806794,61.16632035286994],[26.919786298520314,61.1663203708583],[26.919809070096985,61.16632641735302],[26.91982783135357,61.1663307557086],[26.919830654842517,61.16633140377392],[26.91984254317636,61.16633414900716],[26.919858575455244,61.166337219888874],[26.91988023670171,61.166341362444406],[26.919899298614176,61.16634441715847],[26.919915090646263,61.16634694923003],[26.919915517951086,61.16634702130426],[26.919915592273867,61.16634703032591],[26.91995126607939,61.16635180959513],[26.919951340402196,61.16635181861677],[26.919967580312267,61.16635364170954],[26.91999244187703,61.16635643050765],[26.92002369537014,61.166359932314066],[26.920102966695318,61.166367188195785],[26.920142899674556,61.16637084771645],[26.92020927505998,61.16637691985255],[26.92023211276367,61.166378908399686],[26.920252739186452,61.16638069813153],[26.92025283209582,61.16638070716395],[26.920268571360705,61.166382072063655],[26.920268645683667,61.16638208108509],[26.92052439306372,61.16640502578708],[26.920536043994577,61.16640612790302],[26.92054723035604,61.16640719383458],[26.92056389856167,61.166408720843414],[26.920583688588515,61.166410527989534],[26.920692894161192,61.1664212844221],[26.92074088869867,61.166426977445404],[26.92075196292524,61.16642829466967],[26.920837137900794,61.16643841745905],[26.920856349555617,61.16644111301831],[26.920856423878895,61.16644112203943],[26.92087188240205,61.16644328571914],[26.92090738783452,61.1664486032992],[26.921260465959815,61.166504461767005],[26.921302866843277,61.16650989098509],[26.92136827052645,61.16651826027615],[26.92140456033308,61.16652214175112],[26.921441018766526,61.166525484652844],[26.92145805952196,61.166526724481656],[26.92147199686988,61.16652774704398],[26.921508922879056,61.16652992309914],[26.921546018200637,61.16653128227264],[26.921563303217994,61.166531462862494],[26.921583115954423,61.16653166286938],[26.921620198218662,61.166530795548354],[26.921651818300177,61.166529018310214],[26.92166936791304,61.16652743043503],[26.921688386168604,61.166525717719324],[26.921688441928072,61.166525717751576],[26.921704654489133,61.166523653281025],[26.92172428802994,61.166521159857176],[26.921759375432874,61.16651524588401],[26.921793499392567,61.166508092424266],[26.921802240439092,61.16650591589429],[26.92181073970465,61.16650380206795],[26.92182883690045,61.16649874012292],[26.921842842201087,61.16649483393549],[26.921858746449463,61.16648966298836],[26.9218594718992,61.166489429987145],[26.92187368344143,61.166484796722756],[26.921903596870393,61.1664741395074],[26.921932823645196,61.16646305096048],[26.921932898057566,61.16646302407029],[26.921933809703454,61.166462656510696],[26.92194761458323,61.166457107279875],[26.9219758204692,61.166445452540835],[26.92199652974863,61.166436325185636],[26.9220032468122,61.166433348462455],[26.92200328402939,61.1664333305285],[26.922003321246603,61.16643331259455],[26.922010392537153,61.1664298961683],[26.922029578063587,61.16642062428742],[26.922037376035924,61.166416472107755],[26.922054479490374,61.166407351645205],[26.922058704610787,61.16640492112373],[26.922081749342276,61.16639084839347],[26.922093664793373,61.166382685553124],[26.92210317849703,61.16637618220239],[26.92210323434478,61.166376146323806],[26.922115170850088,61.16636697799257],[26.922122973334734,61.16636098538437],[26.922141337997296,61.16634538374509],[26.92215080209303,61.166336375587406],[26.922158123706577,61.166329413110354],[26.922173646410563,61.16631308264003],[26.922175249084432,61.166311359845025],[26.922176311316004,61.1663102202891],[26.92218087833267,61.16630480038999],[26.92219029199693,61.166293619599884],[26.922196483560967,61.166285139242014],[26.92219708031409,61.16628433159291],[26.922202693708048,61.16627665889449],[26.922210716188147,61.166264337137164],[26.92221385056341,61.16625951791903],[26.922217342233584,61.16625301110062],[26.92222313062981,61.16624219631082],[26.92223066410276,61.16622465823429],[26.92223068279958,61.166224613356576],[26.922236339533487,61.16620687669263],[26.922236358208174,61.166206840792604],[26.922237411460443,61.16620179593646],[26.922239837333986,61.16619032384349],[26.922242074688416,61.16617237872866],[26.92224237332556,61.16616431693568],[26.922242551385267,61.166159935925876],[26.922242750815368,61.16615442373952],[26.92224233035198,61.166136468120605],[26.922239321593704,61.166082707992324],[26.922238965357383,61.16606886419159],[26.922238898702474,61.1660657399176],[26.92223846697257,61.166052362913284],[26.922237741706926,61.16602987338615],[26.92223774179532,61.166029837475435],[26.922235741510235,61.16601188094888],[26.922231714869703,61.16599411178989],[26.922225513452982,61.1659764221808],[26.922222147656313,61.165969561293146],[26.922219355225028,61.165963840901235],[26.922216951158944,61.165958910769],[26.922209413428767,61.165948007524285],[26.922209061551907,61.16594749559387],[26.92220541310094,61.16594220563896],[26.922203206986627,61.16593991506073],[26.922200240786175,61.16593683400915],[26.92218978497675,61.165925956019734],[26.922168242299033,61.165911399782274],[26.922141191511326,61.16589953368097],[26.922109599732973,61.16589009791591],[26.922075661074466,61.16588270770593],[26.92204333428388,61.16587740123937],[26.92204327852554,61.16587740120726],[26.92204051003684,61.16587705846112],[26.922007288088405,61.16587298141395],[26.921970830347878,61.1658696386645],[26.921938514454787,61.16586745641497],[26.92189729733162,61.16586465854083],[26.921863810968343,61.16586229604454],[26.92177886994447,61.165855765110436],[26.92171704571921,61.16585099813918],[26.92168183194547,61.165848203670095],[26.92161937711445,61.16584291558353],[26.92153538551078,61.165835810474086],[26.92150034062865,61.16583237863972],[26.921355930925905,61.16581568611712],[26.92135587516767,61.16581568608474],[26.92135195482457,61.16581515412403],[26.921351899111052,61.16581513613629],[26.921341996041683,61.165813801685864],[26.921327466650713,61.16581181815314],[26.921185727258496,61.16579018927125],[26.921173298359218,61.165788108190014],[26.921157729717404,61.165785504573456],[26.921088268070115,61.16577280556799],[26.921020223282156,61.165758401592335],[26.921013963534847,61.16575689866679],[26.920985673881376,61.165750130939045],[26.92095298379812,61.16574158305404],[26.92095292808496,61.165741565066135],[26.92094674331732,61.165739810805974],[26.920942192952666,61.16573852433966],[26.92092092700575,61.165732496869644],[26.9208585267631,61.16571297882596],[26.920798416637034,61.16569188201965],[26.920798342360552,61.16569185504316],[26.920739798267828,61.165668873811974],[26.920739705405442,61.16566884682454],[26.920711874525615,61.16565706975722],[26.920684379115624,61.16564493377306],[26.920604963056185,61.165607189911476],[26.920595180692697,61.165602237468164],[26.920586530675816,61.165597842305004],[26.92057427988607,61.16559149687053],[26.92057381582433,61.1655912631784],[26.920561193817555,61.165584720015794],[26.92056113812745,61.16558469305007],[26.920552488819975,61.16558001957677],[26.92053468897972,61.16557043891441],[26.920511506550774,61.16555794631847],[26.920435156391015,61.16551330031299],[26.920345889695042,61.16546110540671],[26.920345852591208,61.16546107845184],[26.920329057852786,61.16545096866981],[26.920328983599912,61.16545093271534],[26.92032757322541,61.165450079004934],[26.920305860947423,61.1654369139118],[26.920226846618373,61.16538766964247],[26.920192108592143,61.165366021916775],[26.920141217468114,61.165330485147365],[26.920140456812373,61.1653299460373],[26.9201075993413,61.16530700661147],[26.920100568751113,61.16530169664818],[26.92009172043653,61.16529493122592],[26.920080738918895,61.16528652162679],[26.920043087957996,61.16525562512222],[26.920043050877382,61.16525558918958],[26.919973831092065,61.165192067049155],[26.91997377542591,61.16519203110548],[26.919960614645593,61.16517817972808],[26.91995192113173,61.165169026322495],[26.919911808608695,61.16512682541335],[26.919908064932155,61.16512263061757],[26.919906712002128,61.16512112156532],[26.919906674944585,61.165121076654934],[26.91987843440302,61.16508793226956],[26.919864853456687,61.165071234706105],[26.919840923408717,61.16503866743582],[26.91981514127578,61.165003567355626],[26.919815104218504,61.1650035224452],[26.919794338105852,61.16496926923412],[26.919773349855056,61.16493468371349],[26.91977333133789,61.16493465676946],[26.91977183304355,61.16493184586453],[26.919767726361215,61.16492423932719],[26.919742508835952,61.16487180364627],[26.919709134372482,61.16478200695201],[26.91968997358182,61.164730490576005],[26.919686394708812,61.16471998455487],[26.91968639477728,61.16471995762183],[26.91966163041663,61.16464291434183],[26.919623681875773,61.16452489802578],[26.919618578283266,61.16450738849825],[26.91956633157996,61.164311589933746],[26.919564584614626,61.16430427207737],[26.919562138727372,61.1642940809445],[26.919557816674676,61.16427622174836],[26.919548800378386,61.164233401780294],[26.919520246206638,61.16409766006806],[26.91949657050363,61.163936523357016],[26.919491485536494,61.16387530145155],[26.919491449350307,61.16387491538926],[26.919483191747705,61.16377512343075],[26.919483191862096,61.163775078542336],[26.91948321460339,61.16376615472981],[26.919483214740662,61.16376610086371],[26.91948357618865,61.16374824444879],[26.91948357630304,61.1637481995604],[26.91948373536868,61.163744123782706],[26.919484253944674,61.163730244578844],[26.919497880409665,61.163604771475164],[26.919498409338214,61.16360141413265],[26.91949929734734,61.163595713825934],[26.919499297484585,61.16359565995986],[26.919502143354812,61.16358013024386],[26.91950970109463,61.16353881939603],[26.919515656679742,61.16350631471163],[26.91952174674595,61.16348667514026],[26.919526693626125,61.16347076960921],[26.919530846408644,61.16346017840004],[26.91953361475348,61.16345318642273],[26.919541650747778,61.1634356846976],[26.9195465257852,61.163426090441],[26.91955641977407,61.16340876937277],[26.919567391090293,61.163391673386144],[26.919567428350998,61.163391637497504],[26.91957936573656,61.16337466777144],[26.919579403020073,61.16337462290509],[26.91959223206649,61.163357806328236],[26.91960621279732,61.16334120589857],[26.91961435709346,61.16333224201903],[26.91965940140596,61.163282990198624],[26.919665889590153,61.163274833325545],[26.91966641160184,61.163274187241385],[26.91967275064933,61.16326620983337],[26.919684985261075,61.16324924925175],[26.919689090067063,61.163242877524596],[26.919695862377626,61.163225294241045],[26.919695704312204,61.163221676137034],[26.919695563553557,61.16321856079411],[26.919687003179828,61.163201138992285],[26.919682295213914,61.16319621642388],[26.919678273142555,61.16319197656679],[26.919665493213277,61.16318221023246],[26.919658463352548,61.16317682842316],[26.919658426252003,61.16317680146805],[26.91961248247024,61.16314867401896],[26.91961244536976,61.16314864706384],[26.919600108673567,61.16313999422033],[26.919593949563133,61.16313569024787],[26.919593912485528,61.16313565431507],[26.919575051288582,61.163120228413895],[26.91957501421101,61.16312019248111],[26.919541439066887,61.16308822092361],[26.919532634582232,61.163079130265864],[26.919527741156912,61.16307407291631],[26.919527704079442,61.16307403698348],[26.919483282840684,61.16302467815053],[26.919483245786207,61.16302463324],[26.919482838209866,61.16302413024682],[26.919479337031635,61.163019702161925],[26.919472538763575,61.163010980778644],[26.91947153845382,61.16300970535128],[26.919466240631007,61.163002906086426],[26.91945427885447,61.16298573362148],[26.919442576402705,61.162968902462076],[26.919442539302565,61.16296887550694],[26.919440725562232,61.162965920766695],[26.91943195275077,61.162951721813556],[26.919407731763343,61.162910158633665],[26.91939061619121,61.16288076445429],[26.91938162352912,61.16286534440048],[26.91937771941454,61.16285860880571],[26.919371538684416,61.16284824486695],[26.919367449097432,61.16284136551828],[26.9193528125085,61.16281643472376],[26.919326925652975,61.1627723208713],[26.919295436149213,61.16270984429059],[26.919291756481957,61.16270256118761],[26.91928555086572,61.16268741211911],[26.91928553237322,61.162687376197304],[26.9192772282304,61.162664370395326],[26.919260048046272,61.162616724508254],[26.919254753614698,61.162601369494546],[26.91924358223484,61.16256590094113],[26.919243563765402,61.16256585604165],[26.919239873874858,61.1625480420961],[26.91923804276968,61.16253008561607],[26.919238404132145,61.16251958192975],[26.919238725113548,61.162510335096464],[26.919238781646133,61.1625100298886],[26.919241361448456,61.16249681626193],[26.91924220881674,61.16249248054115],[26.919242227515593,61.162492435663836],[26.919249297144656,61.16247489746641],[26.919249315866423,61.16247484361139],[26.91926140663514,61.16245596175379],[26.919269794412454,61.16244620800194],[26.919271583806726,61.16244412624384],[26.919275684485736,61.16243936153328],[26.919282614210175,61.16243292865812],[26.919288854692617,61.162427132788],[26.919292785266638,61.16242348120954],[26.919299172721143,61.1624183497759],[26.919308297649305,61.16241102043841],[26.91931412510082,61.162406858261264],[26.919329149857575,61.162396129892095],[26.91934530761277,61.16238564459391],[26.919351245802865,61.16238177874501],[26.919351301600845,61.16238176082285],[26.91946779748638,61.16231187597196],[26.919467853329937,61.16231184009439],[26.919486915980162,61.16229904923961],[26.919486971823687,61.16229901336202],[26.919497024867404,61.16229207958219],[26.919508232149976,61.16228434747299],[26.91950828801631,61.162284302617714],[26.919551866982065,61.16225533056611],[26.919551922825427,61.162255294688556],[26.91955726447285,61.162252137713956],[26.919568487590976,61.162245473954755],[26.919593015651262,61.16223197709373],[26.91959309010135,61.1622319322495],[26.919621541685135,61.162217521988495],[26.91962182080989,61.16221737851112],[26.919695564086474,61.16218002119526],[26.91970613397458,61.162174434360495],[26.91971638754437,61.16216899995812],[26.919816207042746,61.16211574058404],[26.919823370841463,61.16211219863717],[26.919832172071203,61.16210784966699],[26.9198355771373,61.16210619080967],[26.9198582032712,61.1620951167518],[26.919858259113923,61.16209508087409],[26.919880867012264,61.1620838631585],[26.91988416052443,61.162082222189326],[26.91988419773771,61.16208220425593],[26.919909226640947,61.16206896798694],[26.919909282460836,61.16206894108689],[26.919921435725062,61.16206184691919],[26.91993293759321,61.16205512942834],[26.919936567315276,61.16205281532964],[26.919938577602352,61.16205154168577],[26.91993863346766,61.16205149683033],[26.91995548101686,61.16203999738735],[26.919955816117525,61.16203976416541],[26.919981524911258,61.16202221001387],[26.91999485267378,61.16201363521409],[26.920003787530483,61.162007867835946],[26.920003861979463,61.162007822991434],[26.92000825371896,61.16200547343026],[26.920028705139885,61.16199450579124],[26.920046080152765,61.161987513451145],[26.920057204635263,61.161983031172795],[26.920089432826536,61.161974180235894],[26.920089470039564,61.16197416230245],[26.920127187922933,61.16196970468924],[26.920127262235493,61.16196971371075],[26.92013861383578,61.161970950351105],[26.920165218551148,61.16197385685893],[26.920192522291,61.161979600725026],[26.920192577997117,61.161979618713254],[26.92020830867406,61.16198351532654],[26.920225562230982,61.16198780785385],[26.92026281668423,61.16199761548632],[26.920290785381127,61.1620049846869],[26.920310176102003,61.162009278461575],[26.92032455199913,61.162012456048366],[26.92032744976474,61.16201297845989],[26.920330440381704,61.162013527859045],[26.920330496110594,61.162013536869544],[26.920366313983795,61.162018226342305],[26.920402617761457,61.162021838767906],[26.920489295392,61.16202824590552],[26.92054951453131,61.16203269828205],[26.920558859905025,61.16203361949052],[26.92056235281103,61.16203396269231],[26.920598636917372,61.16203802393852],[26.920634305510852,61.162042982583614],[26.920644968359696,61.162044694595586],[26.920669507738427,61.16204865018394],[26.920704374072287,61.16205487419539],[26.920716559476638,61.1620571167774],[26.92075097826265,61.16206395997565],[26.92076968228954,61.16206793008553],[26.920784931566516,61.16207116200064],[26.920818400355202,61.16207890239536],[26.920834391040692,61.162082915797896],[26.92085138465262,61.16208717218255],[26.92086672482063,61.162091221111766],[26.920898927002046,61.16210013682415],[26.921010161927246,61.1621332307027],[26.92102550083652,61.1621378003194],[26.921025575127278,61.16213781831811],[26.92103187051836,61.16213964446197],[26.921031926225233,61.162139662449846],[26.921040747189593,61.162142226237236],[26.921061991576465,61.16214848710011],[26.92107110959689,61.16215116776874],[26.921072483797737,61.1621515725661],[26.921104071506683,61.16216101755537],[26.92112093228559,61.1621664050182],[26.921135026260508,61.16217091105324],[26.921164882789544,61.16218152212012],[26.921193659477122,61.16219293156667],[26.921208231104874,61.16219966434026],[26.921208806535628,61.162199934005955],[26.921215841748456,61.162203188025124],[26.921226642566506,61.16220922732005],[26.92122673535198,61.162209281240195],[26.92124006003422,61.16221674945574],[26.92125660582547,61.16222923807439],[26.921262909876795,61.16223505928639],[26.92126639565419,61.16223827532793],[26.92127379356884,61.162245138588],[26.921322808010686,61.16229399675693],[26.92132660921463,61.16229741946712],[26.921341072376684,61.16231042757138],[26.921359453851842,61.16232461402785],[26.921360752253147,61.16232561130599],[26.921360826477525,61.16232565623759],[26.921380442290047,61.16233671917059],[26.92138493334817,61.16233924451034],[26.921384970449218,61.16233927146497],[26.921400768709088,61.16234601390756],[26.92143172373704,61.16235590733743],[26.92146495076852,61.16236389880696],[26.921465025060066,61.16236391680544],[26.921484213052576,61.16236768061007],[26.921484268782415,61.16236768962008],[26.92150197241981,61.16237050092584],[26.921519471725016,61.1623732762001],[26.921534799107086,61.16237508062243],[26.921555607225983,61.16237751665716],[26.921576249874214,61.16237923437734],[26.92168671449198,61.162386390694394],[26.921710236458754,61.16238860383267],[26.921723167961126,61.16238982329818],[26.921738030027548,61.16239192369237],[26.921758818322015,61.16239487141293],[26.9217724337495,61.162397581566154],[26.921786346346583,61.16240036371119],[26.921814912289516,61.1624069877926],[26.921850331837337,61.162415204875884],[26.921853396455514,61.16241591588255],[26.921853452185523,61.16241592489239],[26.92188779751659,61.162422669004066],[26.92188785324663,61.16242267801389],[26.92190847518394,61.16242527548538],[26.921908698126337,61.16242530254709],[26.921923672236524,61.16242719649854],[26.92193549135747,61.16242734695676],[26.921938390385474,61.162427384539],[26.92195840479835,61.162427656429976],[26.921995501506892,61.16242651070738],[26.92203561111544,61.162424442007065],[26.922056781106452,61.16242334993949],[26.92206938272863,61.1624227018217],[26.922073434257115,61.16242262335439],[26.922078916826056,61.16242251877745],[26.92211601108999,61.16242236056673],[26.922153234557385,61.16242256152789],[26.92219032926318,61.162422223743185],[26.92222711267936,61.16242000045383],[26.922227168431604,61.16242000048585],[26.92226263941914,61.162414912548684],[26.922293805977954,61.16240694029214],[26.922311250130466,61.16240194972728],[26.92232573733676,61.162397801367035],[26.92235706913385,61.16239063718317],[26.922376015686766,61.16238682354939],[26.922391336536062,61.16238374400561],[26.922391392310274,61.16238373505987],[26.922425159448967,61.16237622212614],[26.922436299450084,61.162372906761725],[26.92245006176067,61.16236879388367],[26.922472939479338,61.162360924570315],[26.92248028638749,61.162358397067365],[26.92249561412753,61.16235249851989],[26.92249935304238,61.162351064229135],[26.922509416517887,61.16234719162546],[26.922595878442127,61.16231322460121],[26.922624224861718,61.16230328454134],[26.922655228600117,61.162293417815114],[26.92268703009105,61.16228409917665],[26.922765673145562,61.16226314523492],[26.92281714716987,61.162249438716536],[26.922834089034698,61.16224459144099],[26.922836246288536,61.162243973209634],[26.92284846450871,61.16224047887187],[26.92286934969372,61.16223418843021],[26.922879931794323,61.16223098942147],[26.922880006195925,61.16223096253074],[26.92291078712644,61.16222095197594],[26.92294069618988,61.162210285546266],[26.92296906495411,61.16219872046425],[26.92296917658912,61.16219866666159],[26.922995521936485,61.16218617572033],[26.922995596359776,61.16218613985187],[26.92300184913959,61.162182624151974],[26.923019825808197,61.16217254344608],[26.92303706186356,61.16216133112738],[26.923056965026213,61.16214617013682],[26.92307452812736,61.16213037937528],[26.9230905312124,61.162114156795916],[26.92309936432041,61.16210416066208],[26.923105122604618,61.16209764612669],[26.92311136692931,61.16208995578916],[26.923115449054848,61.16208492162093],[26.92311546770427,61.162084894698395],[26.923122346671594,61.16207605557587],[26.923141548203926,61.16205134190784],[26.92316978350058,61.16201814944269],[26.923179191913448,61.16200845887159],[26.923190907967157,61.16199743193256],[26.923196142047093,61.1619924881923],[26.92321459647101,61.16197692236018],[26.92321465230973,61.161976886481106],[26.92323455505286,61.16196181524085],[26.923234610891516,61.16196177936171],[26.923240083822005,61.161957957966905],[26.923247399687977,61.16195284482871],[26.923269976504624,61.161938583091526],[26.92329457673241,61.16192522924404],[26.92329465115474,61.16192519337545],[26.923294706949683,61.16192517545168],[26.9232959533928,61.16192462851848],[26.923322295768166,61.16191321483487],[26.923336989152062,61.16190819564668],[26.923341099564535,61.161906797453746],[26.923351422140673,61.16190326608642],[26.923383371246675,61.16189413589925],[26.92344788162326,61.16187630677769],[26.923479051700166,61.161866538711166],[26.92350818080564,61.16185542283022],[26.923510022552414,61.16185461587826],[26.923512868907938,61.16185336060907],[26.923537172061433,61.161839826995724],[26.923537209359242,61.16183977315061],[26.923555366186317,61.16182420710376],[26.92355682016952,61.16182236749733],[26.923557547193635,61.161821434227605],[26.92356619380622,61.161803932605196],[26.9235673808241,61.16179721795991],[26.92356890679994,61.161788663078575],[26.92356935897617,61.16178611366863],[26.923569377668457,61.16178606879069],[26.923569708775517,61.161772108662795],[26.92356970886238,61.161772072752065],[26.923568880766236,61.16176101176508],[26.923568358299924,61.161754206377736],[26.92356527956573,61.16173629413923],[26.923565279652593,61.16173625822849],[26.923560936906853,61.161718479941705],[26.923558392429182,61.161710183115375],[26.923555479146696,61.16170070102513],[26.92354651144036,61.16167426562877],[26.92353141735173,61.1616299072933],[26.923531417438635,61.16162987138257],[26.923529780704705,61.161622760124],[26.923527849588737,61.16161442773263],[26.923526796611394,61.161596471748574],[26.92352927263285,61.16158697474613],[26.92353090463527,61.16158068230393],[26.92353243305166,61.16157879785128],[26.923544399337192,61.16156408118988],[26.92356159292936,61.16155484387245],[26.923567268301426,61.16155179466029],[26.923597825827386,61.16154158631324],[26.92362774513493,61.16153400806381],[26.923627893890174,61.161533972236946],[26.923637300901714,61.16153243337947],[26.923662956359443,61.16152824628593],[26.92366920173465,61.16152771114539],[26.92370614930678,61.16152629553946],[26.923743298044794,61.16152622669093],[26.923743372378997,61.16152622673279],[26.923780464933074,61.161526337396346],[26.923817394564438,61.16152465241908],[26.923852623591916,61.16151919584352],[26.92387125966443,61.16151283216036],[26.9238850846468,61.16150561288899],[26.923885400956244,61.161505451468294],[26.923896323267954,61.16149973881663],[26.923896379105052,61.16149970293726],[26.923897868252926,61.1614986803171],[26.9238984639207,61.161498267677956],[26.92391763684715,61.16148503635363],[26.92393846771046,61.16147013610681],[26.923938542130976,61.16147010023782],[26.92395462259853,61.161460009364085],[26.9239776628994,61.16144592732235],[26.923987881873106,61.16143902023492],[26.923999292107958,61.16143131480059],[26.924012606294948,61.16142010015518],[26.92401996605104,61.16141208720409],[26.924020562255258,61.16141145012236],[26.924027679817712,61.161403688410374],[26.924038982412576,61.16138663713189],[26.924046527899243,61.161370930398995],[26.924050929041965,61.16135677504305],[26.92405205274514,61.161353157662354],[26.924055384933048,61.161335302896255],[26.92405745368132,61.16131734866674],[26.924058246024654,61.16130469056123],[26.924058439734235,61.161301413811195],[26.92405843984211,61.16130136892278],[26.92405871770802,61.16124761064078],[26.92405847333441,61.16124103883093],[26.92405814286213,61.161231630021085],[26.92405713274927,61.161195718674044],[26.924057204379704,61.16118911113058],[26.92405732454767,61.16117777236899],[26.92405838393708,61.16116225052827],[26.924059770828265,61.16114190784887],[26.924059770936143,61.16114186296043],[26.92406246889134,61.161124995384384],[26.92406687890254,61.16110713224423],[26.924066897615273,61.16110707838855],[26.924068712578993,61.16110192620939],[26.924073035285513,61.16108945861488],[26.92407744156491,61.16108087840917],[26.92408199711215,61.161072046911556],[26.924082015803283,61.16107200203355],[26.924084942675155,61.161068134288044],[26.92409471145656,61.161055175973125],[26.924111772029207,61.161039241149986],[26.924111809281982,61.161039205260124],[26.924115346570517,61.161036513934185],[26.92411933069758,61.161033472728434],[26.924119367928768,61.16103344581622],[26.9241419064636,61.16101921084376],[26.924167749628804,61.161006297439734],[26.924180213867587,61.16100069336079],[26.92420164495772,61.16099103638276],[26.924222108630204,61.160981827744685],[26.924233381693302,61.16097698609827],[26.924261507660958,61.16096526798725],[26.92426156347517,61.16096524108539],[26.92429054300226,61.16095404415212],[26.924301459372238,61.1609507015757],[26.924321860166,61.16094444654916],[26.924356310737217,61.16093783128449],[26.92437870814198,61.16093590461412],[26.924379117058436,61.160935868931716],[26.924396830504858,61.16093435261605],[26.924414094301927,61.160934362255254],[26.924433922602724,61.16093436434591],[26.924455551285124,61.16093528316321],[26.924455885761365,61.16093529232755],[26.924470843760883,61.1609359201339],[26.924497691752197,61.16093791917949],[26.924510902074424,61.16093890511461],[26.924532267531166,61.160941107583334],[26.924583637546977,61.160946397137316],[26.924587576052307,61.16094687514896],[26.924588895074706,61.16094703748222],[26.924593966834795,61.16094765079034],[26.924630568482897,61.16095072358731],[26.92464182948257,61.16095090940958],[26.924660770251716,61.1609490436124],[26.924677833707577,61.16094734734435],[26.92470294556053,61.1609370728737],[26.92470300135295,61.160937054949336],[26.924703038583544,61.160937028036976],[26.924722141418787,61.16092173168896],[26.92472217867074,61.16092169579889],[26.924734719141448,61.16090743721287],[26.924742328964225,61.16089573452822],[26.92474583545223,61.16089034088226],[26.9247458727255,61.16089029601452],[26.924747348065903,61.16088724441809],[26.924752166469915,61.16087719207725],[26.924758303991208,61.16085945556196],[26.92475832265988,61.16085941966159],[26.924758341520942,61.160859302962],[26.924761951662735,61.16084159197501],[26.924761951726868,61.160841565041956],[26.924763555248887,61.160823700318886],[26.92476326904767,61.160811221163],[26.924763133421767,61.16080574469334],[26.924762227693336,61.16079590463564],[26.924762227757466,61.16079587770259],[26.92476021268592,61.16078366691675],[26.92475929699747,61.160778010459644],[26.924754786463303,61.16076023211554],[26.92475059743133,61.16074791238888],[26.92474875203517,61.16074248883501],[26.924748733516214,61.16074246189162],[26.92474732932568,61.160739049586816],[26.92473971478806,61.16072153884767],[26.9247396962905,61.160721502926584],[26.92468958614145,61.16061657966454],[26.924683830372622,61.16059889937963],[26.924682561005532,61.16059350307823],[26.92468042696862,61.16058444339592],[26.92467836507397,61.160568506838594],[26.92467810951302,61.160566576491796],[26.924678109620015,61.160566531603365],[26.92467785496319,61.16054862993603],[26.924677855091588,61.16054857606991],[26.924678864727095,61.16053819841509],[26.924679625978463,61.16053067552939],[26.924681053883678,61.160524131583436],[26.92468278228259,61.160516259105584],[26.924682782346785,61.16051623217252],[26.924688603819657,61.16049854037212],[26.924696803452807,61.160481038425765],[26.92470193408392,61.16047251246811],[26.924707158033357,61.160463815985906],[26.924707176659066,61.16046379804089],[26.92472143746937,61.16044497076462],[26.92472147472076,61.16044493487453],[26.92473602721679,61.16042846889292],[26.924743869756558,61.16042043821445],[26.924751879966006,61.16041222807481],[26.924768624143223,61.16039621219252],[26.924768661394477,61.160396176302434],[26.924782164461977,61.16038338161035],[26.924853032083526,61.16031624086332],[26.92485754097948,61.1603112607445],[26.924857578230558,61.160311224854425],[26.92487138760107,61.16029462378008],[26.92487140624792,61.16029459685736],[26.92487709270698,61.16028673555077],[26.924883636853917,61.160277662730856],[26.92488928983296,61.16026824826375],[26.924889327147948,61.1602681854406],[26.924893991287263,61.160260431298504],[26.9248966614099,61.160255055139615],[26.924899483287835,61.160248377298906],[26.92490408057916,61.16023747194794],[26.92490868842756,61.16022212264298],[26.924909418852284,61.16021972600322],[26.924909418937624,61.160219690092454],[26.924910228258693,61.160215372269356],[26.924912750521123,61.160201835302146],[26.92491339664952,61.16019581162624],[26.9249140525905,61.160185658215404],[26.924914535675896,61.16017786584282],[26.924914113771337,61.16015991021602],[26.92491367849418,61.16015540317099],[26.92491242819835,61.16014197184368],[26.924909497435134,61.16012409562454],[26.924898679566084,61.16007050175363],[26.924895115682993,61.16005318179999],[26.92489322247087,61.16004442749555],[26.924891255761295,61.160035323020146],[26.92488725718673,61.16002107319728],[26.92488628062795,61.16001757135378],[26.924886280691968,61.160017544420754],[26.92487944599682,61.16000033936185],[26.924879427499526,61.1600003034408],[26.924872248100463,61.159987398506985],[26.924869805628475,61.159983007057924],[26.924869787131204,61.159982971136884],[26.924856205546927,61.15996635486052],[26.924845932886893,61.15995704826468],[26.92484109326196,61.159952655484396],[26.92484105618212,61.159952619553046],[26.92482847836757,61.15994369771714],[26.924820130220255,61.15993779473491],[26.92481040741112,61.159931702457136],[26.924797474578366,61.15992360636924],[26.92478498572611,61.15991635443026],[26.924777080413715,61.1599117803905],[26.924777006190155,61.15991173546081],[26.924757151043003,61.15989986489001],[26.924730448707844,61.1598838877023],[26.924730393045614,61.159883851760554],[26.924706852064524,61.159866915712115],[26.924691913574858,61.15985051412902],[26.92469189507789,61.15985047820795],[26.924685532149535,61.15983031076125],[26.92468551365256,61.159830274840175],[26.924686652602457,61.15981240985688],[26.924686652709443,61.15981236496847],[26.924689958219126,61.15979768827273],[26.924696113998003,61.15978001461154],[26.924704146197627,61.15976251256982],[26.9247041648443,61.15976248564712],[26.924712431976932,61.159747766821596],[26.92471388755105,61.15974519103197],[26.924713906197706,61.15974516410926],[26.924725040714318,61.15972805881004],[26.92473728982588,61.15971109777261],[26.924787679140188,61.15964354167155],[26.9247897305595,61.159640454483366],[26.92479049515328,61.15963931474057],[26.924794132403843,61.15963357103495],[26.92480133233626,61.15962218233658],[26.924816582235316,61.159593587862894],[26.9248291442179,61.159570046338544],[26.92482916288573,61.159570010438124],[26.924837157814757,61.15955249938966],[26.924837157900168,61.15955246347891],[26.924858186160023,61.15950071872682],[26.92489629875599,61.15940684213792],[26.92493728946807,61.15930594657335],[26.92496727944249,61.15925192643577],[26.924972802862136,61.1592422066503],[26.924972858885855,61.15924208997128],[26.924978438283123,61.15923227146188],[26.92497847555408,61.159232226594064],[26.924984870646565,61.15922321652921],[26.92499050135093,61.159215265408854],[26.92499052003967,61.15921522053072],[26.92500928742807,61.15919983417591],[26.92500934328115,61.15919978931837],[26.925027872500188,61.15919079494977],[26.925036281356636,61.159186705775944],[26.9250669843736,61.159176667751616],[26.925100489873508,61.159168067702375],[26.925105212977833,61.159166705705246],[26.92510549190182,61.15916662506022],[26.925132268490348,61.15915892802805],[26.925132342882804,61.15915890113607],[26.925137979402646,61.159156318676004],[26.925156377123717,61.15914789878976],[26.925156432933978,61.15914787188754],[26.92517268825323,61.15913390259745],[26.925177515228405,61.15912790816312],[26.925182267724413,61.15912197653134],[26.925189746791112,61.159110309657216],[26.925193253195697,61.15910483519906],[26.925197343018993,61.159096245802004],[26.925218258927803,61.15905233845901],[26.92522549892541,61.15903960310466],[26.925232286107637,61.159029758318546],[26.925237264579568,61.15902255197646],[26.925251389060982,61.15900596001221],[26.925268633636644,61.15899007900688],[26.925283114806017,61.15897979855777],[26.925289480566178,61.15897527731104],[26.92529439355014,61.158972182716354],[26.92529444935996,61.15897215581407],[26.925294486566507,61.1589721378792],[26.925302598696536,61.158967761238664],[26.925319250867265,61.158958783749725],[26.925338038372082,61.15895048076367],[26.925346557853135,61.1589467148286],[26.925346650848144,61.158946678969095],[26.92535118902155,61.15894492184267],[26.925375628160523,61.15893547282216],[26.925383197321135,61.158932819595506],[26.9253833088981,61.158932783746216],[26.925538009749257,61.15888323122874],[26.925546676342588,61.158880102778554],[26.925567766300876,61.15887248333183],[26.92557392258579,61.15887008967098],[26.925579502341808,61.15886790217993],[26.925595182981606,61.15886110570356],[26.925607236387435,61.15885589628481],[26.925764804810687,61.15877977109703],[26.92579268715322,61.15876785502211],[26.92582157011696,61.158757124545836],[26.92582166308982,61.158757097663695],[26.92585281056344,61.158747418812176],[26.92586628963647,61.158744364798714],[26.925886777836823,61.15873971659079],[26.925923093421872,61.158736953379844],[26.92593576300423,61.15873836083252],[26.92594248788982,61.15873911863798],[26.92597580533836,61.15874703723368],[26.925984682302023,61.15874925957857],[26.926008787509193,61.158755305768146],[26.926044454487254,61.15875973330641],[26.9260653033038,61.15875978958235],[26.926065396213435,61.15875978963308],[26.92608152524169,61.15875983435121],[26.926096839730494,61.15875856787885],[26.92611815733427,61.158756810907505],[26.926184908009485,61.15874700776132],[26.926224742769083,61.15874115806],[26.926236471310727,61.15873972801909],[26.92627288163894,61.15873616575082],[26.926272955966603,61.1587361657913],[26.926309642733404,61.158733582232784],[26.926309717081974,61.158733573295514],[26.926321759834952,61.15873286163413],[26.92633764879173,61.15873225979683],[26.926358704021013,61.15873144530317],[26.926379664645577,61.158731357948334],[26.92639594258691,61.15873128599992],[26.92641331487486,61.158732067525676],[26.926434421730686,61.158733021654875],[26.926453464365906,61.15873467491983],[26.926470872149885,61.158736174673344],[26.92650373430417,61.158740169637696],[26.926542968311555,61.15874492217815],[26.926611884752635,61.15875463751234],[26.92661212623425,61.158754673554],[26.926651042695376,61.15876015308456],[26.92666081295538,61.158761810274065],[26.926686093045472,61.15876609735063],[26.926714232386665,61.15877140942784],[26.92691847806954,61.15881469358616],[26.926954641767367,61.15882136557713],[26.92695495751548,61.15882142859138],[26.926987759323882,61.15882747929841],[26.92700011183153,61.158829434120015],[26.92702310797357,61.15883305555236],[26.92705892323654,61.15883774325641],[26.927066279832996,61.15883855521258],[26.927089539699576,61.15884063261164],[26.927089651170704,61.15884064164939],[26.92710273020927,61.15884180681546],[26.92711688774881,61.158842649363784],[26.92713964760564,61.158843990313855],[26.92716123903466,61.158844361040074],[26.9271767358033,61.15884462972995],[26.927193925083376,61.15884422600094],[26.927194240997665,61.158844217193156],[26.927213808894354,61.15884376087456],[26.92721793467206,61.15884351171708],[26.92722133564926,61.158843307058376],[26.927257949168457,61.15884027431862],[26.927275384163515,61.15883806619398],[26.92729378572849,61.15883572392076],[26.927293860097684,61.158835706005306],[26.927328844952903,61.15882981746376],[26.927363126404277,61.15882274347964],[26.927380361375,61.158818622984555],[26.927388950985744,61.15881656272121],[26.927421507792527,61.15880796158865],[26.92745313731836,61.15879856093629],[26.927497656017945,61.15878397807024],[26.927497972137516,61.15878387948488],[26.927545373156576,61.158768355488384],[26.92756058513361,61.158763147586164],[26.92756869319239,61.15876038679332],[26.92765899931118,61.1587288605139],[26.927659055118554,61.1587288336106],[26.9276744727327,61.158723069188156],[26.927688346708063,61.15871788748988],[26.927688458281647,61.15871785163869],[26.927717304583464,61.158706600032104],[26.927736926857172,61.158698575467454],[26.92773703845117,61.158698530638546],[26.92776475255696,61.158686694867086],[26.927764845527943,61.15868666798364],[26.927792170152493,61.158674499823924],[26.92789775616719,61.15862402961308],[26.92790382069029,61.15862103429155],[26.927915912528427,61.158615061583404],[26.927967406125276,61.158589179354244],[26.927967443350312,61.15858915244094],[26.928002494812407,61.15857016529903],[26.928016783294815,61.158562425143394],[26.928016876306113,61.15856238030437],[26.928020951243795,61.15855995849243],[26.928040302574487,61.15854844141507],[26.928056120079667,61.158538358888755],[26.92806270755918,61.15853417878187],[26.928082138007678,61.158520543003746],[26.928201658157832,61.1584297162246],[26.928201713984627,61.15842968034342],[26.92822345040031,61.158415183908694],[26.928223506227056,61.158415148027494],[26.928246542384844,61.15840107422997],[26.92827113797959,61.15838762071595],[26.928281666717613,61.158382562872035],[26.928297441236605,61.15837497609472],[26.9283295423479,61.15836216396157],[26.92836104112635,61.158352745072094],[26.92839622885341,61.15834720649218],[26.928421704851807,61.158346995521626],[26.92843863307162,61.15834686980527],[26.9284746160418,61.15835119811595],[26.928507915134627,61.15835911607919],[26.9285122414195,61.1583605547955],[26.928523976176027,61.15836448424569],[26.928524031880496,61.15836450223049],[26.92855122666243,61.15837663647833],[26.928551282306042,61.15837668139621],[26.928573882861212,61.15839083319691],[26.9285946421222,61.15840574712702],[26.928606440280497,61.158414524560534],[26.92861478802324,61.15842074152977],[26.92861486224875,61.158420786457384],[26.92862465687587,61.15842810844575],[26.928665264400617,61.1584582051379],[26.928684461888494,61.15847355813833],[26.928702097493485,61.15848936817605],[26.928705564446055,61.15849284437112],[26.928706472866725,61.158493769552415],[26.928721319809487,61.1585102065579],[26.928734066134545,61.1585270374747],[26.928734084594854,61.15852709135057],[26.92874500920857,61.158544235526755],[26.928747045049167,61.15854785461063],[26.92874761883824,61.158548851437104],[26.92874765588038,61.158548905322775],[26.928752335965967,61.15855827152506],[26.928756368665972,61.15856631766481],[26.92877241876503,61.15860133913275],[26.928776153882936,61.158609510803096],[26.928776172404078,61.15860953774593],[26.928784532126457,61.158626967855625],[26.928784550607148,61.15862701275381],[26.92878582735311,61.15862941047081],[26.928793746744994,61.15864434454819],[26.928798392587144,61.1586524269199],[26.928801761319068,61.15865827317299],[26.928803723351674,61.158661667774666],[26.928808870909535,61.15866975040981],[26.928808907992384,61.1586697863401],[26.92881865101824,61.15868357222954],[26.92882087374659,61.15868672457018],[26.928835088650704,61.158703340784335],[26.928844694241825,61.158712152954905],[26.9288523713222,61.15871918652714],[26.92885240838495,61.15871923143514],[26.928875709876,61.158735852419845],[26.928875784102637,61.15873589734732],[26.928899593894805,61.15874960084315],[26.928899668141693,61.15874963679294],[26.928925542547734,61.15876245257632],[26.928952905083833,61.15877457785296],[26.92897289944729,61.15878276702695],[26.928973345010327,61.15878294681471],[26.928984316870498,61.15878743244167],[26.92901380045517,61.1587983737624],[26.92901385614053,61.15879840072468],[26.929044195886405,61.158808732004246],[26.929075391852972,61.158818426309026],[26.929075466120384,61.15881845328101],[26.929080257083346,61.15881987426705],[26.929080312809095,61.158819883273964],[26.929096060544488,61.158824245705816],[26.929112513996255,61.158828788059296],[26.929127110967038,61.15883256633464],[26.92912751952878,61.15883267428087],[26.92914519933932,61.15883724420547],[26.929328711931422,61.15888021760924],[26.929331349189983,61.158880838447],[26.92941260304376,61.15889985968904],[26.92942604839948,61.15890345777768],[26.929433996348706,61.15890576918893],[26.92945795165537,61.15891272143327],[26.929488905864606,61.15892260404818],[26.92950466924552,61.1589283310506],[26.929518613074883,61.1589333927543],[26.929530346287414,61.15893816601956],[26.929557690625725,61.158950291164025],[26.929583565262877,61.15896319659822],[26.92958363951104,61.158963232547634],[26.929608472714424,61.15897652347633],[26.92965629710075,61.159004208619685],[26.92965635278702,61.159004235581705],[26.92967910294243,61.159018387274],[26.929697862423012,61.15903053486363],[26.929701295156292,61.15903276311511],[26.929827530745573,61.159121519276816],[26.93004337955891,61.15929011542634],[26.930061818534934,61.15930448029053],[26.930170128190078,61.15939146723835],[26.930215036337916,61.1594275358469],[26.930217484545423,61.159429646867565],[26.93022861282856,61.15943921385017],[26.930313053588137,61.15951388893407],[26.930335438870625,61.15953369627583],[26.930340817312707,61.15953843926714],[26.93034901485771,61.15954564359746],[26.930365056141603,61.159560393227075],[26.930400866246956,61.1595933328547],[26.930410878017305,61.15960366235226],[26.930411026340618,61.159603815049344],[26.93041662554149,61.159609581608436],[26.930430321312258,61.15962623329634],[26.930430358358546,61.15962628718158],[26.930442046528036,61.159643261033615],[26.930450042432287,61.159657674344416],[26.93045122698717,61.15965982062241],[26.93045124547082,61.1596598655204],[26.930453723309714,61.15966541500969],[26.930459030160353,61.1596773760274],[26.930462537735092,61.15968787275621],[26.93047084493471,61.15971283501886],[26.93047381279533,61.15972370853345],[26.930473831239564,61.15972377138678],[26.930475508775874,61.159729895037216],[26.93047773466284,61.159740166664946],[26.930479371915133,61.159747708770645],[26.930479371796626,61.15974776263674],[26.930480243611555,61.15975692033474],[26.930481060686684,61.15976562014208],[26.930480468373922,61.15977300848206],[26.93047960891375,61.15978357478932],[26.930479608834744,61.15978361070008],[26.930479402254328,61.15978459814058],[26.93047850029882,61.1597891403918],[26.93047337848303,61.15980286465929],[26.930471901770947,61.159806814087325],[26.93046075167546,61.159823955760636],[26.930444122280363,61.15983992751757],[26.930444085055946,61.15983995443152],[26.930437700821738,61.159844682397335],[26.93043764501475,61.15984470930178],[26.93043234220425,61.15984778592686],[26.930413884711733,61.159858486832945],[26.93039147188566,61.159867928825456],[26.930386003524372,61.15987023328173],[26.93038594771729,61.15987026018616],[26.93035500439871,61.159880182581695],[26.930325423864875,61.159887259741765],[26.93029066035803,61.15989361601114],[26.930271347039415,61.159896326307425],[26.930254970699284,61.15989861616228],[26.930235305672767,61.15990070681126],[26.930218837604258,61.15990245795273],[26.93015796819935,61.15990757976325],[26.930072342134338,61.159914771587324],[26.930051227185153,61.15991706794765],[26.930036190217262,61.159918703096224],[26.930005983732755,61.15992308655418],[26.92997107185929,61.159929263110875],[26.929956384707562,61.159932361796],[26.9299371054962,61.15993642769439],[26.929916970005873,61.15994115749634],[26.929908938091273,61.15994305660997],[26.92984285879144,61.15995953236721],[26.92983707640305,61.159960965802036],[26.929704324517523,61.15999320766803],[26.92969852331434,61.15999473984183],[26.92969841175849,61.159994766717006],[26.929634335630105,61.160012832464815],[26.92961681850226,61.16001832668711],[26.929603169283943,61.160022601951674],[26.929572949234416,61.16003300036235],[26.929568188107233,61.16003477546938],[26.929561678726852,61.16003721401622],[26.929533017413092,61.16004859179782],[26.929505135530363,61.16006042784166],[26.929505042516762,61.16006047268168],[26.929451413394805,61.16008517829948],[26.92945133898381,61.16008521417147],[26.929323270170965,61.160150181805705],[26.929192954628114,61.16021411570826],[26.92916505360743,61.16022607735963],[26.929137338574808,61.160237958303284],[26.92910821294018,61.16024907539849],[26.929085115449155,61.160256927763776],[26.929079722324428,61.16025875638874],[26.929079647932735,61.16025878328286],[26.929048240059586,61.16026834602827],[26.929015366887505,61.16027667805376],[26.929015255350254,61.16027669595069],[26.928983278030408,61.16028329574278],[26.928912841658587,61.16029484000516],[26.928890004572214,61.16029428935058],[26.928704275263108,61.16029149836342],[26.928630108762114,61.16029253661024],[26.92861447934557,61.160293084987394],[26.928594742798573,61.16029377483982],[26.92857500511435,61.160294967439704],[26.92855796230449,61.16029599986027],[26.928543073416957,61.16029777856427],[26.928521976196315,61.16030029016017],[26.928488940482797,61.16030646732507],[26.928467446366906,61.16031191440935],[26.92845606712367,61.160314799214696],[26.92842458481718,61.16032429893219],[26.928411902183136,61.16032832321213],[26.92838168144935,61.16033872135632],[26.928356033891298,61.16034832289889],[26.928352239750996,61.1603497483447],[26.928349170810208,61.160350967687194],[26.928323577718395,61.16036112586961],[26.928267979516843,61.160384887317484],[26.928256706875366,61.16038990885409],[26.92822952769229,61.160402921085456],[26.92820391114356,61.160415188991216],[26.92818833873034,61.160423332480036],[26.928178701317627,61.16042837283289],[26.928155032423884,61.16044218592622],[26.928140255314258,61.16045197274984],[26.928133090088018,61.16045671814758],[26.92811492231409,61.16047026482302],[26.928102429327982,61.160480735160064],[26.928096415557818,61.16048577743128],[26.928079635751416,61.160501838593845],[26.92807013463824,61.16051229256181],[26.92806473201,61.160518250881225],[26.928058676134913,61.16052545675306],[26.928050775555356,61.16053485220197],[26.928032880636195,61.16055910940208],[26.928025815886617,61.160568675870024],[26.92801576529614,61.160583753055136],[26.927994558093822,61.16061811737403],[26.927988752914278,61.16062946209352],[26.92795888692981,61.160687846113795],[26.92795767266531,61.160690637530934],[26.92795765395943,61.16069069138716],[26.927954795747205,61.160697270516955],[26.92782661685673,61.161052081559916],[26.92781432985423,61.16108612740618],[26.92781431118889,61.16108616330701],[26.927808990214004,61.16109698756997],[26.92778303982565,61.16114930471373],[26.927768408650095,61.161184480494526],[26.927762737257048,61.16120225330429],[26.927760204694515,61.161212666078896],[26.92775886869116,61.161219919343374],[26.927756874407695,61.16123061071364],[26.927754242718876,61.161259993304064],[26.92775367052003,61.16126642102807],[26.927753670417403,61.16126646591652],[26.927753497816337,61.161276933816346],[26.92775632967037,61.16133069376268],[26.9277568029875,61.161335003308636],[26.927758119135937,61.161344565255575],[26.927759252324133,61.16135287022769],[26.927773178033444,61.16141498534782],[26.927803255417043,61.16154919996497],[26.927806342586535,61.161564463691384],[26.927827105551057,61.161724960021395],[26.925344560785955,61.164967568285974],[26.923676000469385,61.16718354357414],[26.923620097427534,61.167257784458116],[26.92129388421676,61.17034660751885],[26.921774861073825,61.170544790257665],[26.923321600656212,61.17118210280415],[26.925739568784916,61.17217513394594],[26.929100422505577,61.17355154353463],[26.93117749465485,61.17440722703922],[26.93276231974409,61.1750605026847],[26.933204290968902,61.17610028228326],[26.933204309428113,61.17610034513608],[26.933322849605705,61.176383720985726],[26.933436914843558,61.17665650984271],[26.93343704465015,61.176656671504624],[26.934164219781913,61.178384492681374],[26.9341642382818,61.17838453757872],[26.934793647552343,61.17986976664582],[26.93479366607254,61.17986980256539],[26.935891178981663,61.18250784839981],[26.936570795137847,61.18415988800198],[26.936905586573534,61.184973654006996],[26.936905623732358,61.18497367197962],[26.938473244253643,61.18574118410159],[26.940026707937598,61.1865017229956],[26.943739638410232,61.18836512957606],[26.94508321482999,61.18904153681611],[26.94506884927144,61.18950483188805],[26.945065026302217,61.18962810252192],[26.94504597008839,61.190242570372035],[26.945032245816197,61.19066810560615],[26.945032245612925,61.19066822231556],[26.945013778965457,61.19124250633096],[26.94501377890289,61.19124254224155],[26.9449348993187,61.19376479032022],[26.94492466909695,61.19409452624748],[26.944924669034272,61.194094562158064],[26.944923054669598,61.19414551863847],[26.944919354101472,61.1942619572423],[26.94491942854417,61.19426193931727],[26.94489391591027,61.19507618370062],[26.945580183154267,61.19516802410382],[26.948712779384767,61.195608378712876],[26.94974371057805,61.19575371810279],[26.951565907392812,61.196008951860016],[26.9515659817945,61.19600896086425],[26.95095436093281,61.19640377522993],[26.95051048246071,61.196690350851604],[26.947923577439187,61.19835767002902],[26.946972313430354,61.19897488213367],[26.947505427665238,61.199395476785234],[26.948130797248666,61.19988885048122],[26.948130834416684,61.19988887742836],[26.94975131943609,61.20118580540793],[26.95052684012405,61.201801229597926],[26.950539068514193,61.20181092991128],[26.951959526562945,61.2029380356868],[26.95523161042832,61.20553148412612],[26.955475084189644,61.205725149036375],[26.955908726981505,61.20607004985918],[26.956119064695947,61.206237021288004],[26.956147060313786,61.20625924998921],[26.956605759241462,61.20662333287727],[26.95660574058192,61.20662336878184],[26.955672677649957,61.208137440488905],[26.955672472499668,61.20813774566122],[26.955083617321765,61.20909315755931],[26.955083673182106,61.20909313962255],[26.955083635895,61.209093184498336],[26.944238251948025,61.21315445911037],[26.94408634404599,61.213206430840316],[26.944085842598017,61.21320579322218],[26.94406373567068,61.21319161741082],[26.94402903580638,61.21318301150083],[26.943992014972675,61.2131816405877],[26.943971967043826,61.21318200038498],[26.943934775271682,61.21318255059706],[26.94386033835913,61.213182259436785],[26.94385250193019,61.21318222028045],[26.9438153121074,61.21318167519044],[26.943796588906842,61.21318027589662],[26.943761157577878,61.21317481178305],[26.943740687952346,61.21317157134404],[26.943704079665867,61.213168512730185],[26.943684052504725,61.21316766949195],[26.943627134410434,61.21316569768778],[26.943590001497014,61.21316456901403],[26.943567087647093,61.21316457743139],[26.943530264566675,61.2131671386737],[26.94351123783777,61.21316893524807],[26.943475063324378,61.21317312169561],[26.94345260515772,61.21317851685794],[26.943399357497178,61.213205714789105],[26.94336526293925,61.21321255047487],[26.943338883782367,61.21321426315423],[26.943301674251245,61.21321431043826],[26.943280753179184,61.21321370018472],[26.943243639191216,61.21321237391635],[26.94322083834859,61.213211628202075],[26.943183648405064,61.21321113680447],[26.94316462400872,61.213211613620516],[26.943128004736682,61.21321465065308],[26.943107504889433,61.213217865017256],[26.943074097077584,61.21322575130003],[26.943051209352628,61.2132318823806],[26.942951691781744,61.213256277624694],[26.94293662654003,61.2132598533552],[26.942903460184635,61.21326798209333],[26.94287936298671,61.21327383432906],[26.942845639140327,61.21328143313835],[26.94281927284593,61.213286269935075],[26.942783376388448,61.21329096803984],[26.94275792575134,61.21329383013395],[26.94264934572482,61.213306325977136],[26.942634395686415,61.21330793562316],[26.942525222170236,61.21331919220372],[26.94251611787304,61.21332029259073],[26.94248042541511,61.21332535878437],[26.94245448793841,61.21332976476617],[26.942420002276933,61.213336528227074],[26.94239862530039,61.21334090022492],[26.942295446901337,61.21336146896368],[26.942286899922454,61.21336316209571],[26.942252544273526,61.21337004227846],[26.942231055796675,61.21337428851565],[26.942196607201005,61.21338108784601],[26.942170983806548,61.21338673281958],[26.942138913607298,61.213395813466384],[26.942113192290687,61.213404088830956],[26.94202107083536,61.213434492580134],[26.94199704355866,61.21344265193811],[26.94196651604623,61.21345291825052],[26.941939101162397,61.21346096841628],[26.941905376972066,61.21346852210327],[26.941879028891954,61.213473412590666],[26.941844245868378,61.21347977178448],[26.941823165812878,61.21348453883434],[26.9417918203229,61.21349418530027],[26.94176410467961,61.21350377945275],[26.941672019741844,61.213534227868244],[26.94164793653929,61.21354234225209],[26.941617576128536,61.21355272526685],[26.94158991840212,61.21356114333993],[26.941555971082987,61.21356846342559],[26.9415288593156,61.21357355102327],[26.94142564245971,61.21359406521727],[26.94141713249949,61.21359581217619],[26.941137833391863,61.21365146017444],[26.941081969719146,61.21366259508987],[26.94097877087864,61.213683117928966],[26.94097026088647,61.213684855882185],[26.940935923163707,61.21369176267178],[26.94091140039507,61.21369588169074],[26.94087522491546,61.2137000764216],[26.94085426133796,61.21370213212925],[26.94074013390948,61.21371365443894],[26.94070364320967,61.21371717566445],[26.940683070155544,61.21371942004659],[26.94064739549823,61.213724521675765],[26.940625572824665,61.21372806725735],[26.940567943317483,61.213737692946715],[26.940462478355567,61.21375535053726],[26.940453652109106,61.21375696263238],[26.94041918418275,61.21376371661425],[26.94039778800798,61.21376809726561],[26.940363672948955,61.21377526435923],[26.94033972479221,61.21378059550672],[26.94030629702682,61.213788508031094],[26.940280430296195,61.21379451164493],[26.94017728619232,61.2138151146964],[26.9401687018162,61.21381677176786],[26.940134345194014,61.213823660390766],[26.940106730560277,61.21382865770563],[26.940070795903942,61.21383332814223],[26.940045363163318,61.21383620769017],[26.939937169592383,61.21384949156242],[26.93992268410735,61.213851316578186],[26.93988660099629,61.21385571757144],[26.93986133525379,61.213858857509955],[26.939825530450555,61.21386372544684],[26.939799760204096,61.21386786166614],[26.9397652363105,61.213874543635875],[26.939743895692853,61.21387898705207],[26.939641846875663,61.213900811139666],[26.939627749639925,61.21390400089553],[26.939594395936837,61.21391195816543],[26.939570464835782,61.21391798046152],[26.93953792870967,61.213926683224706],[26.939512878429692,61.21393389903532],[26.93942067859989,61.213964229160105],[26.939396724566567,61.213972459910536],[26.939378731258397,61.21397855664838],[26.939348090860694,61.21398873254398],[26.939338628922645,61.21399173581364],[26.939307653887866,61.21400167813207],[26.93928254343378,61.21401108441317],[26.939258783434344,61.214024845441934],[26.939244293072544,61.21403879915172],[26.939235696819,61.214056220864784],[26.93923297606923,61.21406745065152],[26.939224791565703,61.21412233616902],[26.939221983507196,61.21414022731248],[26.93922176118154,61.214149339500004],[26.93922643636932,61.21416713524479],[26.939229712669224,61.214176724814905],[26.93923382935853,61.21419455621945],[26.93923466744516,61.21420399207673],[26.939233888273588,61.214221937995475],[26.939232642181572,61.214231031768726],[26.939229741044656,61.21424892287033],[26.939228606672785,61.21425799873836],[26.93922954007803,61.21427592746948],[26.939233504664923,61.21428575974372],[26.93924860690751,61.21430209680886],[26.939264575972334,61.214312966888414],[26.939290239246077,61.21432594207195],[26.93932223571284,61.21433674750104],[26.939356622496085,61.214343594860395],[26.939380851320227,61.21434750198609],[26.939486157578514,61.214365387574965],[26.93949829022471,61.21436754762022],[26.93953305020022,61.214373964175465],[26.939556773804988,61.21437926257579],[26.939588885459784,61.21438831735678],[26.939614522256157,61.21439578020666],[26.9396471932967,61.214404359408995],[26.9396722139961,61.214412782579245],[26.93969629406484,61.21442638541458],[26.939713187251677,61.214440828945904],[26.939728252450273,61.214457237761586],[26.93973811478097,61.214468805324145],[26.939752286136898,61.21448540226982],[26.93976205585731,61.21449673637122],[26.939775575480972,61.214513458711444],[26.939781976438937,61.21452453096359],[26.93978708019024,61.21454229994542],[26.939789645616667,61.21455383732967],[26.939796927653383,61.21457142772616],[26.939803534524938,61.21458190754556],[26.939817314900413,61.21459858510907],[26.939827457130228,61.21460983857235],[26.939870157808276,61.21465958457025],[26.93987532104858,61.214665718576455],[26.939899243798138,61.21469364061267],[26.939941721221263,61.21474344035403],[26.939947107970877,61.21474952059073],[26.939962508644165,61.2147658577072],[26.939975051383566,61.21477759701392],[26.93999428864375,61.214792948287176],[26.94001295321468,61.2148060100106],[26.94003541288004,61.21482032129977],[26.940059920912443,61.214834265408484],[26.940083908190687,61.214847975864416],[26.940100970441495,61.21486182689803],[26.94010793623388,61.21487943509245],[26.940112924842236,61.214889348590994],[26.940133801671465,61.21490400929166],[26.940163621278256,61.214914696850435],[26.94017007728253,61.21491649522446],[26.94020384930947,61.21492401541835],[26.940210492591856,61.21492522135004],[26.940228562130745,61.21492820988942],[26.940263453552493,61.214934428806835],[26.940285834392707,61.21494132450392],[26.940307027928448,61.214955913496226],[26.940317893783778,61.21496856774978],[26.940332270537063,61.214985110858116],[26.940351944889564,61.21499589266299],[26.940387454068844,61.215000334251165],[26.940400630483357,61.21500195601707],[26.94043691174771,61.215001711613205],[26.94043046612347,61.215014106876296]],[[26.937355189934614,61.19158375286861],[26.937392015538794,61.19158622976819],[26.937417681088533,61.19158835137465],[26.93745418861339,61.191591770764],[26.93747897900551,61.19159434981511],[26.937481973168275,61.191594674392285],[26.9375546705763,61.191602249147586],[26.937591327829907,61.191605219686316],[26.937600627256536,61.191605834450115],[26.93767465338758,61.19160936980908],[26.93771159161125,61.19161136188035],[26.937719086895882,61.191611886029996],[26.93779199005867,61.19161893107098],[26.937828422900672,61.191622529878195],[26.937836736292457,61.191623233949834],[26.937873468302595,61.191626051826375],[26.93789617626046,61.19162819891887],[26.937931302656338,61.19163402355751],[26.93795651336088,61.191640463104584],[26.937986384708644,61.19165112427731],[26.938013370935288,61.19166277166525],[26.938126219364,61.19171315197202],[26.93823903095032,61.19176353216752],[26.938351880082074,61.19181392126334],[26.938379293485877,61.191826044588],[26.93840807875404,61.191840556586406],[26.93843394677904,61.19185345127549],[26.938453012430216,61.1918634071772],[26.9384977115994,61.19189208414316],[26.9385028203116,61.191895515925495],[26.938571786528314,61.191937840934074],[26.938583473256127,61.19194483084611],[26.938628917224868,61.19197324775408],[26.938647495932848,61.19198497200516],[26.93869678677978,61.192015320827394],[26.93878261891423,61.19185947167768],[26.938775026383304,61.19184191693577],[26.93876997881926,61.19183572007426],[26.938748838928348,61.19182102307876],[26.938725890417196,61.19180854274217],[26.93870402476252,61.191794024964445],[26.93868585788779,61.19178100812511],[26.938664439017366,61.19176632894534],[26.938645919360034,61.19175299772302],[26.938628222943855,61.191737215971855],[26.93861595055695,61.191725332977306],[26.938582418843794,61.19169330347032],[26.938568345012413,61.19167995629729],[26.938557984689503,61.19167008515861],[26.938541237484454,61.191654070407324],[26.938532090389096,61.19164208109085],[26.938528628110795,61.19162423194576],[26.938526286069006,61.19161379885023],[26.938513558304518,61.19159700486331],[26.938500373224137,61.19158580374542],[26.938480350558542,61.19157066730953],[26.938462482049612,61.19155738124563],[26.938441845159335,61.191542459988646],[26.938419474065515,61.19152974644294],[26.938388410420632,61.19152000054395],[26.93836163599476,61.19151418880144],[26.938327740402883,61.19150679374522],[26.938303911483786,61.19149766160034],[26.93828833679573,61.191481431887574],[26.93828091819431,61.19147024235226],[26.93826740919317,61.191453537762385],[26.938256939152918,61.1914427867403],[26.938240322499638,61.191426736100084],[26.938227975377398,61.19141515827586],[26.938210335198182,61.191399358539535],[26.938194994070216,61.19138739330763],[26.938172663571454,61.191373054784066],[26.9381471338583,61.19135863399735],[26.93812296051839,61.191344994881135],[26.938100221403875,61.191330377851614],[26.938081687972577,61.19131483804212],[26.938071239267593,61.19130274934477],[26.938061544868507,61.191285435997116],[26.938057437472526,61.19127420307465],[26.93804433566485,61.19122073515669],[26.938042985949163,61.19121657788584],[26.938034761425786,61.1911990856551],[26.93802696799842,61.19118940417975],[26.938007727441825,61.19117407052232],[26.937989171666,61.19116050577336],[26.937985717647628,61.19115756849961],[26.937968207993514,61.191141741857805],[26.937957421288772,61.191131322840185],[26.937941474904726,61.191115110871635],[26.937930429622952,61.191103767035045],[26.93791625106455,61.19108719676722],[26.93791543482592,61.19107662071699],[26.93793969731107,61.19106369503406],[26.937971781791106,61.191055342553994],[26.93800440615752,61.19104674791673],[26.93802845491182,61.19103843663417],[26.938054855811043,61.19102582612659],[26.938080722123985,61.19101073753703],[26.93810379630391,61.19099665316417],[26.938124953268012,61.19098323225813],[26.938146373089925,61.190968554597234],[26.938163252007158,61.19095503297774],[26.938178685510795,61.19093871864622],[26.93818546010079,61.19092724829559],[26.938188582782686,61.19090941112177],[26.93818572062748,61.19089869947466],[26.938173309722586,61.19088181582186],[26.93816471392694,61.19087344472524],[26.9381617988377,61.19087076805379],[26.93814345177727,61.190855165493105],[26.938123908826253,61.19084234545649],[26.938096775580675,61.19083012345187],[26.93806608548005,61.19082000058693],[26.938033886495745,61.19081101718695],[26.938008362375754,61.190803482236035],[26.937979441609674,61.19079223795424],[26.937957204492516,61.19077797125772],[26.937954457436785,61.19077498941844],[26.9379464935058,61.19075748832287],[26.93794349982897,61.19074749482245],[26.937934996418594,61.190730029389606],[26.937928731206203,61.19071892116092],[26.93792108362208,61.19070136634272],[26.937919782377687,61.19069149930432],[26.937922570479344,61.190673608116775],[26.937922811611458,61.19066449590808],[26.937913824334018,61.19064717389443],[26.937900955721677,61.190636152414555],[26.937875461173153,61.190623132105046],[26.937847155202412,61.19061150203737],[26.937841783707515,61.19060941675721],[26.93778513560836,61.19058566281423],[26.93767187683172,61.19053817282939],[26.93764351515709,61.19052656962636],[26.93761446929085,61.190512937152356],[26.937591544010886,61.190498822698295],[26.937573453595128,61.19048537481473],[26.937555460638535,61.19046968255994],[26.937547391833636,61.190458331085146],[26.937544897454163,61.19044049133537],[26.93754770967667,61.190429306474],[26.937555891365676,61.19041180381856],[26.937560802371962,61.19040217305848],[26.93756801701353,61.190384571202394],[26.93757746213027,61.19034896119801],[26.937578343812696,61.19034519098919],[26.93759236264954,61.19029177142355],[26.937598349829347,61.190274061268255],[26.93760423885291,61.190258954587385],[26.937606836316565,61.190252886888885],[26.9376227346413,61.190217818511805],[26.937628848781813,61.19020173336901],[26.937632734341616,61.190183887579565],[26.937639227412422,61.19014546620479],[26.937644824000753,61.19012771995667],[26.93765834181538,61.19009242603771],[26.937659838392744,61.19008809949658],[26.937665360557858,61.19007035321321],[26.937669139497608,61.190059384257225],[26.937676279634346,61.19004176440491],[26.937679444950668,61.190030696412094],[26.937676801727566,61.19001285659519],[26.937669435410882,61.19000373190854],[26.93764407144021,61.189990828323644],[26.937611369261386,61.18998283213229],[26.937575404996,61.189978398559184],[26.937552064557522,61.18997689751167],[26.93751499682828,61.18997552479432],[26.937492212821507,61.18997482300447],[26.937380953501442,61.18997088430008],[26.937372490808464,61.189970655946894],[26.93726102305996,61.18996865622116],[26.937253471711895,61.189968464193164],[26.93724911947313,61.189968345467825],[26.93719360141127,61.18996638954542],[26.93707387946981,61.18996222222392],[26.937015013537287,61.18996018387438],[26.936978114705855,61.18995808389855],[26.936958703438382,61.18995434914033],[26.93693341427095,61.18994140954638],[26.936914769963863,61.18992620169523],[26.936892776100564,61.189911755381964],[26.936868771094723,61.1898984752231],[26.936818773559285,61.18987059425031],[26.93679566299141,61.18985653343954],[26.936777759393003,61.18984303166939],[26.936762912110158,61.189826604607795],[26.936754065766007,61.18981364572121],[26.936724930374666,61.18976168740086],[26.93672242896196,61.18975689216439],[26.936706789734643,61.18972730348321],[26.936697412878093,61.1897099363159],[26.936691131918476,61.189697723769065],[26.93668255508313,61.18968025822027],[26.936675511349893,61.189668135092695],[26.936661464367795,61.18965152884047],[26.93665053073968,61.18964064280937],[26.93663378557893,61.189624627817764],[26.936621551423407,61.18961301398587],[26.936605048237357,61.189596927282594],[26.936594599403875,61.18958546690377],[26.93658237599317,61.18956852034566],[26.936576800970315,61.18955677496177],[26.936572763388288,61.189538943446756],[26.936571074159257,61.18952800787082],[26.936568220256124,61.18951352557547],[26.93656341402056,61.18949871019252],[26.936554558255548,61.18948127143745],[26.93655048659241,61.189471151712134],[26.936549983252508,61.1894532141195],[26.936550522479546,61.18944404818511],[26.936548177651506,61.189426154618204],[26.93654464496365,61.18941625060884],[26.936535398524512,61.1893988655352],[26.93652976567298,61.18938815255249],[26.93651782135279,61.189352721124536],[26.93650883865097,61.18933369326141],[26.93649628047684,61.18931680040388],[26.93648990396385,61.1893059344506],[26.936487893924436,61.189288067972186],[26.93649115173215,61.189277421998995],[26.93650182546044,61.18926023479034],[26.936509436788,61.18924901628714],[26.936517786109096,61.18923153172514],[26.93653013320772,61.18919613861096],[26.936532020674427,61.18919172248822],[26.936541578686303,61.189174373155716],[26.936548183476624,61.18916420456451],[26.936567454133364,61.18913583521661],[26.936578778566794,61.189118747060434],[26.936586724773466,61.189107456888195],[26.936587153705105,61.1891068914966],[26.93660158316344,61.189090361406514],[26.936612856244977,61.18908030272853],[26.936634033807117,61.189065562345824],[26.936656157018454,61.1890522767823],[26.936679583490776,61.18903834543302],[26.936702452058068,61.18902435995309],[26.936724837695845,61.18901003309276],[26.93674588478051,61.18899538240806],[26.936765073312536,61.18898001264006],[26.93677813687435,61.18896745899527],[26.936791748105584,61.18895076690501],[26.93679941584547,61.18893915339448],[26.936809382701068,61.188921867076814],[26.936815691806206,61.18891067488144],[26.936826216490207,61.18889346064392],[26.9368328966606,61.188882726481225],[26.93684489024931,61.18886573736846],[26.936860013479524,61.188855590687815],[26.936893878568068,61.18884873855955],[26.9369173911719,61.18884742081688],[26.93695455341765,61.18884735731727],[26.93697348675943,61.18884791376405],[26.937010477846364,61.18884973547742],[26.93703314742638,61.18885144279309],[26.93706925957616,61.1888556521386],[26.93709006449268,61.188859719702286],[26.93712123669871,61.18886947493181],[26.937147331413342,61.188879129044345],[26.937177702744854,61.18888944948169],[26.937205050530117,61.188895656743895],[26.937241087962004,61.18890006351738],[26.937261057372208,61.1889034124552],[26.9372794778933,61.18890933726043],[26.937301490084764,61.18892365783454],[26.93730798408665,61.18893165993207],[26.93731326843627,61.188949366316415],[26.93731293323367,61.188958936343376],[26.937312990606227,61.188976873727995],[26.93731873599747,61.18898720966925],[26.937349350818103,61.188996758102036],[26.937374955645662,61.18900029815976],[26.937411179948032,61.189004336890356],[26.937432249852204,61.18900616010963],[26.93746922258698,61.18900796373382],[26.937488119670448,61.189008098142054],[26.937525173011558,61.189006768586],[26.937546695837156,61.18900529719635],[26.937583324787376,61.1890022437187],[26.937603583357845,61.189000502407836],[26.937640415616915,61.188998095399675],[26.937660169470895,61.18899762867526],[26.937697273895477,61.18899867817468],[26.93771605788784,61.188999566622236],[26.937752936800322,61.18900179207575],[26.93777346566647,61.18900445889305],[26.937806072901157,61.18901294877428],[26.93783031838157,61.189026758560985],[26.93783884008762,61.18904411628148],[26.937840270977727,61.189054216801615],[26.93784607803363,61.18909000440481],[26.93785461953932,61.189125658597085],[26.937857812895267,61.18913805820542],[26.93786554948425,61.189166880031024],[26.937871745613517,61.189184568855744],[26.937877567550995,61.18919392624343],[26.937894759811417,61.18920978866703],[26.93791452639361,61.18922182778659],[26.937966872165898,61.189247312398734],[26.937970569395247,61.189249423840835],[26.93799209794067,61.189264049320734],[26.93801258815613,61.189277022433295],[26.938040595146145,61.18928877801947],[26.93806964896624,61.189297876692194],[26.9381016415013,61.18930702158966],[26.938127350714367,61.18931441296711],[26.938159119714445,61.18932374627963],[26.938185052558136,61.18933093126209],[26.938218666271474,61.18933858658062],[26.93824426757426,61.18934411951181],[26.9383454255562,61.189366825190405],[26.938361750156897,61.18936998377602],[26.93839665020782,61.18937617627762],[26.93841925801266,61.18938117813275],[26.938448233652792,61.189392314616434],[26.93847018520581,61.18940956168766],[26.938475377234887,61.18942729491624],[26.93847606441641,61.18943735918066],[26.938477852285764,61.18945527939385],[26.93847972755919,61.18946652924836],[26.93848413824476,61.1894843429205],[26.938489511603965,61.18949493899427],[26.938504992310662,61.18951122251222],[26.938522491193652,61.18952270389838],[26.938549586192956,61.18953497069132],[26.9385791193405,61.18954645752817],[26.938608001839178,61.189557773488254],[26.938663513882005,61.1895816432864],[26.938692243840798,61.18959491628831],[26.938719078270484,61.189607335549404],[26.9387488722624,61.18961866086929],[26.938781815631216,61.18962692622516],[26.93880613612224,61.18963129137579],[26.938841857250438,61.18963629908271],[26.938865139072323,61.18963915550769],[26.938901252246268,61.18964342720807],[26.93892429272901,61.18964605009499],[26.93899700475178,61.18965354328758],[26.93903360371356,61.18965670194207],[26.939042939569067,61.189657433333146],[26.93907976305841,61.189659909774406],[26.939102602015414,61.189660952473],[26.939139745333822,61.189661552711655],[26.93916275456776,61.189661105185785],[26.939199679805252,61.189659047924046],[26.939223472540885,61.18965740671127],[26.93933413780408,61.18965061533853],[26.939344927044587,61.18965000968891],[26.939455610597545,61.18964335289001],[26.939466381491407,61.1896426125577],[26.939503085017737,61.18963975610286],[26.93952226554984,61.18963777162703],[26.939557857460418,61.18963261638126],[26.939579851326776,61.18962816429716],[26.939612009516217,61.18961918302446],[26.939635893290564,61.18960881549856],[26.939656939646788,61.18959404765338],[26.93966282642076,61.18958926518484],[26.939674264338347,61.189580131025025],[26.939693897961636,61.18956488672922],[26.939708523108678,61.18955227963245],[26.939721630978525,61.18953551520442],[26.93972686213729,61.18952339769664],[26.939727592973668,61.18952055210489],[26.939730249763663,61.18950265184131],[26.939731101405414,61.18949498530217],[26.939733702391226,61.18947708501356],[26.939735133305934,61.18946801821775],[26.93973617193881,61.1894500903011],[26.939732304099415,61.189439845075206],[26.939715110807242,61.18942397390755],[26.93970027113574,61.189412601590924],[26.939684771312127,61.189396291268],[26.939674452999093,61.18938411297231],[26.93965789252509,61.18936805354832],[26.939641604577265,61.18935538779759],[26.93961944237794,61.1893409867393],[26.939594750471546,61.18932665637068],[26.939497428044895,61.189272369943986],[26.93949107364558,61.1892688388871],[26.939439216766534,61.18923993459592],[26.939341783189466,61.18918569289515],[26.93933552189321,61.189182125962034],[26.93928366529908,61.18915322161096],[26.939257482631422,61.189140488535024],[26.939227413956118,61.18912706243132],[26.939170786056195,61.1891033180487],[26.939142257548216,61.18909180485837],[26.939113932273155,61.18908100996584],[26.939083802284916,61.189070501540876],[26.939056645176645,61.189061601447065],[26.939025881984243,61.1890515326295],[26.938999376767704,61.189042183934774],[26.938971369726044,61.189030383658064],[26.93894529898895,61.18901759670605],[26.938940263547458,61.189014963983254],[26.938888407589943,61.18898605948025],[26.9387910129948,61.188931790465375],[26.938784714559553,61.18892825042281],[26.938732858886944,61.18889934585994],[26.938708203184518,61.18888591311059],[26.938683030549722,61.18887050503825],[26.938664889077096,61.18885485774803],[26.93865397481989,61.18884336140558],[26.938638140865976,61.188827131608846],[26.938619099744866,61.18881503905696],[26.93858721887662,61.18880603797405],[26.938559942289587,61.18880137518006],[26.938524520636605,61.18879590967328],[26.938501147431598,61.18879255937659],[26.93846550190332,61.188787452859025],[26.938442353534484,61.188783267732205],[26.938410659357885,61.18877395247449],[26.938385293425696,61.18876240465116],[26.93836324388356,61.18874796752637],[26.938343425696807,61.18873384563149],[26.93831973822132,61.188720027212455],[26.938291570765266,61.188704931921315],[26.93823973449314,61.18867603615499],[26.938093254892397,61.18859481127792],[26.938083203415154,61.18858927644758],[26.938031348941863,61.18856037161488],[26.93793543007333,61.188504280191204],[26.93791191048491,61.188490389955895],[26.937883575857327,61.188475384279286],[26.93782711944219,61.18845066982366],[26.937773978356265,61.188423649609284],[26.937749453735456,61.188410162878526],[26.93773696383537,61.18839622381444],[26.93774678099849,61.188379045089704],[26.937756006911666,61.188369299592985],[26.93776904098251,61.188352508383865],[26.937777798447726,61.18833507779562],[26.937784938133156,61.18831745793295],[26.9377863022901,61.1883142086474],[26.937794632056974,61.18829672399562],[26.93781452709786,61.188262133237174],[26.93781665431568,61.18825863292715],[26.93782825665871,61.18824158968049],[26.9378387854639,61.18823133304938],[26.93786094699114,61.18821692509819],[26.937879014363475,61.18820368236155],[26.937888775697587,61.18818644973455],[26.937891308996896,61.18817506722602],[26.937894022512264,61.18815716702054],[26.9378954743847,61.18814713964247],[26.937898262274523,61.1881292484486],[26.937899507662987,61.18812018158515],[26.93790013814655,61.18810223553624],[26.937898538103465,61.18809304168119],[26.937891523667513,61.188075424300834],[26.93788760005557,61.188065556055996],[26.937884622164308,61.18804768017383],[26.937884866573015,61.188036898118774],[26.93788731970964,61.18801898881604],[26.937888899846214,61.18800994006132],[26.93789178074097,61.187992039932205],[26.937892971282363,61.18798248824994],[26.937895666181067,61.18796458803544],[26.937899277307864,61.18795366388108],[26.937912292496307,61.18793689060384],[26.937924553113426,61.187925503574434],[26.937943108404824,61.187909953794154],[26.93795879301391,61.18789766158657],[26.937977943124885,61.18788227367176],[26.937987973325964,61.18787011353677],[26.937991430510777,61.187852321400854],[26.937989069003837,61.1878425616055],[26.93797987802665,61.18782517665192],[26.937974075686355,61.18781542425861],[26.93796648461191,61.18779785150572],[26.937958036333278,61.18776219735608],[26.93795739129746,61.18775918056751],[26.93795296256834,61.187741357887525],[26.937949730335507,61.18772986500445],[26.93794474355738,61.18771208695679],[26.937942087951434,61.18770056740468],[26.93793862464968,61.18766470905066],[26.937935256171944,61.18764684196722],[26.937933758802632,61.187642190854156],[26.93792691187268,61.187624555595896],[26.937924089314105,61.18761282050299],[26.93792890413841,61.18759507387836],[26.937935322656354,61.187584653757646],[26.93794740811725,61.18756768254176],[26.93795353010026,61.18755672362478],[26.93795535074588,61.18753884096281],[26.937953621529022,61.18752913532195],[26.93794792793561,61.18751140183844],[26.937944616814303,61.18750220719934],[26.937939369655886,61.18748444698691],[26.93793796017511,61.18747293698282],[26.937939594924735,61.18745500934743],[26.937941271859994,61.18744400350611],[26.93794402248157,61.187426103314706],[26.93794630927353,61.18741708181521],[26.937955605622378,61.187399714303616],[26.93796356907879,61.18738863951974],[26.93797695592244,61.18737189333815],[26.937987840129054,61.18736043385068],[26.938006134797778,61.18734482109766],[26.938022079378108,61.18733258286674],[26.938041229097617,61.18731720391929],[26.938053475039577,61.187303671210046],[26.938061153524277,61.187286141353255],[26.938063779242132,61.18727498332377],[26.93806716208257,61.18725711035148],[26.93806809503247,61.187246095190474],[26.938066512105703,61.18722817505958],[26.938063409651953,61.187216897701504],[26.938055148960775,61.18719940544476],[26.938048435183717,61.18718975139121],[26.938032974501965,61.187173440891186],[26.938019438293896,61.18716212284827],[26.937998655590597,61.18714725531231],[26.937977516287024,61.18713403949909],[26.937926593207234,61.18710565574991],[26.93782939217596,61.187051323271234],[26.937824765956297,61.18704887024707],[26.937773038280337,61.18702308959163],[26.937719188416867,61.18699834037147],[26.937709600014582,61.18699405361945],[26.937681949052063,61.18698204674944],[26.937650968582542,61.18697023584986],[26.937619630488296,61.186960588394435],[26.93759050322359,61.18695216291196],[26.93749766259132,61.18692232325732],[26.93746996902645,61.186913117353946],[26.937376197309487,61.18688397744352],[26.937356847707182,61.18687821381749],[26.93726149293781,61.18685027610175],[26.93723675269724,61.186843064558715],[26.93720489331329,61.1868338117826],[26.937175208215567,61.18682543981794],[26.93714260366036,61.18681682409536],[26.937118214321814,61.186810878543454],[26.937050191448595,61.1867963929193],[26.93694656350423,61.18677645920912],[26.93693418188817,61.18677398458908],[26.936831989491832,61.186752390592424],[26.93680971760404,61.186747882397746],[26.93670608995289,61.186727957481175],[26.936685974937376,61.18672373755898],[26.93665266260295,61.1867157588013],[26.936625058456222,61.18670854580709],[26.93659295719377,61.18669949925976],[26.936564650955518,61.18668998764363],[26.936536982006345,61.18667802541902],[26.936511882215385,61.18666478956514],[26.93650577032707,61.18666132132388],[26.936482103863582,61.186647475655356],[26.936454849333394,61.18663293701975],[26.936427012964288,61.18662103753769],[26.936394154273092,61.1866095307088],[26.936362667917468,61.186599990624146],[26.93633452525715,61.18659244514411],[26.936301473997503,61.1865842330034],[26.936273703132567,61.186576786439836],[26.936243390243316,61.18656640297934],[26.93621672380015,61.186555446658765],[26.936108357966102,61.186506287791815],[26.93610019999891,61.18650298914265],[26.936070855637766,61.186491968686404],[26.936043220917025,61.18648164928843],[26.936014844887026,61.18647004572926],[26.935930394512347,61.18643126721058],[26.93587400004327,61.18640607614511],[26.935817605682455,61.18638087607845],[26.935761192795248,61.18635568495706],[26.93573166245185,61.186344790026034],[26.935700140516364,61.18633468417737],[26.93566831936561,61.18632539514633],[26.935642445449897,61.186318164817635],[26.93561004681966,61.186309351314534],[26.935584524353164,61.18630307277375],[26.935550392626798,61.186295973165414],[26.93552417975985,61.18629081649234],[26.935490048078666,61.186283707891114],[26.935462071511658,61.1862770331415],[26.935429877883898,61.18626805809502],[26.93540437667518,61.18626051368023],[26.935244582591434,61.18621465132096],[26.935231273985323,61.18621092820703],[26.935199136395465,61.18620189926638],[26.935173560792418,61.18619440863845],[26.935141833076017,61.186185047706886],[26.93511584664499,61.18617838281609],[26.935080764165054,61.18617249461799],[26.935059010302442,61.186169629295044],[26.934986867660204,61.18616093124876],[26.934950347919315,61.18615759198269],[26.934937591484736,61.18615669706813],[26.934900660023253,61.18615460548579],[26.934879944587323,61.18615323990241],[26.934843798439903,61.18614911973074],[26.934821024521387,61.18614489825217],[26.934788775249693,61.18613600382519],[26.93476260900186,61.186126412062585],[26.93470614063323,61.186101696289725],[26.934678510174457,61.18608969779202],[26.934649823125802,61.18607601995632],[26.93462617651324,61.18606217397149],[26.93460381327584,61.18604828371374],[26.934580055041913,61.186034473577585],[26.934552894981447,61.186019898692535],[26.93450096690036,61.18599420646208],[26.934496860719353,61.18599229223485],[26.93446964005678,61.18598006945086],[26.934440298802148,61.185968061099],[26.934410545785006,61.18595731839154],[26.934383020228985,61.185948650596245],[26.93435080860779,61.18593969323921],[26.93432526977388,61.18593260646329],[26.93429397103448,61.18592290438946],[26.934233701699732,61.18590189434901],[26.934210731603514,61.18589376738977],[26.93418036419908,61.18588341037269],[26.934153471922976,61.18587434782116],[26.934061978745284,61.185843554827876],[26.934038858752185,61.18583600233675],[26.934008063070806,61.18582595031286],[26.933980670459693,61.185816070516005],[26.93395380384617,61.18580368620259],[26.933928929252037,61.185790333268],[26.933924712447244,61.18578798804162],[26.93382735485009,61.18573371544434],[26.933822878029932,61.18573120848991],[26.93377495500471,61.18570291441437],[26.93375343086025,61.1856882792796],[26.933735028522758,61.18567490254113],[26.933714490775998,61.185659944686805],[26.933695083513914,61.18564689064691],[26.93367140040835,61.185633062431776],[26.933644166684108,61.18561850528266],[26.933591335551572,61.18558956234564],[26.93352438138315,61.185546499574016],[26.933503486832624,61.185533265223306],[26.93347974806536,61.185519454902355],[26.93345349916315,61.1855053919696],[26.9333993625623,61.18547834260244],[26.93337419057455,61.18546514203917],[26.933350042444776,61.18545148411424],[26.933346531907716,61.185449390591764],[26.933323891404658,61.18543516781123],[26.9333026833372,61.185420757201236],[26.933281792359303,61.185405915816325],[26.93326273901455,61.185392754156254],[26.93323987526681,61.18537860307284],[26.933214760167736,61.18536495362465],[26.933188266608287,61.185352371833716],[26.933160004323483,61.185340722841666],[26.933154559568713,61.18533867324808],[26.933124342053617,61.18532820833511],[26.93309728292829,61.185319262200146],[26.93306671154519,61.18530905745169],[26.933040024974925,61.185299842159466],[26.933009900656064,61.18528931442332],[26.932982748475407,61.18528043106304],[26.932950388867223,61.1852716079635],[26.932924849152354,61.18526533788935],[26.932891483381848,61.18525742102134],[26.932866705004813,61.18525170792843],[26.93283276146042,61.18524439226301],[26.932808296452937,61.18523999903109],[26.932772543852177,61.18523508846664],[26.932749321833246,61.18523213226681],[26.93271379326267,61.185226826780976],[26.93269061170457,61.18522234438866],[26.932657637332706,61.185214077528656],[26.93263276941656,61.18520678427982],[26.932539249443487,61.185177434649525],[26.93251780202172,61.18517084334051],[26.932357831347513,61.185125130097546],[26.932344709842884,61.18512125417234],[26.932312946753054,61.18511193744668],[26.932285028998475,61.185104651587544],[26.932250358616862,61.18509818829053],[26.932223476118814,61.18509380272139],[26.93211862600563,61.185075435789365],[26.9321003705058,61.185072095927374],[26.931995688415874,61.185053495565114],[26.931977265062137,61.1850503890215],[26.931872004873245,61.18503258728518],[26.931854084351762,61.185029166759506],[26.931820104009134,61.185021886732045],[26.931797892663127,61.18501607598102],[26.931767098495406,61.18500602344664],[26.931740617461923,61.18499665538107],[26.931710382087463,61.18498621707584],[26.931683360909137,61.1849772437439],[26.931652715827866,61.1849670835267],[26.93162608584889,61.184957823095445],[26.9315975452031,61.184946326256195],[26.931571778655723,61.18493341234155],[26.93156791539253,61.18493111210834],[26.93154629973306,61.184916512485074],[26.93152689362991,61.18490354790985],[26.93150179733126,61.18489032010239],[26.93147380108309,61.18487653420816],[26.931449449460676,61.184862965616475],[26.931426885616705,61.18484828469516],[26.931406535630206,61.1848332547623],[26.93138900889619,61.184819860190956],[26.931369384688015,61.184804624133754],[26.931354126186378,61.18479153594752],[26.931339470190174,61.18477505450836],[26.931330233664255,61.18476360330622],[26.931316396381522,61.1847469337486],[26.93130632258716,61.18473567065118],[26.931291443397203,61.18471922500412],[26.931282430169134,61.18470772902355],[26.931274676093828,61.184690200691655],[26.931273413371155,61.184680791460195],[26.931273099076275,61.18466285393002],[26.931269757420637,61.18465163015577],[26.93124708082049,61.18463759553855],[26.931218373012697,61.18462619728811],[26.931213653013664,61.18462450709077],[26.931185299025696,61.18461290252673],[26.931165658561504,61.18459669684359],[26.931170067548088,61.18457896819926],[26.931175949540897,61.18456800946115],[26.931182311077,61.18455034465202],[26.931188507509187,61.184514571811896],[26.93118957662314,61.18451040671926],[26.931196849240063,61.1844928141934],[26.93121712093359,61.18445827843996],[26.931220256935614,61.184452911389656],[26.931245291290534,61.18440044067855],[26.931248056944966,61.184394337271165],[26.931274411241304,61.18434202882214],[26.931276710123296,61.18433676907765],[26.931283387685312,61.18431911340118],[26.931287000897328,61.18430809066327],[26.931291298389024,61.18429027218108],[26.931291114769333,61.18428064803262],[26.931283360715756,61.18426315561076],[26.931269287867508,61.184252294475854],[26.931237562498374,61.18424328275614],[26.931209081161906,61.1842390667488],[26.931173273918066,61.18423426346528],[26.93115009019444,61.18423120825576],[26.931114040327028,61.184226808828086],[26.93109295671392,61.184224374135525],[26.93098450824509,61.18421181303996],[26.930974691747164,61.18421058707593],[26.93093905259158,61.18420548755318],[26.93091598406889,61.18420079842749],[26.930884576237947,61.1841912211941],[26.930856739776264,61.1841813046252],[26.93076564584667,61.184150240268856],[26.93074221218873,61.18414248056586],[26.930711922093064,61.18413207791874],[26.930685090125664,61.18412209000694],[26.9306572022566,61.18411023419521],[26.930631716005003,61.18409719455595],[26.93062614417358,61.18409390587753],[26.93060458537244,61.18407927919797],[26.93058620392359,61.18406589306075],[26.93056520347916,61.18405107813002],[26.9305462823413,61.18403788024167],[26.93052496555159,61.18402317287437],[26.930503329770602,61.18400976710133],[26.930451110387466,61.183984234756906],[26.93044639250346,61.183981646767286],[26.93042459190647,61.18396710971125],[26.930406452554983,61.18395363389708],[26.930343395908253,61.18390921591506],[26.930326572850827,61.183897617098715],[26.93030570291625,61.183882757306115],[26.93028665171165,61.183869604202435],[26.930263715954748,61.183855479508566],[26.930234812129253,61.18384069636768],[26.930206328829776,61.18382918130705],[26.93017778497575,61.18381982982627],[26.930145148202183,61.18381123035263],[26.930120648817688,61.18380623511261],[26.9300851595867,61.18380088406742],[26.930063724094737,61.18379795526124],[26.930027992270475,61.18379299011535],[26.930004734256833,61.183790087291385],[26.929968311327386,61.18378649535528],[26.92994553663786,61.18378368254764],[26.929911744401416,61.18377624053882],[26.92988747089264,61.183770051344055],[26.92985412610108,61.183762115780915],[26.929829330831005,61.18375641109943],[26.929796377396382,61.18374811661814],[26.929771662186223,61.18373987128852],[26.929745711224346,61.18372703772699],[26.929719672357052,61.183711932765675],[26.929667852149375,61.18368302472307],[26.929643111315208,61.18366962617715],[26.929612811845903,61.18365545265927],[26.929581833335035,61.183645579082864],[26.92955510626582,61.18363893069197],[26.929520978776598,61.183631829562316],[26.929495565491287,61.18362813549488],[26.929458880809886,61.18362527945389],[26.929436066440143,61.18362365159152],[26.929399961374628,61.183619404298504],[26.929328479673597,61.18360950954794],[26.929318068036167,61.18360841781812],[26.92928119628193,61.18360607335828],[26.929244174110814,61.18360446497833],[26.929207320842448,61.183602174374016],[26.92919878681866,61.18360137090158],[26.929162999321715,61.18359651323015],[26.929139873038217,61.183593017800504],[26.929104122853705,61.18358811524471],[26.929080883793606,61.18358515840585],[26.929044965652988,61.18358052507643],[26.929021894578355,61.18357729898549],[26.928986573725382,61.18357169636575],[26.928963188683742,61.183567509490096],[26.92892904278822,61.18356041717917],[26.928905086587715,61.18355386886796],[26.928875933667765,61.18354274819262],[26.928847680138674,61.18352863842103],[26.92879586103047,61.18349973004417],[26.92876951971128,61.18348708462067],[26.928739534375858,61.1834740512355],[26.928711107843494,61.183462491001],[26.92868349440457,61.18345322049321],[26.92865029936703,61.183445132091634],[26.92862537402304,61.18343958871877],[26.928592067172048,61.183431616953634],[26.928567235135908,61.1834259389543],[26.928533369099785,61.183418550428],[26.928509247225556,61.183411337611986],[26.92848733592914,61.18339697973733],[26.928476244534437,61.18338405502139],[26.928465460313493,61.18336688403115],[26.92845826775376,61.18335679831473],[26.92844134401522,61.183340827086894],[26.928426383043394,61.18332859160269],[26.928372523225523,61.183281448346555],[26.928362632430613,61.18327216021029],[26.92833366621173,61.18324452959004],[26.92831664957395,61.183228576252475],[26.928301724856432,61.18321679863437],[26.928278957951097,61.183202619825934],[26.928254796118964,61.183188539029146],[26.928233090121513,61.183173974735254],[26.928213873576507,61.18316049805468],[26.928192558465817,61.1831457903187],[26.92817494078522,61.18313251198874],[26.928158277821286,61.183116469041856],[26.928146030565703,61.183104917268004],[26.928125608798013,61.18308992270994],[26.928106075171304,61.18307690370657],[26.928084629870934,61.18306224975028],[26.928066157040224,61.183048890152946],[26.92800801834881,61.183002956462026],[26.927994505975704,61.18299170026486],[26.927939437909636,61.1829448704097],[26.927930454870136,61.18293719870404],[26.927866422581793,61.182882697122494],[26.92781075943065,61.18283603747287],[26.927798581949776,61.18282660443339],[26.927735717286478,61.18278214044182],[26.927718728320357,61.182770586098925],[26.927655100867693,61.18272637303709],[26.927638874994855,61.18271455873931],[26.92761830484943,61.18269960891278],[26.927598957715798,61.182686554024315],[26.92757472112686,61.18267293990359],[26.927546914684587,61.182659081472025],[26.92751999747314,61.18264670482549],[26.927490080701265,61.18263677747074],[26.92745502215572,61.182630896283136],[26.92743124465094,61.18262794784982],[26.927395197112425,61.18262355640947],[26.927373110757394,61.18262108468867],[26.927336614699993,61.182617662580185],[26.927316834108822,61.18261525493079],[26.927282577706638,61.18260830578667],[26.92725941801801,61.18260357109925],[26.92722363193012,61.182598721892596],[26.92720334933076,61.1825962870239],[26.927168253650308,61.18259042369736],[26.92714587638916,61.18258509688525],[26.927114899783177,61.18257518683281],[26.927086769826378,61.18256464986896],[26.927057786093446,61.182553412181505],[26.92702737703163,61.18253934575508],[26.92700533702968,61.182524906770034],[26.9269873850533,61.182511807657235],[26.926966405927235,61.18249699217563],[26.926947450033378,61.18248379376187],[26.926926731474023,61.182468897615564],[26.92690753365941,61.182455788842304],[26.926855699492705,61.18242687970921],[26.926803865441713,61.18239796157851],[26.92675205003985,61.18236906139322],[26.926729600862263,61.18235475680658],[26.926713195007945,61.18234059912873],[26.926699603032393,61.18232390229191],[26.926687167866458,61.18231355329015],[26.92665762521464,61.18230292569535],[26.926630470380072,61.18229705755077],[26.926596736470987,61.182289542922724],[26.92657377293206,61.182280570765315],[26.926557855103407,61.18226451006763],[26.926553941227404,61.1822522893411],[26.92655547053211,61.1822343887028],[26.926558191369992,61.18222387733026],[26.926561989224055,61.18220603178779],[26.92656223358985,61.182196910610784],[26.92655781200965,61.18217911447788],[26.92655322151433,61.18216998170168],[26.926540690090008,61.18215309689252],[26.926529241137168,61.1821425239691],[26.92650714576935,61.182128120782586],[26.926477294019982,61.182114575238614],[26.926447342541287,61.182103938397944],[26.926420329364202,61.18209323132543],[26.926396168184368,61.1820795901002],[26.926367208742448,61.18206620661469],[26.926332915597712,61.1820594098299],[26.926308657488626,61.182055455438984],[26.92627645187976,61.18204660388979],[26.926252546124466,61.18203510844025],[26.926234005321707,61.18201959391342],[26.926222654302265,61.182006965131386],[26.926208262762273,61.181990420429145],[26.92619876844757,61.1819790225969],[26.92618742211645,61.18196440077228],[26.92617287446002,61.18195101611995],[26.926144393843078,61.18193971566622],[26.926113429363607,61.18193297450659],[26.926078110824687,61.181927389082794],[26.926056433552443,61.18192517772245],[26.926019413327992,61.18192364925999],[26.925996579244828,61.18192309812668],[26.925959615486118,61.18192128239337],[26.925937102521512,61.18191860371844],[26.925902959110548,61.18191150166572],[26.925878835152805,61.18190592231326],[26.925844486648337,61.18189906253058],[26.9258224818638,61.18189379854658],[26.925792698301645,61.18188310778662],[26.92576933760471,61.18186927835651],[26.925768241504,61.181860928525175],[26.925798834358336,61.181851662379444],[26.925823928610477,61.18184788754816],[26.925859476970526,61.181842655074945],[26.92589007495192,61.1818391076855],[26.925927028650836,61.18183724258875],[26.92594627624355,61.181836723430656],[26.925983358863117,61.18183538807137],[26.92600257157736,61.181833881342826],[26.926037971443524,61.18182851407666],[26.926062273611112,61.18182150680848],[26.926088095685305,61.18180865590383],[26.926092825412926,61.18180589336306],[26.92610320974504,61.18179451534641],[26.926107268014995,61.181776723823596],[26.926107441257642,61.181766264935504],[26.926109547271913,61.18174835563784],[26.926111729704587,61.18173752078371],[26.92611815443084,61.18170176623857],[26.92612009864312,61.18168147777038],[26.926121721226995,61.1816635412756],[26.926124405662378,61.181652733627956],[26.926135008071576,61.181635547176676],[26.926142508221027,61.18162494864102],[26.926154634906624,61.18160798746092],[26.926166579377483,61.18159737339142],[26.92619555847036,61.181586220966004],[26.92622381293237,61.18157480778729],[26.92623748189877,61.18155830530075],[26.926240854354962,61.18154748007],[26.926244020149564,61.181529598279766],[26.926245161245916,61.18151873592311],[26.926246002747323,61.18150079900115],[26.926245470453424,61.18148985493426],[26.926242425411896,61.18147196976194],[26.926239697219007,61.18146173373499],[26.926233267360786,61.18144405320548],[26.926227841600486,61.18143435436919],[26.926214175848454,61.18141767539639],[26.926204067388838,61.181406564514305],[26.926189787766457,61.18138999293648],[26.92618029324,61.18137876567744],[26.926164636881982,61.181362498587276],[26.926150399499317,61.18135173557941],[26.926124805596405,61.18133876684795],[26.926094319136777,61.18132666627599],[26.9260649831011,61.181315634667634],[26.926038412364804,61.181306911823576],[26.9260047914571,61.181299298353856],[26.925982281962916,61.1812953269037],[26.925946908227505,61.18128980425839],[26.92592372765677,61.18128654166738],[26.92581538467277,61.18127382386068],[26.925806089426736,61.181272822248296],[26.925686329358005,61.18125999035203],[26.925468410827705,61.18123698654177],[26.925438832849743,61.18123404354344],[26.92532974284741,61.18122284216275],[26.92531509403524,61.18122107446351],[26.925207872163607,61.18120627396966],[26.92519190366446,61.181204272109],[26.92508286987244,61.181192971806055],[26.925068165089534,61.18119129382578],[26.925032436937776,61.181186354293864],[26.925006787267424,61.181181456243586],[26.924974098674102,61.18117292731177],[26.924949272095706,61.18116597382043],[26.92491621088457,61.18115775888655],[26.92489143631461,61.18115240343838],[26.924856809106082,61.181145884400934],[26.924833109116967,61.181142190406895],[26.92479710097644,61.18113773545152],[26.92477430910117,61.18113532575798],[26.924737983404988,61.18113148109195],[26.92471547192077,61.181128461062826],[26.92468075147819,61.1811220765935],[26.924655457406487,61.18111626295217],[26.924622359026593,61.181108092814135],[26.924597621842818,61.181102692444604],[26.9245619497575,61.181097707931315],[26.924538878852825,61.181095360886374],[26.924502291397655,61.1810921444481],[26.92448267632794,61.18109099334965],[26.92444557901814,61.18109103550546],[26.924424411234064,61.181093779840616],[26.924392628647812,61.1811030360351],[26.924367250342105,61.181109126681335],[26.924330488518383,61.18110883681923],[26.92431091534812,61.18110571960994],[26.924278562335456,61.18109693932285],[26.924250974157747,61.18108629433773],[26.924223892008314,61.18107400671673],[26.924199025212722,61.181060669942816],[26.924194364645228,61.181057839368954],[26.924172233933092,61.18104342680111],[26.924144727788967,61.18102963067848],[26.924112095176717,61.181021182368646],[26.924086703178094,61.181017505251226],[26.924050115880863,61.18101427971312],[26.924028568289998,61.18101258880514],[26.923992410894368,61.181008447770374],[26.923970886618473,61.181004799734545],[26.923937285256184,61.18099713189593],[26.923913051531766,61.18099123791217],[26.92387935698484,61.18098366876118],[26.9238552537064,61.18097766710837],[26.923825434463033,61.180966984871375],[26.923798153171987,61.18095256934544],[26.923777827901095,61.18093754724701],[26.923760492168707,61.18092429542904],[26.92373735670959,61.18091025928624],[26.923709700810342,61.1808970016507],[26.923680738362005,61.18088578120414],[26.923652659764286,61.180878170272415],[26.923617099977406,61.18087305090824],[26.923593841902246,61.180871305100425],[26.923556804373042,61.18086980288739],[26.923537280798328,61.180869334006395],[26.923500130094844,61.18086849606148],[26.923480644146828,61.180867847640194],[26.92344396302197,61.18086507076865],[26.92342472573547,61.18086156758117],[26.923395707396573,61.1808504457963],[26.92336862979167,61.180836506115135],[26.923343484315666,61.18082329471314],[26.923318899912918,61.18080876390679],[26.92330047292834,61.18079321312852],[26.923292021314946,61.180781824658055],[26.9232856490085,61.18076415299639],[26.923283124808183,61.180754563416144],[26.92327705011721,61.18073685601191],[26.92327324292048,61.18072724774934],[26.92326439691058,61.180709826059974],[26.92325335667865,61.180700070056226],[26.923223258149086,61.18068972867925],[26.923196961161256,61.18068367179938],[26.923163248497637,61.180676111437094],[26.92313901313167,61.18067105223671],[26.923103491266474,61.18066576218322],[26.92308131368709,61.180663271754135],[26.92297157177761,61.18065366612707],[26.922963168785778,61.18065289824623],[26.922926955850738,61.18064888258241],[26.922904502597575,61.18064507225011],[26.92287179651105,61.1806365517775],[26.92284702778665,61.18062911313876],[26.922815216103686,61.18061984801538],[26.92274984141403,61.18060273521909],[26.922729065084642,61.18059756120833],[26.922629866361675,61.18057294167753],[26.922607901041307,61.18056734501845],[26.922575083304693,61.180558923164625],[26.92254730051188,61.18055223687226],[26.922513028759614,61.180545304465035],[26.92248624554558,61.18054047710952],[26.922381136396826,61.18052247055614],[26.92236660151963,61.180519939500996],[26.922261940151277,61.18050137649617],[26.922244171050586,61.18049834082211],[26.922209097395527,61.180492404398876],[26.922182927986842,61.18048754142512],[26.922149458082345,61.18047974753018],[26.922122289451035,61.1804729088831],[26.92208928559643,61.18046464840237],[26.922061707930037,61.18045780053016],[26.922028722746138,61.18044952209009],[26.922001107894552,61.18044268316175],[26.92196763808251,61.18043488922184],[26.92194033696934,61.18042902005018],[26.921905879048943,61.180422284890554],[26.92183580671591,61.180410295193084],[26.921817888550027,61.18040742097505],[26.921712183126612,61.180390248481],[26.92169521360007,61.18038725808535],[26.92159206395896,61.180366792170126],[26.921578013524677,61.180363920159245],[26.921543462467188,61.18035731054076],[26.921519688878686,61.180353696722506],[26.921483364322423,61.180349914027055],[26.921460721311554,61.18034779114704],[26.921424602382473,61.18034357762693],[26.92140190489246,61.18034093400061],[26.92136541216378,61.180337492327375],[26.921342880402005,61.180335504157256],[26.92130655588789,61.180331721414376],[26.92128404545919,61.180328637971165],[26.92124943849415,61.18032211802179],[26.921227994107806,61.180316575307494],[26.921197822497916,61.180306125704895],[26.92116957074654,61.18029383679054],[26.92111801667599,61.180267978019835],[26.92102961842276,61.18020829682525],[26.920229932456596,61.18082959469621],[26.919994577858926,61.181012438739394],[26.91999454060065,61.18101246565038],[26.91806996641872,61.18119368757354],[26.91807998527771,61.18119520188171],[26.918114779077836,61.18120149831109],[26.91814238155372,61.18121304232218],[26.91814854966829,61.181222328959485],[26.91815530973623,61.1812399831417],[26.918164813609238,61.18125366187394],[26.918182828912826,61.181269338789484],[26.918203469480556,61.18128373348126],[26.918226453827966,61.18129783332178],[26.9182779997045,61.18132659297152],[26.918282790296036,61.181329289162406],[26.91830739419131,61.18134273459634],[26.91833352468055,61.18135549864331],[26.918360331490597,61.1813656057029],[26.918390279519713,61.1813762533099],[26.918396948711116,61.18137877107522],[26.918424885370822,61.18139062047038],[26.918449973430622,61.1814038417281],[26.918469724997305,61.18141693408171],[26.91849068082248,61.181431750869514],[26.918510988868235,61.18144539118976],[26.918533377819323,61.18145972403894],[26.91855712290373,61.181474578404604],[26.918580982383634,61.18148834653685],[26.918608542859612,61.181501919380175],[26.918637075683183,61.181513409982784],[26.9186624743141,61.18152163980359],[26.918695459803946,61.181529892129205],[26.918718487876262,61.18153438580643],[26.91875259202491,61.181541507603114],[26.918780704311057,61.181550250756544],[26.918808324822493,61.18156222556998],[26.918833745310558,61.181576452454266],[26.918855911172205,61.18159085693746],[26.91887259820287,61.181602618701035],[26.91888966511621,61.18161851939519],[26.9188966086318,61.181630104745146],[26.918902253274076,61.18164783901999],[26.91890505083368,61.18165910766874],[26.918908872835935,61.18167695756164],[26.918910537855545,61.1816875342518],[26.918911588915172,61.181705472262365],[26.91891070555582,61.181716361645215],[26.918906289855776,61.18173417967324],[26.918902135078227,61.1817445284373],[26.918896101864142,61.181762228786795],[26.91889523953797,61.181772166549216],[26.918894933098827,61.18179011272451],[26.918894274652995,61.181800310961336],[26.918900756836415,61.18181776742954],[26.91892065497187,61.181824647257834],[26.918957245056575,61.18182694948273],[26.91898019740785,61.18182481755075],[26.919014468184077,61.181817871374754],[26.91903629248507,61.18181328785537],[26.91907097107143,61.181806835680526],[26.919091843973042,61.18180342765834],[26.919127475221245,61.18180255117002],[26.919127375427877,61.18181247143376],[26.919116434540953,61.181829612247185],[26.919109619788237,61.181840300580426],[26.919098325705253,61.181857387315354],[26.91908596593132,61.18186945489626],[26.91906822251192,61.181885236014075],[26.919052994237695,61.18189916025529],[26.919029194230763,61.181912756175],[26.919008078010958,61.18191674759046],[26.918972045247184,61.181914616288445],[26.918957211577183,61.1819051898403],[26.918953184600454,61.18188748346943],[26.91895648334058,61.18187738556656],[26.918957346942847,61.18185970007709],[26.918935632410314,61.18185048497351],[26.91890080037877,61.181844251576706],[26.918881208094117,61.18184136699104],[26.91884493818345,61.18183748486781],[26.918823945543863,61.18183681691888],[26.918786973663362,61.18183835687101],[26.91876515478352,61.18184081264608],[26.91872988307472,61.18184647435195],[26.91871754863519,61.18184864852425],[26.918613030453773,61.18186743886769],[26.918603058671028,61.18186921045408],[26.918497465613335,61.181886527724885],[26.91846489275508,61.1818911854868],[26.918462362834745,61.181891543070634],[26.918441303295012,61.18189516634751],[26.918417985176173,61.181902083065005],[26.918390246906977,61.181914024609576],[26.918384840806613,61.18191920146683],[26.918379945056635,61.18193556480582],[26.918380753564897,61.18194650907039],[26.918382400870545,61.18195668176089],[26.91838957053791,61.1819742553772],[26.91840212515297,61.18198764864381],[26.918423248871015,61.18200239372043],[26.918437694540252,61.18201080551681],[26.918465071541032,61.182023570287484],[26.918479210285373,61.182028426738164],[26.91848714477265,61.18203069388551],[26.918520708626026,61.182038398963144],[26.91853704493565,61.18204199087848],[26.918544292805247,61.18204370997179],[26.91859289004181,61.18205549993234],[26.918607404551725,61.18205887528022],[26.918707518278875,61.182082609510836],[26.91873271768673,61.18208895388777],[26.918766262997053,61.182096685826345],[26.91878713647471,61.18210037020905],[26.91882282726004,61.1821054011419],[26.918845673575145,61.18210843132814],[26.918881495171416,61.18211321992684],[26.918902482230727,61.182116132280356],[26.91891030132255,61.18211990758199],[26.918936879548127,61.18213245631477],[26.91896466815049,61.182144368352],[26.918976520470405,61.18214894507502],[26.91900661851527,61.182159475924166],[26.919101458543942,61.18218778532006],[26.9191677014784,61.18220765653472],[26.91919999814374,61.182216545739614],[26.919233301339517,61.18222451981486],[26.919264508032036,61.182230616299755],[26.919299769686482,61.182236293243044],[26.919335498128117,61.18224123428634],[26.919515915065645,61.18226281618762],[26.91955136342231,61.1822682328239],[26.91955924450131,61.182269620065206],[26.91959366658497,61.18227641864172],[26.91962728689422,61.18228406961219],[26.91966021748561,61.18229238451255],[26.919692514399213,61.182301264622275],[26.919880873695384,61.1823589499461],[26.919888436700752,61.182361118037136],[26.91995329165749,61.18237868078536],[26.920052978661083,61.182402826740116],[26.920496050945722,61.18249597046745],[26.92051229442105,61.18249968777699],[26.920545728666973,61.18250756285149],[26.921168625661746,61.182668276903556],[26.92120051810413,61.18267562123651],[26.921234288332148,61.182683137229496],[26.921405806521793,61.182717675186446],[26.921546091773926,61.18274147550585],[26.921688841091516,61.18276157830573],[26.921833664356438,61.1827778037999],[26.92185099179508,61.18277946568849],[26.921924170437467,61.182785756343975],[26.922034725277314,61.18279284953504],[26.92210882358975,61.1827957380845],[26.92218314978205,61.18279671448134],[26.92225746235715,61.182795670854645],[26.92226949494312,61.182795300698054],[26.92230656051244,61.18279385860327],[26.922380397194065,61.18278971734123],[26.92260034001597,61.182771762175605],[26.922622064588808,61.18276998803171],[26.922732192839526,61.18276146824781],[26.9229219967262,61.182748801165346],[26.922955041193813,61.18274910724993],[26.92297475416066,61.18274864264465],[26.923011414011217,61.182745772677315],[26.923035207321625,61.18274210535535],[26.92306806825079,61.18273378377056],[26.923097869805733,61.18272177062002],[26.92312551413406,61.182709783171674],[26.92315155129524,61.182701035743435],[26.923183113226344,61.18269156425244],[26.923207343552388,61.18268404572914],[26.923299504779077,61.18265371752259],[26.92331111789989,61.18264992654499],[26.923373294959163,61.1826302377993],[26.923384870347665,61.18262666225801],[26.92341665489402,61.18261735243648],[26.923443078255364,61.18261031990482],[26.923474936977858,61.182601081932845],[26.923534371902285,61.182577154105324],[26.923558696101715,61.18256919566642],[26.923592521354866,61.182561844086536],[26.92361251756578,61.18255954810423],[26.923649177356012,61.182556588187616],[26.92366893014103,61.18255498334009],[26.923705682249455,61.182552292790234],[26.923727497289843,61.18255147015273],[26.92376465203927,61.18255145515826],[26.923787411698825,61.18255219515674],[26.923823907706673,61.18255544764601],[26.92384901961212,61.182560103219586],[26.923880665973396,61.18256945778037],[26.923911278671422,61.18258333649707],[26.923933298702725,61.182597775974735],[26.92394608415165,61.1826090591032],[26.92396004690741,61.18262567562527],[26.923966789008745,61.18263682069399],[26.923972697087528,61.18265452796852],[26.923973564659573,61.18266492459325],[26.92397846851991,61.182682649259114],[26.923980396365003,61.18268519999833],[26.92400124428005,61.18269991711451],[26.92402897944042,61.182711855013835],[26.92405302243481,61.18272028954748],[26.924085227934277,61.18272921344566],[26.924109167624636,61.182734218442846],[26.924143274243008,61.18274135683673],[26.924172059799226,61.182749578541014],[26.924201228925238,61.182760700239996],[26.92423076253788,61.18277492840912],[26.924254923292178,61.18278857899675],[26.92427711225893,61.18280248883012],[26.924297476202682,61.18281749291518],[26.92430992692584,61.18282886559841],[26.924326290072354,61.182844980674005],[26.92433879524954,61.18285691897793],[26.92435707500846,61.182872541348644],[26.924375081413483,61.18288583834871],[26.924396804028742,61.182900403271475],[26.924421815516087,61.18291608325643],[26.924446311578446,61.18292957239868],[26.924502430692044,61.182954633421765],[26.924506963433345,61.18295661103457],[26.924531335678424,61.18296746963619],[26.924558531277118,61.18297970338879],[26.92461362885011,61.183004314913276],[26.92467073273599,61.183029834275274],[26.92472685220598,61.183054895205025],[26.924782953147442,61.18307996507881],[26.92480989284812,61.18309041208306],[26.92483963980977,61.18310119281325],[26.924865243501234,61.18311042708027],[26.92495299474555,61.183143657178164],[26.924984298304885,61.18315679088727],[26.925011028737824,61.183169275665605],[26.925037996403198,61.18318367281265],[26.925061673867802,61.18319751151884],[26.92508267537967,61.18321054972864],[26.925103374958884,61.183225446145016],[26.925117644527685,61.183238525515264],[26.925132891922104,61.183254891250044],[26.925144391022183,61.18326781646583],[26.92515738724222,61.18328462085932],[26.925164146481485,61.183296618754866],[26.92517291983554,61.18331405822798],[26.925178935699726,61.183325858203446],[26.925186500006596,61.18334342269505],[26.92518851933586,61.18335451122712],[26.925190150527477,61.183372440525815],[26.92519056756538,61.18337694754417],[26.925193035662236,61.18339485037196],[26.925200408190193,61.18343057657366],[26.925203225645863,61.183442311937995],[26.92521099464027,61.18345984063027],[26.92522301363372,61.183473152165575],[26.92524265266532,61.18348838014814],[26.925244249326468,61.18348949425982],[26.925261404227875,61.183501435043176],[26.92528238322074,61.18351625078662],[26.925300576475045,61.183529493899144],[26.9253221138463,61.1835441214133],[26.92532768496431,61.18354743724301],[26.92535290793213,61.18356060342445],[26.925379638873913,61.18357307915171],[26.9254918437454,61.18362320935417],[26.925496450882616,61.183625249818164],[26.925660151731382,61.18369839999418],[26.925716273154073,61.18372346948952],[26.925722181154377,61.183725905676475],[26.92575001097667,61.18373778940684],[26.925776071986693,61.18375058788415],[26.925791723182314,61.18376155818799],[26.925807920156394,61.1837776909462],[26.925817338015573,61.18379013914751],[26.925832548908925,61.183806477848975],[26.925835890445786,61.18380897546933],[26.925860201732924,61.18382250914072],[26.92588717512782,61.183834868190225],[26.925914981792268,61.18384876287072],[26.925943202894754,61.18386040437821],[26.925967307760395,61.18386683658471],[26.926002180655217,61.18387305022805],[26.92602491685414,61.18387629460561],[26.926060853610274,61.183880874879826],[26.926073848906302,61.18388250692991],[26.926083757884985,61.1838838230764],[26.926119545233192,61.18388868156108],[26.926131834070283,61.183890223443605],[26.92620376359282,61.1838993211126],[26.92623876716672,61.18390535521285],[26.926260570955616,61.1839097212512],[26.926296228204247,61.18391457064071],[26.926337067883132,61.18391405419575],[26.926362388484655,61.18391756027432],[26.926394353598496,61.18392669895449],[26.926422599465763,61.18393579969625],[26.926451472556238,61.18394708234514],[26.926471772625014,61.18395833340164],[26.926487467913965,61.18397447478332],[26.926488803025556,61.18398411751947],[26.926486362355224,61.1840020176578],[26.926484293335427,61.18401205356373],[26.926474266943522,61.18402918648319],[26.926450089224588,61.184037962491054],[26.926417524707908,61.184046572341096],[26.926395627669812,61.184058222430664],[26.926382199126486,61.18407486870069],[26.926379909230757,61.18408390796415],[26.926378156511237,61.1841018354072],[26.92637688939711,61.18411089318175],[26.92637413248594,61.184128802123546],[26.926373923652882,61.1841386056194],[26.926377006239733,61.184156481824324],[26.926381146837052,61.184167248294045],[26.92639086983956,61.184184562514446],[26.92639919219346,61.18419642653097],[26.92641369648262,61.18421294433532],[26.92642724395773,61.18422508051834],[26.926445637165465,61.184240684709614],[26.92646324825364,61.18425674633464],[26.926477521026346,61.184268891883896],[26.926506348343448,61.18428399898048],[26.926536898036183,61.18429419622275],[26.926561301719882,61.18430027835609],[26.926595019067502,61.1843078378693],[26.92661987014356,61.18431347135134],[26.926653140149043,61.18432147949092],[26.92667765566662,61.184327471887165],[26.926711279898687,61.18433511211993],[26.926734590551124,61.1843394160532],[26.926769986500737,61.184344911567976],[26.926779319063744,61.184346263262434],[26.926850465618084,61.184356706813276],[26.926885656374957,61.18436248947222],[26.926907257228493,61.18436632561432],[26.92694237338996,61.184372206972554],[26.926962117485445,61.184374776253904],[26.926998671677374,61.1843780458727],[26.92701838205318,61.184379115857794],[26.927055499642762,61.184380015661546],[26.927075435218214,61.18438020594855],[26.927112364788545,61.18438199442421],[26.927140954345973,61.18438748617944],[26.927170070406014,61.184398535385576],[26.92718759876014,61.18441035043642],[26.927206085519643,61.184425918663464],[26.927223089356392,61.18443939429557],[26.927247141178807,61.184453008376],[26.92727072157759,61.1844613792434],[26.927303842879613,61.18446949487497],[26.927323918629554,61.184473446841686],[26.927359707023125,61.184478224199594],[26.927379659008416,61.184479393015934],[26.92741619489158,61.18448260864614],[26.927446915951833,61.184491279571695],[26.92747316453143,61.18450395213369],[26.92749374145374,61.18451643312401],[26.927515243279043,61.18453107822295],[26.9275384357091,61.184546487324255],[26.92756414451948,61.18455939299903],[26.92758623992791,61.18456662285395],[26.927620144353135,61.18457393083691],[26.927642936561934,61.18457737248086],[26.927679210559685,61.184581315090895],[26.927710968712834,61.18458383681058],[26.927784545855367,61.18458898434576],[26.927821249999308,61.18459188573808],[26.927857542817815,61.18459574751143],[26.92788081912707,61.1845989559539],[26.92791643953255,61.18460410115931],[26.927939474664942,61.18460705808878],[26.927975505885428,61.18461147630644],[26.927998745617803,61.18461442435693],[26.92803449677216,61.18461933618154],[26.928059853931124,61.18462345244268],[26.928091708975092,61.1846324559975],[26.92810905093286,61.18464466584672],[26.928125565818743,61.18466074462785],[26.928140210049335,61.18467346476843],[26.928161582039934,61.184688136628445],[26.928180672865647,61.184700051132985],[26.928200667719864,61.18471515318442],[26.92820778666889,61.18472499647648],[26.928213585933314,61.18474270350181],[26.9282148285163,61.184752391058915],[26.928214471573742,61.18477032824085],[26.92821254944209,61.184781414636305],[26.92820616760035,61.18479907929522],[26.92819970754888,61.18481024408423],[26.92818986739835,61.18482755678037],[26.92818638375731,61.184838346084675],[26.92818959790553,61.18485609662851],[26.92820636050645,61.18486962587421],[26.928230673565395,61.18488318605131],[26.928280731107222,61.18491058545775],[26.928310230294578,61.18492528852934],[26.928337913166054,61.18493726142404],[26.92836322136442,61.18494669237865],[26.928394182010233,61.18495663804337],[26.928418956577072,61.184963572915166],[26.928452078619888,61.184971724176116],[26.928476967805892,61.184977330403754],[26.928510201726617,61.184985364999925],[26.928537000405946,61.18499364756771],[26.928567625871672,61.18500382643506],[26.928593420668527,61.18501195584202],[26.928625163880763,61.18502130934055],[26.928650439745198,61.185028657406534],[26.928681791817105,61.18503828899327],[26.928712025164966,61.185049203789816],[26.92874062072568,61.18506066535543],[26.928797233526357,61.185084414109504],[26.92885384639201,61.185108171817475],[26.928910403611173,61.18513190253948],[26.928940221112594,61.185145869471945],[26.92896338062633,61.18515988677245],[26.928976243966957,61.18517087319873],[26.928992424613114,61.18518704147401],[26.929006063739124,61.18520039840696],[26.92902524042973,61.18521576025872],[26.92905198563873,61.185231431312495],[26.929077062543733,61.18524467751858],[26.929128903370366,61.18527358579056],[26.92915054064233,61.18528645312156],[26.929172974383462,61.18530076626913],[26.929191802091584,61.185314242605486],[26.92921075560988,61.18532967613535],[26.929223283141713,61.1853412010221],[26.929239705911094,61.18535730655017],[26.929250802436027,61.185368390781385],[26.929265680868482,61.185384836650854],[26.929273060224467,61.18539487753032],[26.929283659540317,61.18541207528711],[26.929289161433548,61.185421720168414],[26.929297677229318,61.18543918616631],[26.929301519880358,61.185450643668766],[26.929305329621336,61.18546849324943],[26.92930604449489,61.185473153029164],[26.9293107066804,61.185508976333985],[26.92931362366442,61.185526861358994],[26.92931625963309,61.1855373576214],[26.929324496489432,61.18555483244941],[26.92933614602044,61.18556816137729],[26.929352159614734,61.18558435645432],[26.929360691259827,61.18559477499143],[26.92937521635864,61.18561128350763],[26.929393318986232,61.18562477739257],[26.929415138870315,61.185639305643114],[26.92943383607723,61.18565306018456],[26.929455004616266,61.18566779457556],[26.929504988991063,61.185695678281185],[26.929520157821855,61.18570713269294],[26.929535948327278,61.185723363542444],[26.92954386650334,61.18573370992737],[26.92955593580859,61.185750683984935],[26.92956357364851,61.18576164968149],[26.929573763973206,61.18577890106786],[26.929576960407935,61.18578831131909],[26.929579710147852,61.18580621420593],[26.929581616247876,61.185860485161406],[26.92959143512241,61.185969245656935],[26.9295926771951,61.18597937310459],[26.92960328571752,61.186050984445174],[26.92960599373558,61.186062593968536],[26.929614993687768,61.186079943486675],[26.92963389315915,61.18609489213354],[26.929659976387747,61.18610764498104],[26.929686512669452,61.186117399519816],[26.929717176872057,61.1861275422345],[26.92974429156577,61.18613647111715],[26.929774452879247,61.18614696368681],[26.92980372004878,61.18615811115566],[26.929831143875628,61.18617022725078],[26.929857725643597,61.18618466811856],[26.9298799742431,61.18619903491688],[26.929896109375843,61.186211019467734],[26.929911863130314,61.186227250253026],[26.92991690142145,61.18623643700697],[26.929921883445413,61.18625421535319],[26.929922416552287,61.186257025636856],[26.929931466291034,61.186310698775536],[26.929933486838536,61.18632207451706],[26.929937129618413,61.18633994194642],[26.929939801803137,61.18635100380667],[26.9299448954471,61.18636878220947],[26.92994809149425,61.186378443825376],[26.92995379898735,61.18639617765686],[26.92995649378501,61.186405435018614],[26.929962777951744,61.18642311528185],[26.92997020858731,61.18643540056332],[26.929984566927768,61.18645194483632],[26.929998357617478,61.18646448477772],[26.930016437565595,61.18648016013725],[26.930028947229793,61.18649169391566],[26.930045408224903,61.18650779038504],[26.930057285251273,61.18651946747668],[26.930074360336654,61.18653542061697],[26.93008934103078,61.18654812276106],[26.93010930071215,61.186563251440745],[26.93012844647918,61.186576395634624],[26.930149243697254,61.18659126438813],[26.930162683310233,61.186602825566474],[26.930177153477214,61.186619342943246],[26.930184287066165,61.18663144850622],[26.930192766446797,61.18664893238097],[26.930196117182064,61.18665597259342],[26.93021443403697,61.18669077046481],[26.930224048288682,61.18670810230182],[26.93022753095233,61.18671436152491],[26.930237014989974,61.18673171124921],[26.930245829316995,61.18674914142685],[26.930253378644245,61.186766714595166],[26.93027124219584,61.186821550362566],[26.93027562529844,61.186832747760924],[26.930285034984358,61.18685010642091],[26.93029564436018,61.18686321926422],[26.930312794225074,61.18687913650136],[26.930331176323527,61.186892917686905],[26.9303537234314,61.186907185804905],[26.930405549538616,61.18693610254989],[26.9304262390157,61.186949391136416],[26.930444356730103,61.18696503054627],[26.930451867039693,61.18697506244847],[26.930462337298515,61.186992277997675],[26.930468563865347,61.1870025157261],[26.93048033647673,61.18701953443373],[26.930489146417134,61.18703060840925],[26.930504305394816,61.18704699143844],[26.930516722429388,61.187058543078486],[26.930533277020942,61.187074612602075],[26.93054180983374,61.18708486048728],[26.9305532476218,61.187101932882626],[26.930559474259482,61.18711216162906],[26.93057124696074,61.18712918032856],[26.93058278946223,61.18714093800034],[26.93060020010245,61.18715681044566],[26.930612542781212,61.18716837999399],[26.93062915331456,61.18718443157885],[26.930632067108963,61.187187252056106],[26.93069951422594,61.187251243423695],[26.930716031794432,61.18726732188313],[26.930727853499278,61.18727902581917],[26.93074502238698,61.18729495198784],[26.930761565926044,61.18730769076552],[26.930784094925937,61.187321958801604],[26.93080963710097,61.18733615655163],[26.930829876902177,61.18735115060119],[26.930836868077073,61.18736053582487],[26.93084287392547,61.18737822488011],[26.930844374615084,61.18738936692158],[26.93084455848124,61.187407313356616],[26.930844384207806,61.18741045544843],[26.930842559462327,61.18742837392502],[26.93083604590353,61.18746413759455],[26.930834314922883,61.187473213124385],[26.930833010915894,61.18749114084425],[26.930835216927477,61.18750293861487],[26.93084267376862,61.18752051170096],[26.93084469309761,61.18752413970615],[26.93085542421548,61.187541319445934],[26.93086637859058,61.18755847236579],[26.930875509755513,61.187575866751175],[26.930879446253048,61.18758731527517],[26.93088316412926,61.187605173736124],[26.9308846833248,61.18761636965217],[26.930885815779927,61.18763430759282],[26.930886183436346,61.18764477573091],[26.930890608259787,61.18766255375327],[26.930902540807992,61.187674697635074],[26.930922650441843,61.187689799335494],[26.93094220513117,61.187703527168146],[26.9309656652489,61.18771742756368],[26.9309873895867,61.18772560830211],[26.931021559598545,61.18773244872582],[26.931050756765394,61.18773394490298],[26.931080439566873,61.18773449866667],[26.931191708910873,61.18773839766651],[26.93120017088208,61.18773866231636],[26.931237292405196,61.18773962381797],[26.93126007481509,61.18774025483855],[26.931334204109195,61.187743174261236],[26.931371306710897,61.18774428833672],[26.931379806156414,61.18774442730714],[26.931416967523223,61.18774417679572],[26.931438097360026,61.18774355007747],[26.931474928621267,61.18774114474497],[26.931497181194107,61.18773738538242],[26.931526516936483,61.18772645644715],[26.93155517255613,61.18771181041109],[26.931580012540206,61.187698464202455],[26.931604388910614,61.18768448034139],[26.931624843020987,61.187669506953846],[26.931639619828083,61.18765665840356],[26.931656263436416,61.187640614746925],[26.931667876573655,61.18762860849742],[26.93168377660439,61.187612375931366],[26.93169715615051,61.18760058603387],[26.93171961732849,61.187586313901186],[26.93174942326112,61.187572871409884],[26.93178009613649,61.18756275108253],[26.931807305430993,61.18755455920143],[26.931838665420152,61.187544906044934],[26.931866210393892,61.187536283393236],[26.93189732894908,61.1875264505485],[26.931922102506164,61.18751789831347],[26.931979866819763,61.18749376844881],[26.932010502404722,61.18748362111745],[26.932036555350805,61.18747686503542],[26.932070755190832,61.187469825748586],[26.932094422615304,61.18746532185166],[26.93212891927752,61.18745862385002],[26.932152308417038,61.18745378763016],[26.93218654532674,61.18744678424331],[26.932210137358133,61.187442729171345],[26.932246542903616,61.187439174275696],[26.932267022871542,61.18743793662232],[26.932304038218597,61.187436222436226],[26.9323235126533,61.18743554088671],[26.93236065468479,61.18743546068245],[26.932381312460134,61.187438038605755],[26.932410414781074,61.18744898791778],[26.932434582630602,61.18746264601562],[26.93243850258198,61.18746470385458],[26.932466747960476,61.18747632605149],[26.932497470922026,61.18748611803461],[26.932528640255708,61.18749591921071],[26.932553746844178,61.187505501897476],[26.93255900517782,61.18750791052796],[26.93258237282975,61.187521828553024],[26.932594829715644,61.18753258100962],[26.932607943288485,61.187549366778676],[26.932613816726516,61.18755986458379],[26.93262352557383,61.18757718731708],[26.93263179950636,61.18758711174511],[26.932655186020295,61.18760094896789],[26.932689273171476,61.18761186478696],[26.932724263522903,61.18761788822188],[26.932748063191518,61.187621158929154],[26.932784248044012,61.18762523478954],[26.932805787944247,61.18762414122318],[26.93283109117626,61.1876113246968],[26.93285301313042,61.187596746868635],[26.932884390696287,61.18758744360762],[26.9329096683922,61.1875866122286],[26.93293959148331,61.187596574290566],[26.932960874612665,61.18761128125218],[26.932964718428938,61.18761418293811],[26.932986299393352,61.187628782311144],[26.933017760029813,61.187641680810806],[26.93305278786531,61.187647614402756],[26.933076474778577,61.187651459566716],[26.933107905582556,61.187660910609665],[26.933132374275154,61.18767324901511],[26.93315300610722,61.18768818006629],[26.933170274587223,61.187701673029736],[26.933191948739417,61.18771625446042],[26.933211339624975,61.18772876092273],[26.933231320186174,61.187743871193916],[26.93324037106807,61.18775589673953],[26.93324133762774,61.18777376275661],[26.933238210154933,61.18778389699202],[26.93323482531324,61.18779260365281],[26.933234172919768,61.187810863888934],[26.93325610866403,61.18782492473381],[26.93329193052977,61.187833686617346],[26.933328209336214,61.18783745713809],[26.93335138122546,61.18783866256874],[26.933388446111845,61.1878401082465],[26.933411285438453,61.18784026311732],[26.933448264054096,61.187838521667544],[26.93347209459787,61.187836082471684],[26.933507629931338,61.18783080309944],[26.93352854245732,61.187827392874304],[26.933563910909356,61.18782186203096],[26.93358499026681,61.18781871223101],[26.933620303128702,61.18781307361381],[26.93364488473529,61.18780724120065],[26.93367340249877,61.18779580865125],[26.933700069278668,61.18778011977985],[26.933722715612483,61.18776587433929],[26.933753282384398,61.18775292555117],[26.933788501733368,61.18774748435284],[26.933811455525746,61.18774623869743],[26.93384861706394,61.187745897742495],[26.933867587301773,61.18774625713318],[26.933904520763672,61.18774825024282],[26.933925958261156,61.18775167221067],[26.933955582799147,61.187762325181936],[26.93397869058752,61.18777637750354],[26.933982070556166,61.1877787941409],[26.93400207007954,61.18779392226269],[26.934019099707804,61.18780621199496],[26.934042765959106,61.18782005809137],[26.934069091519355,61.18783408503104],[26.934093725807745,61.18784752759495],[26.934115084883633,61.187861830416736],[26.934131492917178,61.187877908404275],[26.934139911081278,61.18789028371045],[26.93414748146702,61.1879078476905],[26.934150921212584,61.18791728488152],[26.934156203509243,61.1879350452573],[26.934154730998088,61.18794548555826],[26.934139483057923,61.18796170975247],[26.93412048765334,61.18797334453921],[26.934068221979473,61.18800105109887],[26.934046188973237,61.188015503381436],[26.934028046830164,61.18802820691187],[26.934006664269372,61.18804289292383],[26.933987833399442,61.18805584748779],[26.933967714700497,61.18807093810402],[26.93395455688918,61.1880837338305],[26.933943677674925,61.18810087585334],[26.933939509271738,61.18811080311066],[26.93393387377888,61.18812854021498],[26.93393119105172,61.18813954551551],[26.933927954549535,61.18815742743203],[26.93392694674554,61.18816795773346],[26.933927374177706,61.18818589530278],[26.93392961983317,61.188197100515225],[26.93393549730375,61.18821482527854],[26.93393824429898,61.18822643472995],[26.93393630966667,61.18824435319187],[26.933934018586736,61.18825484695675],[26.933931042445735,61.18827273797766],[26.933929698855504,61.18828374393103],[26.93392718767352,61.18830164415617],[26.933924393464874,61.18831258655832],[26.933916935493233,61.188330179130006],[26.93391230278207,61.18833976500867],[26.933903282827693,61.18835717726435],[26.933896232135524,61.1883667888957],[26.933878994441237,61.18838267093779],[26.933859879189686,61.18839807624514],[26.93384228825987,61.18841386833344],[26.933831855218592,61.1884310285197],[26.933831506596267,61.18843762692786],[26.9338412910051,61.18845484187633],[26.933855823751387,61.188469446644135],[26.93390575541985,61.18851759125898],[26.933921642583137,61.18853382163636],[26.933951314259925,61.18856673922079],[26.93396257512091,61.18858061519141],[26.933986906724027,61.18861453566226],[26.93399478597984,61.188626749115585],[26.93400646806287,61.188643785423004],[26.93402153664306,61.18866016800976],[26.934047179026102,61.18867212975776],[26.934081965692204,61.188678404115805],[26.93410367975987,61.18868329852524],[26.934126416596918,61.188697206996515],[26.93413464605914,61.18871098272417],[26.934134515648108,61.188728911042475],[26.93413239186383,61.18873946773489],[26.934129285611025,61.18875734971788],[26.934128355269884,61.18876643465471],[26.934126439311818,61.188784353126955],[26.934124337268628,61.18879340158333],[26.93411485247962,61.18881073282697],[26.93410718685703,61.188820873851384],[26.934064341017063,61.18887058922557],[26.934058635549277,61.188877274803154],[26.93404520882616,61.188894002619925],[26.93403629306136,61.18890601936188],[26.934025190449113,61.18892314332512],[26.93402001461421,61.188934488562985],[26.934017224510942,61.18895235274158],[26.934019825730328,61.18896256160451],[26.934032512748633,61.18897940088978],[26.934042813491963,61.18898998158516],[26.934058254382172,61.189006301504534],[26.934066862397714,61.18901696217301],[26.93407995875123,61.189033756764616],[26.934091764889917,61.189044921736354],[26.934118243383406,61.189057467424576],[26.934148388862663,61.189068668241575],[26.934177064512824,61.18908009277909],[26.93420501290191,61.18909242370068],[26.93423126796471,61.18910512187834],[26.934250079313333,61.189119647880425],[26.934255417890427,61.1891373005445],[26.934254818238145,61.189148369704256],[26.93425286512889,61.189166288159264],[26.934251503031508,61.18917728512767],[26.93424904772273,61.1891952033388],[26.934247183464176,61.189206182108116],[26.93424693899155,61.18920746579435],[26.934243293398776,61.18922532956167],[26.934240038380526,61.189243202496066],[26.934238619734078,61.18926348233369],[26.934240088952006,61.18928142040472],[26.934241576240375,61.18929068606819],[26.934244998601702,61.18930855326588],[26.934247244094195,61.18931992904656],[26.934250108407884,61.189337822906104],[26.93425090331498,61.18934909922845],[26.934250028950522,61.18936703616173],[26.934248667797288,61.18937757526979],[26.934245896309278,61.18939547537156],[26.934244555829554,61.1894050179697],[26.93424236089875,61.189422936306485],[26.934240236224554,61.18943391494893],[26.9342331687261,61.18945152567994],[26.934227937808817,61.1894625207695],[26.934219475558013,61.1894800051354],[26.9342136678809,61.18949107176553],[26.934203848167925,61.18950838489577],[26.934199360745804,61.18951961376426],[26.93420016042642,61.189537515599234],[26.93420301996408,61.18954877496895],[26.934208687736735,61.189569139045794],[26.93421385872258,61.18958690833843],[26.934218676256474,61.18960470439221],[26.934219321571284,61.189607433913],[26.934223729853056,61.1896252567008],[26.934227983872447,61.18963677709892],[26.934239610654487,61.189653813356685],[26.934247902499944,61.18966457261325],[26.934258617615985,61.189681743091676],[26.934261832347897,61.18969215873262],[26.934260530251393,61.18971005954685],[26.93425751271926,61.18972105571117],[26.934251784134894,61.18973878380164],[26.934247222876138,61.18974973432822],[26.934237644828535,61.18976708348813],[26.93423092556467,61.18977821251965],[26.934210876875635,61.189812784715706],[26.93420116864353,61.18983010687671],[26.934198349491115,61.189835150950024],[26.93417872842345,61.189869777214696],[26.934168852791313,61.1898870813366],[26.934165697850244,61.18989259208417],[26.9341331215221,61.18994953947548],[26.934122557834982,61.189966744505085],[26.934113829579857,61.18997790846421],[26.93409686996937,61.18999386248696],[26.93408157409609,61.19000583123798],[26.93406184456147,61.1900210387631],[26.93404734708804,61.190033672245335],[26.934033659536748,61.19005036402069],[26.934025060547505,61.190061949986706],[26.93401150313717,61.19007865977841],[26.933980483844984,61.190111287421374],[26.933973512745045,61.19011824170711],[26.933924696922876,61.190166652358535],[26.933916998821733,61.190174351432105],[26.93390083839226,61.1901905123058],[26.933888741775302,61.1902024107744],[26.9338721165315,61.19021846368595],[26.9338604846786,61.19023047011069],[26.93384754067945,61.19024729689462],[26.933841192319434,61.19025883905933],[26.933835240235258,61.190276549066475],[26.933832798005348,61.19028807518311],[26.933829858815518,61.19030596621448],[26.93382855332046,61.190316487388785],[26.93382609770135,61.190334396611526],[26.933823247475683,61.190345338980975],[26.93381417113434,61.19036273324291],[26.933807953827635,61.19037385352013],[26.933801183429484,61.19039149130441],[26.933791659655906,61.19042709203065],[26.933790405563865,61.190430835099924],[26.933782705265145,61.190448400607465],[26.93376432928002,61.190483180037894],[26.933761770012225,61.190488412759514],[26.933754701991457,61.190506032440375],[26.93375123462582,61.19051853661826],[26.933748388371388,61.19053642769273],[26.933747216078345,61.19054550352859],[26.933739141761368,61.190599437330405],[26.933736816274198,61.19061734661444],[26.93373512321206,61.19062639526238],[26.933729152379364,61.190644114232406],[26.933724946220057,61.1906541132823],[26.933717338833922,61.190671678831045],[26.933712665442958,61.190682728037515],[26.933705932107816,61.190700374812074],[26.933702280749714,61.19071190033396],[26.93369856029021,61.19072975506847],[26.933698262154525,61.19073885826439],[26.933701833208627,61.19075670758947],[26.933706127559446,61.19076671977578],[26.93371680553411,61.190783899253695],[26.93372411310789,61.190793966779545],[26.933737228616586,61.19081076140905],[26.933748030892623,61.190821907961286],[26.933767995067335,61.19083701813762],[26.933790123492024,61.19084901412251],[26.93384667505417,61.190873245504406],[26.933868947430994,61.190887584714424],[26.933885547019724,61.1909017056889],[26.933902291462843,61.19091772101704],[26.93391450652214,61.190929335083105],[26.933931344036605,61.19094533249765],[26.93394147593102,61.190956891679406],[26.933949549296504,61.19097439306396],[26.9339522793259,61.19098533815554],[26.9339601823014,61.191039827391904],[26.933962990804986,61.191057721225775],[26.933965147485342,61.19106710392563],[26.933971285960332,61.19108481085156],[26.933976861297204,61.191096071547],[26.933987855822288,61.191113215246276],[26.933994847266902,61.19112331851354],[26.934006381408967,61.191140381675226],[26.934012851868665,61.19115056548663],[26.934023716187646,61.19116772707473],[26.934030837919227,61.191177803470495],[26.934046856804873,61.19119398002455],[26.934069842639836,61.19120530305634],[26.934105603629945,61.19120953097404],[26.934128370844466,61.19120975750921],[26.934165535090468,61.19121007183618],[26.934188243301378,61.19121183351148],[26.93422243632644,61.19121870006692],[26.93424488533734,61.19122881082503],[26.934258150280524,61.191245524676525],[26.934263857395422,61.19125609414442],[26.93427697343939,61.19127286178764],[26.934290695162137,61.19128462019245],[26.93431285631232,61.19129901314046],[26.93433756596337,61.1913133444764],[26.934361625942667,61.19132702910203],[26.934388814027656,61.19133922494769],[26.93439459531479,61.19134098736749],[26.934429459563777,61.19134718087148],[26.93445039819024,61.191350189540145],[26.934484889394284,61.19135688559798],[26.934506903897972,61.19136134018045],[26.934542327826666,61.1913667618477],[26.934565909009677,61.19136920618303],[26.934602715394163,61.19137175565299],[26.934626484568152,61.19137324843723],[26.93466312252981,61.19137629158043],[26.93469942389486,61.19138019640623],[26.93473557584712,61.191384397412925],[26.934745989958827,61.19138562339015],[26.934864283422787,61.19139942510185],[26.934900398068592,61.19140369786783],[26.93492343952192,61.19140631245696],[26.934959610246107,61.19141045954694],[26.934982501623864,61.19141369351211],[26.93501660142472,61.19142085608461],[26.9350397857961,61.19142634357167],[26.935073531481187,61.19143385608853],[26.935098225243774,61.191438042529164],[26.935134601655093,61.19144169589991],[26.93515466982734,61.19144291748984],[26.9352694123851,61.19144690457263],[26.93538316918314,61.19145085517742],[26.935494395882497,61.19145498403518],[26.935507805955943,61.191455663743376],[26.93554468741728,61.19145797059641],[26.935570390582146,61.19145977835293],[26.9356071222909,61.19146255195572],[26.93563280585483,61.19146485346205],[26.935668976757736,61.191468991385],[26.93569480603113,61.191472819149816],[26.9357296705897,61.191479057207395],[26.935756353943663,61.191483666421504],[26.935792244697435,61.191488378748446],[26.935818429560612,61.19149115627279],[26.935877736783347,61.191497091651335],[26.935914131917816,61.19150076277692],[26.93594100583026,61.191503154564344],[26.935977924763367,61.191505371540586],[26.93605269734447,61.19150751660241],[26.936089823267345,61.191508566550915],[26.936108571487534,61.1915094641813],[26.936145284627624,61.19151227354],[26.936171915970867,61.1915150512064],[26.936207918847124,61.191519556989995],[26.936230921785377,61.19152291648376],[26.936300893707372,61.19153506923243],[26.93633568383236,61.19154141483075],[26.93635405540137,61.19154461950713],[26.936389498454623,61.19155004070002],[26.93641598055301,61.19155306064501],[26.93645278726551,61.19155562756759],[26.93647856550911,61.19155716585741],[26.93651522259082,61.19156014566491],[26.936587788919027,61.191567999185025],[26.936597143271115,61.19156903599312],[26.936633538590396,61.19157269794777],[26.936659502166513,61.19157458641828],[26.93669657166453,61.19157599528022],[26.936715376483946,61.19157652476929],[26.936752464893843,61.19157778100464],[26.936771250790255,61.19157847207486],[26.936808357931756,61.19157966546011],[26.93682820489262,61.19157996200059],[26.936865352760712,61.191579395769175],[26.936887639556073,61.19157815825919],[26.936924216111393,61.19157492538243],[26.93694453181467,61.191573363749946],[26.936981643330935,61.19157236654233],[26.937001825541426,61.191572447749664],[26.93703898976002,61.19157300368486],[26.93705885499784,61.191573461797844],[26.937170138725048,61.19157730202113],[26.937178583067414,61.1915776201548],[26.93721568991976,61.19157896604846],[26.9372384564236,61.191579694809136],[26.937355189934614,61.19158375286861]],[[26.90303539315386,61.19512435323326],[26.903038947301397,61.19514222130517],[26.903041424231326,61.19514740318315],[26.90304144275191,61.19514743012935],[26.90305422750475,61.19516421850993],[26.903071572824476,61.195180121364274],[26.903075210479,61.195182924994064],[26.9030848613955,61.1951903653937],[26.90309494160016,61.19519734823939],[26.903106117037524,61.19520510394563],[26.903176440027586,61.19524686438967],[26.90317647715175,61.19524689134914],[26.903192577653353,61.19525623961204],[26.903221029441358,61.19527211447128],[26.90322123372094,61.19527223132667],[26.903241216857438,61.19528337788737],[26.903267166203605,61.19529632423515],[26.903294867595704,61.19530819451016],[26.903327573361988,61.195320059372435],[26.903359021239815,61.195329598117745],[26.90339168143963,61.195338132223036],[26.903391737195022,61.19533815021811],[26.90342521810788,61.195345984643595],[26.90343548067734,61.195348128639225],[26.903459352355917,61.19535310131421],[26.903497244244864,61.195360310429066],[26.903532312293684,61.195366251673875],[26.903558959101534,61.1953701848994],[26.903567847610017,61.19537148400768],[26.903604056283555,61.1953755317611],[26.903604186453023,61.19537554980902],[26.903640826799233,61.19537835894373],[26.903676540814885,61.19537991053874],[26.90368656786992,61.19537998948791],[26.903713821361535,61.195380206366245],[26.90374116967848,61.19537983078148],[26.9037509555183,61.195379703068504],[26.903785096485088,61.1953785512442],[26.903806196248585,61.195377444019186],[26.903859038709307,61.19537466254175],[26.90396638701688,61.19536656900626],[26.904006635634907,61.195363536147994],[26.904016238164854,61.19536251052084],[26.904042998796374,61.19535962071624],[26.90408263918754,61.195354711075346],[26.90410964435231,61.19535093264314],[26.904118373112624,61.19534970888202],[26.904223833698296,61.19533219624972],[26.904231614272554,61.19533077430273],[26.904242484734844,61.19532878894692],[26.904268692987984,61.19532399544514],[26.904277125060027,61.19532244826866],[26.904277218131718,61.19532243037911],[26.904482931348873,61.19528076662913],[26.904489633117898,61.19527927208554],[26.904500951685684,61.195276739388135],[26.904563317120715,61.195262239534216],[26.90456409900692,61.195262060531924],[26.904601425168718,61.19525337849531],[26.90473232894048,61.195219274722746],[26.905018935911993,61.19513187200917],[26.9051788580295,61.19508602741954],[26.90524485635009,61.19506955471071],[26.90524491221388,61.195069536794506],[26.9052578689487,61.195066601185076],[26.905291712101178,61.19505917339411],[26.905360677649576,61.19504576408231],[26.905395799832796,61.19503985438196],[26.905404305325565,61.195038594471455],[26.905431366544224,61.19503459137369],[26.90543998322334,61.19503347518101],[26.90544515695116,61.19503280546775],[26.905481186065884,61.195028431556686],[26.90549499407572,61.19502697783106],[26.90551754841656,61.195024596527546],[26.90554752599515,61.195022040842225],[26.905554057434873,61.195021479803124],[26.905568589595475,61.195020484435055],[26.905627834693135,61.195016413948295],[26.905655576454564,61.19501499684361],[26.906100795800636,61.1950007713035],[26.90615283909117,61.19499744971878],[26.906174590458445,61.19499606426914],[26.906201683465536,61.19499383861471],[26.906215863545487,61.19499236711793],[26.906274556462865,61.19498625803916],[26.90632339022508,61.194979944610594],[26.90634631826672,61.19497697988014],[26.906370885919767,61.194973163401855],[26.906417154952074,61.19496598631254],[26.906435544265072,61.194962856834294],[26.906443957211806,61.19496141724162],[26.90645603741624,61.19495916321398],[26.906478746049718,61.194954896550065],[26.90649762118886,61.19495104020892],[26.906512922323365,61.19494791756669],[26.90652405465758,61.19494535763879],[26.906546468199522,61.194940219927645],[26.9065685300009,61.19493449842288],[26.90657923511641,61.19493171375455],[26.906588414899474,61.194928883145536],[26.90661059162588,61.194922039506615],[26.906640537167913,61.1949113857151],[26.906669556805046,61.19489928587714],[26.906695899392467,61.1948865647315],[26.906720383816808,61.194873106133954],[26.906736205910736,61.1948636456026],[26.9067437535688,61.194859126060976],[26.906759708656313,61.194848722964906],[26.906765896844128,61.19484468727966],[26.90678755851221,61.19482953892891],[26.90679136201525,61.19482667767439],[26.90680765728319,61.19481446132091],[26.906826492294062,61.19479895191351],[26.90684391427035,61.19478316322477],[26.90685977486579,61.19476693355544],[26.906859812151513,61.194766906648105],[26.906860521454917,61.194766099146975],[26.906863246704937,61.19476298577496],[26.906870602272193,61.19475420170923],[26.906877229717807,61.194746296952616],[26.906889669162272,61.194729436492636],[26.90688968784484,61.19472940957255],[26.906911852233847,61.19469514812499],[26.90691433841352,61.194691091934146],[26.90691437580504,61.19469102911624],[26.90695357189635,61.194621856293296],[26.906957424292187,61.194615017967514],[26.90696144506648,61.19460785656175],[26.906997662173534,61.194545774025286],[26.9070219127253,61.1945042241368],[26.907030715718925,61.19449031481565],[26.90704189077354,61.19447318414397],[26.907079171881957,61.1944223962019],[26.907088728744203,61.19441147695223],[26.90709361914711,61.19440589620557],[26.907101307542558,61.194397749768534],[26.907109014642646,61.194389567433255],[26.90711270858669,61.19438597890456],[26.907117036878006,61.19438176237497],[26.90713416107013,61.19436589264505],[26.907134198381577,61.19436585676],[26.907152530871397,61.194350284118485],[26.907192411634842,61.19431997595242],[26.907257538743522,61.19427621857836],[26.90726821795121,61.19426949264804],[26.907268255236012,61.194269465740604],[26.90733897543523,61.19422780394824],[26.90743938126812,61.194174913402584],[26.907439418526323,61.19417489547274],[26.907441467780224,61.194173891375534],[26.90744597612779,61.19417168595262],[26.907453446369278,61.19416809999416],[26.907472317557772,61.19415904545317],[26.9076897173627,61.194061085949976],[26.907696609290984,61.19405803824324],[26.907948019872975,61.1939514829435],[26.90795181918437,61.19394998625661],[26.907955078390476,61.193948704666376],[26.907982882048252,61.19393846209422],[26.908014186749725,61.19392692911126],[26.908135856720538,61.19388564263363],[26.908135949811935,61.1938856157638],[26.908136433949945,61.19388545449431],[26.908143379226384,61.19388322376742],[26.90826784900111,61.19384498249384],[26.908331675741955,61.193825364631415],[26.908552404490727,61.19375810059126],[26.90855247897887,61.193758073708565],[26.908570912306764,61.193752277606976],[26.908634085478504,61.19373338635091],[26.90863417856902,61.1937333594807],[26.908666998880012,61.193725059324095],[26.908684552082693,61.19372125565285],[26.908687213929078,61.19372067389935],[26.908687288391054,61.19372065599421],[26.908721870744348,61.19371414356487],[26.90875728736614,61.193708610252784],[26.90879299985091,61.193703687611055],[26.908830775878013,61.19369922420879],[26.908857756955133,61.19369665679727],[26.908940281811596,61.19368880297342],[26.909308441908287,61.19366373292549],[26.909317317349686,61.19366302065384],[26.909320517722332,61.19366276244389],[26.90935702582166,61.19365928558821],[26.90939290503804,61.19365455143067],[26.90940435096544,61.193652673777336],[26.909404462657534,61.19365264691904],[26.909406900971828,61.19365216375617],[26.9094388223061,61.193645873805906],[26.909472217780174,61.19363799578841],[26.90949399910409,61.193632273619464],[26.909494110821793,61.19363223778347],[26.909591495780546,61.19360593543293],[26.909615062919826,61.19360020545851],[26.909624575421454,61.193597886591725],[26.909650114148896,61.193592247702796],[26.909650244443004,61.193592220856736],[26.909651547409663,61.193591943418355],[26.909684121851736,61.19358490870055],[26.909701676472405,61.19358053930632],[26.909717201960714,61.193576680283954],[26.90973215544425,61.193571186945775],[26.909732360301927,61.19357110628338],[26.909746680656315,61.19356583696306],[26.90976960192408,61.19355175731362],[26.909778241017626,61.193542605859925],[26.90978196650802,61.193534348899334],[26.90978612267458,61.193525104683474],[26.909786955022945,61.19350724868446],[26.909784787404917,61.19349764115165],[26.909776540800415,61.19348012923556],[26.90976798039499,61.19346827303181],[26.909767906267966,61.19346817422824],[26.909764367286467,61.193463252117034],[26.9097613451926,61.19345972188635],[26.90975904612629,61.193457053991914],[26.90975641345051,61.19345395494783],[26.909744844231245,61.19344043587251],[26.909736013313495,61.19342560788302],[26.909734569214113,61.193423200909706],[26.90973339119721,61.19341881902979],[26.909732544555535,61.193415649353916],[26.909732802384667,61.19341005644735],[26.90973337718806,61.19339770357861],[26.909739301740174,61.19338154774864],[26.909739826790233,61.19338008474086],[26.90973984557229,61.19338002190979],[26.90974817345941,61.19336259285361],[26.90974819226711,61.193362521044875],[26.90975024981635,61.19335857224773],[26.909751839714744,61.1933555298821],[26.90975464461507,61.19335044142067],[26.90976143223553,61.193338209399236],[26.909765617757078,61.1933317033878],[26.909772456606927,61.19332106942231],[26.909786753397935,61.19330447926031],[26.909792722801342,61.19329864775979],[26.909811555209146,61.19328321873222],[26.909811592464937,61.19328320080169],[26.909832896822486,61.19326851856189],[26.909855186129374,61.1932541691472],[26.909855223410755,61.19325414223906],[26.90986318084511,61.19324914697993],[26.90986323672873,61.193249120084154],[26.909871883391446,61.193243793109815],[26.90993207444299,61.19320673746991],[26.90994634960348,61.19319767952825],[26.90998300936629,61.19317342831314],[26.90999012884267,61.1931687197747],[26.909990166123848,61.19316869286648],[26.91003141789719,61.19313885161022],[26.91004413269516,61.19312899361084],[26.91005556311815,61.19311942204251],[26.91006264889815,61.193113474561585],[26.91007314956113,61.19310377668745],[26.91007993862107,61.193097505813064],[26.910079957274352,61.19309748787016],[26.910094699741812,61.19308107752409],[26.910106802458074,61.19306404596685],[26.9101146792102,61.19304816074465],[26.91011911996182,61.19303037895752],[26.9101180919511,61.193012503765814],[26.910118073528007,61.19301244091],[26.910111553533632,61.19299609725353],[26.91011153500827,61.1929960703083],[26.91010984851032,61.19299386068639],[26.9100987473266,61.19297930054299],[26.91009871019919,61.192979273585365],[26.910093141959084,61.192974924705766],[26.91007922144227,61.19296402557279],[26.9100672959104,61.19295805649486],[26.910051060874643,61.19294992094017],[26.910032141931666,61.19294361504282],[26.91002054523758,61.19293975592793],[26.910009967690343,61.19293728902541],[26.90998706521285,61.19293193210719],[26.909880745167467,61.19291561187485],[26.909786604523724,61.192901059289525],[26.90977397929706,61.19289911170905],[26.909737642509253,61.19289504756136],[26.909700854658468,61.19289259908107],[26.90966372632326,61.19289212544783],[26.90965433179223,61.192892298736695],[26.90961736290525,61.19289460826994],[26.90961085009129,61.19289534009279],[26.909581151550917,61.19289871382959],[26.909545903117582,61.19290434622371],[26.90954126861518,61.1929052498726],[26.909537601983846,61.19290595665919],[26.90946879092939,61.19291963753117],[26.909433690238323,61.19292562910099],[26.90942423721011,61.19292673601089],[26.90940313538988,61.19292919973481],[26.909380512298366,61.19293023499083],[26.909366168246223,61.19293088076487],[26.909333917215662,61.19292915343224],[26.909300100729798,61.19292195765229],[26.909287115200506,61.192915933930045],[26.909269153350373,61.192900300783734],[26.9092643217136,61.19289212788237],[26.909264303189023,61.19289210093698],[26.909263991265618,61.19289060145977],[26.90926061521913,61.19287434964389],[26.90926262964985,61.19285952888523],[26.909263161812014,61.19285559702887],[26.909270578791233,61.192838005792765],[26.909270597470655,61.192837978872326],[26.909281900627693,61.19282095583021],[26.909295119310098,61.192804095667285],[26.90930956470098,61.19278758645273],[26.90932223406977,61.19277414640587],[26.909322290056185,61.19277408359972],[26.909325126193277,61.19277107798354],[26.909357958159354,61.19273887914967],[26.909368867924236,61.192729262402096],[26.909375861380916,61.19272309045359],[26.909395009623378,61.19270775147048],[26.90939980049389,61.1927042085006],[26.909407723157678,61.19269834241203],[26.909425541385016,61.192686225513334],[26.909450721691623,61.19266911297903],[26.90954283263545,61.19261271403691],[26.909547472781703,61.19260982632996],[26.909557256196237,61.19260374601117],[26.909625832821543,61.19256124666513],[26.909649998449293,61.19254761674684],[26.909650035730028,61.19254758983875],[26.909657170761,61.19254391375811],[26.90967540883521,61.192534526313445],[26.909702063979037,61.192521975364144],[26.909717596882714,61.19251534225092],[26.90974295997146,61.19250576203636],[26.909746758869595,61.19250431916463],[26.909746796098844,61.19250431021176],[26.909778111970354,61.19249465315709],[26.90978726979466,61.19249264826044],[26.909811969902787,61.192487224245845],[26.909825387452106,61.19248524911507],[26.909825499088385,61.19248524021171],[26.909832031081443,61.192484274972294],[26.909868518646473,61.19248097751829],[26.909905650345618,61.192480104449665],[26.90991588052527,61.19248038955944],[26.90994277663696,61.19248112565249],[26.909955535121284,61.192481951099126],[26.909959533785095,61.19248220513097],[26.90999600213096,61.19248564087116],[26.910031703716818,61.192490512517146],[26.91013626693791,61.192509255434295],[26.910151307605368,61.192512138259175],[26.91020317980234,61.19252159020915],[26.91032523757925,61.1925438458596],[26.910343049440122,61.19254691005043],[26.9103551347515,61.192548982907994],[26.910390051109488,61.19255529036468],[26.9104243335161,61.192562127074865],[26.910431062966627,61.192563684658204],[26.910457980877286,61.1925698790775],[26.91052638391948,61.19258814890722],[26.91056176924305,61.19259310100342],[26.91059638389676,61.1925877462341],[26.910599755762878,61.192586006794016],[26.91059984892464,61.19258595298959],[26.910604394409763,61.19258361282095],[26.910617908949092,61.19256709387483],[26.91061794874638,61.1925661781803],[26.91061809131701,61.19256181513409],[26.910609825892337,61.192544303253975],[26.910609825968628,61.19254427632104],[26.91060884495536,61.19254255196405],[26.910598757429376,61.1925247336407],[26.91059006795682,61.19251245545228],[26.910586751539654,61.1925077579501],[26.91056721497049,61.192489708946695],[26.910546366986008,61.19247494489632],[26.910546274155305,61.19247488199142],[26.910537361085893,61.19246930996017],[26.91053732395871,61.192469283002694],[26.910465898889665,61.19242788474156],[26.910442928536142,61.19241377464135],[26.910429282687033,61.1924044557922],[26.910421503675245,61.19239912689967],[26.910402759749683,61.19238368191623],[26.910398381725397,61.19237945952302],[26.910384645020624,61.1923628417756],[26.910377961176295,61.1923452411503],[26.910377658205412,61.19234057256921],[26.91037951955705,61.19233360714002],[26.91038241488649,61.192322808935984],[26.910391496089428,61.19230845069419],[26.910393252548776,61.192305668782744],[26.91039328982858,61.19230564187445],[26.910408498002226,61.192288809850744],[26.910408535307482,61.192288773964826],[26.910426716416005,61.19227311100009],[26.910466814195523,61.19224295462715],[26.910466907407443,61.192242882867525],[26.910483495455637,61.192231402429734],[26.910552270544667,61.19218378548092],[26.91056168086379,61.19217796519504],[26.910565295958932,61.192175714189986],[26.910565333213015,61.19217569625927],[26.910612529544665,61.192148013383765],[26.910712440394768,61.1920948507456],[26.910712496275615,61.192094823849466],[26.91072687764524,61.192087417783014],[26.910880746908145,61.19200942245832],[26.910892985327088,61.192003325702274],[26.910905502865013,61.19199719321804],[26.910919175261203,61.19199050487733],[26.911033406315713,61.19193802474071],[26.911033518076266,61.19193797094818],[26.911161475764477,61.191879188424465],[26.911176058362226,61.19187291362678],[26.911287558780977,61.19182540510641],[26.911314528378348,61.19181304257584],[26.91133086499367,61.191804793825284],[26.91134025342822,61.19180005078949],[26.91136473347673,61.19178659134565],[26.9113878015155,61.19177252049329],[26.911392758903112,61.191769166092286],[26.91139298254786,61.19176901361844],[26.911409457368666,61.191757901076585],[26.911415683801085,61.19175306619133],[26.91142906881838,61.191742651883935],[26.911433786017227,61.19173871377676],[26.911448052867318,61.191725597769555],[26.911451055464678,61.19172282563636],[26.91146629856018,61.19170650524207],[26.911470275096313,61.191701354666066],[26.911479348196668,61.19168964475352],[26.91149081723781,61.191672594700364],[26.911494853925245,61.19166589102844],[26.91150120789547,61.19165536438866],[26.911509813121402,61.19163802517808],[26.911518530574725,61.19162046159885],[26.911519952778416,61.191617428079944],[26.911520589047214,61.19161606389176],[26.911527669905443,61.1915983825335],[26.911534296470606,61.191576867419045],[26.911538595210317,61.191562936903715],[26.911540179606764,61.19155512737745],[26.911540198358978,61.19155507352374],[26.911542235323928,61.19154507374481],[26.911543866729176,61.19152712847539],[26.911543570337354,61.19152005388883],[26.91154311720415,61.19150917267375],[26.91154035847478,61.19149131431441],[26.911538959631546,61.191486016583916],[26.911537409588657,61.19148157163201],[26.911532740609733,61.191468326540424],[26.911523079347404,61.19145100233259],[26.91150919364479,61.19143438459966],[26.911505353401143,61.191430746140526],[26.911503887812085,61.1914293536465],[26.91148894613834,61.19141784350811],[26.91148417591739,61.191414177507816],[26.911484138815833,61.19141414157299],[26.911460256205697,61.19140041708614],[26.911432406335678,61.191388557354145],[26.91142722173569,61.19138673150049],[26.91142240875567,61.19138504953213],[26.911403562007703,61.191379767324534],[26.91139030981724,61.1913760508857],[26.9113560471157,61.191369205453455],[26.911320179183424,61.19136433404625],[26.911310639385285,61.19136341208067],[26.91128369364001,61.19136080887357],[26.911246906699827,61.191358630142076],[26.91123915079414,61.191358355731296],[26.91123639808228,61.19135826415127],[26.91119929088771,61.19135752162203],[26.911162013252298,61.191357856289635],[26.911125048801118,61.19135926847122],[26.91108808156443,61.19136166818311],[26.91107647140942,61.19136274685967],[26.91105157656661,61.19136505573057],[26.911016631776562,61.19136925228201],[26.910991398306074,61.19137290756793],[26.910980902944655,61.19137443585152],[26.910945804512547,61.191380338038485],[26.910911187947942,61.191386859991475],[26.910869124603174,61.19139561247317],[26.91080883996366,61.19140815947375],[26.910788179603472,61.19141277834159],[26.910776397618154,61.19141541001386],[26.91057548385227,61.191462221714765],[26.910566065171956,61.19146450479999],[26.910546017840186,61.19146938438761],[26.9105279805494,61.19147387028278],[26.910512940131046,61.19147762198725],[26.910187859203177,61.191564732540634],[26.90996932307068,61.19163289848106],[26.909846860815616,61.19167541602546],[26.90966641594662,61.1917380765822],[26.909627652106558,61.19175057456088],[26.909604490566217,61.19175805545204],[26.909540857925652,61.19177658775101],[26.90952254060116,61.191781315722025],[26.90947533248053,61.19179351175494],[26.909426155283278,61.1918047638012],[26.90940810004542,61.19180889940664],[26.909339143238437,61.19182232874207],[26.909308734466205,61.191827219167855],[26.909268629844068,61.19183367418375],[26.90924006540212,61.191837587264736],[26.90923273356169,61.191838587850434],[26.909222703795727,61.19183983800241],[26.90921116809086,61.1918408178148],[26.909186050008845,61.19184295561795],[26.909160439686435,61.19184161873352],[26.909149410687817,61.1918410457459],[26.90913877689391,61.19183888397731],[26.909138721141435,61.19183886598461],[26.909138665388955,61.191838847991946],[26.909132013250744,61.19183635671978],[26.909109511244868,61.19182791160682],[26.90908966955213,61.191812905608685],[26.909087482581075,61.19181013004544],[26.90908267857358,61.19179244083922],[26.90908267867703,61.19179240492866],[26.909084687567006,61.19178596929733],[26.90908819858205,61.19177466878428],[26.90910816741217,61.19174552275522],[26.90911147383675,61.19174066806142],[26.90911149251565,61.19174064114097],[26.909122182038292,61.19172343814474],[26.909124562968064,61.19171699378465],[26.909125331619773,61.19171491148398],[26.909126622386502,61.191705925715866],[26.909127894215125,61.191697056644635],[26.909127894292677,61.19169702971171],[26.909126775470998,61.19168506174554],[26.90912623459715,61.19167910021898],[26.909121263434745,61.19166132112514],[26.90909677661778,61.191605795848695],[26.90909032690782,61.19159116691882],[26.909090289860483,61.19159111302798],[26.909084872043856,61.19157342340943],[26.9090839598276,61.19156722821435],[26.909083378853627,61.191549362288235],[26.90908337893122,61.1915493353553],[26.909083797727472,61.19154601390349],[26.90908562549722,61.191531417460624],[26.909090066847202,61.19151355490457],[26.909090667516484,61.19151166999976],[26.909091944009567,61.19150763988852],[26.909098709802795,61.19149002128851],[26.909098747186178,61.191489958469994],[26.909106777515685,61.191472457427516],[26.909116221007856,61.19145513688563],[26.909117585951,61.19145268690101],[26.90911795993916,61.191452004849964],[26.909121996533575,61.19144549875671],[26.909128649437914,61.19143477491957],[26.909152556862473,61.191400765634405],[26.90919405104084,61.19135079688228],[26.909194069719433,61.191350769961836],[26.90933699250682,61.191204763294145],[26.909341731401433,61.19119981079871],[26.90935003381547,61.19119112598228],[26.909439136970313,61.19109244930101],[26.90943915564855,61.191092422380486],[26.90943930489411,61.19109226986011],[26.909451230287168,61.19107855099344],[26.909497020341327,61.19102211212692],[26.909505457789056,61.19101171265848],[26.909508259843324,61.19100755787483],[26.909516946224898,61.19099467176092],[26.909527170585974,61.19097735171083],[26.909528592051256,61.19097463242995],[26.90953094881039,61.190970082331575],[26.90953654403057,61.190958379202876],[26.909539313583398,61.19095258148562],[26.909546227788784,61.19093497193871],[26.909546246569768,61.19093490910765],[26.909551617102696,61.19091722670852],[26.909551635780733,61.19091719978802],[26.909551767710553,61.190916598373065],[26.909555741887953,61.190899363924345],[26.909557846304512,61.19088550382645],[26.909558471580635,61.19088150918639],[26.90955991809678,61.190863554837485],[26.909559918173958,61.19086352790458],[26.909560136932246,61.190845608646676],[26.90956013700943,61.19084558171374],[26.90955984232918,61.19083806721787],[26.909559823805555,61.19083804027252],[26.909558163909388,61.190820110782774],[26.90955509014985,61.19080225217034],[26.909550751567036,61.19078438373568],[26.909546862261042,61.19077200992716],[26.90954518490149,61.190766667101116],[26.909545166480843,61.19076660424517],[26.909538018243122,61.19074906610744],[26.909537999796765,61.19074901222916],[26.90953431940086,61.19074163013726],[26.90952928877025,61.19073158975697],[26.909525105772474,61.190724341993985],[26.909519312388916,61.1907143459922],[26.909516700882484,61.190710438967045],[26.90951620085067,61.1907096755322],[26.909504345012977,61.1906927088184],[26.90949139125709,61.190675911945505],[26.909462208494617,61.19064286364426],[26.9093975520357,61.190578190262926],[26.909392859216148,61.19057360851909],[26.909360679887648,61.190541276403906],[26.90934750786746,61.190529282417685],[26.909308362847007,61.19049365980593],[26.90930106860097,61.19048816059626],[26.909288354724897,61.19047857292317],[26.909266615244984,61.19046401455978],[26.90924318132573,61.190450083493744],[26.909238352792745,61.19044743184996],[26.909231908592865,61.19044388135774],[26.909209061967385,61.190432715797904],[26.909205792839547,61.1904311245616],[26.909177795635177,61.19041934506384],[26.90914791669501,61.19040864161728],[26.909133997548583,61.19040423322998],[26.909126600683056,61.19040209158605],[26.909070139326335,61.190385705387115],[26.90905268886768,61.19038033401183],[26.909038843709297,61.19037607828454],[26.909026635582272,61.190371760811516],[26.90901844211816,61.190368505397174],[26.908997856240106,61.19036033985752],[26.908971107223195,61.19034793271917],[26.908971032924704,61.190347896758624],[26.90896861856083,61.19034661133128],[26.90894609063863,61.190334637951736],[26.908939201818058,61.19033048564361],[26.908936398011928,61.1903287959593],[26.908914360930506,61.19031432711547],[26.908902725241045,61.1903050274158],[26.908895135108253,61.1902989713703],[26.90888968403375,61.19029291676292],[26.908880302153303,61.19028253228041],[26.908872193509666,61.19026923989239],[26.90887217501288,61.19026920396931],[26.908865976221893,61.190251549723655],[26.908864316828225,61.19023359329099],[26.908864316906,61.19023356635805],[26.90886456667051,61.19023081038498],[26.908865931087234,61.1902156480381],[26.908869907079964,61.190197883926984],[26.90887559433231,61.19018011198906],[26.908878029778716,61.19017408961845],[26.908878048456895,61.19017406269803],[26.908880783712032,61.19016727742809],[26.90888899982919,61.1901497765201],[26.90889573049112,61.19013782280553],[26.908898740624732,61.190132465167686],[26.908902607230125,61.19012681184296],[26.908902700620732,61.19012667724089],[26.90891039649696,61.19011541545424],[26.908918516756287,61.190105339003395],[26.90892391161607,61.19009863631948],[26.90893167273492,61.19009054368885],[26.90893947118001,61.19008240619462],[26.90894417167974,61.19007783074818],[26.908944208984042,61.190077794862596],[26.908962389544477,61.19006213208916],[26.908974934945366,61.19005265113384],[26.9089823168097,61.19004706301219],[26.908982335461822,61.190047045069406],[26.90898714382404,61.190043762476726],[26.909003824022484,61.190032363077485],[26.909022252871985,61.19002088405152],[26.909026575909827,61.19001819365698],[26.90902659458779,61.190018166736564],[26.909044294127586,61.190008033866654],[26.90907442067499,61.18999075414155],[26.909081630087268,61.18998690756445],[26.909156147059342,61.18994673764194],[26.90916358190287,61.18994211015535],[26.909178898790735,61.189932577173295],[26.90918890831715,61.189925222203094],[26.909199290618965,61.18991759815225],[26.909208017389698,61.18991000890175],[26.909217359436465,61.18990190833643],[26.90922762334778,61.1898901724364],[26.909232270093526,61.189884860775834],[26.90923608504225,61.18987773507081],[26.909241564497368,61.189867450344906],[26.90924184634159,61.18985352618514],[26.909241932050055,61.18984959402805],[26.909235842371615,61.189839229730225],[26.909231326020713,61.189831541828525],[26.909231288923582,61.18983150589304],[26.909227429142938,61.18982835214875],[26.909212435425786,61.1898160875976],[26.909205229627638,61.18981223135299],[26.909187567988248,61.18980278399588],[26.909173949780886,61.18979730747246],[26.90914250568139,61.18978776109213],[26.90911923174553,61.18978305914355],[26.909108226824383,61.189780834279],[26.90907299603695,61.18977506493633],[26.909061784941976,61.189773387566824],[26.909037466365913,61.18976974426666],[26.909026422288125,61.189768201671285],[26.90902196003242,61.1897675792163],[26.90887888821478,61.18974791176576],[26.90887591325188,61.18974754168075],[26.908868866357544,61.189746648152465],[26.908687235584985,61.18972731366269],[26.90868043011279,61.18972655495221],[26.908676748478516,61.18972613949819],[26.908605053581937,61.18971667358616],[26.908569673636947,61.189711083564966],[26.90856194021897,61.18970961498721],[26.908535077772093,61.18970450652141],[26.908510076570224,61.189698977357274],[26.908501265729832,61.18969703223251],[26.908477010523434,61.189690821263994],[26.9084451009306,61.18968155271446],[26.908414421282718,61.1896714859772],[26.90835498207937,61.18964989939993],[26.90833400655244,61.1896416257627],[26.908333932230278,61.189641598779446],[26.908218408040756,61.189596398849204],[26.908202316333938,61.18959090259677],[26.908190238277054,61.18958677366665],[26.908163534173532,61.1895784422547],[26.9081590927823,61.18957705668434],[26.908158962686375,61.189577020685554],[26.90814827575181,61.18957423036591],[26.908126400104962,61.18956850574137],[26.908119949701927,61.18956719062861],[26.90809351619016,61.18956175917024],[26.908067727936135,61.189558303229596],[26.908057836555038,61.18955697680115],[26.908020881165267,61.189555955195715],[26.908017904713002,61.18955610579508],[26.908011951808405,61.189556406993624],[26.907976058706357,61.189561051000226],[26.907942852677007,61.18956909935611],[26.907937118649002,61.189570882013804],[26.907935629309,61.18957133886237],[26.907929875606364,61.189573489590444],[26.90790630223604,61.18958228065151],[26.907880113104003,61.189595091921106],[26.907859561058377,61.1896074671144],[26.907838852881888,61.189622346965265],[26.90782063471248,61.18963804547415],[26.907773656987946,61.18968684298977],[26.907767164651798,61.189693508970606],[26.907760000766594,61.18970083884067],[26.907720637444317,61.18974084341584],[26.90768019203433,61.18978193353868],[26.90767296989212,61.18979008930903],[26.907645771724052,61.18982345868438],[26.907617793177653,61.189862878464076],[26.90760961245484,61.18987442713232],[26.907608715622626,61.189875800102485],[26.9076067723676,61.18987881527064],[26.907565477821386,61.18994298634022],[26.90748546683653,61.19006731718716],[26.907481713534214,61.19007230620224],[26.90747917404359,61.19007566211233],[26.907377629226495,61.19021056284512],[26.907377610520662,61.190210598742965],[26.90737540542043,61.1902140895445],[26.907324558661884,61.19030041086759],[26.907323082132013,61.19030282484763],[26.907322353259495,61.19030400042228],[26.907317308428304,61.19031172673492],[26.907311179835396,61.190321131128016],[26.907304717774544,61.19033007743212],[26.907286657692403,61.19035504989703],[26.907258361724494,61.19038823888778],[26.907246420442565,61.19040079943434],[26.907230078865272,61.19041694803006],[26.907184163934073,61.19045784572521],[26.9070707001803,61.19055891921769],[26.907022474446855,61.19060745525922],[26.907022437086837,61.19060750909951],[26.907008326231427,61.19062404523829],[26.9070082888449,61.19062410805621],[26.906995740961353,61.19064046571325],[26.906989986709554,61.19064902644857],[26.906989818588972,61.19064926872994],[26.906984269867706,61.19065751538808],[26.906978511640524,61.19066742276885],[26.906974211727235,61.19067479945117],[26.906974193020677,61.190674835348965],[26.906965845526337,61.190692327072135],[26.90695954365267,61.190709972819796],[26.906959524946068,61.19071000871757],[26.906957040086297,61.19072003505486],[26.906955251524934,61.19072732368463],[26.90695363518019,61.190739289792404],[26.90695283640039,61.190745241430946],[26.906952836294508,61.190745277341456],[26.906952467250537,61.19076319649296],[26.90695246714466,61.190763232403484],[26.906953827892277,61.1907811796759],[26.906957067558302,61.190799047439675],[26.906960159220805,61.19081033447865],[26.906960159141402,61.19081036141157],[26.90696115482352,61.19081333370005],[26.906966059283583,61.190828042471324],[26.90700434143966,61.19091586126804],[26.907004359881785,61.19091591514666],[26.907008845948926,61.190927436560514],[26.90702016253017,61.190962861186435],[26.907020162424374,61.190962897096995],[26.90702403457664,61.19098076529277],[26.90702632565709,61.19099863240335],[26.907026344099304,61.190998686281944],[26.90702658900324,61.191016578921285],[26.907026588818105,61.19101664176473],[26.90702480622231,61.19103453301263],[26.907024238884915,61.19103769275871],[26.90702321756095,61.191043419803165],[26.907018310375214,61.19106118321935],[26.907012912941106,61.19107487942004],[26.90701137618367,61.191078774668554],[26.907002563658406,61.19109623914082],[26.907002544951627,61.19109627503861],[26.90699970374394,61.19110097738071],[26.90699215204898,61.19111349602858],[26.90698559598955,61.19112269362635],[26.906967945163448,61.19114741495277],[26.90694042886198,61.19118078396222],[26.906937797251928,61.19118378966975],[26.90693775994402,61.191183825554766],[26.906933672530656,61.19118850010646],[26.906898912253013,61.191224611294075],[26.90688669112494,61.19123729730249],[26.906834095762417,61.191284833749535],[26.906812784298722,61.19130190357405],[26.906795779896942,61.191315510982676],[26.906789889174256,61.191319834160716],[26.90677883467815,61.19132796928978],[26.90675779028155,61.1913427679421],[26.90660291603864,61.191443731726544],[26.90659559193993,61.19144840403657],[26.906584242360854,61.19145565015815],[26.906542611241555,61.191481324478346],[26.90646969136258,61.191526306084064],[26.906415212195242,61.19155636156876],[26.90639626367513,61.191566825404124],[26.906374467475242,61.19157785286126],[26.906245220088056,61.191642393633174],[26.9062212584047,61.1916559871769],[26.90622120249415,61.1916560230488],[26.906198355266525,61.191670156019235],[26.906198299382606,61.191670182913505],[26.906176994414288,61.19168486458517],[26.906176957131613,61.191684891492315],[26.906157491991202,61.191700140027315],[26.906150124931173,61.19170670656894],[26.90614885665119,61.19170784585277],[26.90613269992833,61.19172396750867],[26.906132662645568,61.19172399441578],[26.906118532329785,61.191740494535445],[26.90610734605959,61.191755299916906],[26.906105796004802,61.19175736370368],[26.90610574001379,61.19175742650846],[26.90610013522266,61.19176561922442],[26.906089258212003,61.191782759009335],[26.906070683414416,61.19181757046235],[26.906070047012875,61.191818898714295],[26.90606926089173,61.19182053210277],[26.906046707699325,61.19187329610683],[26.906038579006108,61.191898239376684],[26.90602363541922,61.19194418563482],[26.9060214142477,61.1919529821973],[26.905997171984723,61.19204192497502],[26.90599625189977,61.19204481514193],[26.90599617695888,61.19204499464305],[26.905994336975635,61.19205071213338],[26.90598624035639,61.19207110375007],[26.905973345728846,61.19210357596155],[26.905957912639032,61.19213269774396],[26.905954919426815,61.19213838750021],[26.90595047200006,61.192145180498656],[26.90594456690579,61.192154234854286],[26.90594452959561,61.19215427073897],[26.905854741373272,61.19227214784294],[26.90581965479083,61.19232328711817],[26.905809893268632,61.19234051743136],[26.905806973746817,61.19234643167685],[26.905805963092362,61.192348495835034],[26.905805925701397,61.19234855865262],[26.90580279745946,61.19235584633419],[26.90579839548371,61.19236608677884],[26.905786365924666,61.192401540154464],[26.905755979282517,61.192541911599584],[26.90575160314862,61.19256217112401],[26.90575017517303,61.19256693726572],[26.90574011916339,61.19259553308033],[26.905739987877897,61.1925958920952],[26.90573152649682,61.192619973257756],[26.905713593132216,61.19265771181986],[26.905698261779815,61.19268996684308],[26.905697550722778,61.192691366862405],[26.90569575437069,61.19269490280824],[26.90567954221851,61.1927230993159],[26.905675933185247,61.192729408095076],[26.90567591447601,61.19272944399266],[26.905673522750604,61.19273301543434],[26.905653099301688,61.19276362399593],[26.905644435684525,61.19277442705959],[26.905639730385236,61.192780313124445],[26.905624650907022,61.19279672275279],[26.90560782387568,61.192812781033325],[26.90560125898465,61.192818459315205],[26.905595906334806,61.19282309703338],[26.905576421609165,61.19283834546919],[26.905561918936506,61.192848471133786],[26.90555524545399,61.19285313486265],[26.905532954475955,61.192867483570396],[26.905509734452654,61.19288147252033],[26.905505374029385,61.192883992200336],[26.905505243573387,61.19288407290825],[26.905494193494384,61.192890439336],[26.905444223116454,61.19291703219588],[26.90544414862766,61.19291705907685],[26.90539144762175,61.19294233029613],[26.9053739751098,61.19295025434118],[26.905367138843967,61.19295335583508],[26.905311149972594,61.19297701772627],[26.90528431344136,61.192987314293646],[26.905165625436364,61.19303282877894],[26.90513919970262,61.19304257796816],[26.905139125213246,61.193042604848934],[26.905049756787278,61.19307476305167],[26.904926990789598,61.193115246982934],[26.904907627057806,61.19312104193642],[26.90489872714231,61.19312372000849],[26.9048986154212,61.193123755840645],[26.904816474208374,61.1931464206033],[26.904511254832347,61.19323065863258],[26.904478466473886,61.193240501962556],[26.904262894563598,61.193310905196455],[26.904200309390262,61.19333160831847],[26.904138878648993,61.1933519261892],[26.90407928588089,61.19337342140605],[26.90402199543081,61.1933963277194],[26.904021902310053,61.193396363564055],[26.904016072059775,61.193398900110104],[26.903994595027463,61.19340827552006],[26.903967621172704,61.19342064556731],[26.903864871009056,61.19347255331998],[26.903848697113062,61.1934814207432],[26.90382458415435,61.1934950227308],[26.90382454686753,61.19349504963728],[26.903801678604975,61.19350919116359],[26.90380162271576,61.193509218056874],[26.90378844373895,61.19351809657692],[26.90376834410568,61.19353325453853],[26.903753667060553,61.19354536394678],[26.9037533873127,61.19354559716707],[26.903749657441203,61.193548673852916],[26.903748295933738,61.193549831003125],[26.903744491158733,61.19355306923341],[26.90372693793053,61.19356891129959],[26.903726900616164,61.19356894718371],[26.90371589210438,61.19357978436754],[26.903694210860767,61.19360114475329],[26.903682432858382,61.193614198868076],[26.903664513840145,61.193634062655214],[26.90363536076742,61.19367158647404],[26.903634651077162,61.193672501689996],[26.903612296032115,61.193701259170325],[26.903552822326507,61.19378693548984],[26.903542775934387,61.19379943421026],[26.903525932322776,61.193820394018005],[26.903510851220616,61.19383681238579],[26.903494505951187,61.19385296052185],[26.90348510441401,61.19386140179755],[26.903484936523988,61.193861554298074],[26.903476915417627,61.193868739684945],[26.903466640071056,61.19387700976141],[26.903457763319622,61.19388416760456],[26.903454630942157,61.193886499562566],[26.90343373185338,61.19390137859701],[26.903395001239698,61.19392565349667],[26.903394889404105,61.19392572523818],[26.90336562706883,61.19394406367311],[26.90315367432861,61.19406936607326],[26.90315363704054,61.19406939297961],[26.903135748130467,61.19407925561085],[26.902867744201806,61.194228424970284],[26.902861146098587,61.194232549960674],[26.902842357214748,61.19424463836591],[26.902842170799694,61.194244763919414],[26.90281657835352,61.1942612375148],[26.902690047282686,61.19434991773726],[26.902685833759243,61.194352922224965],[26.902683615172307,61.19435449172084],[26.90263526407454,61.1943913551399],[26.902584227697098,61.194430272493506],[26.90256682219386,61.194446123491744],[26.90256680350777,61.19444615041129],[26.90255110837582,61.19446235276589],[26.902551089689705,61.194462379685426],[26.902548606543913,61.1944652776815],[26.90253693736601,61.19447897816471],[26.902531259886153,61.194486156203325],[26.902519617554184,61.194503205369045],[26.902509537054723,61.19452051600951],[26.90250581143109,61.19452816228938],[26.902501037492357,61.19453792654101],[26.902493616339246,61.194555517401064],[26.902490616030224,61.19456322704603],[26.90248507324177,61.19458098983278],[26.902481111398235,61.19459885251137],[26.90248008182291,61.19461296464126],[26.902479809505564,61.19461680688082],[26.902481782023422,61.19463467383043],[26.902485351089386,61.19464759524217],[26.902493593951604,61.19466510759812],[26.9025057637341,61.194682084120075],[26.902521675243815,61.194698255344065],[26.90252735391875,61.194702748255985],[26.902535742017637,61.194709388775806],[26.902558096047777,61.19472367932251],[26.902583262519638,61.19473688559166],[26.902610496949745,61.19474912375596],[26.90263364871664,61.19475811804823],[26.902663846397356,61.194768634621795],[26.90267142907535,61.194771037102285],[26.902694827616425,61.19477844251673],[26.90282106945641,61.19481443475452],[26.90291894798607,61.194842335644786],[26.902930897666327,61.194846294373576],[26.902931046353526,61.19484633936836],[26.902949611998512,61.1948525023601],[26.902962024667442,61.194857143719396],[26.902963028106612,61.1948575125218],[26.90296306525774,61.19485753050371],[26.902974194670648,61.19486205423337],[26.902991381159126,61.19486904217578],[26.90299151118816,61.19486910511246],[26.903017814572703,61.19488171958933],[26.903022327641416,61.194884164741175],[26.903022420519378,61.194884209695914],[26.90302908794416,61.194887832462015],[26.903051591149712,61.19490212303353],[26.90306564034281,61.19491301400059],[26.903071282258363,61.194917399131356],[26.903087662372567,61.19493255614866],[26.90308768092064,61.19493257411719],[26.90309502375147,61.194940407882235],[26.903102978397108,61.194948924385976],[26.903116081838128,61.194964905000454],[26.903124957919047,61.19498232799317],[26.903125747660546,61.19498565028932],[26.903125270507246,61.194989582160034],[26.90312364645417,61.19500351431572],[26.903122241645683,61.19500662855677],[26.903122222959734,61.19500665547636],[26.903109632539433,61.19502352446045],[26.90310386607278,61.19502940069919],[26.90309817432035,61.19503517823696],[26.903082817280772,61.19505032153053],[26.90306550100649,61.19506737566065],[26.90306075872536,61.19507292045712],[26.90305134868168,61.195083974192215],[26.903041083165274,61.19510098847572],[26.903040970993672,61.19510116794854],[26.903040952280016,61.195101203845724],[26.903038740812896,61.19510649907817],[26.90303539315386,61.19512435323326]],[[26.914555465215077,61.2010141902798],[26.914562860584695,61.20101793861983],[26.914747912105867,61.20111192540069],[26.91479256607985,61.20113354471716],[26.914931768764472,61.20120091062995],[26.91495165410599,61.20120984688862],[26.91495182137466,61.201209918814776],[26.91495617014228,61.201211869692514],[26.91497897451082,61.201221651677464],[26.915011722162856,61.20123568632007],[26.915019695977318,61.20123886940627],[26.915040364721015,61.20124711486464],[26.915060198314237,61.20125456078617],[26.915065235696858,61.201256458226176],[26.915095294862294,61.2012669809051],[26.915126248679467,61.201276947523816],[26.91512630445203,61.20127696551402],[26.915157929781458,61.20128632206636],[26.915170703424568,61.201289804410884],[26.915185317808888,61.20129379065435],[26.915218359956924,61.2013021605386],[26.915235095765592,61.20130606730508],[26.915251812971395,61.20130997405789],[26.915251868768227,61.20130998307045],[26.91526077661628,61.201311811102514],[26.915320286495472,61.20132394118735],[26.915416273521707,61.2013402776007],[26.915460612468124,61.20134781955584],[26.91547240452075,61.20134961346272],[26.915493180102473,61.201352777572794],[26.915671721793103,61.20137793641888],[26.91578026022686,61.20139056364029],[26.9158067495185,61.20139324646046],[26.91581331607493,61.20139389693036],[26.91596007558007,61.20140575771465],[26.91618206588437,61.20141675815146],[26.916593139313846,61.20142858397019],[26.916796966884,61.201440568737425],[26.91679793430895,61.20144062319728],[26.917590065254927,61.20148718947555],[26.917596892765616,61.201487687397744],[26.917598827550822,61.20148782323889],[26.918041832341384,61.20151393852593],[26.918227478644997,61.201519975922196],[26.91823622356572,61.20152014279646],[26.91823629799416,61.20152014284137],[26.918262104816748,61.20152063422497],[26.91832131134929,61.201521163694515],[26.918336531636818,61.20152129855457],[26.918373653975426,61.2015208720384],[26.918409680560384,61.20151964584223],[26.91844650984746,61.20151741462364],[26.918446602906204,61.20151740570201],[26.918451572116968,61.201516977765664],[26.918483192801194,61.20151420474405],[26.918510031756533,61.20151131213033],[26.918510124838416,61.20151129423105],[26.918519542651566,61.20151028542055],[26.91855449839764,61.20150580863562],[26.918565406328227,61.201504199215506],[26.918590070206758,61.20150054217927],[26.918634263015072,61.20149298261388],[26.918660138328306,61.20148855421504],[26.918762513955926,61.20146715906228],[26.918794965476266,61.201459646271054],[26.918795058580944,61.20145961939393],[26.918799061666107,61.20145862527444],[26.918861118884482,61.20144316703597],[26.91889325775293,61.20143420863363],[26.918893313620252,61.20143419071183],[26.918901562731058,61.20143178964078],[26.91890161859839,61.201431771718916],[26.91893277306967,61.201422112462005],[26.918963185131297,61.20141171658733],[26.91899266818125,61.20140079046958],[26.919000193030627,61.201397832345776],[26.919028431250485,61.20138617828716],[26.91902846851063,61.20138616035412],[26.91902949309535,61.20138569412894],[26.919082863849802,61.20136170183829],[26.919103560851383,61.201352117096015],[26.91913241898373,61.201338138176446],[26.91915611653517,61.201326660934235],[26.919181065337373,61.20131338890568],[26.919199420580515,61.20130271645738],[26.919199457840456,61.20130269852433],[26.91922122798603,61.20128818567839],[26.91924086017273,61.20127294436577],[26.919254027892446,61.201260760574506],[26.919258056507218,61.201257046231056],[26.91925813111886,61.201256974454374],[26.919261265588133,61.20125365459434],[26.919275430762603,61.2012370543953],[26.919287215131018,61.20122010264861],[26.919297753535133,61.20120287185198],[26.919299790646097,61.20119937178468],[26.919308392471418,61.201182705425325],[26.9193177423521,61.20116455819979],[26.919320269643517,61.20115855366182],[26.919325155682447,61.2011469664345],[26.919331006486136,61.201129194185796],[26.91933336065095,61.20111812615415],[26.919334810734657,61.20111133991977],[26.919335631857393,61.2011031168881],[26.919336568270797,61.201093466479975],[26.91933658041429,61.20108871731439],[26.919335558907218,61.20108070864928],[26.91933428161088,61.20107085941524],[26.919326943377165,61.20105909433517],[26.919318435430178,61.20105362188561],[26.91930474472406,61.20104480666639],[26.91929565535689,61.201041138375324],[26.919285171950317,61.20103689468419],[26.919254347347657,61.2010269111373],[26.91922145347769,61.2010184615267],[26.91918732791953,61.20101143861879],[26.919180781106814,61.20101034841966],[26.919152082977448,61.20100558212794],[26.91904451425848,61.200992105309794],[26.919008149614967,61.200987549870725],[26.918979653947513,61.20098366347246],[26.918944259759407,61.20097798639115],[26.918909481430966,61.200971600435345],[26.918875355993,61.20096457744883],[26.918853430840784,61.20095980617069],[26.918819921530748,61.20095197555135],[26.918819847172973,61.200951948573845],[26.918787046485217,61.20094351686878],[26.918755103645044,61.20093434052574],[26.918737739037677,61.20092885375166],[26.918734913100145,61.20092796327036],[26.9187051698436,61.20091725305766],[26.918676675550287,61.200905654801325],[26.918622389147686,61.20088085289532],[26.918543837233333,61.20084256991918],[26.918533410810934,61.20083794016529],[26.918516293631658,61.20083034376544],[26.918494490101917,61.200821765981644],[26.918487501083312,61.20081901461903],[26.91847562245037,61.200814734115205],[26.91845760934567,61.20080823244133],[26.91844887190836,61.20080524660587],[26.91844680837671,61.200804545107886],[26.918415965891985,61.200794471582505],[26.918400738146136,61.20079016212276],[26.918383874225054,61.20078538483846],[26.91837740291253,61.200783908607285],[26.91837165684262,61.2007825944102],[26.918354398309756,61.20077931615086],[26.918337046770382,61.20077602885566],[26.91831528650113,61.200772334906766],[26.918301969964997,61.20077007349056],[26.91827926239218,61.200765750529754],[26.9182463874531,61.20075738149217],[26.918246331656384,61.20075737248088],[26.918215712515067,61.20074731699984],[26.918186901776643,61.20073589800197],[26.918169414070537,61.20072773574287],[26.918160140560587,61.20072341189621],[26.91806002582035,61.200670293525135],[26.91805734987394,61.20066898117111],[26.918055491615537,61.20066805535019],[26.91789367666873,61.200593900822966],[26.917868014667746,61.20058095746541],[26.917840963276028,61.200565679073314],[26.91781857981168,61.2005513012711],[26.91780266357902,61.2005399438764],[26.917797797675178,61.20053648453205],[26.917791540447407,61.20053142632295],[26.91777871041246,61.20052103140549],[26.917766718146957,61.2005104574423],[26.917760889089617,61.200505318692805],[26.917744333986093,61.200489238663],[26.917695094608217,61.20043467855884],[26.917669510212416,61.200406338551815],[26.91751373550079,61.20024315594437],[26.917444338345312,61.20015605747119],[26.917420359147002,61.20012595877548],[26.917336700634976,61.20000697193958],[26.917328636786877,61.199995574389796],[26.91732717230767,61.199993508638194],[26.91732715377204,61.19999348169396],[26.917311655882255,61.19997176429432],[26.917230236551294,61.199857725438],[26.9171998395969,61.19980600461393],[26.9171755663054,61.19975346158236],[26.91717552928182,61.19975338973857],[26.91717026384278,61.1997391838866],[26.917170226795687,61.19973912102043],[26.917167791704337,61.199731156361324],[26.91715936094617,61.19970365268242],[26.91714949186461,61.199649969311935],[26.917147640970818,61.19963210266751],[26.9171470434536,61.19962582692858],[26.917145723685387,61.19958992452074],[26.917147697196075,61.19955401514868],[26.917148340478516,61.19954994866891],[26.91714835920234,61.19954990379214],[26.917150553610423,61.199536151382105],[26.917154014869862,61.19952177131147],[26.91715484265413,61.19951829746902],[26.917156719819356,61.199511987332414],[26.9171567385903,61.199511924500385],[26.9171632040708,61.19949424249275],[26.917168126087656,61.19948332868553],[26.917171083121033,61.19947674090175],[26.917172260996637,61.19947456903171],[26.917180375950878,61.19945933892846],[26.917191082133915,61.19944219816988],[26.91719862763179,61.19943125903171],[26.91722182853226,61.19940314624535],[26.917253634091896,61.199364588730916],[26.917255985702667,61.19936181607462],[26.91726259265061,61.199354009557744],[26.917354238554978,61.19923576705576],[26.917399071694586,61.19916730393767],[26.91741483443041,61.199137471852694],[26.91741498405152,61.199137175681585],[26.917426932353397,61.1991145413418],[26.917432363175294,61.199101105116114],[26.917441127556465,61.19907935762171],[26.91745186297052,61.19904383064187],[26.91745583550427,61.199025967547556],[26.91745853510005,61.19901106630068],[26.917462070900847,61.19897522969392],[26.917462071065252,61.1989751668505],[26.917462285301582,61.19895728351124],[26.91746228548948,61.19895721169021],[26.917461658532353,61.198947946378176],[26.917461067260085,61.198939264634824],[26.917458304558167,61.198921397437424],[26.91745475290929,61.198906402605864],[26.917448826776454,61.1988887220116],[26.917448808264865,61.19888868608973],[26.917430329163416,61.198847467437446],[26.917401639454305,61.19878348422687],[26.917395266842757,61.198765803357794],[26.917394197291834,61.198762148803944],[26.917390620080713,61.19874982929317],[26.917390000752782,61.19874476552341],[26.917388453045014,61.19873187268048],[26.917389736810627,61.19872477214536],[26.917395006773113,61.19871590544406],[26.917399959100283,61.19870755027476],[26.917403392373846,61.1987037817563],[26.917405930000083,61.19870100023291],[26.917412251322116,61.19869562647601],[26.917424297223018,61.19868539930105],[26.917435983199113,61.19867762280303],[26.917446103635804,61.19867086880186],[26.9174704380167,61.19865723760343],[26.917479007967536,61.19865286173157],[26.917491154944596,61.198646656597575],[26.917544636305806,61.19862173129663],[26.917604591504862,61.1985970971959],[26.917629475038197,61.19858686883056],[26.917639345683433,61.19858312217443],[26.91763982991528,61.19858293393819],[26.917687972586037,61.19856464879353],[26.917698941683017,61.19856061551565],[26.917817013529184,61.19851697501979],[26.917835415566124,61.198509319269746],[26.917845249840333,61.19850523142599],[26.91785955539692,61.19849883903704],[26.917872538427606,61.198493038369605],[26.9178985818162,61.19848031487213],[26.917898637702216,61.19848028797308],[26.917921796266544,61.198467939784294],[26.917921833547215,61.198467912873966],[26.91794438299852,61.19845368798428],[26.91795428741518,61.198444078922755],[26.917961217128,61.19842648693208],[26.917960631377294,61.19841563260328],[26.917954556234164,61.198397942962096],[26.917945517702414,61.19838223558587],[26.917941049527283,61.19837619990183],[26.917933021663163,61.198365350043396],[26.917930589747293,61.19836328371186],[26.91791629524182,61.19835115523095],[26.917889386612167,61.19833893830654],[26.91785698060414,61.1983301205722],[26.917854265667298,61.19832957128991],[26.91784493073087,61.1983276893024],[26.91781383446847,61.19832319059963],[26.917809389481423,61.19832255049065],[26.91780122345074,61.19832190812431],[26.91777257723937,61.19831965530991],[26.917763740603313,61.19831932675195],[26.91776035478133,61.19831919901002],[26.917750419899424,61.19831907627052],[26.917723238543,61.19831872759584],[26.91768609971871,61.19831978235765],[26.917656494880728,61.19832127261484],[26.917649126229943,61.19832164519794],[26.917621083945644,61.19832324412879],[26.91751060503873,61.198330718140696],[26.91748304436198,61.19833312532433],[26.91746761623831,61.19833479474799],[26.917410481906536,61.19834098144516],[26.917360806252336,61.19834793576724],[26.917339011502207,61.198350983850816],[26.91712993821607,61.1983886520386],[26.917117913016604,61.1983910058047],[26.917095761292668,61.19839535538954],[26.91698163519203,61.198417038352765],[26.916888096717635,61.19843481061761],[26.91681725612459,61.198445719876716],[26.91678403383923,61.19845018830114],[26.916747835407648,61.198454385559536],[26.916711174914983,61.19845741543025],[26.916682185489027,61.198458295372944],[26.91664505192123,61.19845728499408],[26.916608874819378,61.198453402346885],[26.91658131648752,61.198447819243434],[26.916577728799435,61.1984466319854],[26.916550644587122,61.198437655617305],[26.91653520273642,61.198430410123656],[26.916524053438863,61.19842516031015],[26.916517365658,61.19842133171268],[26.916507148293388,61.19841545403674],[26.916485102070457,61.198400995417735],[26.916473292176544,61.19839227982142],[26.916464769001333,61.19838599021483],[26.916451475453343,61.19837547817265],[26.91641897207805,61.19834736707214],[26.916378950779862,61.19831278741899],[26.91637026438631,61.19830491763988],[26.91636317418917,61.19829850322414],[26.916353616834108,61.19828932216995],[26.91632973260676,61.19826643238062],[26.9163226078353,61.19825903040029],[26.91631411011795,61.198250182170476],[26.916303706956622,61.19823722997876],[26.916303632774113,61.19823714015647],[26.916300684269547,61.198233475455424],[26.916290381243265,61.19821784798581],[26.916282166815808,61.19820040832115],[26.91628212977226,61.19820034545475],[26.916256623576697,61.19812968459205],[26.916247907043893,61.19811217279361],[26.916245183320026,61.19810794263845],[26.916242589284337,61.19810391904925],[26.916228232805253,61.19808739130428],[26.916215566789376,61.19807885470867],[26.916185994710137,61.19806807222166],[26.9161667325258,61.198063293175245],[26.916159275902327,61.19806178031707],[26.916132275929176,61.19805627826605],[26.9161054025723,61.1980521408904],[26.916098298352313,61.19805104121878],[26.916091341874974,61.19805035461004],[26.916061804757252,61.19804743653613],[26.916025465019867,61.19804894022007],[26.916008407133038,61.19805481000634],[26.915995520622705,61.198059236975475],[26.915983459741916,61.19806801861402],[26.915974940704285,61.19807421688555],[26.915961639992158,61.19808745964378],[26.91596160268634,61.19808749553123],[26.915947790513254,61.1981041584543],[26.915947771836404,61.198104185375634],[26.915935819393226,61.19812113673574],[26.91592929872666,61.19813144800634],[26.91592763591071,61.19813405946986],[26.915901752541437,61.1981772977099],[26.915855405180366,61.198254746027445],[26.915831034913786,61.198288657418104],[26.915823549174796,61.19829804338634],[26.915817668821152,61.198305428336326],[26.915808225909228,61.19831616871236],[26.91580466153213,61.1983202064386],[26.91580464285503,61.198320233359915],[26.91578893365052,61.198336562914626],[26.915782256851315,61.1983426007211],[26.91578179059422,61.19834302238072],[26.915771495604783,61.19835234375642],[26.915751566092837,61.19836750358926],[26.915746850574767,61.19837064283359],[26.915723352235617,61.198384525617364],[26.915723314977154,61.1983845435495],[26.915697586336574,61.19839754513226],[26.915670501481735,61.198409800721436],[26.915670445617923,61.198409818641956],[26.915664484972126,61.198412418449706],[26.915652881143323,61.19841717835733],[26.915607862750427,61.19843563530089],[26.915549215615872,61.19845767479472],[26.915334189768124,61.19852851788317],[26.915334096669156,61.19852854475793],[26.915321378306707,61.19853260368435],[26.915306350853864,61.19853741528858],[26.915122273072637,61.19859824037186],[26.91511001913723,61.19860254196577],[26.914845531101346,61.19870351817309],[26.91484547523655,61.19870353609326],[26.9144102826612,61.19887201471892],[26.91439819524154,61.19887658568294],[26.913957221109182,61.199041548939284],[26.913954539252387,61.19904251682207],[26.9139487472167,61.19904459595783],[26.913772166788757,61.19911046042509],[26.913742684293744,61.19912130461212],[26.913629154276222,61.19916131748349],[26.91359246554236,61.19917424883578],[26.913561719950337,61.199184284189826],[26.91353067713915,61.19919413979429],[26.91345530156468,61.199215808598886],[26.913371006629497,61.199240057221594],[26.913370913526748,61.19924008409499],[26.91335935089418,61.1992431560349],[26.913304907759397,61.1992576380664],[26.913073309421723,61.1993159880321],[26.913073197712716,61.199316014893405],[26.912676100625816,61.19941421741144],[26.912596593086718,61.19943600876235],[26.91257905299482,61.199440818443165],[26.912573299251072,61.19944244866248],[26.912551289734306,61.199448700856905],[26.912222061467563,61.19955447807054],[26.912024903350492,61.19961782216443],[26.911999967404736,61.199625885853585],[26.91196620544304,61.199636367768726],[26.911843634215003,61.19967443409746],[26.91182670697107,61.199679567274714],[26.91181823403147,61.19968213834534],[26.911690307928207,61.19971876462726],[26.911657519060736,61.199727182241205],[26.91163057775635,61.19973371835527],[26.91156299579676,61.19974865795513],[26.91154300176491,61.19975261302392],[26.91149418952551,61.19976225905258],[26.911467493840483,61.19976743967024],[26.91146283977866,61.19976834337161],[26.91135859183656,61.19978747840098],[26.91132348408902,61.19979338965416],[26.9112913561296,61.19979829735278],[26.911148571696476,61.19981849328247],[26.91113810973348,61.19982038070533],[26.91111377919236,61.19982475481622],[26.911086932544336,61.19983064449387],[26.91107991371553,61.19983217506557],[26.911062206400608,61.19983674204377],[26.911028814758208,61.19984767285058],[26.911002017958257,61.1998622618822],[26.911001980670022,61.19986228879066],[26.910997372116306,61.199866837429816],[26.910984535333398,61.19987950543267],[26.910989654418433,61.19989844264874],[26.911003245617067,61.19991514999542],[26.911016460584882,61.19992672188069],[26.911016683301746,61.19992691953514],[26.911021212064238,61.199930872672766],[26.911042623734566,61.199945511314375],[26.911075784662746,61.19996365894488],[26.911117862893605,61.19998667830007],[26.911237512205002,61.200055426733186],[26.91126287234714,61.200068730256945],[26.911289089988774,61.200081468745644],[26.911289145731793,61.20008149571507],[26.911316220746397,61.20009371405639],[26.911336626476512,61.20010224719438],[26.911344394813238,61.2001054842291],[26.91135392941022,61.200109198234],[26.911354152458422,61.200109279178726],[26.911373333221185,61.200116734192434],[26.91146952936602,61.20014934103576],[26.91149510734687,61.200158012193505],[26.911588876002195,61.20018716097314],[26.911591869128397,61.20018805171281],[26.91159194350334,61.20018806971657],[26.91159731622575,61.20018968022012],[26.911916510966215,61.20028198075759],[26.91194891781823,61.20029062035752],[26.911956745340472,61.200292690301715],[26.91261101226418,61.20044369584309],[26.912963325305572,61.20052500867104],[26.912987850982358,61.200530940688914],[26.912987906777165,61.200530949702376],[26.91324919585912,61.200599607672714],[26.91337645573301,61.20063684755032],[26.91338307415484,61.20063886277317],[26.9133950840015,61.20064251537262],[26.913645241426174,61.20072041243548],[26.913671959379304,61.20072765646222],[26.91374246360484,61.200746769874435],[26.91377558000874,61.20075485287431],[26.913775654386292,61.20075487087688],[26.9137956809939,61.20075955199292],[26.91407001551126,61.200815109315464],[26.914136714474672,61.20083103304561],[26.914169121986113,61.20083986064435],[26.91420230762791,61.200849927642736],[26.914210022282923,61.20085255399887],[26.914210115218815,61.200852589968285],[26.914232682920424,61.20086027116119],[26.914254263012797,61.20086849038403],[26.914261958264778,61.200871412987155],[26.914266902138607,61.20087344506247],[26.91429026481162,61.20088302103146],[26.914306674847847,61.20089028534553],[26.9143121758078,61.20089273074307],[26.91438033642039,61.200925524268925],[26.91439118860941,61.20093074713597],[26.914397134586032,61.200933767380334],[26.91441153502118,61.200941075300385],[26.914555465215077,61.2010141902798]],[[26.906446120208354,61.17059871975224],[26.9064275306353,61.170598940328205],[26.906390424061318,61.170599983027486],[26.906374119003686,61.17060085156854],[26.9063586506046,61.170601666820104],[26.906322168831643,61.17060514288527],[26.906291798000414,61.17061023915273],[26.906267295920756,61.17061713501262],[26.906259668080466,61.17061928437701],[26.90625564826993,61.17062083473376],[26.906234600084794,61.17062895394382],[26.906214308036226,61.17063909365329],[26.906208741716235,61.170641863902745],[26.90618529708562,61.170655718185856],[26.90618522259665,61.17065576302266],[26.906182447408547,61.17065759254774],[26.906163263325634,61.17067020188044],[26.906138450697362,61.17068774503583],[26.906100374770045,61.170714678626375],[26.906084562054435,61.17072499199826],[26.906078266707613,61.17072911736712],[26.90606683351738,61.17073569007982],[26.90605441342498,61.17074282770104],[26.906048716602776,61.17074571456327],[26.90603858903496,61.17075080686144],[26.90602001467061,61.17075838011569],[26.90601022498163,61.170762368391024],[26.905979671175338,61.170772662540834],[26.905965047244628,61.170777015541454],[26.905956804973044,61.17077947868106],[26.90593005224454,61.17078676793498],[26.905892099806827,61.170797110791426],[26.905880898796987,61.170800604303956],[26.905869697784667,61.17080409781551],[26.90585369202979,61.17081053266647],[26.90584118517722,61.170815569429564],[26.90582984664474,61.17082154068319],[26.905822995073958,61.170825162902986],[26.905801499736466,61.17083977260053],[26.90578800807926,61.17085089554378],[26.90573131676367,61.17090516210496],[26.905687600389246,61.170947003586065],[26.905687563077027,61.170947048448525],[26.905680965651275,61.170952699794775],[26.905624000416907,61.17099897598048],[26.90560625638447,61.17101475536002],[26.905602937351237,61.171018155588804],[26.90559904039071,61.17102211203111],[26.9055903999465,61.17103337300138],[26.90558616370865,61.17103889132379],[26.905583242548484,61.171045999613106],[26.90558048987018,61.17105271300172],[26.90558043646445,61.17107057855617],[26.90558479511364,61.17108007998502],[26.905586789701456,61.17108444453017],[26.90558680815643,61.17108448943146],[26.90560237460021,61.171100713981],[26.905602411671246,61.17110074991758],[26.905610093129695,61.171105594243656],[26.905610185887795,61.17110565715212],[26.90562489939745,61.17111494135461],[26.905652114671835,61.171127169968834],[26.905680875551685,61.17113850188562],[26.90570135531552,61.1711465960638],[26.90576130514865,61.171171676557],[26.905813754369824,61.17119361859523],[26.905831875779377,61.171200903121715],[26.905899245069875,61.17122527049795],[26.905980578599273,61.17125468401695],[26.906004197964908,61.17126349854357],[26.90600430936696,61.17126354350928],[26.90606203679809,61.171285982887035],[26.906062166789592,61.17128602786562],[26.90608173814064,61.171293358252726],[26.906112547911384,61.17130342564496],[26.906126664196425,61.17130733174586],[26.906144755340733,61.17131233587759],[26.90615954228901,61.17131575764496],[26.90616728869444,61.1713175585494],[26.906202013442073,61.171323866984295],[26.90621962930907,61.171326168493984],[26.906237839770085,61.171328560189934],[26.906273353287254,61.17133217584751],[26.90630998456819,61.171334984277536],[26.906347065752584,61.17133652715539],[26.906366436511565,61.17133630713047],[26.90638324189151,61.17133610328467],[26.906397205793116,61.17133499072675],[26.906419871594082,61.17133317494395],[26.906455559908697,61.171327992544434],[26.90647434638391,61.171324198982276],[26.90648971034906,61.17132110331366],[26.906511010517544,61.171315910963486],[26.906529690411205,61.17131043849324],[26.906542807263914,61.171306596119784],[26.906573064266873,61.171296202884285],[26.906590819319966,61.17128915867289],[26.906601744054218,61.17128482998668],[26.90661881298982,61.17127721072664],[26.906644690300485,61.171264300703506],[26.906644746174454,61.17126426483127],[26.906693140187237,61.171237050913625],[26.906785490410208,61.17118083341251],[26.90678556489957,61.171180788575334],[26.906809473857578,61.17116711406257],[26.906824051989904,61.171159403285635],[26.906834552723367,61.17115384434621],[26.906839579170885,61.17115135200801],[26.906846467291814,61.17114792727116],[26.90698611679713,61.17108869872606],[26.907012290701214,61.17107596838983],[26.907015623394326,61.171074193096786],[26.90701966363799,61.17107202327138],[26.90708880954759,61.17102979481547],[26.90710512029808,61.1710207385443],[26.907105194760213,61.17102070268468],[26.90713160958505,61.17100818795497],[26.90716012213551,61.170996635270534],[26.907173613201916,61.170991895324015],[26.907190211864037,61.17098606222855],[26.907252728478262,61.17096662348518],[26.90727715836611,61.170959009183136],[26.90733556347279,61.17094066286378],[26.90740170872464,61.17091987988191],[26.90743382006088,61.17091082539672],[26.90744544706607,61.17090781684196],[26.90745902744615,61.17090428891543],[26.907477089601194,61.17090014458949],[26.907477294212335,61.170900099840836],[26.90749254752182,61.17089659998696],[26.907504358750487,61.17089415714712],[26.907526697795404,61.17088953094077],[26.907596554523753,61.17087718942126],[26.90773858145459,61.17085592834804],[26.90775133922135,61.17085398888184],[26.907751432218948,61.17085397098982],[26.9077656591468,61.17085181705864],[26.907976450516973,61.17081650758979],[26.90800416095518,61.17081212735217],[26.90807557227014,61.17080203106272],[26.90814790750681,61.170793820676025],[26.908184388514304,61.17079061344909],[26.908221331891493,61.17078821451728],[26.90825091089266,61.1707868879082],[26.90828801739064,61.17078592549821],[26.908325270253194,61.170785771168724],[26.90834270599885,61.17078603434623],[26.908362353730784,61.17078633492906],[26.908436385362002,61.170789257864705],[26.90845432082771,61.17079027549119],[26.908473315711255,61.17079134769746],[26.908489448072707,61.17079235512296],[26.908505394597206,61.17079334446554],[26.908597968362933,61.17079963749326],[26.908689445621956,61.17080585789683],[26.90870801367636,61.17080668738488],[26.908708143799398,61.170806687472584],[26.908726377304557,61.17080749877725],[26.908743496248434,61.170808039997844],[26.908758291774575,61.17080850782934],[26.90877550496101,61.17080860022516],[26.908795394912605,61.17080871237699],[26.908836261062994,61.17080613636566],[26.908870873332184,61.170799875283194],[26.908905480695385,61.17078886499361],[26.908928246590047,61.17077793650896],[26.90893182064558,61.17077621519719],[26.908931895105063,61.17077617933653],[26.90895338869299,61.17076165891833],[26.908953463204167,61.17076160510233],[26.9089729140812,61.17074635611522],[26.90898258514275,61.1707382467891],[26.90898264106487,61.17073819296056],[26.90903787343057,61.1706914653146],[26.90903791071185,61.170691429428885],[26.90904681884395,61.17068357993851],[26.909077142891924,61.170655859257536],[26.909098912077805,61.17063595239051],[26.909117434137347,61.170620433428375],[26.90911749003321,61.17062038857748],[26.909117974377725,61.17062002979514],[26.909137665064986,61.170605364494556],[26.90915962293164,61.17059092515404],[26.90917105568426,61.170584262403274],[26.9091749845712,61.17058195777354],[26.909186954277985,61.17057603155165],[26.909200859983777,61.17056914601461],[26.90922529502893,61.17055946649709],[26.90924672678102,61.17055342990234],[26.909257405424704,61.170550429534146],[26.909288423494232,61.17054632058064],[26.909305653194906,61.170547086246536],[26.909325187630724,61.17054795220802],[26.909359613711597,61.170554618741484],[26.909365557508966,61.17055623870293],[26.909379689747148,61.1705610871327],[26.909395734788493,61.170566583234034],[26.909422615936506,61.170578990421156],[26.909424119446857,61.17057975452997],[26.90942668097842,61.17058105800747],[26.909451049563746,61.17059454083049],[26.909474022227855,61.17060864217621],[26.909537395241696,61.17065289962075],[26.909537450905603,61.170652935568675],[26.909558061032342,61.170667672737274],[26.909623983434468,61.170711069985735],[26.909671026831692,61.17073893219433],[26.909720415628524,61.17076570965021],[26.90973524641734,61.17077335056812],[26.909745790467582,61.17077842998745],[26.909761513668453,61.17078602660875],[26.909783236892274,61.1707951085435],[26.90981404761396,61.17080508531778],[26.90982603067881,61.17080749033934],[26.909840949117402,61.17081048984128],[26.909857769248827,61.17081152449466],[26.909877730360375,61.170812758745406],[26.909896116401598,61.170812241296794],[26.9099146697689,61.170811714979315],[26.909951611248143,61.170809944012156],[26.90995441857222,61.17080981121363],[26.909957579087404,61.17080967864989],[26.909994813406776,61.170809514871074],[26.910014050497438,61.17081041644617],[26.91003174490607,61.17081124517219],[26.910068375151077,61.17081432191574],[26.91007132998579,61.170814611163884],[26.910073857375547,61.170814864217405],[26.91009145506109,61.17081702156859],[26.910110000482142,61.170819287278825],[26.91014550927378,61.170824517901245],[26.910161358069857,61.1708272127439],[26.910161432400397,61.17082722177093],[26.910180551309352,61.170830466419474],[26.910214959289778,61.17083713272293],[26.91026047306564,61.170847487228144],[26.910349494364432,61.170867745980125],[26.910382338419577,61.170875299996325],[26.910438386239573,61.17088779810112],[26.910551113659626,61.17091292932359],[26.910607194014627,61.17092711518445],[26.910616853475226,61.170929545535095],[26.910616964908066,61.17092958151938],[26.910649024261236,61.17093858035995],[26.91066163553339,61.17094237726289],[26.910679521641438,61.17094775771632],[26.91071018357491,61.17095791374185],[26.910739877093558,61.17096870653762],[26.910752020693142,61.17097355351287],[26.910768490688874,61.17098012705314],[26.910796322040778,61.17099208570832],[26.910822962315834,61.17100453734601],[26.910823055134713,61.171004582295545],[26.91084915396419,61.171017877473766],[26.91087352349378,61.17103136004014],[26.91089696232055,61.1710452908739],[26.910897055139653,61.17104533582338],[26.91094095580478,61.17107418306597],[26.910941030034873,61.171074228003185],[26.910982733993073,61.17110423190855],[26.911014975041347,61.1711280170262],[26.91106411589724,61.17116424732742],[26.91108942486226,61.171180863683006],[26.911102860721517,61.1711889524187],[26.91111271492864,61.1711948841582],[26.911137400976983,61.171208277107496],[26.911163501849316,61.171220952765765],[26.911172284187813,61.171224648354574],[26.911191649858022,61.17123281279231],[26.911221511607675,61.17124342603851],[26.911226823342865,61.1712451352805],[26.911239212492575,61.17124866265331],[26.91123960253919,61.17124877961884],[26.91125873422373,61.171254223655566],[26.911287491350816,61.171261029625605],[26.91129206128653,61.17126210994122],[26.911292209925087,61.17126213697167],[26.911326786140876,61.17126872230295],[26.911341038271036,61.17127081445698],[26.911362295639485,61.17127395260607],[26.911434436096062,61.17128225029624],[26.91150751080898,61.17128885177631],[26.911533009783348,61.17129084352689],[26.911607093559493,61.17129558723196],[26.91168028522226,61.17130027644862],[26.911754467080947,61.17130319766735],[26.911791550977274,61.17130385026544],[26.911808913382842,61.17130386157357],[26.91182880393312,61.171303874525606],[26.91184124057531,61.17130373897945],[26.91184129634321,61.17130373901577],[26.911852450273535,61.17130362058895],[26.91188953842989,61.17130274695681],[26.911922780577225,61.171301161576224],[26.911963589590968,61.17129921302182],[26.912018811230475,61.17129514610872],[26.912073809709323,61.17129110596126],[26.912087606362284,61.17128989395357],[26.91210512182164,61.17128834320628],[26.912324769168155,61.17126973121035],[26.91234014516832,61.17126878055226],[26.912340238139628,61.171268771634765],[26.91235622770961,61.1712677764836],[26.912615172711178,61.17125582395215],[26.91265492374844,61.171253255046636],[26.912718718443575,61.171247900591084],[26.912801460013338,61.17124095130162],[26.912838254828742,61.17123855999238],[26.91287536246146,61.17123732699552],[26.91291244754152,61.17123753040326],[26.912949546757652,61.1712393497929],[26.912989446031983,61.171243684722754],[26.91300189455833,61.171245973052116],[26.91302417183981,61.17125007220764],[26.91304581442262,61.17125514054169],[26.91304596306265,61.171255167570195],[26.91305764820184,61.17125790428838],[26.913125763828457,61.171276576694844],[26.91318700667829,61.17129335934781],[26.91319772608869,61.17129577223821],[26.913220168095158,61.17130083207908],[26.91325521151,61.17130668104715],[26.91329150604047,61.17131048389553],[26.913323123514783,61.171311572480455],[26.91334152874908,61.171310919911015],[26.913360064132366,61.17131025844472],[26.9133963977246,61.171306600835464],[26.913426765127547,61.17130258029517],[26.913464257610144,61.17129659818867],[26.91349739826636,61.17129131355137],[26.913566604647574,61.17127834010038],[26.913626218511933,61.17126550413899],[26.91362666492463,61.1712654056692],[26.91366842248942,61.1712564187027],[26.913965699861652,61.17118237143246],[26.913971503613404,61.171180938690256],[26.914241979938982,61.17111836521905],[26.914311011751145,61.171100965279294],[26.914373700272197,61.171085150343536],[26.914426441096232,61.171070226861325],[26.91446988017032,61.171057927945164],[26.91448145244537,61.17105430826963],[26.914503406261275,61.17104744522656],[26.91457081637782,61.17102470240903],[26.91457128154329,61.171024541104146],[26.914594743878872,61.17101662860898],[26.91468311263754,61.17098374519219],[26.914700083800728,61.170977130353066],[26.91470866239791,61.17097379605825],[26.91487882915202,61.17090415550649],[26.91490311639923,61.17089358608209],[26.91495740679498,61.17086906622323],[26.914957499861064,61.17086902139325],[26.914983521659092,61.17085628942198],[26.914994504992563,61.170850424912004],[26.915004520267004,61.170845089476856],[26.91501511406852,61.17083891050178],[26.915028184118565,61.170831278695],[26.915049823678473,61.170816748424485],[26.915068974705683,61.1708013188214],[26.915078519020273,61.170791377533824],[26.91508230323113,61.170787420748496],[26.91509424604124,61.17077037063852],[26.915101654575924,61.170752779023864],[26.915103877996216,61.17074164809029],[26.91510377752011,61.17072370163812],[26.915099270980594,61.17070593197721],[26.9150944487307,61.170694967202294],[26.915091117008046,61.17068965032467],[26.915091024473618,61.17068949764601],[26.915083694629832,61.17067782206136],[26.91507882111583,61.17067210022088],[26.915069500165774,61.17066120444526],[26.915055000930213,61.170647324829886],[26.915052794523305,61.1706452136902],[26.915052757442044,61.17064517775619],[26.915016574651037,61.170613867826816],[26.91501650041622,61.17061382289182],[26.915013606949817,61.17061144198981],[26.914996392793824,61.170597928749224],[26.91497470820634,61.17058089344762],[26.914962574164065,61.170572312140585],[26.914953779815132,61.1705660761053],[26.914929706807484,61.170552414905515],[26.914910284869453,61.170544233011],[26.91490172508271,61.17054063655873],[26.914896413750743,61.17053874790737],[26.91486467032876,61.17052948094029],[26.91483056006673,61.170522465875756],[26.914816773005885,61.17052028460442],[26.91479520051723,61.17051687746836],[26.914777045520726,61.17051453184628],[26.914740900654362,61.170510648690374],[26.91470413994113,61.170507662905244],[26.91468494058736,61.17050657348878],[26.914667358220665,61.170505574865345],[26.9146590871854,61.17050520156812],[26.91464919911616,61.170504755429796],[26.914612116826422,61.17050383428429],[26.914593583884418,61.17050377770869],[26.914575013764836,61.17050372110707],[26.91453776029255,61.17050423626265],[26.914519467304537,61.1705048082662],[26.91450082112809,61.170505380044276],[26.914494555963053,61.17050564541902],[26.9144576146072,61.17050759717902],[26.91443582419154,61.17050917246257],[26.914420820011543,61.17051026723643],[26.91438448794049,61.170513745567824],[26.91434832072654,61.170518121762065],[26.914346200819942,61.17051840770711],[26.91434238869602,61.1705189260015],[26.914273319560372,61.17053000564513],[26.914236534736503,61.170535907624824],[26.91422340635285,61.17053761404731],[26.914200664166742,61.17054055329804],[26.91416420289055,61.17054367238112],[26.914146039384903,61.170544468858424],[26.914126409824025,61.17054435765752],[26.91410893652148,61.17054426577683],[26.914092302378897,61.170543195858656],[26.914072155530548,61.17054190824515],[26.914035544532442,61.17053856326621],[26.914029300364856,61.17053793984205],[26.91402208987059,61.17053720807187],[26.913913807880235,61.17052421141499],[26.91390083727375,61.17052258718577],[26.913675543434636,61.170494173029674],[26.91336150041898,61.17045456044133],[26.913351409606513,61.17045349461828],[26.913343660318382,61.170452672690345],[26.913122174224508,61.170432456675044],[26.912869039605603,61.170409365034054],[26.91285558408295,61.170408359852864],[26.91284119932073,61.170407282250785],[26.912584394552255,61.17038728501629],[26.91257105102796,61.170386118280796],[26.91255841367864,61.170385023821446],[26.912375805611912,61.17036865617683],[26.912366922381636,61.170367860392304],[26.912361718827245,61.17036739018527],[26.912288814612225,61.17036034039055],[26.912269823199196,61.17035806571189],[26.912252671475756,61.17035600768709],[26.91221746152866,61.17035032892627],[26.912183986336824,61.17034249663696],[26.91217068778727,61.17033853783133],[26.912140994371686,61.1703277453483],[26.912119329804213,61.17031749673042],[26.912114410263268,61.170315168317494],[26.91210784022434,61.1703114383144],[26.91209035726391,61.170301506624774],[26.912080968119238,61.17029548548073],[26.91204546113221,61.17026967851369],[26.91201926683875,61.1702506557398],[26.912011142002807,61.1702445456354],[26.911990122156528,61.17022977266258],[26.911990066515607,61.170229727738025],[26.91196804180058,61.170215349126764],[26.911967948982397,61.170215304177994],[26.91194490103576,61.170201239116736],[26.911935064394378,61.17019572939949],[26.911920680648333,61.17018766706161],[26.91189256017435,61.170172835588716],[26.911873105786526,61.170163324539274],[26.911866441511876,61.17016007925799],[26.911839094292695,61.17014794158257],[26.911819708776957,61.170140405660874],[26.911810164556,61.17013670063951],[26.911779204895645,61.17012681399819],[26.91175912407983,61.1701219798979],[26.911745897848494,61.17011880215605],[26.911743817003707,61.17011841475948],[26.911740565679132,61.170117811135555],[26.911705206879006,61.17011231169783],[26.91166876392736,61.17010896618804],[26.911631664605938,61.170107685107595],[26.911594561769824,61.17010766089057],[26.911560784256253,61.1701083660276],[26.91152022145098,61.170109228321266],[26.91151140952588,61.170109554737714],[26.91150347136522,61.17010984581388],[26.911281184824144,61.17011778028117],[26.911266479979755,61.170118219530735],[26.911229542057352,61.17011903922411],[26.91119228810159,61.17011986767785],[26.91115503578523,61.170120112572896],[26.91113315780853,61.17011981093142],[26.91111449555935,61.17011954730796],[26.911077396753583,61.17011808652229],[26.911058829900952,61.17011695211839],[26.91104046752425,61.170115817846245],[26.91100385632995,61.17011283115435],[26.910984882532613,61.170110987235766],[26.910963957466347,61.170108953500176],[26.910891820598106,61.17010037725079],[26.910785110189693,61.17008477559558],[26.91061068745264,61.17005396586618],[26.91059736623734,61.17005156003026],[26.910577207890434,61.170047928713146],[26.91022819632395,61.16998629042757],[26.910195348890795,61.169980262576715],[26.910057685162588,61.16995305860294],[26.910024061171224,61.16994559376508],[26.910013045403698,61.16994305473815],[26.91000841991151,61.16994198331978],[26.909841682542908,61.169902289797236],[26.90983544055727,61.169900974899214],[26.90982589182321,61.16989895753955],[26.909804098569325,61.16989508262099],[26.90979100036467,61.16989273969798],[26.909755473808524,61.169887607724036],[26.90973624064803,61.16988553003765],[26.909699628817656,61.169882902099864],[26.90968249192424,61.16988230712175],[26.909662529867777,61.16988161150231],[26.909642956962855,61.16988133809078],[26.909624349682158,61.169881406472925],[26.909605705173092,61.169881492783006],[26.90958709709562,61.16988183946773],[26.909568619162684,61.16988217725911],[26.909491242795944,61.16988603085804],[26.909420838114897,61.169889529968835],[26.909408623433063,61.169890240012805],[26.909261466839478,61.1699001964951],[26.909241776488656,61.16990197883686],[26.909225005300037,61.169903493802],[26.909209367387458,61.169905224989364],[26.909188671807467,61.16990750939976],[26.909176938348796,61.169908937960386],[26.909141066973497,61.16991385162383],[26.90903569399897,61.16993136816747],[26.9088277253259,61.169970092707324],[26.908792483218225,61.16997591344833],[26.908784114730427,61.16997717366524],[26.908775895001963,61.16997841602652],[26.908632300739704,61.16999689404833],[26.908627968028405,61.16999743876374],[26.90862025095799,61.169998412124144],[26.908584511462973,61.170002652402786],[26.908548083922682,61.17000698198423],[26.908511585554624,61.17001009054281],[26.908474351415894,61.170010514266366],[26.908467920510702,61.170010258544494],[26.908461043558788,61.17000997558774],[26.908424731970175,61.17000635996288],[26.908403142507105,61.17000275428724],[26.90838986110632,61.169999504358564],[26.908369985416485,61.169994651938715],[26.908352012039813,61.16998763718131],[26.908337113618483,61.16997792221962],[26.908329989124045,61.16997326695591],[26.908325370537213,61.16996983435347],[26.908309678507806,61.169958161716075],[26.908291839559485,61.1699496747012],[26.908285305400415,61.169946572974446],[26.90825026287724,61.16994125240205],[26.908244630563065,61.16994124858582],[26.908226554198553,61.16994410919579],[26.908204535242692,61.16994759556881],[26.90819199500862,61.169951573159864],[26.908173519505674,61.169957449994435],[26.908163413157567,61.16996184220675],[26.908145936358213,61.16996946138582],[26.90813176611305,61.169977836931444],[26.908122418617772,61.16998335186617],[26.908102800790967,61.169998501864995],[26.908086637226376,61.17001474948316],[26.908044073415365,61.17006444798538],[26.9080410148799,61.17006788436188],[26.90803793767678,61.17007134765867],[26.907991063641674,61.17012019033667],[26.907991007718955,61.17012024416477],[26.90798720560204,61.170123689012506],[26.90795617330269,61.17015190274308],[26.907918199692208,61.170182751186104],[26.90768013038572,61.17034317294566],[26.907660371024356,61.17035571925461],[26.907629141997784,61.17037474860377],[26.907591227591436,61.170397867208074],[26.907565982607682,61.17041104717539],[26.907565908147514,61.1704110830353],[26.9075626318471,61.170412678826814],[26.90755453424872,61.170416596547355],[26.907547405629675,61.17041970693737],[26.907526969053645,61.17042860782442],[26.90750884304884,61.17043560701733],[26.907497974867102,61.17043981012808],[26.907467737603998,61.17045019460684],[26.907436405370763,61.17045996784778],[26.907429428676963,61.170461974080176],[26.907422451955973,61.17046398928985],[26.907357618632336,61.17048145143694],[26.90726295972366,61.17050197247704],[26.907154164124353,61.170525563105144],[26.907148360975814,61.17052672622526],[26.90706313759619,61.17054342910126],[26.90697624020375,61.17056044499265],[26.90694402813913,61.170565908226564],[26.906906087835072,61.170572337105014],[26.90687054889442,61.17057760950299],[26.906868001213432,61.170577948902945],[26.906864598073803,61.17057841340204],[26.906827927343183,61.17058295781794],[26.90679257691551,61.170587332556714],[26.906756243387733,61.17059098839453],[26.90671961425887,61.170594024558746],[26.90668267126038,61.17059633330432],[26.906645711551494,61.170598004612664],[26.906629073255477,61.1705984150928],[26.90661332730497,61.17059879925321],[26.906576223100505,61.170599042991036],[26.90646463539904,61.17059850810009],[26.906446120208354,61.17059871975224]],[[26.908767737641334,61.19836206570482],[26.908581771286908,61.19836435535513],[26.908572058805486,61.19836453733273],[26.908160491567955,61.1983709024685],[26.908049110403816,61.19837431923667],[26.90801211715597,61.1983763589872],[26.907975604235645,61.19837956614797],[26.907939571376943,61.19838403049574],[26.907932833394344,61.198385013458974],[26.907897559407598,61.19839082495827],[26.907879223794787,61.19839404444719],[26.90784489577182,61.198400844117145],[26.907829676390097,61.198407297671736],[26.907824769296237,61.198424791768616],[26.907830668694164,61.19844337951166],[26.90783481971452,61.1984554213603],[26.90784293712776,61.198479020138535],[26.907847524969082,61.19848801886132],[26.907847654472047,61.19848827032353],[26.907851816806094,61.19849644281324],[26.90785533592696,61.19850188566061],[26.90786289270941,61.19851359765123],[26.907873827777603,61.19852801421015],[26.907875699733783,61.1985304753582],[26.90788721351902,61.19854422796354],[26.90791754632043,61.19858041054291],[26.907925647364234,61.198590524878576],[26.90792687083867,61.198592060887584],[26.907926889365427,61.198592087833106],[26.907962779243007,61.198643096273344],[26.907964855374807,61.19864572813406],[26.90797605174435,61.19865989348773],[26.907986976845102,61.19867138331745],[26.90799150269144,61.19867614454357],[26.908009634642937,61.19869177796006],[26.908009727460687,61.19869184984424],[26.908024804136417,61.1987024716574],[26.90804157731954,61.19871192752612],[26.908049044462846,61.19871613413223],[26.908055641128836,61.19871897554496],[26.908076731789297,61.19872809318818],[26.908082363513717,61.198730063113246],[26.90811398420013,61.19873942131202],[26.908147656237396,61.19874715593989],[26.9081539226202,61.19874841705804],[26.90816539584255,61.198750606402434],[26.908188509688994,61.1987550031571],[26.90823985505576,61.19876340510378],[26.908258972425216,61.19876653329179],[26.908581896794352,61.198809036255696],[26.908617436046278,61.198814536592295],[26.90862275464655,61.19881542896602],[26.9086922653658,61.198828143282554],[26.90882801940816,61.198857582618125],[26.908848936934987,61.198862336888055],[26.9088489926997,61.19886235488086],[26.908982694727094,61.19889376776308],[26.9090154159028,61.198902318502064],[26.909024227740037,61.19890482020429],[26.909047502954255,61.19891140746632],[26.9090608499221,61.19891551920887],[26.90906705866924,61.19891743561424],[26.90909789659097,61.1989274214929],[26.909127951313717,61.19893802629692],[26.909157055595013,61.19894917809351],[26.909167796777005,61.19895364718438],[26.909185209461175,61.19896086790562],[26.909212450123814,61.19897309575881],[26.909222594625138,61.198978022305496],[26.909238721792235,61.1989858526386],[26.909245911573723,61.19898953828922],[26.909270748855498,61.19900291365968],[26.909270785989285,61.19900294061746],[26.909294729163918,61.199016683468365],[26.90930691215592,61.1990244483095],[26.90933959834032,61.19904525343384],[26.909358314808106,61.199058499005695],[26.909381506178143,61.199074907699135],[26.90938572056056,61.19907807962662],[26.909387131599747,61.199079121977164],[26.909480588837706,61.19915665255016],[26.90970652323525,61.199362983908905],[26.909709307429317,61.199365319952065],[26.909725121834096,61.19937852762816],[26.90973236154295,61.199384323032696],[26.909740603658495,61.1993909270927],[26.90992976143214,61.19952414655597],[26.9099297799868,61.19952416452357],[26.909941349181604,61.1995319827648],[26.910051904764977,61.19960413771262],[26.910075215339443,61.19961815831107],[26.910083389125745,61.19962267051319],[26.91008342628654,61.19962268849312],[26.910099606642493,61.199631631986065],[26.910125264427283,61.19964466659205],[26.910149698455868,61.19965621907018],[26.91015185383739,61.199657243950924],[26.910167166317915,61.19966387960544],[26.910167203478807,61.199663897585395],[26.9101716265193,61.19966572297954],[26.910195526066722,61.19967549752126],[26.910217699663594,61.199683726760185],[26.910225097067134,61.199686469843115],[26.910232327962913,61.19968888064248],[26.910232495263852,61.19968893461917],[26.91025561929393,61.199696634800425],[26.910265955077264,61.19969986461999],[26.910285122318964,61.19970535367515],[26.910298043019427,61.19970905204119],[26.910331232079294,61.199717064111866],[26.910366156389863,61.19972336259198],[26.910378357362788,61.1997249866382],[26.910414853216142,61.19972825170098],[26.910451991162127,61.1997281774942],[26.910452065611807,61.199728168565784],[26.910473469161825,61.199725857498244],[26.910506536135365,61.199717898214246],[26.91053477598696,61.19970624592306],[26.9105348132754,61.199706219014715],[26.910549367164794,61.19969826545143],[26.910571028595328,61.19968373596337],[26.91058861885177,61.19966794691525],[26.910602453197082,61.19965126660014],[26.91060484382132,61.1996480721355],[26.910615022854635,61.199634396918746],[26.91062619781324,61.19961725698692],[26.910632177157837,61.199608283285045],[26.910689297494642,61.19952288069227],[26.91069432614803,61.199514525818465],[26.910700031421985,61.19950376538138],[26.910712770142208,61.199479713685555],[26.91072790326553,61.19944454026294],[26.91075665832736,61.199355878019524],[26.910760829045113,61.19934166017536],[26.91076171205091,61.19933864426786],[26.910807451071822,61.1991786298885],[26.9108125228119,61.199161584676965],[26.91084845284968,61.19902907133129],[26.91085116009269,61.199019152813385],[26.910858344683913,61.19896548019301],[26.910859325669954,61.19894753452341],[26.91085934704042,61.198946555974025],[26.910859370148657,61.19893837735341],[26.910859119766705,61.19892163387829],[26.910859104382595,61.1989204937071],[26.910859104585526,61.19892042188604],[26.91085854305787,61.198915025951166],[26.91085727587678,61.19890256414439],[26.9108556430659,61.19889439341202],[26.91085371687952,61.19888469628673],[26.91084766423694,61.19886700634122],[26.91084611098685,61.198863602791285],[26.910836745807984,61.19884617999508],[26.910832742568413,61.1988406740636],[26.910824439445594,61.19882929392144],[26.910817039091125,61.19882106552685],[26.910809583101628,61.19881277425169],[26.910795275114516,61.19879972929049],[26.91079225023693,61.198796962184005],[26.91078833336234,61.19879381742902],[26.910768170453686,61.198778721706645],[26.91074597751019,61.198764351833475],[26.91072203391999,61.198750600260794],[26.910703177396723,61.198740685491465],[26.910669161303566,61.19872282448674],[26.910589376070526,61.198685164502756],[26.910573134519005,61.19867824099696],[26.910561520100103,61.19867330460338],[26.910548901297595,61.19866825981397],[26.910530223956282,61.19866080501387],[26.910514816134363,61.198655129944456],[26.910500653556056,61.198649922533406],[26.910486155422852,61.198644948318005],[26.910470281870122,61.19863948839936],[26.910407841363455,61.19862006438981],[26.910343499128487,61.19860206653894],[26.91034342478351,61.19860203955679],[26.910326283304503,61.19859756632344],[26.910242764596095,61.198577598605574],[26.910126355447527,61.19854977153943],[26.910113544392903,61.19854694406061],[26.910108821601632,61.198545899520624],[26.909732600483217,61.19846845063009],[26.909488026643324,61.19842538330647],[26.909462028575895,61.198421146443806],[26.90940541817496,61.198412732462025],[26.90928429358454,61.19839473204216],[26.909258367382897,61.19839140193086],[26.90924843581735,61.198390129431395],[26.90921601822403,61.19838615755127],[26.90910702428983,61.19837468287152],[26.90903356873972,61.1983688878844],[26.90899675543854,61.19836661875377],[26.90896323345679,61.19836498025977],[26.908888986424724,61.19836268594496],[26.90881471612778,61.1983620075503],[26.90877744983535,61.19836198246711],[26.908767737641334,61.19836206570482]],[[26.904955077890282,61.1983533492185],[26.904960181782354,61.19834516518354],[26.904963216084198,61.198338443053444],[26.904968086189324,61.198327574537444],[26.904970773775972,61.198318598774364],[26.90497395323361,61.19830074446234],[26.904974147909467,61.19829170410735],[26.90497432360144,61.19828278942611],[26.904972926042582,61.19825880017056],[26.90497223632317,61.1982468863479],[26.904971333132302,61.19823789908879],[26.904970659262123,61.19823307761921],[26.904966417581313,61.19820209278086],[26.90496457848466,61.19819498119371],[26.904961782901424,61.19818422401049],[26.904956018802814,61.19817070860712],[26.90495431913954,61.19816672133916],[26.90495378270124,61.198165688533315],[26.904952432505954,61.19816303918004],[26.904942561851946,61.19814780616462],[26.90494137664288,61.19814597389292],[26.904926542062984,61.198129534389025],[26.904906996893246,61.19811425867195],[26.90490246618102,61.19811129286836],[26.904895537767853,61.19810754432637],[26.904877743111022,61.19809790779672],[26.90484942416582,61.19808621697108],[26.90483462971864,61.19808117012079],[26.90481907322677,61.19807587135941],[26.904813125022216,61.198074071651384],[26.90480409078833,61.19807147076437],[26.904781207759413,61.19806489202516],[26.904755960624026,61.198058733569816],[26.904748003486795,61.198056797782115],[26.9046456283525,61.19803544875121],[26.904594736481872,61.19802544773854],[26.90456983764214,61.198021031157474],[26.904534766474605,61.19801508120522],[26.904499395982214,61.198009678669465],[26.904463371118254,61.19800533502564],[26.90445814449251,61.19800487348039],[26.90443517351323,61.19800280140009],[26.90440803335256,61.19800127401132],[26.904398211559652,61.19800071944544],[26.904361078954555,61.19799969672274],[26.904323962751693,61.19799940119099],[26.904314715837856,61.19799946648269],[26.904286677470235,61.19799964418853],[26.904265503511112,61.19800010504569],[26.9042584703222,61.19800026167411],[26.904248459948153,61.19800054188539],[26.904221350031623,61.19800131275859],[26.904167461540087,61.198004021817376],[26.90414738363629,61.19800502209014],[26.90411055583267,61.19800777910446],[26.904102423252873,61.19800849156093],[26.90406590981594,61.198011877220985],[26.903993510299184,61.19802035470924],[26.903850896421435,61.19804063285022],[26.90382267776149,61.19804501187161],[26.903752147929612,61.19805653398085],[26.903721413723478,61.19806216806509],[26.903686936326114,61.198068966576116],[26.903678837834004,61.198070693505684],[26.903652922669792,61.1980762142905],[26.903619521072887,61.19808408188946],[26.903590958480034,61.198091396309025],[26.903590846739842,61.19809143214009],[26.903558539792463,61.19810028804419],[26.90349559620996,61.19811933868848],[26.903495503102114,61.19811936555513],[26.903471515846636,61.198127159023315],[26.903449073517045,61.19813472016928],[26.90344093468008,61.19813746153019],[26.90332284438317,61.198181089497],[26.903315058057842,61.198184145319544],[26.903300249148714,61.198189952268194],[26.90328294315521,61.19819705919196],[26.903271859143327,61.19820160294778],[26.903216639699405,61.19822562361557],[26.903196721645664,61.19823510773936],[26.903190125749724,61.19823825418158],[26.903164856919894,61.19825134349235],[26.903159023553858,61.198254580254506],[26.90315434569157,61.1982571714516],[26.903130488620373,61.19827097997677],[26.90310830514068,61.198285068001525],[26.903085450557917,61.19829957749211],[26.90301627558606,61.19834822276263],[26.903015007698492,61.198349110642354],[26.90300128455203,61.19835876076881],[26.902992223168763,61.19836501170274],[26.90299218587548,61.19836503860896],[26.902887210275004,61.19843907390023],[26.902887154348637,61.198439109770746],[26.90287866750024,61.19844607034294],[26.9028494577305,61.19847004665697],[26.90283822615391,61.19848016539087],[26.902836453700896,61.1984817711189],[26.90283641640735,61.19848179802512],[26.902834102215987,61.198484112598855],[26.90282023585967,61.19849793721049],[26.90280998719305,61.19850908009877],[26.902805133546927,61.1985143554744],[26.90279150029302,61.19853101718702],[26.90279146299936,61.19853104409323],[26.90278202860361,61.19854359705425],[26.902770533750687,61.19856064633772],[26.902749905810552,61.19859509672501],[26.902747997684965,61.198598461973496],[26.90274487356762,61.19860398098467],[26.902697143837656,61.198690652841705],[26.902697087799872,61.19869072462268],[26.902687997601028,61.198706267380715],[26.902679162109294,61.19872367767184],[26.902676097323667,61.19873408056433],[26.902676022126418,61.198734331884445],[26.902674423990568,61.19873973528051],[26.902673587199256,61.19875768099722],[26.902674266683874,61.19876057228783],[26.902677297011916,61.19877340352286],[26.90268554108418,61.19879090687903],[26.9026939502908,61.19880313149639],[26.902695987813424,61.19880607762796],[26.90270233477967,61.19881130717642],[26.90271475032799,61.1988215416314],[26.90271731351398,61.19882296193994],[26.902718948030394,61.19882386087815],[26.902747453428532,61.19883538170635],[26.902779377794634,61.198842317403695],[26.902819479401334,61.19884620655819],[26.902827647031376,61.19884627525912],[26.902856596558276,61.198846511479836],[26.902885251989797,61.198845580389396],[26.902894834799916,61.198845273039346],[26.902903171813655,61.198844713421806],[26.902931662858492,61.1988427856849],[26.90295671345312,61.1988403437522],[26.90296815929769,61.19883922974294],[26.902979922594753,61.19883773889878],[26.90300406344349,61.198834667870635],[26.903087676503933,61.1988226527606],[26.90311094369905,61.19881931175916],[26.903143239409026,61.198814397141554],[26.903464213584172,61.198768579836695],[26.90346430663902,61.19876857092534],[26.903645381493856,61.19874833850152],[26.903649550378873,61.1987479284941],[26.90366544424169,61.19874636870626],[26.903802936490553,61.19873495704084],[26.903848773410804,61.19873115611832],[26.903875265109285,61.19872587810177],[26.903977938378905,61.198704853426555],[26.903978012827977,61.19870484450167],[26.90400098693558,61.19869993205139],[26.904001042779193,61.19869992311333],[26.904015267464764,61.19869660248294],[26.904101471937757,61.19867649074502],[26.90419932221043,61.198650614558886],[26.904205020207772,61.19864905647658],[26.904207459560233,61.19864838487748],[26.90421835342491,61.19864519653581],[26.90423930314173,61.198639070631735],[26.904409315201452,61.19858527092177],[26.90440946418039,61.19858522613862],[26.904456953488236,61.19857019513885],[26.90447263415092,61.19856526848816],[26.904567644190585,61.19853706482284],[26.90460041510548,61.19852864891005],[26.9046339652558,61.198520951749536],[26.90465543076654,61.198516478031266],[26.90465550521499,61.19851646910603],[26.90472395954094,61.19850243132636],[26.90472833496277,61.198501384017966],[26.904745110606207,61.198497337915086],[26.904777250748676,61.19848829308076],[26.904806902908444,61.198477540737876],[26.904823037147573,61.19847024426625],[26.90482808611678,61.19846794953473],[26.90485209116584,61.19845423059177],[26.904872806550873,61.19843935121853],[26.904891644705295,61.19842383311153],[26.904906160169325,61.198410385805005],[26.90490877221219,61.19840796367317],[26.904910936970758,61.198405792601505],[26.904921182318752,61.198395493451095],[26.904936116026377,61.1983790748333],[26.904949487960447,61.19836229601244],[26.904955077890282,61.1983533492185]],[[26.913381467042832,61.17462253355842],[26.91335359286696,61.17462466139301],[26.913317254959285,61.174628498541495],[26.913301297696414,61.17463066092528],[26.91328156502519,61.17463332363972],[26.91327107511679,61.17463493290464],[26.913236143710478,61.174641105128416],[26.913202621032255,61.17464880445143],[26.91319305771697,61.17465149162552],[26.913162669783862,61.17466179647464],[26.913152897710766,61.17466602767272],[26.913134917101292,61.174673808766066],[26.913119706016843,61.174681798120346],[26.91310983833238,61.17468698986558],[26.913083952457196,61.17470295352276],[26.9130640445237,61.17471523118663],[26.91305495641889,61.17472087231218],[26.912962458512254,61.17477700418694],[26.9129452488788,61.17478832295575],[26.912940499446957,61.17479145311247],[26.912940443573888,61.17479148898728],[26.912938934778655,61.174792538405775],[26.912932806392377,61.17479682579624],[26.91291257483595,61.17481180551083],[26.912784215334753,61.17492114285223],[26.912780302233415,61.17492436331863],[26.91269728652964,61.174986632871494],[26.912679736951574,61.1749997918112],[26.912674706032508,61.175003846477885],[26.91266404792234,61.17501244022077],[26.91265420810499,61.17502093573615],[26.912627800828666,61.17504373995992],[26.912617924231096,61.17505208282834],[26.91261015463011,61.175058200591465],[26.912598472211496,61.175067422105684],[26.912556336320982,61.17509696737779],[26.91255626183054,61.175097012218075],[26.912511897237845,61.17512570315789],[26.91250183979249,61.1751321964993],[26.912494948554507,61.175136653952855],[26.912494892680332,61.17513668982744],[26.91240868850998,61.175195204472445],[26.912404813689918,61.17519800300185],[26.912396766009437,61.175203806354084],[26.912356914373838,61.17523412512154],[26.91234066573044,61.17524735668023],[26.91234060983099,61.17524740153244],[26.912228726790715,61.175340499408804],[26.912216486854984,61.175349558930264],[26.912207210752292,61.175355828314125],[26.91219486125125,61.17536416954836],[26.912182736766297,61.17537181964618],[26.91217226983293,61.175378429407225],[26.912132421476105,61.175400731044085],[26.912099518646148,61.175419131887466],[26.912048727170063,61.175445403507915],[26.911973993483233,61.17548354599491],[26.911895405606696,61.17552366102238],[26.91187251985257,61.17553670865307],[26.911847436763907,61.17555100274686],[26.911821084471228,61.17556706461209],[26.911789234725923,61.17558771946248],[26.911732314862757,61.175624625519774],[26.911722985141505,61.17563005991138],[26.911715536255745,61.17563440025174],[26.91166285958032,61.17566308549319],[26.91166276647032,61.175663139298535],[26.91165883713241,61.17566544399863],[26.911639171792153,61.17567698544053],[26.9116128525523,61.17569444780423],[26.911573606501744,61.17572047540511],[26.911565521829214,61.17572610810758],[26.911562802081463,61.17572800959922],[26.91147622335985,61.17578629896055],[26.911476148866274,61.17578634380029],[26.911474956792762,61.17578712407899],[26.911467115039233,61.17579230805051],[26.911444690338683,61.17580655891869],[26.911421169674476,61.17582045893694],[26.911394919345927,61.17583315415657],[26.911394844877314,61.17583319001856],[26.911387641221673,61.17583623771575],[26.911357381451246,61.175846632019365],[26.911332471927004,61.17585191254312],[26.91129600473986,61.175854851296954],[26.91126484385326,61.17585509123694],[26.91124011349442,61.17585615235286],[26.911219123822516,61.17586251274593],[26.911215371957216,61.17587441468627],[26.91121373976394,61.17587963862434],[26.911216550047445,61.17588522458176],[26.911220913529124,61.17589384601213],[26.911230402292624,61.175911259947576],[26.91123709626325,61.17592419218981],[26.91124706866461,61.17594152564188],[26.911259384935242,61.17595841174513],[26.911276872860604,61.17597421493632],[26.911291684146676,61.17598318435993],[26.91129172128034,61.1759832023396],[26.911323148808233,61.17599398715524],[26.911340141598103,61.175994123967776],[26.911361819536864,61.175994281799916],[26.911398159228195,61.17599045415495],[26.911418785349998,61.17598778332161],[26.911418915544758,61.1759877654514],[26.911434017808528,61.175985809216975],[26.911447854828936,61.175984202282955],[26.911470191184772,61.17598161335913],[26.911479265943566,61.17598096392032],[26.9114850678466,61.1759805457615],[26.911522161002726,61.17597985178494],[26.911596525439688,61.17598124699736],[26.911605542811333,61.17598117208393],[26.911617497777474,61.175981081131646],[26.91165429797938,61.175978770945854],[26.911660565509703,61.17597805681993],[26.91169518288895,61.175971795021404],[26.911700820797638,61.175970182715425],[26.91172824050845,61.17595817050239],[26.911739694158697,61.1759511843567],[26.911759778516373,61.1759361149466],[26.911768556932223,61.17592839986356],[26.91178552031135,61.17591243064869],[26.91179679350372,61.175903478269326],[26.911804731375046,61.175897154176425],[26.91180480589349,61.17589710035889],[26.911809350365154,61.17589423046157],[26.911835377824925,61.1758814093292],[26.91186515483143,61.17587074527446],[26.91188677775871,61.17586393630945],[26.91191857747579,61.175854629188095],[26.911951323136975,61.175846121687485],[26.911954151019216,61.175845441222506],[26.911956495209665,61.17584486817507],[26.9119907980722,61.1758379776591],[26.91200870956715,61.17583532292727],[26.912026342079606,61.17583270392253],[26.91205156053537,61.175829937221366],[26.912088360529474,61.17582762691753],[26.9120995713578,61.1758276790825],[26.91211401718765,61.175827733345834],[26.912135950607638,61.175829579023194],[26.912150653454244,61.17583080952503],[26.91216489067884,61.17583233598666],[26.912165057956578,61.17583235405051],[26.912186971417785,61.17583469347888],[26.912208013954896,61.17583599092862],[26.912223740089185,61.175836961733204],[26.9122336877152,61.17583663600596],[26.91224502988824,61.17583625731551],[26.91227981407454,61.17583008525237],[26.91228442902103,61.17582859794698],[26.91231066719693,61.175820148988485],[26.91232289557316,61.17581530895982],[26.912322988657554,61.17581526413171],[26.912350018189276,61.175803027098155],[26.912374002732086,61.17578930677242],[26.912380876683503,61.175784436341054],[26.912382478753464,61.175783297212504],[26.912401002445055,61.175767697014514],[26.912408066415544,61.17576134538794],[26.912408140982446,61.17576127361477],[26.912418559861436,61.1757519076579],[26.912438179468555,61.175736658292834],[26.912456689442063,61.175725986823046],[26.912486614304992,61.17571551125834],[26.912495507400866,61.17571329054054],[26.91251967498506,61.175707273154124],[26.912588576875283,61.17569376134964],[26.91262226789105,61.17568615206462],[26.912653918502304,61.175676835696684],[26.912666928870387,61.17567154725739],[26.91267566283147,61.17566635481401],[26.912690281523897,61.17565765589212],[26.912702596108456,61.17564848864426],[26.912710513976126,61.17564258643613],[26.912729346562518,61.17562949116402],[26.912754574948874,61.17561631921051],[26.912782625330106,61.17560457652025],[26.912811622634198,61.17559328331768],[26.91282072419783,61.175589608329055],[26.91284845894061,61.175577694846105],[26.9128707056855,61.17556700776876],[26.912870761510472,61.1755669898493],[26.912874782716013,61.17556504428026],[26.912874838565738,61.17556501738317],[26.912882249200646,61.17556100015088],[26.912899565529877,61.175551602682695],[26.912922769530308,61.17553761242712],[26.912932268794385,61.175531289271866],[26.91294458061132,61.175523082611605],[26.912964645505248,61.175508021987426],[26.91296470137954,61.1755079861126],[26.91296721693503,61.17550593184108],[26.912974540003514,61.175499948436084],[26.913060857171708,61.17542056938381],[26.913060913070467,61.17542052453133],[26.913080402019457,61.17540527498883],[26.91308047650988,61.17540523014828],[26.91310241732176,61.175390790167135],[26.91312446218053,61.17537907048545],[26.91312734814162,61.17537752817614],[26.913127422607186,61.175377492313196],[26.913141792287433,61.17537136079836],[26.91315524993235,61.17536560575961],[26.913167903340934,61.175361591873326],[26.91316816384675,61.17536151124126],[26.913189711851768,61.17535467508695],[26.9132095971692,61.175350755608875],[26.91322418099136,61.17534787414177],[26.913239372860737,61.175346986107066],[26.913265047970736,61.17534700255254],[26.913288691036072,61.17534226850071],[26.91331922809462,61.175332044518655],[26.913326655090987,61.17532879935266],[26.913327101833126,61.17532860212967],[26.91334666520286,61.17532004096617],[26.913367110324867,61.17530858057399],[26.913370983349342,61.17530641045343],[26.913392143824556,61.17529170957347],[26.913446133228497,61.175244530481876],[26.913456960792228,61.17523511083972],[26.913511878622955,61.1751882824443],[26.91351610995211,61.17518425416909],[26.91354435873396,61.17515412516336],[26.913562109802548,61.17513517563851],[26.91356272497024,61.17513457452669],[26.9135661921646,61.17513122806572],[26.913583154181797,61.175115267601164],[26.9135990014512,61.17509902811531],[26.913602492067866,61.17509391306579],[26.913608110688834,61.175085666164115],[26.913612364339894,61.17507346821325],[26.913614275679567,61.17506798407125],[26.913615164067902,61.17506265189725],[26.913617299435664,61.1750500306442],[26.913620631361315,61.17503495924822],[26.913620650075593,61.17503491437174],[26.913636362658185,61.174999920426224],[26.91363638139698,61.17499986657214],[26.913638104333657,61.17499528905507],[26.913642392018605,61.1749774351877],[26.913643054488322,61.174959534120234],[26.913643054635617,61.17495948025425],[26.913641077021666,61.17494161341405],[26.913621397446583,61.17487042583212],[26.913621378977954,61.17487038093192],[26.91360716483569,61.17474501654472],[26.91360716493393,61.17474498063408],[26.913602849391605,61.17472545143076],[26.913596167478243,61.17470785091846],[26.91359303844364,61.17470313564097],[26.913591946101135,61.17470147407357],[26.913575127376305,61.17468553694039],[26.91357509031656,61.174685492028374],[26.91356791099101,61.17467982253166],[26.913559079722226,61.17467317341326],[26.913547910846574,61.174664736244054],[26.913540228337283,61.174659515308555],[26.91352634785006,61.174650088861824],[26.913514150005717,61.17464401216227],[26.91350055973937,61.17463723431332],[26.913481167899498,61.1746308567524],[26.913446736505158,61.17462419126973],[26.913418558316533,61.17462192883862],[26.913381467042832,61.17462253355842]],[[26.90251789630007,61.19283831605961],[26.902555028870502,61.192837364207],[26.902567457042828,61.19283670879862],[26.902591997096888,61.19283541570632],[26.90261759942854,61.19283348595953],[26.902617711068103,61.19283347706215],[26.902628651578212,61.19283265898103],[26.902664211028874,61.19282909347014],[26.902677442126055,61.19282745108637],[26.902700256890807,61.19282463053367],[26.90272673944937,61.19282077120247],[26.90273582130502,61.192819449029564],[26.902770923147898,61.192813459195136],[26.90294270612115,61.19277929669689],[26.902975466795883,61.192772407366796],[26.90317812463612,61.192727403713434],[26.903243191723615,61.19271003354476],[26.90326419338392,61.19270394373562],[26.903295696932084,61.19269445888798],[26.903324614908847,61.19268493627745],[26.903357163919445,61.19267421324502],[26.903476180601324,61.192631124542146],[26.903486181357657,61.19262735207358],[26.903486218643742,61.192627325167166],[26.90349513928227,61.192623946945325],[26.903696506016004,61.19254429682306],[26.903867920144673,61.192471636700965],[26.90388753295603,61.192463391172254],[26.903970327592447,61.19242735970454],[26.903976828968315,61.192424284976454],[26.90399402314181,61.192416154427626],[26.904045164026872,61.19239016443243],[26.904061058145977,61.192381341674775],[26.90406713256487,61.19237797037739],[26.90408957240392,61.192363711791565],[26.904108035334495,61.19234817556012],[26.904108091330514,61.19234811275619],[26.90411020169613,61.19234535810941],[26.904122247871943,61.19232953902702],[26.904129835007716,61.19231194819008],[26.90413411155795,61.19229418443475],[26.90413411163977,61.19229415750183],[26.904135734094716,61.192274434739325],[26.904135734176528,61.19227440780644],[26.904134077259975,61.19225648723239],[26.904130499361052,61.19224633994921],[26.90412786223788,61.19223879685194],[26.90411632879738,61.192220564048],[26.904110377974305,61.192213880460145],[26.904101646488353,61.19220404374654],[26.904084618510932,61.192188141241125],[26.904084581389593,61.19218811428192],[26.904064151686125,61.19217143728714],[26.904064095990538,61.19217140133709],[26.904042357483064,61.19215693191566],[26.90404228324053,61.19215687799718],[26.90401536696355,61.192144559541575],[26.90398713518715,61.19213664817764],[26.90397906896402,61.19213438906938],[26.903965721209556,61.19213169528955],[26.903944788720494,61.1921274519743],[26.90394170244646,61.19212692908208],[26.903938988039762,61.19212646031938],[26.90391292240275,61.19212192607458],[26.903869027290316,61.19211429086139],[26.903864653491503,61.19211508676931],[26.903862122285528,61.19211554283372],[26.903652907934827,61.19215283104257],[26.903622662307626,61.192158725806046],[26.903451197450703,61.19219361658438],[26.90327771319567,61.19222571365299],[26.903253426249986,61.19222955670449],[26.903217862310186,61.19223482812147],[26.90293002059703,61.19227097272793],[26.902910592746956,61.19227347255085],[26.902731329518488,61.192297215558185],[26.90266564184741,61.192304889167175],[26.902514485620667,61.19232255624877],[26.902497404290898,61.1923241599352],[26.902475262443396,61.19232603828426],[26.902460749278873,61.192327275730754],[26.902433603936426,61.192329033761204],[26.902386960032523,61.19233207052186],[26.902375406556384,61.192332654722655],[26.90236941587104,61.192332955646194],[26.90233228330511,61.192334095978495],[26.902295171867536,61.19233441934912],[26.90228499741509,61.19233419654765],[26.902258045386667,61.19233359355873],[26.902249192182442,61.1923332011323],[26.90224536073684,61.19233303677002],[26.902233941808262,61.19233222054147],[26.902208556051445,61.19233041566701],[26.902172088456613,61.192327067607195],[26.901990765126154,61.19230709593853],[26.901967202729107,61.192305175628285],[26.901954129050758,61.1923041068044],[26.901941426207063,61.192303424286905],[26.901917173684797,61.1923021049714],[26.9019100869818,61.19230192926538],[26.901906366956403,61.192301827817836],[26.901869071182983,61.19230162125653],[26.901857574825645,61.192301783504696],[26.901831959192506,61.19230213303063],[26.901824424765373,61.1923023699679],[26.90182083428151,61.19230248407564],[26.90178371837756,61.192304252705576],[26.901747840675185,61.19230862574371],[26.901727141644592,61.192313099559534],[26.901697977342618,61.19232402216535],[26.90168526328347,61.19233290979742],[26.90167126030197,61.19234949932202],[26.901662280575895,61.1923658321392],[26.901656124131684,61.19238350467593],[26.901653726658406,61.19239475193903],[26.90165231090976,61.19240136744406],[26.901650695765408,61.19241824426547],[26.90165084278456,61.19242478908366],[26.90165084242084,61.192424905792905],[26.901651104879537,61.19243619089736],[26.901654490526155,61.1924540588909],[26.901658214508036,61.192464834781504],[26.901663426437775,61.192475674595585],[26.901666623786095,61.19248233833713],[26.901678159822527,61.19249931447959],[26.901689372394078,61.1925126454579],[26.90169220797971,61.19251601413648],[26.901739044028098,61.19256488656193],[26.90174371740224,61.19256947753351],[26.901748557691025,61.19257423022377],[26.90177732534473,61.192601166095415],[26.901816665323604,61.192638002999665],[26.90182579439715,61.19264541618117],[26.901835721400474,61.192653458376164],[26.901852461335753,61.19266599433391],[26.901852591269662,61.19266608420458],[26.90185587615156,61.19266854646189],[26.901870688150876,61.19267894433866],[26.901870725270882,61.19267897129849],[26.901892872746167,61.19269332465415],[26.901892909838313,61.19269336059164],[26.901916211991008,61.19270728385209],[26.901921690092983,61.19271033124314],[26.901940612792753,61.192720848797414],[26.901965907929828,61.192733956524975],[26.90196594507789,61.192733974507135],[26.901984388618043,61.1927430552836],[26.902011397705387,61.19275534727586],[26.90201145342755,61.19275537424914],[26.902039450054975,61.19276714624597],[26.90204701226509,61.19276997967504],[26.90206886290266,61.19277812922693],[26.9020932250651,61.192786199791335],[26.902099524691575,61.192788278182014],[26.902107646307417,61.19279068108446],[26.90211173500479,61.19279188704448],[26.90214413120138,61.19280061877291],[26.902177665558508,61.19280824706369],[26.902177795688733,61.19280827409063],[26.90218303829705,61.19280929235082],[26.902212225933127,61.19281494241051],[26.902236861103805,61.192818973200986],[26.902247458857666,61.192820713535205],[26.9022564398542,61.19282193199819],[26.902256551410385,61.19282195003395],[26.902283308440058,61.192825587329914],[26.90230696178126,61.192828306661774],[26.902319457888204,61.19282974311889],[26.90235596356129,61.19283300138936],[26.902360836195456,61.192833355029556],[26.902369577179623,61.19283398976444],[26.902395856828733,61.1928356067216],[26.90240653233655,61.192836269780706],[26.90241733880821,61.19283669053659],[26.902417487596278,61.19283669962144],[26.90244350865413,61.19283772385783],[26.902470182281235,61.192838263765594],[26.902480617380693,61.19283846878535],[26.90251789630007,61.19283831605961]],[[26.875896424086843,61.17507139706651],[26.875883144078465,61.17507283030376],[26.875873600606905,61.17507435674119],[26.875865786073174,61.17507590271805],[26.87583929109641,61.175081139353345],[26.87580636989679,61.17508945841379],[26.87578993361141,61.175094524709365],[26.87577502366108,61.17509912556342],[26.875762084548192,61.17510369231308],[26.875745086829184,61.17510969176724],[26.875730450544857,61.175115612587014],[26.875716540490444,61.17512123780802],[26.87568279557247,61.17513570579583],[26.87560537958558,61.175168888051324],[26.87560083578491,61.17517077816898],[26.875600724094134,61.17517081397714],[26.875541572929095,61.17519253051448],[26.87538668672958,61.17524418034631],[26.875364195979728,61.17525229343167],[26.87535691628148,61.175254917193385],[26.875327906261578,61.17526611259578],[26.875320178160933,61.175269292559115],[26.875305634503835,61.175275258306606],[26.875278628300222,61.17528747899926],[26.875278516573207,61.17528752378476],[26.875253402935712,61.17530069784968],[26.87523590017335,61.175312128273255],[26.875235844256576,61.17531216413244],[26.87521745153386,61.17532767857969],[26.87520314473533,61.17534426513386],[26.875191810778702,61.175361312287976],[26.875182356839996,61.17537778660206],[26.875181870120965,61.175378630055725],[26.875181851316388,61.1753786839045],[26.875179510182527,61.17538302694558],[26.875143222734447,61.175452642363965],[26.875141050264105,61.17545664440785],[26.875141031494906,61.17545668927898],[26.875097255444743,61.17552527432436],[26.87509721811918,61.17552531020068],[26.875087760743938,61.17554262840686],[26.87507986400265,61.17556021738233],[26.87507401203015,61.175577889042614],[26.875072800029614,61.1755834810212],[26.875071303327136,61.17559054507722],[26.875070600210336,61.175608490817126],[26.87507740992881,61.17562600358052],[26.875094582087225,61.17564181116331],[26.875122235243094,61.17565414506736],[26.875136299502717,61.1756566268975],[26.875156959289736,61.17566027292724],[26.875191402130763,61.17566228874025],[26.87520746487981,61.175662456162485],[26.87522849147374,61.1756626730444],[26.875247699436564,61.17566203536796],[26.87526246338091,61.17566153723874],[26.875298806375742,61.17565788985656],[26.87533452287475,61.17565281443635],[26.875369758135868,61.1756471909252],[26.875392474351802,61.175643261646925],[26.87542966357544,61.17563717307847],[26.875462815738906,61.17563174513612],[26.87548203196149,61.175629006656244],[26.87549851362562,61.17562666067789],[26.875524369669726,61.17562328190252],[26.875560901197137,61.17561895231942],[26.87559657710203,61.17561472069502],[26.875615681044575,61.17561216164668],[26.87563244121361,61.17560990568467],[26.87566767810583,61.17560384219107],[26.875701526288275,61.17559633200682],[26.87573381804247,61.17558747373362],[26.875743498035515,61.17558436735909],[26.875764849774765,61.175577536974934],[26.875774102433038,61.175574358384736],[26.87577942692474,61.17557252284345],[26.875788680745355,61.17556904798981],[26.875808733828723,61.17556150717068],[26.875834339713112,61.175550802317446],[26.87583679788699,61.17554977213754],[26.875836872359983,61.17554974527277],[26.87586300659401,61.175537056830514],[26.875874763407108,61.17553060367441],[26.875874819323563,61.17553056781492],[26.875897687339396,61.17551635914399],[26.875918029643483,61.1755014389182],[26.87591808563036,61.1755013851034],[26.875929706982213,61.175491547231864],[26.875954852332974,61.17547026622317],[26.875959983042687,61.175465692304016],[26.87596349059374,61.175462562305036],[26.87598444652295,61.17544286650376],[26.87601439665309,61.17541476684438],[26.876024685332695,61.17540340153844],[26.876029278871304,61.17539831539689],[26.876029334857822,61.17539826158203],[26.876030343742897,61.17539700562992],[26.87603578035452,61.175390277343844],[26.876048061653808,61.175373329740985],[26.876058466274166,61.17535610211138],[26.876067123972412,61.17533869332872],[26.876070426789465,61.17533087678892],[26.8760704829872,61.175330769108136],[26.876074555282077,61.175321112847286],[26.876081211054284,61.175302176025646],[26.876084869684604,61.17528896422332],[26.87608613321841,61.17528440471627],[26.876089810056087,61.17526655146819],[26.87609207396325,61.17524868794955],[26.876092144412524,61.17523073264722],[26.876091113083213,61.17522349569085],[26.87608939383805,61.17521152686589],[26.87608601906374,61.17519978096823],[26.87608429512846,61.175193746387635],[26.876081181089095,61.17518662423538],[26.876068946071282,61.175158638578246],[26.876067470338697,61.175155683569955],[26.87606551481995,61.17515181239884],[26.876056659234475,61.17513438758875],[26.876054239000567,61.175130498036864],[26.87604594376655,61.17511714960714],[26.87603018581669,61.17510097535335],[26.876030130183107,61.17510093939172],[26.87602175134943,61.175094683253946],[26.876007893171213,61.17508711135751],[26.875997225898907,61.175081284051906],[26.875966122827478,61.175071658426276],[26.875963168683782,61.17507117092582],[26.875956257090664,61.17507003340744],[26.875919320023723,61.175068922249295],[26.875896424086843,61.17507139706651]]],[[[26.827057050150575,61.17606276838532],[26.826871576497922,61.17606921979973],[26.826531807141468,61.17607213372062],[26.82653741863289,61.17606597323271],[26.82653760568751,61.17606576698532],[26.82681369335837,61.17576175855732],[26.82686320487993,61.17570730930674],[26.82933413197197,61.17298949485282],[26.829351928025204,61.17299199512279],[26.82935620923607,61.1729978719309],[26.829364254919078,61.1730089246353],[26.829377735585794,61.173025640135535],[26.829395232005893,61.17304231580487],[26.829415861065556,61.17305724476704],[26.829439954869766,61.17307089427914],[26.829466788205014,61.17308329933684],[26.82949567250353,61.17309459373708],[26.829513207812568,61.173100639847505],[26.829544685644,61.173110186851424],[26.82957756416214,61.173118550554726],[26.829611751333047,61.17312556026443],[26.829631383712695,61.17312884386752],[26.829666975299915,61.173133978991494],[26.82970153678263,61.17314053128676],[26.82970873956475,61.173142443615696],[26.829737792381636,61.173153540666625],[26.829761010813804,61.17316753017314],[26.829781631370334,61.17318408403138],[26.829797773753164,61.17320024621748],[26.82981123604378,61.17321697960612],[26.82982187014452,61.17323416730197],[26.82982980681278,61.17325169275994],[26.829834954301585,61.173269331422816],[26.829835635197025,61.17327407250183],[26.829837534917303,61.173287227213386],[26.829837637850524,61.17329917665601],[26.829837698443093,61.1733051828107],[26.829835594178707,61.17332309067004],[26.829831798472252,61.17334094253777],[26.829826571732276,61.17335871180788],[26.829823682937842,61.17336695868035],[26.829823607560176,61.17336714711726],[26.829810763383755,61.17340129110931],[26.829803747242572,61.17341992896616],[26.82980017454396,61.17343779009071],[26.829799563863954,61.17345106733525],[26.82980212588378,61.17346896310264],[26.829808369991373,61.173486648032586],[26.8298178878783,61.17350399592376],[26.82982980584244,61.17352099669991],[26.82984360330341,61.17353765868397],[26.82985497100727,61.17354982876616],[26.82990710338531,61.17359739524014],[26.82998126625168,61.17366217266197],[26.830014035662806,61.173694389857644],[26.830032989624243,61.17370981039441],[26.830050848406273,61.173721467899824],[26.83007626597207,61.17373455336305],[26.83008112431416,61.17373686672648],[26.830102708509287,61.173747182244874],[26.830111847200573,61.17375212246395],[26.830127436716662,61.1737605541198],[26.830134513394437,61.173765204464644],[26.830152182912627,61.173780955548146],[26.83016019618877,61.17379120914801],[26.83016936099211,61.173808583503714],[26.830173838625814,61.17382638291054],[26.830173946669436,61.17384432048087],[26.830170095318852,61.173862172286796],[26.830166192866947,61.173872240366876],[26.83015663689664,61.17388957328975],[26.830135072583058,61.173923930815754],[26.83012668702726,61.17394140884757],[26.83012271573996,61.17395735723015],[26.83012403225425,61.17397527836067],[26.830129997634547,61.173992989857666],[26.830133250739145,61.17399996062932],[26.83014314101697,61.17401726407459],[26.83015565483594,61.17403415783544],[26.830164192921448,61.17404363103333],[26.830181434199528,61.17405953419602],[26.830237216839315,61.174106153479585],[26.830249829379373,61.17411853157474],[26.830301038823396,61.17418591050692],[26.83031820588419,61.17420181355872],[26.830340121372405,61.17421628612587],[26.8303632670898,61.17422670231243],[26.83042574042929,61.17424611850521],[26.830444860919663,61.17425485978644],[26.830460576692143,61.174271003400676],[26.83046669128575,61.17428867018019],[26.8304703135828,61.17430654032655],[26.830472498336174,61.17431514369259],[26.830478143226436,61.174326803805975],[26.830480937979363,61.17433259791709],[26.830495369003902,61.17434911698213],[26.83050670036476,61.17435776770599],[26.830531466547598,61.17437111261987],[26.830561024186853,61.17438194079182],[26.830593418570786,61.17439074354687],[26.830627270634817,61.17439813861913],[26.83063982548229,61.174400524431334],[26.830674949894938,61.174406403852444],[26.830710693215888,61.17441127853633],[26.83074699981312,61.17441512147991],[26.83078370245983,61.17441791451836],[26.830820689317477,61.174419711377865],[26.830844316024372,61.17442021670812],[26.830857811654,61.17442051187237],[26.830869895660317,61.174420562874666],[26.83094420918471,61.174419721979696],[26.830981352950296,61.17441999278318],[26.831018302687596,61.17442178056464],[26.83105455327308,61.174425677222],[26.831089677839095,61.174431547557944],[26.83112367960807,61.17443879007186],[26.831156971043438,61.17444675888487],[26.831169818752418,61.1744500158493],[26.831202306859378,61.174458719820606],[26.831234103899124,61.174468024428386],[26.831264575856448,61.17447828799103],[26.831292216133072,61.17448964329798],[26.831317951647655,61.174502585278624],[26.83134135801798,61.174516511900116],[26.831383960832795,61.174545930985786],[26.8313972597671,61.174555221500604],[26.83146263563361,61.17459883571122],[26.83148322945632,61.17461377328716],[26.831501812239853,61.174629309863334],[26.8315178631411,61.17464549865877],[26.831527927581973,61.17465821461562],[26.83153796770315,61.17467549120984],[26.83154542197746,61.17469307880616],[26.831557689395403,61.174728475154886],[26.831561907781605,61.1747392805668],[26.83157062700904,61.174756735069394],[26.831577835343737,61.17476815468238],[26.83160580004277,61.17479892907899],[26.831617169118495,61.17481105412326],[26.831623325225063,61.17481758856023],[26.83162448992003,61.17481881995223],[26.83176045081027,61.1749301686726],[26.831770578877386,61.174937955936144],[26.83184185786738,61.17500096013223],[26.831860738947974,61.17501641622906],[26.831880942141836,61.17503147894592],[26.831902728447137,61.175046013940765],[26.83192053882511,61.175056557902],[26.83202329744707,61.175108423837784],[26.8320461084082,61.17512258301709],[26.83206637991814,61.175138812890694],[26.83208021663888,61.17515543877916],[26.83208785752968,61.175172972709255],[26.832088753214634,61.175179347981654],[26.832086259773327,61.17519723743207],[26.83208022090386,61.17521757339666],[26.83207554491716,61.17523334140518],[26.832075205329154,61.175269233799796],[26.832069199208963,61.17528690342958],[26.83206665175263,61.1752904733925],[26.832050484040366,61.17530662216848],[26.83204283554689,61.17531848119312],[26.83204309627707,61.17532189303969],[26.832044190389535,61.175336402347895],[26.832042697414316,61.17534445348669],[26.83202202034851,61.17535900761524],[26.832012485054523,61.17536207513679],[26.831976543670514,61.17536623211135],[26.831968269152025,61.17536645526542],[26.83194147459611,61.17536717614485],[26.831904541386443,61.17536905153559],[26.831868506018427,61.17537339689639],[26.83184675064476,61.17537745473684],[26.831814280496186,61.17538611380222],[26.831792889566035,61.1753950469737],[26.831747551432148,61.17542510183736],[26.831724002100543,61.175434355513445],[26.831718822756045,61.17543638701419],[26.831689376899913,61.17544269765195],[26.831652828317175,61.175445641797566],[26.831634441194478,61.17544560996287],[26.831634366827764,61.17544560987043],[26.831597529705522,61.175443391469166],[26.83155603541543,61.17543941661552],[26.831519161266282,61.17543717121381],[26.83150441739826,61.17543727855908],[26.831431409185132,61.175443911999835],[26.831420474403128,61.17544443705081],[26.831383427372288,61.17544323280926],[26.831349489373398,61.17544124239226],[26.831312378661433,61.1754415193713],[26.831275700574857,61.175444337566134],[26.831239793737154,61.175448952250655],[26.83116546199323,61.175459704659836],[26.831129315878385,61.17546386115444],[26.83109276577867,61.175467074477865],[26.83105590446357,61.175469380656196],[26.830981782890277,61.17547210716947],[26.83094465119238,61.17547282392852],[26.830937381263144,61.17547292258588],[26.830788748387395,61.17547476592282],[26.830751705887607,61.175476183000434],[26.830714808268095,61.175478318464464],[26.830707164144727,61.175478856548686],[26.830670595585723,61.17548203382435],[26.83063435724041,61.17548603745087],[26.830563003634005,61.1754960929938],[26.830527704764087,61.17550171375182],[26.83049835894054,61.175506650668986],[26.83039410492907,61.175525741389876],[26.830325815292028,61.175539912428285],[26.83025906002244,61.175555701340045],[26.830229159888084,61.175563438544344],[26.830197391971467,61.1755727714296],[26.83017018297969,61.17558483026518],[26.830163385740963,61.17559036995561],[26.83015210156478,61.175607449331544],[26.830151708336984,61.17560796954459],[26.830146035675885,61.17561527924994],[26.83012277716414,61.17562911163584],[26.830115846193166,61.175631859093684],[26.83008454137501,61.17564148879725],[26.83005029488775,61.17564843047207],[26.83001435098738,61.17565294603081],[26.82994108486948,61.1756589858172],[26.82993284492963,61.175659675730415],[26.829831350192414,61.175670285563584],[26.829787541512278,61.17567486300158],[26.829775710393182,61.17567609603107],[26.829665985137158,61.17568562704989],[26.829590643375333,61.17569040715934],[26.82951662931636,61.175693761445],[26.829442383099984,61.17569534679236],[26.829426040498827,61.175695398031976],[26.829240461623286,61.17569085488221],[26.829206647907625,61.17568992345292],[26.82916950450986,61.17568931101217],[26.829132339461516,61.175689264128614],[26.82909518872956,61.17569000728986],[26.829058272837447,61.175692016592116],[26.82903667757466,61.17569386567107],[26.829000567464195,61.17569813835335],[26.828965286731417,61.17570374974964],[26.828930855082657,61.17571049339851],[26.828897070144823,61.17571797402653],[26.828868717511416,61.17572481511651],[26.828803551992237,61.175742086639474],[26.828646820460165,61.175790269218005],[26.82864140057778,61.17579203994377],[26.82851409677607,61.17583392134794],[26.82848779785703,61.17584256947485],[26.8284646847731,61.1758500006655],[26.828401702865207,61.17586907029949],[26.82836947149902,61.17587799817289],[26.828336426022407,61.17588619781368],[26.828305249191924,61.17589265814294],[26.82830227111368,61.17589327382832],[26.828276608761595,61.17589766729482],[26.828274431942173,61.175897951820865],[26.82820871099245,61.17590783371232],[26.82817006361829,61.175913647118115],[26.828142639050814,61.17591729317497],[26.82812688101452,61.17591923031518],[26.828106602003587,61.175921736287954],[26.82809389597608,61.17592313863633],[26.828089114080043,61.17592382384896],[26.828086975565114,61.17592390193369],[26.82804799895262,61.175925297861866],[26.82801195299668,61.17592113133087],[26.827977856653877,61.17591402258335],[26.82796203460317,61.17591064482891],[26.82792728345574,61.17590428936302],[26.82789153892513,61.175899404967474],[26.827854986045313,61.17589615347518],[26.82781795814418,61.1758947777069],[26.827798640580276,61.175894851901084],[26.827761633316726,61.17589651060387],[26.827725229102594,61.17590009128994],[26.827689745072156,61.17590539685403],[26.827655331376604,61.175912167134804],[26.82763286168796,61.17591748924453],[26.82760074111691,61.17592650685315],[26.827570509260706,61.17593692737889],[26.827543094146893,61.17594903929091],[26.827522930864358,61.175960980879],[26.827504291232998,61.17597648854877],[26.827490906448613,61.175993223875636],[26.82748315031589,61.17600742568395],[26.82748144127753,61.17601056569946],[26.827479613918452,61.17601494448589],[26.82747174656933,61.176032485853575],[26.827459179204634,61.17604932995079],[26.82745356102762,61.17605334479966],[26.827422701189562,61.17606297445534],[26.827386462601407,61.17606682459229],[26.82736098615608,61.1760677706883],[26.82732384053423,61.17606748991364],[26.827249900941755,61.17606382250044],[26.827242707738183,61.176063463195135],[26.827205623695217,61.17606212309882],[26.827168479997702,61.17606149215391],[26.82713131451521,61.176061444721064],[26.827057050150575,61.17606276838532]]],[[[26.882730631222007,61.212718335403544],[26.88200650976906,61.213312717494205],[26.879792797414215,61.21270049089821],[26.879343161968716,61.212054016022016],[26.882730631222007,61.212718335403544]]],[[[26.840671169664517,61.179215662152416],[26.84059725753558,61.179219525367905],[26.840560141372485,61.17922002034243],[26.840526517229037,61.17921387593108],[26.840522939031224,61.179208125999374],[26.840529610097303,61.179190546568094],[26.840544252082733,61.17917413464217],[26.84057650875963,61.179141763168765],[26.84058202563278,61.179135494260045],[26.840593695722017,61.179118450392686],[26.840599735037664,61.17910077145976],[26.840601840126244,61.179085251518764],[26.840603343898515,61.17906729791725],[26.840606576440106,61.17904943612696],[26.840621048664726,61.179033481854674],[26.840631241238928,61.179032865410036],[26.840662655285055,61.17904214938573],[26.840688268148348,61.17905509840411],[26.840737443092426,61.17908208929253],[26.840750406219563,61.17908883779883],[26.840776484908133,61.1791016077944],[26.840804148123333,61.17911358063333],[26.840814613328096,61.17911790222233],[26.840842108774776,61.17912996463309],[26.84086598888857,61.17914363877404],[26.84088092365042,61.179161333382766],[26.84088319504269,61.17917920164518],[26.84087244573312,61.179198042156074],[26.840849356847592,61.17921183168577],[26.840818180374765,61.17921807942883],[26.840781229298393,61.17921902354216],[26.840748830076038,61.17921701036126],[26.840712043601606,61.17921481245942],[26.840671169664517,61.179215662152416]]],[[[26.833140556466276,61.176294860300324],[26.833177204832516,61.17629782319653],[26.833213513804704,61.17630168343399],[26.83322791388165,61.17630337999487],[26.833263791074756,61.17630802972397],[26.833298918240263,61.17631388153096],[26.833331072960057,61.17632281799663],[26.83334899369889,61.17633029153251],[26.83337348294084,61.176343788200356],[26.833388362039578,61.17635336774617],[26.833401792427,61.17636971468728],[26.833373875144726,61.176382213200164],[26.833337563539363,61.17638587630765],[26.833300451070368,61.176386279517814],[26.83325943374702,61.176383248432536],[26.833189010726382,61.17637177800141],[26.833148247512057,61.176366404018005],[26.833112876672015,61.17636091995709],[26.83309073989582,61.17635613450155],[26.83305895890538,61.17634684830957],[26.83303172933673,61.176334748726255],[26.833024734808227,61.176317888976854],[26.833051306190637,61.176303261163866],[26.83308864102483,61.17629594547392],[26.833103465161273,61.1762947966426],[26.833140556466276,61.176294860300324]]],[[[26.83204785053333,61.177179131918585],[26.8320627399439,61.177179778819934],[26.832098561370838,61.17718458140795],[26.832110500823102,61.17718754089101],[26.83211857810164,61.17718953497291],[26.83215030388474,61.17719882131553],[26.8321706840415,61.17720536437432],[26.832170776814227,61.177205400400034],[26.832192252062214,61.177219297540745],[26.83219230760184,61.177219342498],[26.832184573448227,61.17723324833486],[26.832164158626192,61.17724371795796],[26.832160538274096,61.17724622722479],[26.83215606888894,61.177251060661085],[26.832145428486882,61.17726254789535],[26.832128625809048,61.17727554472062],[26.832126086694107,61.177277516665264],[26.832085254158642,61.17727450341008],[26.832051005882686,61.177267548123886],[26.83202189873922,61.177262304966476],[26.83200516224272,61.177259357480985],[26.831987032630877,61.17725615688988],[26.831974853035028,61.1772529008343],[26.831959350022885,61.17724876084053],[26.83193211966872,61.17723674183634],[26.83193202694397,61.177236696832814],[26.83192687866325,61.17723283901506],[26.831917003140035,61.177222870501204],[26.831910844784186,61.17721665927445],[26.831908367696162,61.177213962893106],[26.831906648608985,61.17721207544461],[26.831906630207417,61.177212039511005],[26.8318985962804,61.177194918062284],[26.831898615064254,61.177194882174824],[26.831901102518664,61.17719213808896],[26.8319150639182,61.177188986291746],[26.831933865342876,61.177184727265605],[26.83197050868506,61.17718181907153],[26.83198622501106,61.1771808061345],[26.831997923879864,61.177180057543005],[26.832034875693886,61.17717857716692],[26.83204785053333,61.177179131918585]]]]},"properties":{"OBJECTID":363,"KohdeId":27390,"LsAlueTunn":"KPU050034","Nimi":"Repoveden kansallispuisto","NimiRuotsi":" ","KohdeTyypp":202,"TyyppiLyhe":"KPU","TyyppiNimi":"Kansallispuisto","PaatPvm":1038182400000,"PaatNimi":"Laki Repoveden kansallispuistosta","PaatURL":" ","ViimPaatPv":1672876800000,"ViimPaatNi":"Laki Repoveden kansallispuistosta annetun lain muuttamisesta","Voimaantul":1685577600000,"LakiPerust":" ","LakkautusP":253402214400000,"CDDATunnus":175211,"IUCNKatego":"II","IUCNLuokka":"Kansallispuisto","LPAlue":"Järvi-Suomi, LP","ELY":"Kaakkois-Suomen ELY-keskus","Olotila":"Voimassa","OlotilaMuu":253402214400000,"DigPohja":"SuMaVe-konversio/ KihtiGis_ei tuottamistietoa","MuutosPvm":1748908800000,"Lisatieto":" ","Shape_STAr":15750833.5542,"Shape_STLe":49952.0672043,"Shape_Length":49952.06720431126,"Shape_Area":15750833.55770873}}]}