{"type":"FeatureCollection","features":[{"type":"Feature","id":24,"geometry":{"type":"MultiPolygon","coordinates":[[[[23.800733712208242,62.074727534699413],[23.800767251882281,62.074726101433122],[23.800729115828858,62.074727706747105],[23.800733712208242,62.074727534699413],[23.800719895466795,62.074728131061761],[23.800716141784022,62.074728304659985],[23.800602108922945,62.074734467889897],[23.800564372947644,62.074737367188114],[23.800526887494875,62.07474116173001],[23.800489946751661,62.074745786455914],[23.800469637977177,62.074748730054573],[23.800433663979533,62.074754724812983],[23.800398273846803,62.074761541679408],[23.800293979559594,62.074784003261229],[23.80018496463094,62.074806723761348],[23.80014900961968,62.074812718887507],[23.800112346396332,62.07481779916175],[23.800101408254331,62.074819073089493],[23.800063930911843,62.074822607150026],[23.800025937172737,62.074825042129866],[23.799987882833452,62.074826415541828],[23.799949600148825,62.074827046935972],[23.799911382369892,62.074826880215966],[23.799643446850773,62.074817976810436],[23.799603939320932,62.074817869963709],[23.799565646029844,62.0748184201464],[23.79952745863357,62.074819601677085],[23.799489530004411,62.07482141809826],[23.799451506730577,62.074823951064339],[23.799413923644487,62.0748270332817],[23.799395342640761,62.074828848796066],[23.799357980543803,62.074832924398365],[23.79932104990597,62.07483745022261],[23.799174789047068,62.074858588071322],[23.79913761010971,62.074864015513221],[23.799063853403204,62.07487352766195],[23.799026241891493,62.074876878647416],[23.798988294279301,62.074878874179745],[23.798981969527635,62.074879086972608],[23.798943723591329,62.074879368551045],[23.798905447315644,62.074878301762141],[23.798867618662801,62.074876077370519],[23.798792112245593,62.074870014868701],[23.798769121690469,62.074867864824512],[23.798656681954824,62.074857262636947],[23.798581166407189,62.074851469337368],[23.798543137497774,62.074849509744986],[23.798505061593598,62.074848177957861],[23.798466881585025,62.07484765233945],[23.798451870810592,62.07484776259691],[23.798413712621031,62.074848665982749],[23.798261155136768,62.07485447334988],[23.798240432490061,62.074855160941297],[23.798125926704419,62.07485816665298],[23.798087844861506,62.074859799452284],[23.798049993418161,62.074862336018562],[23.798012362925419,62.074865865976626],[23.797995703361721,62.074867806708191],[23.797959173711718,62.074873069201679],[23.797923495828957,62.07487951939973],[23.797888698047778,62.074886888429162],[23.797854598718271,62.074895082235656],[23.797847463871452,62.074896983224306],[23.797814569493585,62.074906103393204],[23.797782555938205,62.074915953740771],[23.797751459316753,62.074926373386276],[23.797721424946193,62.074937437574455],[23.797692144970156,62.074948977449736],[23.797685211937722,62.07495187138948],[23.797600115892365,62.074988081937178],[23.797570368262626,62.074999332429961],[23.797539128055448,62.07500965885734],[23.79750738926186,62.075018536219304],[23.797438759588282,62.07503446443183],[23.797329761528182,62.075056994447081],[23.797293796230345,62.075063078449027],[23.797257132248905,62.075068157960388],[23.797246041972688,62.075069419153316],[23.797208553618635,62.075073051022088],[23.797170701842912,62.075075587345204],[23.797132630076867,62.075077121292082],[23.797094345150708,62.07507776981754],[23.796979711041836,62.075077258731369],[23.796900655885061,62.075075964459209],[23.796824153851734,62.075076436382048],[23.79678608112501,62.075077979195747],[23.796748478576269,62.07508123993324],[23.79671181448597,62.075086319299153],[23.796673605249104,62.075093698755467],[23.796639659397734,62.075102066533596],[23.796606601906863,62.075111092797577],[23.79659978234379,62.075113090879931],[23.796567633262246,62.075122767109526],[23.796536230057747,62.075132999693572],[23.796506194101177,62.07514407257554],[23.796477526336503,62.075155976793873],[23.796464281527669,62.075162228184134],[23.796439140261281,62.075175750515641],[23.796418215128792,62.075190709304259],[23.796405928618615,62.075207674315962],[23.796404184510525,62.075219672917456],[23.796410711635207,62.075237343830061],[23.796423611600517,62.075254165290453],[23.796439624867411,62.075270528881859],[23.796448912056984,62.075278920065387],[23.79646808778179,62.075294359738088],[23.796490080304697,62.075309065130988],[23.796516293978414,62.075322071549635],[23.796521541967685,62.075324259673614],[23.796552539588902,62.075334771574248],[23.796585990616673,62.075343453652081],[23.796620844647546,62.075350820605706],[23.796726906105736,62.07537141985847],[23.796756810597486,62.075378492299777],[23.796789908520559,62.075387435668283],[23.796821755941352,62.075397338308193],[23.796913518731174,62.075429644859305],[23.796940359924665,62.075439790747758],[23.796969448324145,62.075451516086034],[23.79699735258097,62.075463753019584],[23.797022373936894,62.075477351607539],[23.797042867278495,62.075492471358118],[23.797055838947973,62.075505709652148],[23.797067583561404,62.075522773783021],[23.797090892276298,62.07557551346077],[23.797094101437946,62.07558177810656],[23.797103877273916,62.075599164938041],[23.797115792992255,62.075616242015748],[23.797129514068345,62.075632911738147],[23.797145223099115,62.075649259198158],[23.797162889426417,62.075665211809202],[23.797168828669001,62.075670111245508],[23.797188825568529,62.075685399146259],[23.797210504459891,62.075700177999906],[23.797233853793244,62.075714375663004],[23.79725870252566,62.07572797918418],[23.797277690457506,62.075737574540632],[23.797305241887329,62.075750072754815],[23.797334177844213,62.075761794473806],[23.797364994756716,62.075772391832956],[23.797397539744239,62.075781861286167],[23.797405396056604,62.075783840321968],[23.797439897797069,62.075791648106488],[23.797475324990621,62.075798309372651],[23.797584193452398,62.075815379269031],[23.79760604963904,62.075819210227948],[23.797786668806662,62.075848554037933],[23.797823412564103,62.075853448863228],[23.797840957236971,62.075855293111019],[23.797878520786195,62.075858589741998],[23.797916293901501,62.075861352159357],[23.798182219133334,62.075875782473055],[23.798191488127909,62.075876536399996],[23.798229013962516,62.075880191434671],[23.798451995979978,62.075905655816527],[23.798489531107816,62.075909041463923],[23.798527314011615,62.075911893782617],[23.798565325137211,62.075913852944794],[23.7986034212669,62.075915005474485],[23.798641831274622,62.075914997302057],[23.798679875695349,62.075913731819888],[23.798694647122641,62.075912807389265],[23.798732096463169,62.075909371854664],[23.79876892377483,62.075904385568293],[23.798804306155358,62.075897658755927],[23.798837660410559,62.075888908371738],[23.79887164148618,62.075877117825797],[23.798930650819383,62.075854326486152],[23.798961910549757,62.075844000190614],[23.798986104939889,62.075837822638036],[23.799021640299596,62.075831279004476],[23.799058716572723,62.075826837474182],[23.799096550257996,62.075824479888574],[23.799134853320332,62.075823849181994],[23.79917295997517,62.075825082659179],[23.799210675352814,62.075828211741687],[23.799216590449184,62.075828798033889],[23.799326393677692,62.075844459687978],[23.799363747854439,62.075848290121954],[23.799388935711928,62.075849592535164],[23.799427154543402,62.075849579715644],[23.799465123398399,62.07584757555103],[23.799502457464143,62.075843777764959],[23.799517016320369,62.075841779183683],[23.799553144664639,62.075835788216679],[23.79958838335881,62.075828968034678],[23.799727212181811,62.075798771952556],[23.799735283971199,62.075797251948316],[23.799771230562239,62.075791166871113],[23.799807770461566,62.075785814279506],[23.799844875120911,62.075781283355148],[23.799963089524116,62.075776744902036],[23.799758761738946,62.080754686460629],[23.799679144648618,62.08292907545642],[23.799675193896316,62.08302239417943],[23.799311546744399,62.082642996602821],[23.799283615842246,62.082613851110089],[23.79902661560067,62.08243836164371],[23.798992904208653,62.082415344233809],[23.798889143824557,62.082344488129699],[23.798485130776012,62.082158070935151],[23.797749980742104,62.081927949548074],[23.797159928378392,62.0818015345831],[23.796711146794379,62.081749090900736],[23.795960141214934,62.08175376667463],[23.793725676731093,62.081683315725819],[23.792256483549977,62.07972006245204],[23.790609544320251,62.077917218358436],[23.788147906518159,62.075351265886276],[23.785651285822649,62.075401772023888],[23.784122097397152,62.075432732458495],[23.780327582574124,62.070509079220372],[23.777729682107861,62.071318445020985],[23.773767156436811,62.069386863819474],[23.776011679653433,62.068292080956269],[23.778164435398885,62.067241563892139],[23.776051643449165,62.065053319078842],[23.784533992105292,62.063367890695687],[23.787585172583057,62.062773819932154],[23.792147450964254,62.059069852940276],[23.792805566737627,62.05856216010806],[23.794082739696549,62.058944765499035],[23.795723210127917,62.057625001269834],[23.796787993845314,62.057897166603702],[23.797513728715725,62.056299177010338],[23.796141560331968,62.055849665097703],[23.796229391689167,62.05579771618266],[23.796342930619861,62.055804843154021],[23.79641917833548,62.05580796015925],[23.796457343631282,62.055808216871462],[23.796495516672362,62.055806946407152],[23.796533228517635,62.055804057025519],[23.796559654985156,62.055801076472093],[23.796596018312801,62.055795541326241],[23.79663110984357,62.055788449315401],[23.796664576378994,62.055779882089126],[23.7966965518102,62.055770022442999],[23.796726739288772,62.055758962318663],[23.796784049132441,62.055735225619159],[23.796892830063364,62.055684840509834],[23.79690593134524,62.055678415175912],[23.797035231665919,62.055612423993317],[23.79706005047062,62.055598714632055],[23.797083607461129,62.055584625601306],[23.797105636949613,62.055569953081267],[23.797126405569731,62.055554891930576],[23.797141715831966,62.055542579146682],[23.797159512886772,62.05552664944144],[23.797175410373974,62.055510397149057],[23.797203746902749,62.055477102559209],[23.797239910614767,62.055426020782953],[23.797307491289637,62.055323118181725],[23.797320236924769,62.055306253693196],[23.79732300186836,62.055302903770823],[23.797447234554401,62.055171765719464],[23.797474462620119,62.055138265681521],[23.79748625301789,62.05512119933325],[23.79749011261611,62.055115089642904],[23.797499371382965,62.055097704018941],[23.797507026724457,62.055080092527071],[23.797512915484905,62.05506235021091],[23.797517218252985,62.055044580088037],[23.797521796004911,62.055008748751554],[23.797522343368037,62.054972832904753],[23.797519358036268,62.054937014795989],[23.797518924097808,62.054933500820646],[23.797504491278797,62.054844058911115],[23.797502948614369,62.054808175439227],[23.797504176775469,62.05479033399309],[23.797506138106343,62.054777891199798],[23.797510432119559,62.05476002204594],[23.797516491736854,62.054742292677979],[23.797524309404032,62.054724774795559],[23.797543753878365,62.054690105907852],[23.797566226396782,62.054655767807567],[23.797576081126429,62.054641810070663],[23.797628626777897,62.054574397279602],[23.79765853770715,62.05454140866869],[23.797674930909498,62.054525167829105],[23.797692556150967,62.054509225098272],[23.797711613109854,62.054493683935625],[23.797732380682035,62.054478622685053],[23.797754389947379,62.0544639496093],[23.797770752564148,62.054453997117271],[23.79779555969866,62.054440386200945],[23.797875857783726,62.054401917864539],[23.798013614675245,62.054339715786213],[23.798039798160172,62.054326666830974],[23.798065235474333,62.054313250173742],[23.798089650830224,62.054298812543053],[23.798111516458103,62.054284046239793],[23.798131642903378,62.054268889205105],[23.798150222796966,62.054253148251064],[23.798167226885472,62.054237101215548],[23.79818297886559,62.054220764590994],[23.798197452092978,62.054204209634904],[23.798222787455348,62.054170306201712],[23.79828030187441,62.054084770146595],[23.798284495249675,62.054078578335549],[23.798331813779416,62.054010424163479],[23.798341062995739,62.053992939445081],[23.798348239205051,62.053975325789658],[23.798353019662418,62.053957557743679],[23.798354546288373,62.053949057989065],[23.798355325028162,62.053931116275969],[23.798353326326644,62.053913191007901],[23.798348291558526,62.053895375014875],[23.798340621972066,62.053877857289756],[23.798330345160515,62.053860557612623],[23.798317616007907,62.05384364129371],[23.798302270425118,62.053827212339264],[23.798286393565956,62.053812738640282],[23.798266572370185,62.053797364865382],[23.798244412924763,62.053782745450874],[23.798220076716039,62.053768982969061],[23.798193708741653,62.053755972969192],[23.798165155734978,62.053744080254923],[23.798134532271924,62.053733307482375],[23.798102010438097,62.05372383832907],[23.798093529342484,62.053721665055406],[23.798059052295894,62.053713857574706],[23.798023296661167,62.053707466914254],[23.797986751160174,62.0537023965963],[23.797949290609957,62.053698562857214],[23.797911506983677,62.053695979427403],[23.797873495315461,62.053694289135684],[23.797835370178259,62.053693494639589],[23.797797188636505,62.05369341757514],[23.797758893619505,62.053694236306121],[23.797734462106042,62.053695196925517],[23.797696513296216,62.053697272499242],[23.797658659895912,62.05370007801082],[23.797621218040575,62.053703701653383],[23.797584149535268,62.05370814254124],[23.797547673872245,62.053713315922707],[23.79751143766293,62.053719123756458],[23.797440399371631,62.053732389855043],[23.797405636204441,62.053739660351404],[23.797374757581835,62.053746580722745],[23.797272147948714,62.053770434628845],[23.797237203394513,62.053777790719842],[23.79720072759136,62.053782964008683],[23.797162806015095,62.053784779522715],[23.797125288834952,62.053781483309251],[23.797112042565676,62.053778570510694],[23.797082440547868,62.053767371978381],[23.797060614827711,62.053752679247246],[23.797043113709918,62.053736730207731],[23.797027435743008,62.05372037424663],[23.79701578012266,62.053707085440848],[23.796929729016359,62.053607356719723],[23.796896884297148,62.053574969596539],[23.796892334516333,62.053570731211288],[23.796855499171773,62.053539338593879],[23.796690941970802,62.053418381820272],[23.796686173387762,62.053414767257316],[23.796627189517991,62.053368665294364],[23.796591366338227,62.053336936708767],[23.796574858468556,62.053320830961731],[23.79655967723976,62.053304306778145],[23.796546767052849,62.053287484902],[23.796536186867012,62.053270169045526],[23.796528193846445,62.053252643693078],[23.796523131709908,62.053234916821381],[23.796521612198667,62.053226445219202],[23.796520607589532,62.053208542973131],[23.79652264863919,62.053190621559672],[23.796527257218745,62.053172858555641],[23.79653458797754,62.053155239580818],[23.796544171285301,62.053137861549509],[23.796555474348249,62.053120694128772],[23.796568544065334,62.053103837234865],[23.7965828648518,62.053087278903014],[23.796598597968121,62.053070942015424],[23.796615774050746,62.053054899157701],[23.796619503081402,62.053051481778574],[23.796657913229392,62.053020487488403],[23.796869954460682,62.052871262562384],[23.796911168361447,62.052837997324986],[23.79692834414524,62.052821954425951],[23.796944392118686,62.052805714653374],[23.796959342706675,62.052789170900887],[23.79697303276307,62.052772418211646],[23.796985633204546,62.052755469536102],[23.796996783107563,62.052738298531374],[23.797006834903431,62.052721012203385],[23.797015435220935,62.052703512509346],[23.797022936491182,62.052685906455032],[23.797029312068815,62.052668265297392],[23.797034082467544,62.052650416192492],[23.797037564975504,62.052632618064983],[23.797039452909363,62.052614693095904],[23.797039583125574,62.052596736328283],[23.79703808174283,62.052578822563277],[23.797034814152823,62.052560957662038],[23.797029741224094,62.052543149700796],[23.797022912693926,62.052525471708478],[23.797014279991068,62.052508021386011],[23.797010012380316,62.052500923529401],[23.796998945368639,62.052483686255208],[23.796986064751444,62.052466766274819],[23.796971695150511,62.052450171119844],[23.796886329751771,62.052369954328917],[23.796872930041065,62.052357963704381],[23.796764624613676,62.052263109045406],[23.796705642805296,62.05221700712324],[23.796694300127729,62.05220856812366],[23.796672972895106,62.052193698202323],[23.796650814424343,62.052179087504292],[23.796627168145175,62.052164972355982],[23.796602157339063,62.05215145444577],[23.796574283792346,62.052139127912767],[23.796543815262165,62.052128358344468],[23.796528954636866,62.052124060355169],[23.796494650712948,62.052116265447403],[23.796458707493183,62.052110040693968],[23.796422011416173,62.052104966430058],[23.796311104293014,62.05209152145202],[23.796274598790884,62.052086092195346],[23.796266682536793,62.052084740503318],[23.796231664347523,62.052077548874493],[23.796198410667085,62.052068870841843],[23.796167273495339,62.052058454028753],[23.796140058671984,62.052045873160033],[23.796128842334454,62.052039144076829],[23.796110016094602,62.052023613356219],[23.796097288921075,62.052006696841921],[23.796090612860599,62.051989031314555],[23.796087326785809,62.051971165950441],[23.796086484653451,62.051953177621073],[23.79608740796159,62.051935329094967],[23.796088240558745,62.05192887965692],[23.796096005353021,62.051875162506398],[23.796097397314778,62.051857226029114],[23.796095742807768,62.051839317673156],[23.796090203763629,62.051821579706122],[23.796079767640222,62.051804356986807],[23.79607516839274,62.051799138120735],[23.796056666726816,62.051783435234945],[23.79603299249133,62.051769409169601],[23.796006312213386,62.051756481300039],[23.795977751542029,62.051744686735653],[23.795947645999146,62.051733566074553],[23.795824820200409,62.051690824447476],[23.795795411411873,62.051679450392221],[23.795785820523964,62.051675463309415],[23.795680244828475,62.051623607478298],[23.795650998360056,62.051612147314152],[23.795618460469903,62.0516026771501],[23.795583424103153,62.051595664610566],[23.795546319194546,62.051591389205939],[23.795537840742053,62.05159083301421],[23.79549960333711,62.051589675845712],[23.795461588316979,62.051590949615814],[23.795424158264844,62.051594483054132],[23.795387924202355,62.051600290346016],[23.795356717716867,62.051610338181611],[23.795344120417074,62.051622893420948],[23.795352274555011,62.051640332759739],[23.795385460034378,62.051672539557565],[23.795397699863248,62.051689534677429],[23.795398956040589,62.051694325568832],[23.79539084191169,62.051711746617379],[23.795367907880689,62.051725939633577],[23.79533758914835,62.051736825656029],[23.795303821007881,62.051745205806263],[23.795267471762951,62.051750651019944],[23.795246489278533,62.051752499841143],[23.795208349416789,62.051753321426872],[23.795170597940643,62.051750639119952],[23.795134645247273,62.051744692306016],[23.795100877099475,62.051736361429036],[23.795069550849291,62.051726110669691],[23.795053294465959,62.051719803541808],[23.795025756002264,62.051707394614127],[23.795000412230717,62.051693958508189],[23.794977758669209,62.051679515714476],[23.794957606461924,62.051664223568565],[23.794922445655779,62.051632420016645],[23.794874596384652,62.051583341335153],[23.794843225870085,62.0515506284965],[23.794808561569255,62.051518656751277],[23.794789077660358,62.051503200406607],[23.794766081784136,62.051488920329078],[23.794738895646901,62.05147625897164],[23.794709641852585,62.051466325777298],[23.79467551173844,62.051458345760068],[23.79463898840492,62.051453095326707],[23.794601245857084,62.051450332204624],[23.794562951992944,62.051449712525972],[23.794524850485935,62.051450355119464],[23.794486797820365,62.051451987120686],[23.794448984737297,62.05145443327099],[23.794411277371044,62.051457510774071],[23.794391898985495,62.051459396713156],[23.794317661985723,62.051467816144182],[23.794244533683827,62.051478246836197],[23.794208433406041,62.05148423661484],[23.794172782335384,62.051490686036558],[23.794137715276484,62.051497768936116],[23.794103048839862,62.051505409179647],[23.794069146766155,62.051513606230777],[23.794035665351149,62.051522352107703],[23.794003101053285,62.051531658340842],[23.793971273516583,62.051541601601819],[23.793940343055436,62.051552113739206],[23.793910329708464,62.051563186234624],[23.793879878348271,62.051575326679085],[23.793851833834058,62.051587514034111],[23.793798207241974,62.051613042018666],[23.793622693914489,62.051707865703413],[23.793616377286348,62.051711133057239],[23.793462575905732,62.051791007692756],[23.793438398428648,62.051804821128776],[23.793415282121881,62.051819099446746],[23.793393444588595,62.051833775826573],[23.793372963348439,62.051849022773297],[23.793354240143962,62.05186466094721],[23.793338990066523,62.051879310653661],[23.793324505903595,62.051895954719761],[23.79331239932332,62.051912923547263],[23.793302193903042,62.051930197085085],[23.793293572593363,62.051947696093407],[23.79328050341125,62.051983051605085],[23.793243120547622,62.052143516177686],[23.793240322299866,62.052151537139466],[23.793215767085009,62.052204145416745],[23.793148009752443,62.052325540950278],[23.793132362192381,62.052360656866611],[23.793128440754959,62.05237188612049],[23.793123676623182,62.052389654414327],[23.793102160896748,62.052550846944243],[23.793093406933895,62.052586482378231],[23.793087506479512,62.052604134429551],[23.793079850197337,62.052621736706676],[23.79307123646311,62.052637708532245],[23.793059597365882,62.052654778047724],[23.793046230786207,62.052671528914381],[23.793000409147684,62.052720857951975],[23.792918359939414,62.052801868893127],[23.792888760836583,62.052834953628143],[23.792876405755731,62.052851368604031],[23.792865721427241,62.0528686399756],[23.792856937178442,62.05288604533412],[23.79284945254653,62.052903651589297],[23.792838281555991,62.052939149999219],[23.79282813320113,62.052992721840951],[23.792813165181258,62.053136097654701],[23.792806167488735,62.053171773879541],[23.792805140334529,62.05317552346699],[23.792782494364335,62.053246495250953],[23.792778675210162,62.05326437533553],[23.792776784715766,62.053282300228211],[23.792776750148285,62.053285713499818],[23.792777915908669,62.053303700413409],[23.792781505689749,62.0533215729399],[23.7927875489892,62.053339232935812],[23.792795693580754,62.053356753077352],[23.792806128344015,62.053373976032894],[23.792818520147605,62.053390974921996],[23.792832879392112,62.053407651157308],[23.792864564572071,62.053440281917261],[23.792899897107098,62.053472089978335],[23.792958207314143,62.053518357662824],[23.79296852693281,62.053525964614046],[23.793260682075875,62.053714568832113],[23.793271124701533,62.05372101064296],[23.793383896950612,62.053793421027763],[23.79344650375063,62.053838530466997],[23.793465997883054,62.053853897377486],[23.793483984029894,62.0538697683225],[23.793500166102952,62.053886046581425],[23.793514535399453,62.053902633124295],[23.793527090026718,62.053919545876582],[23.793537363169939,62.053936854855756],[23.793545938495161,62.053954834166817],[23.793551648269535,62.053972576215941],[23.793555085803909,62.053990445175984],[23.793556586124545,62.054008350000316],[23.793556452876629,62.05402631571053],[23.793552673625015,62.054062156556725],[23.793520053537144,62.05420485285164],[23.793517361360138,62.054222759125871],[23.793516380244363,62.054233697308717],[23.793516945228347,62.054269549213338],[23.793522035851119,62.054305326546078],[23.793531813405174,62.05434095219286],[23.793538488451727,62.054358617832406],[23.793625031992107,62.054514773306941],[23.793646705281681,62.054549237726604],[23.793652368379522,62.054558164985579],[23.793790793495475,62.054763322319673],[23.793803674206178,62.0547802336256],[23.793809238604073,62.054787011312413],[23.793881905522063,62.05486999878223],[23.794011323226687,62.05499992691751],[23.794016159658526,62.055004531433077],[23.789731723358504,62.056014777327739],[23.787533314062156,62.057785079662452],[23.78553747929076,62.057387468545286],[23.778535371367344,62.055943810278961],[23.762073969267956,62.052535228315399],[23.759010420745419,62.054011503277309],[23.759010235521593,62.054011445021267],[23.758873389553969,62.054077449311933],[23.758276633873173,62.054024120592643],[23.758024181735429,62.053995479053356],[23.757946991697928,62.053986721168258],[23.75768840831703,62.053940900245358],[23.757638806715171,62.053932116311493],[23.757424688979256,62.053848642665784],[23.757345518002907,62.053806406273345],[23.756979060801527,62.053610927439877],[23.756922912758419,62.053580965515273],[23.756884656581491,62.053563094880133],[23.75685205518867,62.053547845814116],[23.756300763561068,62.053290242640053],[23.756121730667253,62.053179783932372],[23.755992111808411,62.053135130329053],[23.755634405062334,62.053037389990983],[23.75531209631496,62.052987182635007],[23.754728388123969,62.052910497322074],[23.753325736526001,62.052741353264302],[23.753249572759348,62.052732167581084],[23.753199509662849,62.052726659506206],[23.750447630501615,62.055088391058689],[23.747833940687684,62.057331156819707],[23.741348236599833,62.055693290756409],[23.733566778893479,62.053760878260981],[23.735294481852105,62.051456177825742],[23.737197578993918,62.048916936630576],[23.739100383522675,62.046377559217866],[23.739893056615781,62.045319489350888],[23.739923345485781,62.045317051184504],[23.740735807249685,62.045287444145821],[23.74177413227817,62.045247126980001],[23.74213322918375,62.045257742260972],[23.742791029036596,62.045298586793002],[23.743236286282549,62.04531366739787],[23.743524653804332,62.045305835665225],[23.743984450091514,62.045236046407602],[23.744434280865036,62.045121124264668],[23.744925803880076,62.044934893508263],[23.745389543712857,62.044695436742188],[23.745877863300532,62.044417915112597],[23.746457059233123,62.044175795419541],[23.747193760817535,62.043934411859226],[23.747432898286828,62.043907379712948],[23.747986203958387,62.043864453162229],[23.748633576740605,62.043865653856244],[23.749042257415606,62.043869144655737],[23.749463630025012,62.043817435106725],[23.750062566464393,62.043806805583195],[23.750539197045466,62.043777552800101],[23.751542912498859,62.043719825608186],[23.75239009981415,62.043630043514447],[23.753396564978583,62.043566725346409],[23.754192214407283,62.043558656865997],[23.754449295649252,62.043574999104749],[23.754713349238752,62.043661243312464],[23.754718562617445,62.04362851818793],[23.75503379209832,62.041646532327668],[23.755207080150594,62.041494418433352],[23.761750024649846,62.035749638485008],[23.763545757767982,62.035564108685229],[23.767106038904121,62.030657089889111],[23.767123206045426,62.030633413537771],[23.767746337485001,62.030214948728869],[23.769059352457784,62.030040001710617],[23.769087562814448,62.030004894859694],[23.76922071066295,62.029839121339286],[23.76982337369602,62.029088755748624],[23.769841434400561,62.029070329030183],[23.769841997588927,62.02906556243942],[23.769892863657994,62.029002235346475],[23.770149966749347,62.02653799061676],[23.770322857282107,62.026351287384969],[23.770420770516186,62.02624555842354],[23.770608282015953,62.026043051942516],[23.770669062902865,62.025977423109701],[23.771180148471743,62.025425480283637],[23.771108662022584,62.025162887111136],[23.772323994586348,62.024633100388222],[23.773335773215607,62.024190193824772],[23.773832465544892,62.023972768040792],[23.774090666310521,62.0238597343062],[23.774017410389337,62.023763989161452],[23.773806409659024,62.023488252028372],[23.773790637172421,62.023467632030176],[23.773829150698084,62.023414769332959],[23.774102149180642,62.023040003083047],[23.774132313640038,62.022998606988104],[23.774304938380393,62.022761633792477],[23.774304983179103,62.022761571948358],[23.774349403545397,62.022700590477406],[23.774726823045896,62.022182455046995],[23.774949206275284,62.022130270273522],[23.774946575254333,62.022129292340203],[23.774806719432515,62.021986205346685],[23.774676764254203,62.02182422162705],[23.774672644825305,62.021816353693964],[23.774595934178997,62.021670025990268],[23.774384118272632,62.021492507281884],[23.774073450759591,62.021376448648702],[23.773664384697259,62.021267934882417],[23.773515589610149,62.021168158384889],[23.773468615399313,62.021136664960011],[23.773191610460309,62.020905113781751],[23.772950300608375,62.020896863111709],[23.772292695035866,62.020874388264346],[23.772291063277578,62.020845042520371],[23.772257299814147,62.020238649679918],[23.771651971111119,62.020132823314093],[23.771633384727693,62.020129576145607],[23.771632013873937,62.020126273688092],[23.77156404188413,62.019961182113796],[23.771582676633766,62.019687832313963],[23.771625732951904,62.019554952407582],[23.771722734483149,62.019452516850613],[23.771935179071747,62.019334131081074],[23.772549572338786,62.019040536318265],[23.773640611641884,62.018527914243151],[23.773753830605482,62.018494480616567],[23.773806728844963,62.01847886292299],[23.773885561381981,62.018482135318202],[23.773953301092895,62.018523880536598],[23.774079588708958,62.018599563959889],[23.774452338545533,62.018822984519808],[23.774942694115747,62.019107562196325],[23.775623379282731,62.019525542110735],[23.775659553274114,62.019547429460779],[23.77565962577529,62.019547467093616],[23.77637428398782,62.019979776754433],[23.776786781009328,62.020219473837777],[23.777022864106513,62.020337045099765],[23.77707713996822,62.020364071869224],[23.777159879529979,62.02040527636418],[23.777302707952686,62.020456168414597],[23.777573751983173,62.02055275903718],[23.777721349645724,62.020591120838439],[23.778114845093025,62.020693400900875],[23.778597042019779,62.02079124655004],[23.778929179065802,62.020831886070994],[23.779093624533303,62.020852005906299],[23.779646784531963,62.020875765414168],[23.780095508719175,62.02086146136844],[23.780685955254544,62.020820491252074],[23.781983424132861,62.020715450738209],[23.782915941544754,62.020630116341273],[23.783000095762493,62.020623256232319],[23.783162282406693,62.020634540669029],[23.783553929994724,62.020593360483062],[23.783709371790479,62.020567300231981],[23.784542509411342,62.020499825863055],[23.784729268115168,62.020498608834302],[23.784938157828385,62.020477584496717],[23.784938254149573,62.020477577757283],[23.78536488355509,62.020434647272438],[23.786060608871555,62.020389225750527],[23.786457428550602,62.02002389950367],[23.786508201912568,62.019964050871614],[23.786894593234873,62.019508617950287],[23.787075804958629,62.019277005759918],[23.787283586247518,62.019025329983052],[23.787672524969818,62.018651380758911],[23.788071033711564,62.018269450620132],[23.788358998545601,62.017987961405261],[23.788556917824152,62.017761444453114],[23.788712665551664,62.017550243237665],[23.788907000780839,62.017133162910554],[23.788945402596351,62.017045847516265],[23.788975353727619,62.016977750793991],[23.7890420303806,62.016776209356713],[23.789206608050684,62.01643201867644],[23.789309523072543,62.016280618457131],[23.789538557600874,62.0161107978385],[23.789552432710554,62.016100510162836],[23.789824535550267,62.015989138204837],[23.789882708050996,62.015971606821267],[23.790180500034879,62.015881864702919],[23.79030057876334,62.015850913549372],[23.790544037836948,62.015788153385131],[23.790661029902211,62.015758001595742],[23.7908610357463,62.015706439649335],[23.791442811271718,62.015541031590708],[23.79215430481327,62.015291713749832],[23.792743327323389,62.015126693609943],[23.793174145763981,62.014971774871725],[23.793615060781317,62.014867645013553],[23.794137978501997,62.014762715585803],[23.794690833602598,62.014659764760822],[23.795129756229645,62.014519601269555],[23.795622084080566,62.014337336368357],[23.79605730093888,62.014128353108902],[23.796433945106461,62.014018705492838],[23.79737168057596,62.013786961516928],[23.7978640857235,62.013646450386823],[23.798337044517393,62.013486106754712],[23.798919117782734,62.013306498004958],[23.799304213836372,62.013152054102868],[23.799585668977812,62.0130385809167],[23.799844692161489,62.012853645795261],[23.800300162202422,62.012389477582374],[23.80054845723226,62.012154428935652],[23.800727294815974,62.011992770471977],[23.800933193747955,62.011881405320672],[23.801188881101272,62.011799244021439],[23.80147524232515,62.011753919957194],[23.801848536289047,62.011733791043504],[23.802696947475066,62.011702161987209],[23.802714632308593,62.011700864949468],[23.803202249868093,62.011665153434564],[23.80328885289547,62.011650881143126],[23.803643179833937,62.011592501447311],[23.803985466082683,62.011514588281159],[23.804380790598422,62.011372595766439],[23.804884805398988,62.011135271411469],[23.80534193918588,62.010877542930253],[23.80575780955488,62.010697883941518],[23.806172599343846,62.010601600749908],[23.806782220182605,62.010508147646938],[23.807937425637302,62.010382426325641],[23.808040935632334,62.010384247157404],[23.808155441262127,62.010361031399718],[23.808595878762567,62.010297337043177],[23.809524650366747,62.010092376214359],[23.8096653305318,62.010072549934442],[23.809859278412944,62.0100022147966],[23.810638456574107,62.009756177653685],[23.811479218300324,62.009496358669502],[23.812958586851941,62.009026371585172],[23.81347540665006,62.008886712744484],[23.81400717949052,62.008775832950924],[23.814784349716394,62.00863392740122],[23.816169200890908,62.008431164341665],[23.816929066543057,62.008299925164756],[23.817037153570823,62.008281468540368],[23.817118100730895,62.008273238497026],[23.817143002713415,62.00826339142953],[23.817392805212933,62.008220731255939],[23.817690427436393,62.008139481415441],[23.818031072489546,62.008019620781162],[23.818492213560852,62.007834537022731],[23.819026363282326,62.007694116919886],[23.819393258823947,62.007649518288844],[23.819887361558902,62.007649341846133],[23.820363023306108,62.007701512286324],[23.820663886982675,62.007758869062165],[23.82112412509592,62.007814903854943],[23.821167284362847,62.007720548276858],[23.821167980029283,62.0077190100276],[23.822409490114726,62.004994356187659],[23.822648999240013,62.004468678227923],[23.822717689798573,62.004459659540402],[23.828466459674317,62.003705057231755],[23.833286141898206,62.003072193242836],[23.838685980432292,61.998391477517622],[23.839013085445039,61.998107879365861],[23.838744690322503,61.997982361060636],[23.837383338220143,61.997345709739868],[23.837298966711323,61.997146597162455],[23.837495376881545,61.996656969514675],[23.836950679859743,61.995028576656111],[23.834447464420705,61.993907537341101],[23.834440107390865,61.993904241882888],[23.833329204172284,61.993856977210847],[23.832893613092892,61.993838435615523],[23.831973301490372,61.993799266918558],[23.831490837173522,61.993403993304725],[23.831461753250743,61.993380163372869],[23.831503562080904,61.993198833446122],[23.831924738883313,61.993043454275934],[23.832716085607313,61.992751501372524],[23.832726784998766,61.992648508991799],[23.832726840311995,61.992648528231214],[23.832735432976833,61.992565998526949],[23.832744635950622,61.992477409480188],[23.832765992313149,61.992271828031527],[23.832780315984934,61.992133943166913],[23.832797876028703,61.992005727855755],[23.832870804752861,61.991473037199498],[23.832881448519753,61.991395397132969],[23.83288937140691,61.991337513845963],[23.832891493162123,61.991320213974262],[23.832891759531766,61.991320040408844],[23.832892652962052,61.991313646169019],[23.832924367663356,61.991299083597873],[23.833674315323126,61.990816966292655],[23.833719368314007,61.990788002691623],[23.833827936669,61.990832084571323],[23.833833108837606,61.990834521309402],[23.833875456544725,61.990851845333907],[23.833986703013771,61.990869035806263],[23.833993044831203,61.990870142778412],[23.83410859298267,61.990890244022999],[23.834236093817363,61.990912425507474],[23.834426248192255,61.990913854561441],[23.834469026378816,61.990907164371116],[23.834630316308417,61.990881911881864],[23.83480701552898,61.990830590328187],[23.834828298788931,61.990816578432678],[23.834903608161429,61.990767016500669],[23.834953944956894,61.990642419619874],[23.834959151992354,61.990556371161468],[23.834893798543373,61.990470463480897],[23.834879578832567,61.990451764170338],[23.834954582612376,61.990437341624798],[23.8354406650196,61.990343852991771],[23.836663051069731,61.990108734614793],[23.83810595749193,61.990367990999871],[23.838902055047711,61.990379583208131],[23.839887320047058,61.990221096656896],[23.839898024401812,61.99021347186526],[23.840361377073606,61.990142444732889],[23.840664210537643,61.990096127322154],[23.846704460080332,61.991348663346479],[23.846787441544283,61.991365861604898],[23.847736889295714,61.990544454425617],[23.8481681285752,61.990171337029217],[23.858378524039082,61.981334352723238],[23.862133674072819,61.978049835231261],[23.86213421084776,61.97805000018392],[23.864271594439746,61.978683652963696],[23.869148676027343,61.972586450012031],[23.869148740524313,61.972586379604643],[23.871889416528447,61.969689398399602],[23.884337188058698,61.974827007569125],[23.882475418031433,61.983197410971094],[23.882504593494851,61.98319896031402],[23.88246891917824,61.983226614816608],[23.898528286491583,61.984067699971014],[23.906833898974526,61.98450193907415],[23.907658772649857,61.984872572494993],[23.914843067760728,61.988100033502711],[23.916024775199237,61.987139310772363],[23.921629108333999,61.990119999828963],[23.925393892856292,61.98949652518818],[23.925919178543289,61.990264408521043],[23.921261290696645,61.990976076399214],[23.921614109388138,61.991486520632208],[23.921625892097691,61.991503583528264],[23.921613552561951,61.99151587637806],[23.921604231320465,61.991533276562009],[23.921596696566279,61.991542631180579],[23.92157448765807,61.991557129277027],[23.921547475261232,61.991569822158468],[23.921519230150132,61.99158185863827],[23.92149298200474,61.991594927929881],[23.921476495510216,61.991606858647003],[23.921466554249672,61.991624155138943],[23.921464096214841,61.991642067933164],[23.921463155911873,61.99165138114752],[23.921459096876106,61.99166925818917],[23.921451043433155,61.991686776514726],[23.921435085029277,61.991704828033981],[23.921413333406928,61.991719524979899],[23.92138630173865,61.991732217402564],[23.92135625091997,61.991743216320778],[23.921338651534587,61.991748572948495],[23.92123537398183,61.991774206248706],[23.921202156793534,61.991783077120196],[23.921169973537168,61.991792680798923],[23.921139157379457,61.99180331220942],[23.921126937939768,61.991807980418862],[23.921098692441941,61.991820016809712],[23.92107353312565,61.991833460715021],[23.921056513237872,61.99184745474151],[23.92104529370808,61.991864542981716],[23.921040605428839,61.991882405961327],[23.92103768058508,61.991900209503662],[23.921036876845982,61.991904952990296],[23.921031864541227,61.991922808732824],[23.921024603141102,61.991940425582349],[23.921016100993132,61.991957844027191],[23.921009174975502,61.991970626074504],[23.920958808985553,61.992058513101007],[23.920930520477093,61.992110697303687],[23.920922387500429,61.992127674797217],[23.920914506064637,61.992145187955423],[23.920907243635096,61.992162813761148],[23.920900476751395,61.992180450634706],[23.920896900775137,61.992190513525557],[23.920889485845464,61.992208135924493],[23.920875316085688,61.99222417003687],[23.920848312760448,61.99223676417482],[23.920815399911874,61.992245641760171],[23.920789154619854,61.992252242625902],[23.92075684546522,61.992261762551017],[23.920726468018803,61.992272583354655],[23.920697907870167,61.992284513821772],[23.920668726409552,61.99229805648126],[23.920565204947444,61.992351614646601],[23.920514540953896,61.992378503547513],[23.920504660317043,61.99238403249668],[23.92048118950396,61.99239815187547],[23.92046421381708,61.992413404563308],[23.9204584195802,61.992431054163035],[23.920459820038225,61.992448963301705],[23.920462345035205,61.992466897560483],[23.920462592305242,61.992475608431462],[23.920456625609472,61.992493263162615],[23.920443986954112,61.992506995637896],[23.920419122683732,61.992520535865772],[23.920390130997109,61.992532196103014],[23.920367058375735,61.992542371467131],[23.920344217308728,61.99255668457009],[23.920325739484316,61.992572433733848],[23.920314794233839,61.992582071458095],[23.920296963514531,61.992597844058096],[23.920281731077896,61.9926164507091],[23.920277680260014,61.992634238072448],[23.920269834111028,61.99264969468809],[23.920244395034373,61.992662871676416],[23.920211339029667,61.992671647106917],[23.920192335611443,61.992676523041219],[23.920159700848249,61.992685855885028],[23.920124736928329,61.992694417979081],[23.920088461685065,61.992700075937115],[23.920059983327889,61.992711379239815],[23.920064991172946,61.992728560431679],[23.920089020118223,61.992742393354057],[23.920114534860399,61.992752486249294],[23.920143099655164,61.992764345225979],[23.920166101318962,61.992778514537953],[23.920171367080421,61.992788604246883],[23.920159382385933,61.992805315979005],[23.920136217904485,61.992819612842787],[23.920131790202159,61.992822029403619],[23.920107393029774,61.992835858515562],[23.920094313785118,61.992849221766178],[23.920096048024881,61.992867039545466],[23.920099828032303,61.992877275741435],[23.920105601186656,61.992895013059069],[23.92011549470492,61.992911674527072],[23.920136015241198,61.992926767652079],[23.920168996520573,61.992937835885137],[23.920206553777348,61.992940292004363],[23.920244463200373,61.992939072603107],[23.920265415662225,61.992938732123278],[23.920302900496786,61.992941905306012],[23.920338439278126,61.992948269190677],[23.920373600680087,61.992955343343567],[23.920384961071179,61.992957483725867],[23.920420888241352,61.992963407072409],[23.920454465296395,61.992971793389493],[23.920464375216515,61.992977135549083],[23.920473090984167,61.992994300726103],[23.920469679217963,61.993012192206869],[23.920467433925129,61.99302004783641],[23.920463060035054,61.993037819002978],[23.920460620334076,61.99305573219744],[23.920459347601831,61.993076276774936],[23.920457861817891,61.99309420229401],[23.920453162978841,61.993111975185528],[23.920441953585414,61.993125739590617],[23.920420516334172,61.993140524278623],[23.920402479006789,61.993155124380458],[23.920400029252281,61.993172947511354],[23.920404841463707,61.993190744201023],[23.920408299015627,61.993199445928944],[23.920413271867435,61.993217165351957],[23.920415320376755,61.99323508896574],[23.920415707724814,61.993248654242187],[23.92041534556563,61.993266613844547],[23.920411962709426,61.993338310224551],[23.920412878505303,61.993356289390007],[23.920415260104164,61.993374130605488],[23.920419242790601,61.993392007585996],[23.920422646473057,61.993402945087247],[23.920437431736218,61.993438132681462],[23.920443682603977,61.99345587166632],[23.920446216711692,61.99347371628739],[23.920445003507286,61.99348572754046],[23.920437921970439,61.99350325854688],[23.920432402016438,61.993511759735036],[23.920417709607626,61.993528231329186],[23.920398763756104,61.993543880216777],[23.920377306218384,61.993558673433149],[23.920356399994859,61.993571412677333],[23.920331849828784,61.993585238418312],[23.920306067800183,61.993598398783902],[23.9202790530504,61.993611091398904],[23.920250347124551,61.993622937683362],[23.92024029497253,61.993626755857761],[23.920209792507894,61.993637474955577],[23.920178046365582,61.993647456539726],[23.920143422037214,61.993657373818635],[23.920076838506379,61.993674842252474],[23.919943797443104,61.993710042373806],[23.919935671813125,61.993712376313823],[23.919743059190665,61.99377372691864],[23.919711015890591,61.993783432245046],[23.919678982574894,61.993793227625858],[23.919647867001117,61.993803582536032],[23.919618243793963,61.993814860185431],[23.919597528734368,61.993824189730574],[23.919572509609967,61.993837735350915],[23.919550440570728,61.993852335107491],[23.919531016603433,61.993867793525581],[23.919512869204571,61.993885176057624],[23.919498167059576,61.993901737184885],[23.919470013533875,61.99393514791489],[23.919453737398452,61.993951404352359],[23.919434465805033,61.99396686616322],[23.919412406609016,61.99398155595852],[23.919388160658663,61.993995388340629],[23.919362061992189,61.99400846061117],[23.919332231109859,61.994021979525812],[23.919303524430582,61.994033825607829],[23.919216209600457,61.994068519590328],[23.91918811467384,61.994080738674164],[23.919181526603261,61.994083735800977],[23.919155447739385,61.994096799493597],[23.919130743172332,61.994110441907949],[23.919106650424357,61.994124457344697],[23.919036251878083,61.994166806170242],[23.919017126964913,61.994177788263841],[23.918991639824231,61.994191233489381],[23.91896522674686,61.9942041998411],[23.918937761552524,61.994216612627774],[23.918909369516005,61.994228555503085],[23.918879899055085,61.994240016095041],[23.918851507540843,61.994250252038775],[23.918726393078195,61.994291288024094],[23.918705558158003,61.994298773075499],[23.918696022883978,61.994302198422453],[23.918666875404664,61.994313675173672],[23.918666834564725,61.994313701212455],[23.918642014367041,61.99432753860566],[23.918621367838721,61.994342610228067],[23.91860227803128,61.994358156850367],[23.918583113591634,61.99437274052989],[23.918582167927479,61.994373402166381],[23.918570309833978,61.994381285482831],[23.918540149166773,61.994392200532225],[23.918517311949561,61.994400404430863],[23.918498055902628,61.994415704760335],[23.918486852645596,61.994435632087438],[23.918353241079366,61.994456578591837],[23.910475504716725,61.995691338776396],[23.910279820488491,61.997119372091987],[23.910117639893354,61.998406498060973],[23.93897696994177,61.996254287059301],[23.940109583111898,61.99616365467039],[23.948887113661218,61.995508058593053],[23.960287230730561,61.994665104008241],[23.964445355042194,61.994358652795491],[23.96222488850087,61.996126266223847],[23.973071131996811,61.999512797504671],[23.969174820319775,62.003853901347384],[23.969010530117163,62.00385971424209],[23.969013830819982,62.003846509016341],[23.969019170604238,62.003828749000803],[23.969025724487757,62.003811078555515],[23.969033657146053,62.003793186873509],[23.969042539424983,62.003775738292696],[23.969051969313028,62.003758355649126],[23.969060259427728,62.003743786774031],[23.969070764574013,62.003726544549608],[23.969082156090799,62.003709420625739],[23.969094978029304,62.003692516796043],[23.969110068827469,62.003676049127371],[23.969127347753741,62.003660060762691],[23.96913330125728,62.003655151808701],[23.969152574058999,62.003639674411545],[23.96917136355852,62.003624060619288],[23.969185233594899,62.00360737745725],[23.969190510681713,62.003589669960554],[23.96918641783061,62.003575484725793],[23.969172324851684,62.003558860752946],[23.96915100422887,62.003544009400883],[23.969144800415982,62.00354067488518],[23.969116082090896,62.003528921985378],[23.969090101416253,62.003515773905683],[23.969072224994814,62.003507987487943],[23.96903730536209,62.00350113807545],[23.96899928126399,62.003501101862952],[23.968961928439171,62.003504691805425],[23.968925627789876,62.00351019142294],[23.968912898069416,62.003512525850269],[23.968877939711515,62.003519707943603],[23.968843956410314,62.003527845756317],[23.968811114423662,62.00353699684532],[23.968747175994473,62.003556577108654],[23.968732077406607,62.003561401810117],[23.968293916261725,62.003705101907293],[23.968267142843509,62.003714332386195],[23.968146670433381,62.003758380574929],[23.968117704092407,62.003770060257395],[23.968089827403919,62.003782311891825],[23.968063154774942,62.00379513799421],[23.968037855141105,62.003808569230465],[23.96803289546072,62.003811361891174],[23.968011491600741,62.003826163434304],[23.967980025188364,62.003851254557546],[23.967972696703853,62.003857112447349],[23.967953504618418,62.003870426414693],[23.967937397486601,62.003879046894106],[23.967889615313098,62.003918503401941],[23.966620205635426,62.003983126580742],[23.966598012371406,62.003978011835187],[23.966564256841551,62.003969642220376],[23.966531191244979,62.003960676887587],[23.966498890070294,62.003951135443103],[23.966467412306923,62.003941001217868],[23.966455870479727,62.003936965217484],[23.966436774347017,62.003930301523866],[23.966407091491224,62.003919029914449],[23.966378459972006,62.003907179523601],[23.966350998658637,62.003894708048762],[23.966324856525436,62.003881654702475],[23.966300053532326,62.003868010940906],[23.966276699624743,62.003853824101682],[23.966254850220853,62.003839113371917],[23.966249607435241,62.003835341699336],[23.966229867027725,62.003819985623231],[23.966212009801165,62.00380414093987],[23.966196420679655,62.003787780183913],[23.966183443773659,62.003770901942985],[23.966181239698006,62.003767511545931],[23.966172061672783,62.003750097009259],[23.966165372852345,62.003732440775245],[23.966160378067766,62.003714660104727],[23.966156632510643,62.003696808097438],[23.966150076950644,62.003643067584548],[23.966147808546772,62.003625158238286],[23.966144849245214,62.003607278610012],[23.966140951166839,62.003589423246183],[23.966135821158975,62.003571657566205],[23.966128515983122,62.00355405065433],[23.966127679729389,62.003552469106047],[23.96612659907149,62.003550271294408],[23.966115596652863,62.003533140024729],[23.966115562086845,62.003533103329779],[23.966102681560983,62.003516218215154],[23.96605956527462,62.003466362776372],[23.966053304771226,62.003458418270263],[23.966046355303199,62.003449524309005],[23.966034614589688,62.003431747934428],[23.966025069105438,62.003414379201601],[23.966017341864603,62.003396789946827],[23.966011054517459,62.003379133551398],[23.966001088767715,62.003343527798862],[23.965997050191248,62.003325741206403],[23.965994791913392,62.003314641664296],[23.965989181300664,62.003278862221535],[23.965987734700249,62.003260952983858],[23.965987592722652,62.003242991597503],[23.965988900766561,62.003225053130457],[23.965991111536962,62.003210907646626],[23.965995145332833,62.003193038134405],[23.966000448612231,62.003175277405418],[23.966013791046787,62.003139914960599],[23.966104497671807,62.002946462923965],[23.966111071492438,62.002930526869768],[23.966118615672436,62.002912905275835],[23.966127428428543,62.002895401427658],[23.966137681692988,62.002878207763743],[23.966151876281291,62.002861541008791],[23.966170499671517,62.002845879034894],[23.966181723602908,62.002838130543637],[23.966206270916,62.002824386635602],[23.966233122528084,62.002811681617011],[23.966261035403601,62.002799449122371],[23.966280186702136,62.002791344991692],[23.966308874817813,62.002779578724166],[23.966338193351664,62.002768005992358],[23.966368096469242,62.002756895296109],[23.966402398304911,62.002745171654965],[23.96643413916448,62.002735179408106],[23.966466905601656,62.002726018241361],[23.966488201418951,62.002720557526061],[23.966556273790008,62.002704366240415],[23.966590075904069,62.002696126190258],[23.966623283245898,62.002687334031442],[23.966628753427795,62.002685747473166],[23.966660475085057,62.002675754753909],[23.966690080950528,62.002664556599662],[23.966716769537982,62.002651758069824],[23.966738660004694,62.002637057268856],[23.966752965407832,62.002622728637348],[23.966763694902699,62.002605545408798],[23.966769150160253,62.002587788000817],[23.966771582664173,62.002569874266868],[23.966771764356967,62.002551920006837],[23.966770945675911,62.002542289525245],[23.966764382978575,62.002488611776549],[23.966763593147206,62.002470627162531],[23.9667639175997,62.002461030809293],[23.966766178491358,62.002443113300444],[23.966770212611461,62.002425234796362],[23.966775838540837,62.002407490126174],[23.966789171688223,62.002372208271247],[23.966796542835375,62.00235459182506],[23.966801365863809,62.002343378552403],[23.966822870878193,62.002290497861274],[23.966828821779472,62.002272751354084],[23.966833494299223,62.002254985710906],[23.966836555940624,62.002237085814777],[23.966837863425482,62.002219147334038],[23.9668380013952,62.00221296065456],[23.966833535653421,62.002159140376847],[23.966832259300787,62.002141243881347],[23.966832117704392,62.002123273526273],[23.966833748428702,62.002105351139022],[23.966838097673755,62.002087569401418],[23.966841285113198,62.002079733926962],[23.966850736551237,62.002062333926091],[23.966862877951488,62.002045361421544],[23.966876947198184,62.002028602009638],[23.966974479004545,62.001931226735607],[23.96698947381757,62.001914766164091],[23.967002894665686,62.001897992479549],[23.967004790632267,62.001895069586944],[23.967015205396972,62.001877780601426],[23.967022738966097,62.001860257554881],[23.967027077915557,62.001842385750471],[23.967027584466301,62.001824429652729],[23.967026479383371,62.001816140416452],[23.967021657761837,62.001798345617999],[23.967007472001931,62.001763087320995],[23.967000373781779,62.001745511955939],[23.966994904814065,62.001727693933923],[23.966993059505473,62.001707449184792],[23.966994519399201,62.001689514055684],[23.966998220222241,62.001671718052457],[23.967003694227607,62.001653961050593],[23.967010444790876,62.001636241110283],[23.967043632081925,62.001566189125072],[23.967051661280731,62.001548676979169],[23.967058880424531,62.001531048196071],[23.967064974639754,62.001513394670091],[23.967069160086012,62.001495528472219],[23.967070720160567,62.00147831423579],[23.967069342580938,62.001406513797612],[23.96706957058527,62.001399421752843],[23.967077181272995,62.001327738156924],[23.967077516180353,62.001309778283378],[23.967077321937136,62.00130366514945],[23.96707604546307,62.001285768653631],[23.967075570666175,62.001267880806893],[23.967078155393335,62.001249970417689],[23.967085860357493,62.001232451139337],[23.967091999227286,62.001224141559725],[23.967106994510708,62.001207672007389],[23.967122609152121,62.001191314896005],[23.967135399184958,62.001174347656558],[23.96713808515749,62.001168477544034],[23.967142110842637,62.001150679699819],[23.967141319016999,62.001132713011792],[23.967135374342533,62.001097016110982],[23.967134754824947,62.001088647718575],[23.967134758392742,62.001088611862549],[23.967134238888729,62.001052737825844],[23.96713518208756,62.001034809298567],[23.967142456754708,62.000981094532939],[23.967150782120004,62.000945433001775],[23.967155913597008,62.000927659478613],[23.967156041037079,62.000927338871293],[23.96721465850711,62.000781826788312],[23.967226914141126,62.000751408294413],[23.967234174461627,62.000734130772031],[23.967303333754344,62.000539503494977],[23.967308408762015,62.000521719742324],[23.967352181455489,62.000325474038007],[23.967355336111883,62.000307594147529],[23.96735765091989,62.000293738414797],[23.967361902907058,62.000257915419027],[23.967362903131306,62.000239988145339],[23.967363006377226,62.000222050127768],[23.967361733330225,62.000204117775354],[23.967357775936826,62.000186279106607],[23.967347277716879,62.000169078157391],[23.967327116399989,62.000153937536965],[23.967312082834983,62.000147560917618],[23.967277780650456,62.000139925027781],[23.967240103138842,62.000137407423907],[23.967202043231982,62.000138349076479],[23.967164472908863,62.000141475523122],[23.967127434859272,62.000145781537647],[23.967090935879369,62.000151006745163],[23.967055023016677,62.000157062344734],[23.96701972514558,62.000163850152106],[23.966992789363591,62.000169555193075],[23.966958546538422,62.000177453210235],[23.966924949360756,62.00018596732378],[23.966892147678042,62.000195127781296],[23.966860270488215,62.000204982339],[23.966829449465312,62.000215551861245],[23.966799653613084,62.000226763797933],[23.966770799198859,62.000238499520776],[23.966742852551054,62.000250713371514],[23.966715853584816,62.000263388261523],[23.966698551365099,62.000271937367302],[23.966500121016558,62.000380990377948],[23.966478609221365,62.000392285674451],[23.966478148406722,62.000392500127298],[23.966451463738707,62.000404894407552],[23.966425379440146,62.000417975662877],[23.966400375391554,62.000431529860549],[23.966393387322114,62.000435508588431],[23.966392615539924,62.00043596774114],[23.966346629776972,62.000463937206575],[23.966303472768555,62.000493433223745],[23.966283140580174,62.000508617402836],[23.966263591291657,62.000523998476432],[23.966208840960398,62.000571296485305],[23.96619195555504,62.00058736501299],[23.966175548891901,62.000603614760934],[23.966159770492443,62.000619887313704],[23.966157054695614,62.000622792157344],[23.966098659305811,62.000689046230789],[23.966085229591108,62.000705909470078],[23.966047687966309,62.000756730322728],[23.96603584188809,62.00077380807457],[23.966013285619535,62.000808069421154],[23.965903587169066,62.000998498213143],[23.965901816915089,62.001001693366582],[23.965892374206238,62.001019003663508],[23.96579370075554,62.001192336577596],[23.96575931653701,62.00124367602367],[23.965747002368278,62.001260653619042],[23.965707541482971,62.001311162654652],[23.96564739647209,62.00137711754325],[23.965639548587966,62.001384931292932],[23.965622806028584,62.001401092741006],[23.965605604640626,62.001417064418042],[23.96542416265747,62.001574929599606],[23.965406198082679,62.001590695803252],[23.965388519810539,62.00160665696167],[23.965338176583749,62.001654950020942],[23.965322540787245,62.001671315466332],[23.965315484611015,62.001679236459516],[23.965273799376526,62.001729426927589],[23.965261169528684,62.001746307702412],[23.96510953653538,62.001968423653629],[23.965097078987164,62.001985299224472],[23.96509041812029,62.001994046418474],[23.965076996181466,62.002010819909927],[23.965062954844214,62.002027480947994],[23.965017164492888,62.002076862310588],[23.965000592816335,62.002093027454144],[23.96498307549502,62.002108902273811],[23.964964471026917,62.002124564507504],[23.964944595883843,62.002139938246337],[23.964923468809889,62.002154835246088],[23.964900948302738,62.002169333244382],[23.964877337645156,62.002183456883174],[23.964852503047741,62.002197014560956],[23.964846053524518,62.002200376218916],[23.964819365455067,62.002213165421175],[23.964791748695422,62.002225493979353],[23.964618532242323,62.002295877015413],[23.96458983590988,62.00230772360667],[23.964534134266692,62.0023322804903],[23.964507445058306,62.00234507859448],[23.964481961570609,62.002358433269684],[23.964376572840976,62.002410275607375],[23.964351557305019,62.002423919054188],[23.964327038243514,62.002439100643649],[23.964307009718723,62.002454282265504],[23.964289186754076,62.002470150276835],[23.964272758081943,62.002486408326192],[23.964213419441737,62.0025524612712],[23.964197314823689,62.002568726446846],[23.964187008879946,62.002578381555523],[23.964167628789358,62.002593766091103],[23.964037168711322,62.002682239490603],[23.964016834806213,62.002697414351402],[23.963997894305699,62.002712988216309],[23.963981007733206,62.002729236153662],[23.963967117995502,62.002745900431236],[23.963955737702353,62.002763078122761],[23.963938272134605,62.002797990281181],[23.963931480959186,62.002814370645638],[23.963859782310688,62.003026925929824],[23.963836354740817,62.003079674077938],[23.963817610123137,62.003114378390926],[23.963795517321383,62.003148739473573],[23.963791202069437,62.003154843168645],[23.963664909468285,62.003305026769034],[23.963640754646029,62.003338983083033],[23.963630356519946,62.003356272215392],[23.963626383933214,62.00336373099632],[23.963611617494596,62.003398972063195],[23.963582186353818,62.003487612358036],[23.963566608822848,62.003522745725526],[23.963560345405082,62.003534017025487],[23.963524820453177,62.00358523206468],[23.9635142594956,62.003602427768413],[23.963506093329624,62.003619945712799],[23.963502591068714,62.003630738792054],[23.963498879899859,62.003648615358635],[23.963493575075702,62.003666375980785],[23.963486059650332,62.003677170527624],[23.963465581184995,62.003692252300802],[23.963437647308496,62.003704483796476],[23.963407579523306,62.00371550042513],[23.963395406283414,62.00371972418445],[23.963272131306791,62.003762098440802],[23.963247190036011,62.003769993819361],[23.963148867464106,62.003797645274098],[23.962914849481137,62.003858063080827],[23.962884870899174,62.003866646999711],[23.962726221781001,62.003916506652388],[23.962693750308219,62.003925942972664],[23.962660684109856,62.003934827168159],[23.962626707967075,62.003943062459115],[23.962604825737206,62.003947871847018],[23.962497989933134,62.00396716921562],[23.962462880310145,62.003974121791188],[23.962428904071206,62.00398235703279],[23.962396882331813,62.003992072701173],[23.962390710675635,62.003994173681455],[23.962362488876515,62.004006218955055],[23.962337938883213,62.004019962160321],[23.962317773946285,62.004035149501497],[23.962308475999851,62.00404445836044],[23.962296626506781,62.004061535763114],[23.962290204830147,62.00407918191182],[23.962288895453529,62.004097111364118],[23.962290168293972,62.004115016845105],[23.962292890303054,62.004132954248497],[23.962296440869256,62.004150631410425],[23.962297015074075,62.00416097524446],[23.962298431530201,62.004178973725104],[23.962304371034623,62.00421467078894],[23.962309685116473,62.004232485616811],[23.962318886388058,62.004249838068922],[23.962333496117804,62.00426642027616],[23.962353530679209,62.004281684595391],[23.962365388310179,62.004288683519206],[23.962392621290782,62.004301132810774],[23.96242360556262,62.004311607473291],[23.962457008448432,62.004320248838802],[23.962491850934903,62.004327484523252],[23.962527754055131,62.004333665523845],[23.962564421650182,62.0043386954803],[23.962601511690064,62.0043427465313],[23.962612681480589,62.004343801081355],[23.96265019276408,62.004346693524354],[23.962688127685347,62.004348786760261],[23.962726304493835,62.004349986949556],[23.962764399027858,62.004350286952373],[23.962802458353785,62.004349597969231],[23.962840587943415,62.004348012159376],[23.962878330158059,62.00434551944393],[23.962953335979968,62.004338816551041],[23.963027540220555,62.004330568746745],[23.963174170558307,62.004310629064953],[23.963199663748252,62.004306788482651],[23.963308913548438,62.00429069697266],[23.963382981694586,62.004282086638149],[23.963457987256774,62.004275383469114],[23.963495729335619,62.004272890583863],[23.963533760554657,62.004272290618026],[23.963571749037882,62.004273845772765],[23.963609000616476,62.004277810272384],[23.963644572030582,62.004284253184863],[23.963678136716833,62.004292807975744],[23.963696536716704,62.00429878295737],[23.963725289987647,62.004310555743437],[23.963750832520496,62.004323865901185],[23.963773198250962,62.004338372801556],[23.963792577544634,62.004353891981211],[23.963801826339886,62.004362719899525],[23.963815952191297,62.00437937213497],[23.963826773060426,62.004396589441413],[23.963834040741386,62.004414177698727],[23.963838051074831,62.00443204460101],[23.963838848128553,62.004449939577221],[23.963836890427451,62.004467863739038],[23.963833026792734,62.004485736954756],[23.963827397843239,62.004503490451256],[23.963819851922896,62.004521111905625],[23.963810875558945,62.004538513209596],[23.963800295348442,62.00455570851225],[23.963788465548983,62.004572786465765],[23.963786075425915,62.004575869130022],[23.963685658949888,62.004692224202707],[23.963673018022138,62.004709194452388],[23.963661809308533,62.004726366924473],[23.963652526803436,62.004743770463151],[23.963645294744559,62.004761308984357],[23.963640782629334,62.004779167918286],[23.963639320564493,62.004797102991766],[23.963639704316925,62.004804567856297],[23.963642436102145,62.004822415597118],[23.963650788844518,62.004858075871809],[23.963653337449326,62.004872775307554],[23.9636570107088,62.00490860205818],[23.963657147367609,62.004944440776676],[23.963642872106618,62.005069879352448],[23.963641514733194,62.00508196838603],[23.963631104079315,62.005189524786211],[23.963623860219915,62.005225209984708],[23.963612431048279,62.005260704211075],[23.963604884804258,62.00527832565011],[23.963595908082862,62.005295726936247],[23.963585661782815,62.005313019415567],[23.963573812489052,62.005330096926606],[23.963563132363699,62.00534368757954],[23.963548448316917,62.005360253490828],[23.963532341820791,62.005376518571623],[23.963514813766729,62.005392473857519],[23.963496042917772,62.005408051415031],[23.963475849614721,62.005423328140502],[23.963454586920115,62.005438212987436],[23.963432214909123,62.005452723043504],[23.963361841775466,62.005495184288435],[23.963237606565166,62.005563230668734],[23.963215377479042,62.005574770257013],[23.963164124995732,62.005601401063281],[23.963015797608769,62.005683371389424],[23.962992957416521,62.005697781233351],[23.962971206539294,62.005712574408484],[23.962950707356736,62.005727655671372],[23.962931152979195,62.005743036231259],[23.962912859540562,62.005758803903468],[23.962909513686832,62.005761694818091],[23.962892624495218,62.005777753938744],[23.962876985216749,62.005794119077102],[23.962862615815357,62.005810781689654],[23.962849515984736,62.005827553113612],[23.962837685141292,62.005844630976469],[23.96282695135724,62.005861822835747],[23.962808986828829,62.005896723899461],[23.962794694866538,62.005931975353313],[23.962777958761389,62.005985230084555],[23.96276359404262,62.006056683984788],[23.962762171181026,62.006066166318099],[23.962759907609211,62.006084083736823],[23.962753004227952,62.006227553078347],[23.96278196617515,62.006586036059332],[23.962782894098634,62.00659935227489],[23.962788271448627,62.006689019573336],[23.962788148913894,62.006693508692123],[23.962792692894887,62.006801124904946],[23.962798957588028,62.006836829082054],[23.96280443386549,62.006854557609856],[23.96281200661663,62.006872152635054],[23.962821551291245,62.006889521578017],[23.962833030646497,62.006906654634449],[23.962846489972293,62.006923480932123],[23.962847354116924,62.006924398326319],[23.962687956219806,62.006943068468011],[23.958377837475876,62.007447249636286],[23.953965331387987,62.007184211759011],[23.951010198855997,62.008708214269724],[23.95116883891518,62.00877465207131],[23.952466980925387,62.00932332774277],[23.952466940093558,62.009323353791558],[23.952604883487766,62.009381606540181],[23.95185231192648,62.010194987290518],[23.951450741248173,62.010324981464905],[23.951429309813435,62.010334389803241],[23.951182781158767,62.01044630323009],[23.951165469161204,62.010453700409798],[23.951081803503602,62.010487165769732],[23.951025695693176,62.010507495255915],[23.950966902002772,62.01052677713799],[23.950950084765648,62.010531903373476],[23.950856443322035,62.010557898231703],[23.950621791797829,62.010614697839642],[23.950614424308085,62.010616502375456],[23.950275867892714,62.010704998360829],[23.950041910333937,62.010769735976076],[23.949974032376343,62.010790775010292],[23.949956530045572,62.010796631625503],[23.949892037607746,62.010819937509957],[23.949829686760538,62.010844952710286],[23.949769893040166,62.010871345038929],[23.949687264746938,62.010911794896884],[23.94967802719637,62.010916621465071],[23.94960115011941,62.010959381507227],[23.949551613159187,62.010989854597376],[23.949504987844659,62.011021218569041],[23.949459246479087,62.011055207348271],[23.949278036038464,62.011214666555333],[23.949269587454754,62.011221729521921],[23.949068884791785,62.011374441797017],[23.949029480703814,62.011407744131489],[23.949010673556817,62.011425097851593],[23.948976648154058,62.011460423696718],[23.948920252600278,62.011530165315691],[23.948812338898591,62.01168392368136],[23.948804251924066,62.011694435377763],[23.948749243486546,62.011758143629663],[23.948616895513332,62.011884266490142],[23.948581883777052,62.011914925859536],[23.948572529638337,62.011923010863129],[23.948441638262107,62.012029805934965],[23.9483819992744,62.012072174151115],[23.948339239863426,62.01209945486805],[23.948333357017528,62.012103034975027],[23.948263158024709,62.012143004428957],[23.948162807121399,62.012195449845301],[23.94815032401732,62.012201947344963],[23.947869701525391,62.012347661163503],[23.947362263126948,62.012574939614254],[23.94519452252133,62.011718869828165],[23.943198774632481,62.01274562015842],[23.941179378618816,62.013771585625406],[23.940147829184248,62.014300333853413],[23.939629448986715,62.015714686845016],[23.938570990698768,62.016234607510619],[23.935590189471856,62.017715367246019],[23.931599376082616,62.019665717649168],[23.929896665731324,62.021142902732656],[23.929014740825988,62.021937508919329],[23.928684119155832,62.024728380248256],[23.926587341952892,62.02492751934237],[23.926478244932323,62.024937926825579],[23.926443214947998,62.024914965473364],[23.926423004482547,62.02489978181837],[23.926419737015397,62.024897103727895],[23.926401697795846,62.024881249736922],[23.926385610963745,62.024864999033007],[23.926371354796057,62.024848420775491],[23.926358727550383,62.024831429616363],[23.926346929819431,62.024814367098145],[23.926313985154305,62.024762793880264],[23.92631233764477,62.024759981185241],[23.926301512075657,62.024742760644884],[23.926279050555483,62.024708391344305],[23.926253643729687,62.024674594269449],[23.926239044276937,62.024658008347203],[23.926222976726855,62.024641758050286],[23.926205090399275,62.024625907435428],[23.92619468466156,62.024617410514139],[23.926174321872999,62.024602223423393],[23.926152787226972,62.024587468393726],[23.926041469489203,62.024514564269133],[23.926023618117242,62.024501589219582],[23.926004083096604,62.024486160014405],[23.925986044332245,62.024470305971178],[23.925969491868294,62.024454125690305],[23.925955064393811,62.024437543565377],[23.925942608360653,62.024420565159623],[23.925932440886889,62.024403269409824],[23.925929768377049,62.024397729749573],[23.925922870687028,62.024380057665311],[23.925919032968217,62.024362193232008],[23.925918429726195,62.024344302046565],[23.925922787278889,62.024326521396119],[23.925932764443463,62.024309144457419],[23.925946414467127,62.024295164374024],[23.925966619224834,62.02427990191557],[23.925989644556896,62.024265681533663],[23.926014676205476,62.024252044878509],[23.92609165488453,62.024212174059251],[23.92611512897555,62.024198053494494],[23.926127119274465,62.024189336852125],[23.926145776434865,62.024173680537274],[23.926161588631334,62.024157412823115],[23.926174879320335,62.024140549900849],[23.926185792173339,62.024123373469664],[23.926194644312577,62.024105962465853],[23.926224771950281,62.024035589891454],[23.926227015905958,62.02403078863945],[23.926235696275192,62.024013373806682],[23.926245349702867,62.023995980652742],[23.926268121053326,62.023961729703458],[23.926281258957182,62.023944863368982],[23.926296134164215,62.023928404074503],[23.926313062805548,62.023912251057268],[23.926331864191798,62.023896678788404],[23.926352546464415,62.023881606594408],[23.926370759889725,62.023870153764825],[23.926395035915686,62.023856230700098],[23.926420219760026,62.023842786029327],[23.926548034106141,62.023776107922366],[23.926571355008903,62.023761983875467],[23.926594199160231,62.023746330944029],[23.926613936185589,62.023730959159494],[23.926632269361537,62.023715286585407],[23.926649196799431,62.02369914248824],[23.92666501752214,62.023682785075827],[23.926735727120491,62.023599472419434],[23.926744637390748,62.023589438371594],[23.926807441848062,62.023524007001242],[23.926860872258558,62.023476424209015],[23.926880150077867,62.023460862486189],[23.926900048535202,62.02344559308311],[23.926904398973715,62.023442276150227],[23.926925396859399,62.023427291763475],[23.92702771814718,62.023351519782622],[23.927040060476543,62.023341014153445],[23.927057284614932,62.023324957475211],[23.927073095874107,62.023308689649021],[23.927087339728477,62.023292036541569],[23.927099837229498,62.023275066037698],[23.927110424890454,62.023257882301898],[23.927118960934319,62.023240374371206],[23.927122919310715,62.023229951508291],[23.927127933725199,62.023212095624295],[23.927131659871065,62.023194309867577],[23.927134594632456,62.023176407662213],[23.927141795332933,62.02312267431234],[23.927145206156631,62.023104791694145],[23.927149734509452,62.023087014821272],[23.927155865510617,62.023069273644779],[23.927160391135946,62.023059671956467],[23.927169871102439,62.02304228386965],[23.92718110823624,62.023025105612021],[23.927247230999185,62.022940980851558],[23.927252448227893,62.022933999862822],[23.927264621139745,62.022917022117745],[23.927276000855606,62.022899945851123],[23.927286617309601,62.022882663924449],[23.92730525353214,62.022847871542659],[23.927313312366103,62.022830352974161],[23.927320388124343,62.022812722672043],[23.927324877839897,62.022800254352113],[23.927330531700896,62.022782502542796],[23.927346843652007,62.022729241628987],[23.927352820924281,62.022711506005912],[23.927366686143014,62.022676239022111],[23.927375373594767,62.022658743435414],[23.927378898571284,62.022652614147816],[23.927422375074109,62.022583886241669],[23.927432027350331,62.022566492994528],[23.927439913418105,62.022548979556447],[23.927445567161378,62.022531227741204],[23.927448501663527,62.022513325526127],[23.927448193832213,62.022495719434311],[23.927444508958821,62.022477849470832],[23.927437286450729,62.022460170231611],[23.927426784459122,62.022442965962924],[23.927412509738957,62.022426387386567],[23.927394138041571,62.022410615939066],[23.927385270893325,62.022404309474993],[23.927361918618981,62.022390142997835],[23.927335359919027,62.02237724368554],[23.927306946503716,62.022365291274788],[23.927248577413124,62.022342079770368],[23.927225205658001,62.022332844933239],[23.9271964589439,62.022320974912496],[23.927168711414041,62.022308677951628],[23.927142676049105,62.022295520742674],[23.927120466716886,62.022281020327668],[23.92710309540697,62.022265001606478],[23.927093168610874,62.022251574326908],[23.927085288636498,62.022233970258007],[23.927081927436603,62.0222161164738],[23.927082124822075,62.022198243133225],[23.927085112394227,62.02216238351307],[23.927085447065458,62.022159066966267],[23.927086011643855,62.022123153375283],[23.927085083386864,62.02210525496151],[23.92708285778604,62.022087327650034],[23.927079191343907,62.022069467066146],[23.927074066793455,62.022051654857421],[23.927067302480456,62.022033985799077],[23.927064811699644,62.022028540045234],[23.92702820130425,62.021958926709011],[23.927020798401053,62.021941333260784],[23.927015502197772,62.021923517225218],[23.927012961442642,62.021905681712987],[23.927013137036951,62.021895983133163],[23.927016071721159,62.021878080927067],[23.927022201632141,62.02186034871638],[23.927031376933972,62.021842944871359],[23.927042909893647,62.021825863056108],[23.927056360799384,62.021809102459365],[23.927071072758096,62.021792540643084],[23.927087207524163,62.021776280031553],[23.92710442982516,62.021760232302178],[23.927116807647593,62.02174936811425],[23.927135616304579,62.021733706084298],[23.927250320582569,62.021640511785158],[23.927255247167011,62.02163621946152],[23.927272651037487,62.021620265595679],[23.927289253515855,62.021604105218771],[23.927305063732607,62.02158783735613],[23.92733417095355,62.021554625768275],[23.927359955524995,62.021520801143495],[23.92736353260279,62.02151567021842],[23.927374912622014,62.021498584973358],[23.927385528509134,62.021481303032601],[23.927404479001737,62.021446607485345],[23.927451347309074,62.021341211446554],[23.9274536993867,62.021335334533241],[23.927483821201498,62.021264961624162],[23.92750230443718,62.021230156838229],[23.927524623394724,62.021195805813768],[23.92753598399776,62.021180427045181],[23.927549758664959,62.021163673618823],[23.927580604187934,62.02113085107063],[23.927614905821375,62.021098833174641],[23.927633226828736,62.021083070387903],[23.927652349179155,62.021067514105127],[23.927657771639527,62.021063232812772],[23.927798320209124,62.020956419308973],[23.927816100789315,62.020941273330322],[23.927833971865294,62.020925419645913],[23.927867643338402,62.020893199001407],[23.927944213961279,62.020811013579035],[23.927948186420604,62.020806699986643],[23.92805384401888,62.020691293374178],[23.928067436252324,62.020677859841037],[23.928163272044316,62.020580202012106],[23.928193054094798,62.020545019880338],[23.928206188506707,62.020528162303101],[23.928291127050883,62.020409060017968],[23.928296731196529,62.020401458749127],[23.928323296867024,62.020367831040907],[23.928338322699776,62.020351365935753],[23.92835572525378,62.020335411922581],[23.928376385892349,62.02032033000873],[23.928400649096218,62.020306496198003],[23.928419218921388,62.020297925886275],[23.928448702295306,62.020286553065667],[23.928480923603249,62.020276849297133],[23.92851461179578,62.020268525748932],[23.928549027905891,62.020260757426712],[23.928619355193771,62.020246700432807],[23.928631674313639,62.020244369411678],[23.928702271511206,62.020230668753456],[23.928736869266771,62.020222994267712],[23.928770106514708,62.020214211430492],[23.928801570685319,62.020204050528179],[23.928823526082933,62.020195465699757],[23.928851163644868,62.020183054504308],[23.928877443689313,62.020170074055201],[23.928955784772512,62.020130771202517],[23.928983899252753,62.020118559258712],[23.929008808533844,62.020109501134115],[23.929135654041342,62.020069660878221],[23.929166046509625,62.020058748354046],[23.929179330480352,62.020053294440906],[23.929206508911115,62.020040693282461],[23.929232013545857,62.020027246320261],[23.929255959947678,62.020013324462603],[23.929348335233165,62.019956186564698],[23.929375091820997,62.019941509716411],[23.929400892595552,62.019928347814258],[23.929455439800623,62.019903149647902],[23.929512415844069,62.019879272235166],[23.929523492730887,62.01987484721915],[23.929552220129747,62.019862999176183],[23.929579876170731,62.019850588255139],[23.929603659615925,62.019836572876798],[23.929607829507493,62.0198335213652],[23.92962615875209,62.019817848361356],[23.929658259842778,62.019785242006193],[23.92967408489698,62.019772028718826],[23.929713417040702,62.019741281226622],[23.929731267337452,62.019725426858962],[23.929746652541567,62.019706903346041],[23.929757886040981,62.019689733818304],[23.929779066600201,62.019655258324086],[23.929790930610878,62.01963828250247],[23.929805009460317,62.019621526665212],[23.929822707924668,62.019605659924437],[23.929848176866066,62.019589525914121],[23.929874895749791,62.019576734731295],[23.929904378787118,62.019565352627254],[23.92993568015628,62.019555089037532],[23.929968483681098,62.019545856070465],[23.929994246679044,62.019539511911759],[23.930028824251458,62.019531836669856],[23.930063833555753,62.01952462021621],[23.930168880550777,62.0195031598874],[23.930187340017127,62.019498899109017],[23.930221179505192,62.019490578531318],[23.930253974744051,62.019481426168369],[23.930285744808909,62.019471442445401],[23.93031582009155,62.019460441771081],[23.930343781695665,62.019448217182152],[23.930369276296517,62.019434859639198],[23.930382334811128,62.019426705468433],[23.930403479889737,62.01941173287657],[23.930422591632336,62.019396256864255],[23.930478673777657,62.019349360725592],[23.930502575725178,62.0193326437252],[23.930525584210319,62.019318341443409],[23.930550304493224,62.019304697127339],[23.930576420396221,62.019291622886932],[23.930603616645381,62.019279021868691],[23.930631873260424,62.019266902611221],[23.930661049476395,62.019255333852023],[23.930665588711332,62.019253548257382],[23.930695664545194,62.019242538534087],[23.930726380947966,62.019231812570119],[23.930945186754172,62.019159707756508],[23.930975416021383,62.019148881064218],[23.931005212605864,62.019137604534691],[23.931063149780023,62.019113649082946],[23.9310906519108,62.019101234454581],[23.931117531601412,62.019088545444482],[23.931143627999326,62.019075470669286],[23.931168978354879,62.019062019941877],[23.93121703039208,62.01903408032063],[23.93123974302263,62.019019672525154],[23.931261347153779,62.019004880716039],[23.93127609802773,62.018994347480444],[23.931296144835834,62.01897907183421],[23.93131526488235,62.018963506056103],[23.931333429156783,62.018947748322617],[23.93136711378461,62.018915527203738],[23.931382604225735,62.018899170958839],[23.931397636698907,62.01888261586587],[23.931411867935857,62.018866042948204],[23.931464206444609,62.018798589157768],[23.931468890873887,62.018792135207711],[23.931480591841957,62.018775056811386],[23.931690388157069,62.018448824245077],[23.931696891624913,62.018440254644759],[23.931737691650468,62.018389963647891],[23.931752246763782,62.01837339790476],[23.931829564511862,62.018291406865508],[23.931985085712999,62.018147469193238],[23.932001845533353,62.018132928891049],[23.932038803778752,62.018101597961909],[23.932057607619249,62.018085935224043],[23.932076574096889,62.018070365938613],[23.932235093741685,62.017947696395012],[23.932386846784514,62.017844362001071],[23.932401290499651,62.017835160409604],[23.932566744392506,62.017736442722615],[23.932994865925355,62.017507308471409],[23.933007615831283,62.017500494777806],[23.933032647877784,62.017486955808558],[23.933278595859466,62.01734978871233],[23.933302548220588,62.017335767522376],[23.933486321112966,62.017221195471407],[23.933508256298392,62.017206509526162],[23.933633403594506,62.017116318592223],[23.93364036255748,62.017111002175646],[23.933835386982523,62.01695680090085],[23.933877051594656,62.01692673304683],[23.933921992326468,62.016897735198931],[23.93394560969805,62.01688361662341],[23.933970334581051,62.016869890995189],[23.933995844496931,62.016856533178448],[23.934022243973182,62.016843644317426],[23.934049580183476,62.016831135622525],[23.934077995806266,62.016819109085802],[23.934107331020364,62.016807633024378],[23.934137565848655,62.016796715977485],[23.93416886294823,62.016786451397266],[23.934188444504191,62.016780517126094],[23.934221101079004,62.016771181125655],[23.934254045827483,62.016762210872855],[23.93435229261263,62.016734487458535],[23.934377061173016,62.016726593191926],[23.93440807997959,62.016716052862144],[23.934438151953412,62.016705042295534],[23.934467476999455,62.016693664756652],[23.934524137764345,62.016669589758273],[23.934551482634355,62.016656991324311],[23.934578358717552,62.01664430161366],[23.93468480323526,62.016592863356422],[23.934693257906474,62.016588828871257],[23.934720287374823,62.016576133559525],[23.934747307800137,62.016563527879462],[23.934774498978499,62.016550934972578],[23.934855434511626,62.016512845580891],[23.934882004102167,62.01649996932921],[23.934959553865831,62.016460376228835],[23.935032773956806,62.016418970986635],[23.935041011588574,62.016413862592138],[23.93506386402229,62.016399547166884],[23.935086257594044,62.016385041867409],[23.935129313842026,62.016355372920657],[23.935150006551957,62.01634029079495],[23.93518977656759,62.016309650439126],[23.935208883907375,62.016294173730508],[23.935227684086836,62.016278519503672],[23.93535407663142,62.016167880832917],[23.93555686796849,62.015993905972124],[23.935570148719922,62.015981803438578],[23.935586427510771,62.015965554127824],[23.93559875556172,62.015948669037471],[23.935595211205417,62.015931071977533],[23.935592249201228,62.015928589544345],[23.935562766424795,62.015917603238208],[23.935526071577783,62.015912745327064],[23.935488062275276,62.01591145170466],[23.93545006959204,62.015913033242271],[23.935441615592826,62.015913833633007],[23.935405054172129,62.015918860783245],[23.935369303090837,62.015925334344693],[23.935334317201836,62.015932372907024],[23.935299015004702,62.01593913492033],[23.935262030771167,62.015943613614169],[23.935224714047184,62.015941706444679],[23.935206547579771,62.015935104019597],[23.935185691031268,62.01592008692915],[23.935172233302627,62.015903356624584],[23.935163531002786,62.015885914457812],[23.935160013961529,62.015868048476726],[23.935159825387419,62.015863462571524],[23.93516260110766,62.015845565718259],[23.935171426519386,62.015828153649707],[23.935185977610935,62.015811596483445],[23.935205867737235,62.015796316847201],[23.935233148808511,62.015781111587366],[23.935261257647952,62.015768889353396],[23.935291337528568,62.015757977616445],[23.935322939404255,62.01574789924306],[23.935419975040112,62.015719249848104],[23.935425638878783,62.015717489094548],[23.935456771779219,62.0157071307599],[23.935487167683945,62.01569630685713],[23.935516797460764,62.015684926902047],[23.935545365068226,62.01567308313944],[23.9355728431781,62.015660667157782],[23.935599412617858,62.015647781796332],[23.935624901715027,62.015634423241764],[23.935649309568038,62.01562060045832],[23.93567247636571,62.015606381766418],[23.935694391149788,62.015591686069335],[23.93571506307665,62.015576612392429],[23.935734493950815,62.015561142808799],[23.935752511199709,62.01554528246902],[23.93577035654986,62.015527900054238],[23.935785843769235,62.01551153431879],[23.93580070046842,62.015494974900072],[23.935862035879975,62.015429336602438],[23.935879269884296,62.015413279174005],[23.935897745799597,62.015397608681489],[23.935917806065145,62.015382341715096],[23.935940035818593,62.015367742817332],[23.935945500484582,62.015364540219146],[23.935970377764448,62.015350988340757],[23.93599678411012,62.015338009448939],[23.936024423485346,62.015325695788135],[23.936138826825498,62.015278116641845],[23.936149108960517,62.015273583642795],[23.936176586462896,62.015261167536515],[23.93620346153223,62.015248468531425],[23.936229723208093,62.015235405530682],[23.93632998432723,62.015181313325044],[23.936334089793373,62.015178889061062],[23.936358326189101,62.01516505337046],[23.936474306308735,62.015093800868208],[23.936496230393633,62.015079195099069],[23.936559344014096,62.01503424965982],[23.936577809679843,62.015020195932102],[23.936597238855171,62.015004735184668],[23.936652520201505,62.014957639334419],[23.936669897098373,62.014941674828179],[23.936719066081274,62.014893005807416],[23.936808066863115,62.014793843288544],[23.936819402702842,62.01478034989514],[23.936833780719667,62.014763788731877],[23.936864466046522,62.014730870953279],[23.936881203192542,62.014714802379252],[23.936900775595756,62.01469943461229],[23.936923634869295,62.014685029225106],[23.936949744056147,62.014671953729071],[23.936978615340241,62.014660116435948],[23.937009909286139,62.014649851188871],[23.937042985488141,62.014641062911487],[23.937077412161397,62.014633292827014],[23.937112567827221,62.014626257621707],[23.937148298993552,62.014619962870327],[23.937167924345687,62.014616805156585],[23.937204367377809,62.014611415589108],[23.937423643176871,62.01458053808215],[23.937459815933437,62.014574603422766],[23.937495394227518,62.014568116530668],[23.937530415154793,62.014560898555018],[23.937544737838468,62.014557623056042],[23.937578569842699,62.014549300622093],[23.937611356659684,62.014540155421592],[23.93764326274518,62.014530262976514],[23.937673800282376,62.014519531603469],[23.937702825688799,62.01450786827823],[23.937730309977422,62.014495371179414],[23.937755788162402,62.014482101854782],[23.93776381905322,62.014477518763314],[23.937786677753365,62.014463113229134],[23.93780749145402,62.014448132250408],[23.937826281033104,62.01443255832401],[23.937843666022573,62.014416504025796],[23.937859790156946,62.014400251043241],[23.937875123078715,62.014383881672835],[23.937889681908825,62.014367225603763],[23.937902465359333,62.014352066340308],[23.93791606039829,62.014335299035295],[23.938146217990106,62.014012025550372],[23.938156536186462,62.013999138332053],[23.938170274503694,62.013982464024075],[23.938349071758076,62.013784244779607],[23.938351952995756,62.013781254262],[23.938448354129804,62.013683692473755],[23.938466684080066,62.013667928594671],[23.938486083341019,62.013652556781373],[23.938506925118606,62.01363747751212],[23.938529008767166,62.013622785154034],[23.938544284827682,62.013613251085197],[23.938568375385774,62.013599321965351],[23.938593708870176,62.013585959453273],[23.938620111661141,62.013572989003691],[23.93864760569107,62.013560572810114],[23.938676017340359,62.013548536327377],[23.938705185013692,62.013536965805805],[23.938734965131605,62.013525768220823],[23.938796495316325,62.013504503786109],[23.938825248042438,62.013495349641097],[23.93885713462377,62.013485636179709],[23.939082514812437,62.013418067317062],[23.939113644121818,62.013407708131815],[23.939144179113661,62.013396985385342],[23.939151210285743,62.013394356457809],[23.939180683866955,62.013382972303987],[23.939209392369786,62.013371211816832],[23.93923732572684,62.013358984936012],[23.939264827418604,62.013346487942592],[23.939291699506775,62.013333788314313],[23.939317959102709,62.013320715740313],[23.939568471309126,62.013185436381981],[23.939574422099412,62.013182334275342],[23.939600375208062,62.013169075176094],[23.939626472038057,62.013156097757104],[23.939653037572146,62.013143211586673],[23.940111260064199,62.012927212277845],[23.940118037762396,62.012923679307235],[23.940143541663083,62.012910320309857],[23.940323787383818,62.01281758199174],[23.940378753598669,62.012792748477331],[23.940405784962813,62.012781498560742],[23.940521712086078,62.012734758364132],[23.940550122226917,62.012722721484806],[23.940577443047697,62.012710301088049],[23.940605878627036,62.012696297324673],[23.940631066884823,62.012682841404548],[23.940655155751845,62.012668911908179],[23.940678326956256,62.012654602704252],[23.940700227284026,62.01264000477979],[23.94072153509034,62.012625025376785],[23.940822219210489,62.012548848539403],[23.940827097385124,62.012545003893621],[23.941120550858731,62.012313937518712],[23.941134484823113,62.01230328638902],[23.941154856542006,62.012288106490949],[23.941196487508275,62.012258044865099],[23.941240641178322,62.012228748888155],[23.941264269687515,62.01221463839471],[23.941288664128141,62.012200895248661],[23.941304804219275,62.012192449122679],[23.941330909383918,62.01217937276845],[23.941357931260796,62.012166685071541],[23.94138540383307,62.012154267892399],[23.941413669508353,62.012142137807501],[23.94155630003425,62.012082603207233],[23.94156235799295,62.01207995258391],[23.941590135740615,62.012067730791877],[23.941724655140312,62.012004063328071],[23.941750597308712,62.011990893448065],[23.941851296721207,62.011936986928603],[23.941875698772268,62.011923163001242],[23.941899786466234,62.011909233278907],[23.941923721558251,62.011895300169222],[23.9421831481088,62.011740099497246],[23.942201969727922,62.011728927768601],[23.942676169350051,62.011447792379236],[23.942688527689992,62.011440070808931],[23.943219160613587,62.01108904252866],[23.943229475481864,62.011082443508336],[23.943252165478246,62.011067952552224],[23.943275010013434,62.011053635708407],[23.943394074348603,62.01098351527925],[23.94341923998148,62.010970067371851],[23.943471455365493,62.010943824191791],[23.943490193883711,62.010934995211272],[23.943654641574756,62.010860040894876],[23.943681040743947,62.010847060480437],[23.943706684021507,62.01083380278309],[23.943731391479499,62.010820156011548],[23.943755017737011,62.010806045075014],[23.943777087797095,62.010791441481075],[23.943794125856066,62.01077879263525],[23.94381306265802,62.01076322123415],[23.943830595131011,62.010747358184624],[23.943862519612427,62.010714735989396],[23.943877044416165,62.010698177428687],[23.943891121372204,62.010681510122225],[23.943976134061597,62.010581536433044],[23.943990462923601,62.010567120629354],[23.944007364734048,62.010551063911898],[23.944043519183218,62.010519523615351],[23.944062626439674,62.010503964944668],[23.944102714982566,62.010473410174669],[23.944166877944241,62.010428844161126],[23.944419602249894,62.010271236225734],[23.944433543047541,62.010262210997745],[23.944455764956391,62.010247610669929],[23.944477986843836,62.010233010338332],[23.944613360938732,62.010146190199421],[23.944637149813669,62.010132163581481],[23.944661377504033,62.010118335338973],[23.94468625559303,62.010104692191355],[23.944763613612547,62.010064999927842],[23.944783892517822,62.010055477227446],[23.944811983247632,62.010043342620307],[23.944841594156198,62.010032059200626],[23.944873321538811,62.010022161231753],[23.944909046632972,62.010015855459521],[23.944946977610282,62.010014809095622],[23.944969588129744,62.010017106683513],[23.945005323689479,62.010023468156348],[23.945074634965444,62.010038478998425],[23.945111144825958,62.010043599873896],[23.945142207725336,62.010043569211675],[23.945178319701817,62.010038170310835],[23.945210046983686,62.010028272263909],[23.945237066233325,62.010015574818041],[23.945260223369875,62.010001363415711],[23.945344121237589,62.00994142266282],[23.945362797202016,62.009928630242335],[23.945384855767148,62.009913936320345],[23.945407553947771,62.009899535056235],[23.945431027039977,62.009885411478869],[23.945455111489657,62.009871481112086],[23.945479969052855,62.009857846358834],[23.94553217176567,62.009831692010358],[23.945587136428816,62.009806775677319],[23.945644225403658,62.009782975430717],[23.945673693068073,62.00977158984783],[23.945703637692162,62.009760403479468],[23.945734004959412,62.009749576829378],[23.945762671382951,62.009739700715528],[23.945793813743077,62.009729340403098],[23.946331995819016,62.009559013900358],[23.946363002303155,62.009548479766217],[23.946423295086362,62.00952645705393],[23.946452159818502,62.009514788452364],[23.946458216840782,62.009512137607409],[23.946600050067019,62.00945213128778],[23.946686794348089,62.009416957993572],[23.946776409034477,62.00938346526037],[23.946807531618063,62.009373104292024],[23.94682679273976,62.009367242096175],[23.946859427639218,62.009358001624378],[23.94689281948806,62.009349218103594],[23.946926634200363,62.009340982958335],[23.946961195984176,62.009333303365167],[23.94699619970535,62.009326172568962],[23.947031768982434,62.009319692126525],[23.94710377412974,62.009307810474802],[23.94714006440946,62.009302145514866],[23.947176499370833,62.009296753259264],[23.947395745085029,62.009265680305909],[23.947473969311936,62.00925429546411],[23.947510106894182,62.00924862702913],[23.94754609886721,62.009242694834832],[23.94758183148975,62.009236298722406],[23.947616960585769,62.009229440058533],[23.947651387465527,62.009221577637298],[23.947684607302783,62.009212790123669],[23.947716647248047,62.009202997266151],[23.947747023343172,62.00919226022463],[23.947776038711329,62.009180415018264],[23.947803218803173,62.009167810493963],[23.947828552629371,62.009154365556213],[23.947852176594637,62.009140244931395],[23.947874396048181,62.009125644035542],[23.947895363772595,62.009110754908157],[23.947915252089569,62.009095383721878],[23.947926653565307,62.009085933637671],[23.947944804178832,62.009070164644271],[23.947962027271185,62.009054114595699],[23.94797828761077,62.009037944419241],[23.948022856396374,62.008988361442931],[23.948036443419777,62.008971593079963],[23.948049390102987,62.008954729692441],[23.948125708262108,62.008853213762194],[23.948130504243267,62.008847121136519],[23.948158460140682,62.008813790350395],[23.948173478423158,62.008797233321481],[23.948189594923221,62.008780970103686],[23.948207276529825,62.00876510984876],[23.948226696672481,62.008749638426238],[23.948247961012321,62.00873483666831],[23.948263079902688,62.008725289143662],[23.948287180313091,62.008711367652452],[23.948312801615277,62.008698099685951],[23.948339674807485,62.008685308600683],[23.948367591228635,62.00867316945304],[23.948515547552564,62.008616450043228],[23.948520731437981,62.008614498490154],[23.948550196903213,62.008603112277427],[23.948579508665301,62.008591542984],[23.948608514379035,62.008579975897014],[23.948637367287059,62.00856821676571],[23.948750501702918,62.008520060741951],[23.948913086182131,62.008444169939239],[23.948939165796894,62.008431091677075],[23.94896494923794,62.008417917021198],[23.949065480468086,62.008363912045581],[23.949184185751687,62.008293698179109],[23.949194327865257,62.008287274598615],[23.949395100222983,62.00815617873829],[23.949417948654563,62.008141771202041],[23.949512878239954,62.008085665606735],[23.949536546589282,62.008072803416326],[23.949562174885926,62.008059454535356],[23.949641530251114,62.008020693274048],[23.949780613356566,62.007959194648308],[23.949809160102426,62.007947428516154],[23.950276945355323,62.007762863455739],[23.950282299486542,62.007760735931242],[23.950310692166109,62.007748786620276],[23.950338949308737,62.007736663616491],[23.950394978471529,62.007712299060898],[23.950422758565811,62.00769997683463],[23.950664821158561,62.007585513747166],[23.950690927326189,62.007572345926249],[23.950716708385407,62.007559179896155],[23.951247520297802,62.007276933142634],[23.951263502458126,62.007268482440509],[23.951288815000783,62.007255027459337],[23.951893241311211,62.006955899328915],[23.951899647537701,62.006952995451051],[23.951926967525242,62.006940483098276],[23.95195445015009,62.006928064171866],[23.952065574218665,62.006878872961735],[23.952093659128185,62.006866736830858],[23.952324954347354,62.00677304589054],[23.952359230037413,62.006760157134842],[23.952389142121312,62.00674904953096],[23.952419360434394,62.006738128361782],[23.952449741386097,62.006727300617143],[23.952970493897702,62.006545343796667],[23.952984371010036,62.006540161376044],[23.953014425347135,62.006529155606756],[23.953166144029524,62.006474751558684],[23.953228874967152,62.006454226276688],[23.95329337024943,62.006435168350919],[23.953326757062506,62.006426383238122],[23.953361007700007,62.006418515568974],[23.9533961412337,62.006411565763969],[23.953432156769974,62.006405542786396],[23.953468703895773,62.006400510763989],[23.953505818710585,62.006396299803811],[23.953543320632491,62.006392995752989],[23.953570049778591,62.006391160617468],[23.953607804175114,62.006388580820776],[23.953645180406603,62.006385004455758],[23.953680880396703,62.006378695950133],[23.953704294077554,62.006369879103914],[23.953728075817043,62.006355850867472],[23.953748724443908,62.006340855052166],[23.953767661442583,62.006325201552329],[23.953785654818233,62.006309428386274],[23.953802063136159,62.006293260859245],[23.953832081170791,62.006260244109583],[23.953848985235279,62.006244087527968],[23.953853690274126,62.006240418310156],[23.953875436062731,62.006225725206342],[23.953899991633087,62.006211983545903],[23.953927462691095,62.006199474156119],[23.953957230064272,62.006188273196024],[23.953988806020796,62.006178289038296],[23.954022029692602,62.006169410324453],[23.954056298934038,62.006161542900628],[23.954091738271828,62.006154779353174],[23.954127851912272,62.00614910873086],[23.954140758008865,62.006147327533789],[23.954177871530739,62.006143125354043],[23.954215229224744,62.006139539447119],[23.954327895569531,62.006129729070771],[23.9543652523347,62.006126152086921],[23.954402348779752,62.006122120160292],[23.954439192710083,62.006117363953365],[23.954475343230158,62.006111514382674],[23.954491909403075,62.006108295741015],[23.954526313093218,62.006100610845969],[23.954559249338146,62.006091545985541],[23.954590528596505,62.006081276648636],[23.954619835650188,62.006069706038829],[23.954646235217847,62.006056822487558],[23.954669538400722,62.006042603857729],[23.9546892687314,62.006027228286527],[23.954703417839379,62.0060128164913],[23.954717476559413,62.005996057960218],[23.95473090598632,62.005979285531765],[23.954745422589209,62.005962725766352],[23.954762488666596,62.005946662496839],[23.954784846064712,62.005932153454644],[23.954817159408076,62.005921287030937],[23.954852571429576,62.005914792201835],[23.95488982010766,62.005910763510578],[23.95492754693506,62.005908452264961],[23.954965642996676,62.005907227202627],[23.955003819951788,62.005906722609716],[23.955042007018061,62.005906308066201],[23.955080067246438,62.005905441528022],[23.955118181212551,62.005904037145591],[23.955156061723823,62.005901908904526],[23.955193274522792,62.005898238686797],[23.955216168830116,62.005894611674435],[23.955250840483092,62.005887300851839],[23.95528362257674,62.005878052748429],[23.955314154214634,62.005867227728203],[23.955342247019043,62.005855180980568],[23.955349669721361,62.00585166155183],[23.955375132100588,62.005838397830807],[23.955398597441715,62.005824272502203],[23.955420352041244,62.005809480544706],[23.955440520689081,62.005794303207892],[23.955514224886699,62.005731436593877],[23.955532623243204,62.005716570526246],[23.955553115943339,62.005701400328576],[23.955575807069611,62.005686988370726],[23.955602196684151,62.005674005607425],[23.955630289511678,62.005663486029746],[23.955662899630727,62.005654234045046],[23.955697616837931,62.005646654611546],[23.955733460304511,62.00564061827167],[23.955770015101546,62.005635495991996],[23.955880940610569,62.005622043504076],[23.955915705214647,62.00561724101663],[23.955951836063015,62.005611579295184],[23.955987706301485,62.005605273971554],[23.956022838312631,62.005598323487341],[23.956057375691323,62.005590820849285],[23.956091192746634,62.005582493773474],[23.956123983214113,62.005573155827292],[23.956155251569726,62.005562984731334],[23.956185017509732,62.005551783280673],[23.956213099565257,62.005539646291346],[23.956224256897848,62.005534322677271],[23.95624941236958,62.005520872357316],[23.956273344826769,62.005506847036173],[23.956296188018356,62.005492438323408],[23.956340603626835,62.00546333231437],[23.956362978988761,62.005448823429553],[23.956385974643752,62.005434418068134],[23.956409753524984,62.005420398319401],[23.956434738097485,62.005406935212854],[23.956439318523671,62.005404700549789],[23.956466778864584,62.005392280281107],[23.956495643908958,62.005380528848761],[23.956525237927938,62.005369323535035],[23.956707006275419,62.005303810348728],[23.956735871143866,62.005292058864889],[23.956763331262842,62.005279638535669],[23.956791915658581,62.005264188565441],[23.95681506468577,62.005249966195407],[23.956836502076808,62.005235086178054],[23.956856670532435,62.005219899662436],[23.956875768795651,62.005204330181769],[23.956893930618463,62.005188569344924],[23.956911291272021,62.005172602169864],[23.956928021478934,62.005156441407841],[23.957057346027643,62.005026453669302],[23.957075336927687,62.005010680056216],[23.957094434050962,62.004995119507271],[23.957114917429955,62.004980029743585],[23.957129914928998,62.004970119291343],[23.957153358822289,62.004956002196671],[23.957177768295459,62.004942166929943],[23.957203067347475,62.004928800470594],[23.957229168418095,62.004915631376313],[23.95747410902754,62.004802478270179],[23.957485652675452,62.004796534228284],[23.957535808438848,62.004769441078118],[23.957559902376513,62.004755508950495],[23.957583346799787,62.004741382816185],[23.9576060353534,62.004726979476146],[23.957628103305414,62.004712283947711],[23.957670023714858,62.004682304984605],[23.95770899183362,62.004651461333339],[23.957727621543366,62.004635791572866],[23.957745763513717,62.004620030197188],[23.957780654865601,62.00458809940443],[23.957797698601251,62.004572044285133],[23.957814438122742,62.004555973469273],[23.957831167506324,62.004539812591375],[23.957959378416046,62.004409619860148],[23.958001746170087,62.004376874724414],[23.958017640752498,62.004364288875408],[23.95813232806178,62.004271160722716],[23.958309441425968,62.004112220653589],[23.95832601775551,62.00409605634696],[23.958419946965513,62.003997978291537],[23.958448706991248,62.003964663386938],[23.958457304536939,62.003954342135877],[23.958571001132746,62.003821133681527],[23.958574427687719,62.003817436119263],[23.958590364356095,62.003801167840606],[23.958849079950312,62.003561125707868],[23.95886535865688,62.003544873928227],[23.958868586702227,62.00354144149145],[23.958883759185785,62.003524976657303],[23.958897166137561,62.003508203376533],[23.958907261017085,62.003490916854318],[23.958911290950827,62.003473128251393],[23.958909481295326,62.003457366945177],[23.958902864075856,62.003439801706321],[23.958884637230945,62.003404911491039],[23.958882636951991,62.003400636076336],[23.95887587616431,62.003382977832963],[23.958871212520215,62.003365177181344],[23.958868663294588,62.003347252470142],[23.958867869169683,62.003329357481135],[23.958868704720611,62.003311408595422],[23.958870492746186,62.00329348969867],[23.958877121360686,62.003257701257169],[23.958879787422848,62.003247069501938],[23.958884941416613,62.003229314672531],[23.958890897127507,62.003211568539847],[23.958897796359562,62.003193942034954],[23.958905984112135,62.003176424798738],[23.958915440421329,62.00315902537438],[23.958920250733712,62.003151225839474],[23.958931605097277,62.003134146765596],[23.958944076368617,62.003117173174985],[23.958957653812906,62.003100412634559],[23.958987807542709,62.003067478734785],[23.959004230393163,62.003051310974904],[23.959021596749963,62.003035262840164],[23.959152383406344,62.00292586922118],[23.959160991528265,62.002918692446087],[23.959232159692643,62.002855238097823],[23.959265157420347,62.002822905877451],[23.959280481859334,62.002806444358178],[23.959294850851453,62.002789791079792],[23.959307952170054,62.002773011027116],[23.959319782847498,62.002755942429204],[23.959330517458778,62.002738750841644],[23.959339820847248,62.00272134802141],[23.959348752282914,62.002701161049771],[23.959355012685137,62.002683421620496],[23.959359690516798,62.002665647295025],[23.959362755695253,62.002647756557316],[23.959364246964668,62.0026295526213],[23.959364281379095,62.002611586070969],[23.959348485327201,62.002468244932018],[23.959347862530947,62.00245035372609],[23.959348211757916,62.002434020158525],[23.959349676193384,62.002416085140254],[23.959351941434797,62.002398167780008],[23.959355178188101,62.002380280825619],[23.959364037110845,62.002344730205287],[23.959382846327681,62.002291611354501],[23.959466594046216,62.002116596778066],[23.959469686194197,62.002109927218036],[23.959519486276381,62.001986538785822],[23.959600641743826,62.001702064048253],[23.959602803542669,62.00169322687946],[23.959609106768966,62.001657431241384],[23.959610417575611,62.001639501818197],[23.959609623031458,62.001621606827172],[23.959604149469623,62.001603878178337],[23.959592340779352,62.001586827358196],[23.959574136165763,62.001571063913083],[23.959565510710721,62.00156539369911],[23.959539659194924,62.001552156736544],[23.959509533147735,62.001541161267042],[23.959476294718456,62.001532441896828],[23.959440556994736,62.001526173848127],[23.959427687903723,62.001524542533311],[23.959389981991343,62.001521914370841],[23.959351827271075,62.001522061234617],[23.959314233960175,62.001524816744109],[23.959277530968922,62.001529756937295],[23.959242260803123,62.00153661528482],[23.959208151806845,62.001544667104902],[23.95917538451689,62.001553826543031],[23.959143948807682,62.001564003540373],[23.95911404517825,62.001575103699153],[23.959085509185091,62.001587051524652],[23.959071169043398,62.001593652700272],[23.959044928055558,62.001606729168138],[23.959020551037668,62.001620466610163],[23.958997864604527,62.001634879170943],[23.95897706031516,62.001649962092173],[23.958958118819965,62.001665526291156],[23.958941239118754,62.001681683961216],[23.958926239209092,62.001698152595822],[23.958912814925188,62.00171491650385],[23.958901136078339,62.001731997398018],[23.958891040911436,62.001749292891112],[23.958882377789706,62.001766790655651],[23.958875306402373,62.001784422344393],[23.958870008188807,62.00180209313875],[23.958847416525458,62.001909201147996],[23.958842739418511,62.001926966492697],[23.958836955550712,62.001944716412069],[23.958829388362076,62.001962337164606],[23.958820104888009,62.001979731408255],[23.958808578416601,62.001996815657101],[23.958794533678532,62.002013476035764],[23.958777319438656,62.002029536474872],[23.958756676243766,62.00204453308455],[23.958735491621098,62.002056912489365],[23.958708638493903,62.002069607070382],[23.958679174200448,62.002081085164221],[23.95864790043526,62.002091355467449],[23.958615123443675,62.002100604406451],[23.958581320788735,62.002108833529668],[23.95854661638203,62.002116333046494],[23.958521359151138,62.002121076319881],[23.95841408640069,62.002140001482978],[23.958378959819484,62.00214694364346],[23.958345300919174,62.002155454374936],[23.958314629330115,62.002166007397946],[23.958288846298068,62.002179273508794],[23.958271669550705,62.00219514606033],[23.95826523494781,62.002209647489487],[23.958262806430785,62.002227471403927],[23.958262143066197,62.002245415107659],[23.958260182266756,62.002263339175741],[23.958252868402827,62.002281863856524],[23.958241981714792,62.002299043029829],[23.958228403353736,62.002315812465255],[23.95819728700835,62.00234862614829],[23.958181990238064,62.002364998327309],[23.958168392746952,62.002381767335706],[23.958163268354301,62.002389649754413],[23.958154461035502,62.002407054464086],[23.958149458409785,62.002424821594936],[23.958149119107627,62.002442772447431],[23.958152735708587,62.002456507390121],[23.958168054342096,62.002491612069285],[23.958175795894185,62.002509202156702],[23.958181168292253,62.002524682724498],[23.958185355639529,62.002542463919255],[23.958187246292262,62.002560472945],[23.95818676252469,62.002578339757335],[23.958184000841719,62.002596246158262],[23.958179170696418,62.002614008111102],[23.958172098693115,62.00263163975815],[23.958162967166682,62.002649037317269],[23.958151755257528,62.002666218295353],[23.958125706039006,62.002699952272785],[23.958066333765171,62.002766011029301],[23.957982969067789,62.002846722877401],[23.957965439621116,62.002862677454168],[23.957960871421633,62.002866709162625],[23.957780631960006,62.003024861059757],[23.957701772624016,62.003086267443784],[23.957617451250016,62.003146106911068],[23.957573182982582,62.003175315336904],[23.957550180393049,62.003189621890598],[23.957525963185898,62.003203461442929],[23.957516256059289,62.003208817142891],[23.957246438885566,62.003359961151141],[23.957176539992791,62.003402609445381],[23.957131488888564,62.003431611810392],[23.957110204578012,62.003446504215631],[23.95709033357555,62.003461787150933],[23.957079613111095,62.003470974453968],[23.957062234471724,62.003486941239451],[23.957030675927509,62.003519565262891],[23.957002085506932,62.003552892617449],[23.956988659324821,62.003569656322625],[23.956857311533771,62.003757094732279],[23.956818137727645,62.003807607829238],[23.956803623303731,62.003824167830594],[23.956798199465759,62.003830067192261],[23.956782414373063,62.003846338624065],[23.956748001607703,62.003878450421134],[23.956729543481654,62.00389412383776],[23.956709988087585,62.003909494543173],[23.956689314566429,62.003924580043943],[23.956667418356965,62.003939279211686],[23.956644118626976,62.003953489234632],[23.95661942253685,62.003967138400853],[23.956593322029711,62.003980307384758],[23.956575948800339,62.00398836860974],[23.956547553132516,62.004000408891969],[23.956518095998806,62.004011787901732],[23.956487575609604,62.004022523566078],[23.9564560119288,62.004032607341294],[23.956390884084648,62.00405137418457],[23.95629092355129,62.004077556305475],[23.956257242867849,62.004086066087581],[23.956187706624636,62.004104196516288],[23.95615521390204,62.004113630862449],[23.956123793608295,62.004123807566323],[23.956095091388946,62.004135661320177],[23.956072726730632,62.004150071566229],[23.956058678584821,62.004166740610216],[23.956053963659198,62.004184864399242],[23.956054098877342,62.004202834721049],[23.956055863823227,62.004220751179723],[23.956055828325823,62.004238708749497],[23.956050843216467,62.00425647621153],[23.956041975835905,62.004267959247152],[23.95602178855296,62.004283145225969],[23.955994617121309,62.00429574246148],[23.955964258922325,62.004306571433936],[23.955932819297388,62.004316747671567],[23.955867574957768,62.004335332036831],[23.955848354561308,62.004340836973064],[23.955816167729946,62.004350457670597],[23.955753163748877,62.004370717484178],[23.955722643627595,62.00438144401096],[23.95569334758132,62.004392925231215],[23.955665094778649,62.004405058333226],[23.955638400951837,62.004417845719509],[23.95562159378467,62.004426548185343],[23.955597203100535,62.004440383596709],[23.955574054136349,62.004454605764117],[23.955552157901696,62.00446929578424],[23.955511009722031,62.004499560691144],[23.955492829389716,62.004513973392534],[23.95543539017573,62.00456058824377],[23.9554159862425,62.004575962125585],[23.955374378988402,62.004606037187052],[23.955351680526963,62.004620529793208],[23.95534262088249,62.00462589964777],[23.955317752049339,62.004639544783821],[23.955291515768653,62.004652530867219],[23.955264047570235,62.004665031579343],[23.955235803299733,62.004677074951431],[23.955206965579389,62.004688745868201],[23.955147426613497,62.004711229024402],[23.954868945280264,62.004805768964758],[23.954838423517788,62.004816504254585],[23.954778576889971,62.004838809775919],[23.954749587191792,62.004850468262354],[23.954721505204613,62.004862604955115],[23.954708997472036,62.004868437648007],[23.95457609574737,62.004932772494847],[23.954547870026378,62.004944816143528],[23.954518238724653,62.004956199888476],[23.954487123264776,62.004966562646374],[23.954454197181999,62.004975537859366],[23.954435093482196,62.004979868324384],[23.954399692576462,62.004986453113304],[23.954363272970948,62.004991757680564],[23.954326159983601,62.004995968883584],[23.954288525233686,62.004999090512101],[23.954099051448804,62.005009540108723],[23.95409289580649,62.00500994316841],[23.954055143157976,62.005012523109194],[23.95398014281438,62.005019131501847],[23.953905934582473,62.005027374412812],[23.953869082935196,62.005032220124519],[23.953832519599178,62.005037431542256],[23.953760536966076,62.00504921818866],[23.953724973183164,62.005055709373231],[23.953689832332984,62.005062748912223],[23.953620739709415,62.005077932272975],[23.953586903491548,62.005086258321718],[23.953553384500683,62.005094851896992],[23.95352046811708,62.005103916944563],[23.953488136167419,62.005113444079527],[23.953464370103124,62.005120824686074],[23.953433111431796,62.005131085230005],[23.953069380488163,62.005262008805929],[23.95303824605762,62.00527236184643],[23.95300668891495,62.005282355176824],[23.952974643788782,62.005292068207751],[23.952942024299549,62.005301409193493],[23.952908792064282,62.005310188628151],[23.952874974465882,62.005318514920504],[23.952840562296192,62.005326289046188],[23.952805411971269,62.005333417995203],[23.952769856621963,62.005339819291159],[23.952733581048111,62.005345396132007],[23.952696756624324,62.005349963646594],[23.952659220049007,62.005353626030171],[23.952619865102541,62.00535617017978],[23.952391434815759,62.005363429842696],[23.952353457181122,62.005365195822961],[23.952315694993395,62.005367864922619],[23.952292467472493,62.005370046699035],[23.952255353752786,62.005374257340101],[23.952218808567427,62.005379280084242],[23.952182658503343,62.005385129066852],[23.952147102967185,62.005391530201116],[23.95211195240941,62.005398658971856],[23.951941088925739,62.005438534273821],[23.951907117240395,62.005446677255655],[23.951873209435572,62.005454372457038],[23.951838654176704,62.005462044355717],[23.951803953284777,62.005469452500066],[23.951698248623202,62.005490114244495],[23.951662540316516,62.005496511880366],[23.951590546820498,62.005508387020448],[23.95155411715405,62.005513780477408],[23.951480592540651,62.005523384776907],[23.951443352880101,62.005527322909344],[23.95140583274565,62.005530625973307],[23.951368232927543,62.005533388244295],[23.951330200090492,62.005535512074161],[23.951292230919183,62.005536999459082],[23.951254180040809,62.005537775315808],[23.951216039386939,62.005537920319],[23.951191757128811,62.005537652999003],[23.951115725799855,62.005535253379918],[23.950964003990844,62.005527047748849],[23.950941432268547,62.005525919834845],[23.950903290420602,62.005524357823582],[23.95086525628135,62.005523247367719],[23.950827015781485,62.005522671360097],[23.950788884117003,62.005522726606699],[23.950750833247582,62.005523502324586],[23.950712943964547,62.005525718995706],[23.950675704207807,62.005529656920274],[23.950639706229243,62.005535508868562],[23.950605158648877,62.005543099780944],[23.950580961720966,62.00555019188463],[23.950550437722534,62.005560926210613],[23.950521119544579,62.005572405889787],[23.950464808200831,62.005596575540544],[23.950436552218338,62.005608707549946],[23.950407549149489,62.005620284011393],[23.950377178697796,62.005631201370377],[23.950345295926233,62.005640998252424],[23.950311045410825,62.005648865174244],[23.95027905273696,62.005653458052272],[23.950241559242205,62.0056564918821],[23.950203499225086,62.00565735708647],[23.950165258574749,62.005656780894398],[23.950127306170003,62.005655043186145],[23.950089596032573,62.005652412455859],[23.950072827865792,62.005650963567028],[23.949997704838257,62.005644450922652],[23.949959733391001,62.005642712746699],[23.949921700300631,62.005643308957794],[23.949897166764607,62.005645551288168],[23.949861331151396,62.005651496465774],[23.949827071530535,62.005659452905114],[23.949794154346822,62.005668508088206],[23.949762405060497,62.005678496449107],[23.949731574425247,62.005689044144049],[23.94970090641506,62.005699685266457],[23.949669616963483,62.005710043125745],[23.94963759030853,62.005719746829485],[23.949604644065396,62.005728900147155],[23.94957026763301,62.005736494593307],[23.949555211176929,62.005738946494297],[23.949518241349359,62.005743429105259],[23.949480586150493,62.005746548991148],[23.949366875477377,62.005752469316754],[23.949328985819385,62.005754685605282],[23.94929148426035,62.005757988512741],[23.949278138355428,62.005759579854448],[23.949241690048037,62.005765151973094],[23.949206556346319,62.005772100719319],[23.949172746220384,62.005780336455643],[23.949140413114765,62.005789853594031],[23.949109601223313,62.005800401569616],[23.949079660862033,62.005811597678679],[23.949022276731231,62.005835204009252],[23.948940144563913,62.005872735529643],[23.948934061562209,62.005875655405973],[23.948854855443528,62.005914500349718],[23.948552090472965,62.006076030200816],[23.948527389054238,62.006089677881249],[23.948517328330436,62.006095294672527],[23.948420224901962,62.006150632726126],[23.948374387443408,62.006179345506212],[23.948352466542541,62.006194042892716],[23.948331806408749,62.006209127523007],[23.948312407940712,62.00622459043376],[23.948294259251973,62.006240359492907],[23.948282004163381,62.006251856953867],[23.948266186113674,62.006268207622462],[23.948251817515143,62.006284779022145],[23.948238547046738,62.006301644232245],[23.94822639356158,62.006318615012503],[23.948215327219831,62.00633579850733],[23.948205396036151,62.006353096958705],[23.948196410218625,62.006370497183234],[23.948188206442961,62.006388103371123],[23.94812964132344,62.006547139502658],[23.948125369162291,62.00655754691001],[23.948093248879768,62.006627708528519],[23.948053953915579,62.006696992668012],[23.948042907300746,62.006714167604898],[23.947994261419293,62.006782166747392],[23.947951757639437,62.006832154724037],[23.947903411785845,62.006880935352989],[23.947868040605272,62.006912754403942],[23.947849260862768,62.006928329773295],[23.947809812111633,62.006959070360352],[23.947789151182349,62.006974154903013],[23.947785011827069,62.006976938076207],[23.947763720466739,62.00699182898861],[23.947719141922232,62.007020928788869],[23.947695978347291,62.007035239232678],[23.947623410407946,62.007076835731837],[23.94733822657971,62.00722160241245],[23.947257765182375,62.007261856128366],[23.947104598696487,62.007341816432309],[23.94703188564009,62.007383319593693],[23.946962880782245,62.007426342204297],[23.946919541686498,62.007455837537549],[23.946898709246625,62.007470909177719],[23.946893489405415,62.007474746451308],[23.946854047058689,62.00750540607811],[23.946566207572499,62.007758608745647],[23.94654696785166,62.007773994096759],[23.946532488163385,62.00778517265536],[23.946512141243382,62.007800353813742],[23.946447968251764,62.007844920566399],[23.946379438266032,62.007887953426838],[23.946281227010569,62.007942996075329],[23.946203111396571,62.007982312958283],[23.946176246931326,62.00799501398852],[23.946093035076238,62.008031972038268],[23.946064641399285,62.008043911505005],[23.945976847301111,62.008078531075427],[23.945946931601537,62.008089637264291],[23.945936735115055,62.008093355314436],[23.945906369585284,62.008104182022194],[23.945781233464245,62.008145242350494],[23.94571654931897,62.008164382545175],[23.945683923455583,62.008173542079504],[23.945583778579248,62.008199613882752],[23.945480672347117,62.00822319442468],[23.945410542243387,62.008237362657667],[23.945375116580376,62.008243944669694],[23.945303257983127,62.008256098148159],[23.945266959441458,62.008261663607023],[23.94524327923277,62.008265091931456],[23.944875017185716,62.008312175377007],[23.944838602086538,62.008317567452728],[23.944766733026515,62.008329630588662],[23.944748030061298,62.008333169091713],[23.944713037958291,62.008340380418979],[23.944678611343061,62.008348242109349],[23.944645237952713,62.008356845822092],[23.944613197039143,62.008366646930533],[23.94458359577245,62.00837784963889],[23.944556731186879,62.008390541382951],[23.944533052369849,62.008405199267109],[23.944513487017296,62.008420577141912],[23.944496901892375,62.008436730755349],[23.944482530200098,62.00845330173874],[23.944424380067883,62.008538778153024],[23.944411259039022,62.008555646350921],[23.944408532556615,62.008558820082548],[23.944393197153147,62.00857527986917],[23.944375981461025,62.008591239825044],[23.944357037336079,62.008606900955932],[23.944336374471558,62.008621975996867],[23.9443141537133,62.008636576315503],[23.944290537512554,62.00865060668955],[23.944265373304692,62.008664063737953],[23.944238814552218,62.008676941876423],[23.94421101202111,62.008689262412162],[23.944181842106545,62.008700923784751],[23.944167468684594,62.008706265051302],[23.944136940174698,62.008716988956223],[23.944105348512601,62.008727069420836],[23.944073172452313,62.008736687743401],[23.944040230279423,62.008745750059774],[23.944006703710357,62.008754350233225],[23.943972717249636,62.008762580859319],[23.94376550807069,62.008808369910589],[23.94372878648829,62.00881680937912],[23.943593481359176,62.008850006297031],[23.943560260768695,62.008858792821009],[23.943397072375618,62.008905296379268],[23.943302305908198,62.008935438632051],[23.943271317186756,62.008945981462837],[23.94318049422008,62.008978726481345],[23.943150854778136,62.008990107727563],[23.94306475719679,62.009025472853061],[23.942982465514099,62.009062907692027],[23.942971980874962,62.009067966705103],[23.942919633746932,62.009094027062083],[23.942894153360065,62.009107387029296],[23.942796715773785,62.009162615191464],[23.942706261929658,62.009220432693887],[23.942621874096638,62.009280271198108],[23.942601524225999,62.009295451758447],[23.942427430849271,62.009434586254343],[23.942408961968326,62.009450257676448],[23.942392942240371,62.009463997990046],[23.941940543104295,62.009879185485794],[23.941923172810782,62.009895141737452],[23.94190701569471,62.009910055823376],[23.941745931528637,62.010052622315804],[23.941629921495981,62.010145439077455],[23.941609551474162,62.010160619060215],[23.941600182223716,62.010167508441853],[23.941537095251945,62.010212366685877],[23.941448012238695,62.010270752867093],[23.941425024777679,62.010284967423068],[23.941329127846906,62.0103407768175],[23.941304114575985,62.010354416388026],[23.941226732289206,62.010394106254537],[23.941200178840361,62.010406903113832],[23.941118025593958,62.010444420854213],[23.941089789467519,62.010456461675446],[23.941079878917147,62.010460554062306],[23.940818449696195,62.010565318411579],[23.940790356912402,62.010577452191825],[23.940762885540632,62.010589869262347],[23.940710219579127,62.010615822954847],[23.940685024089262,62.010629368541458],[23.940661108519333,62.010643301864199],[23.940638254980687,62.010657698944101],[23.940616813965125,62.010672495686507],[23.940596758301137,62.010687772342898],[23.940584994633035,62.010697564196477],[23.940567298036736,62.010713522040206],[23.940551176443456,62.010729784331645],[23.940481958625629,62.01081339672497],[23.940474964507107,62.010822135471685],[23.940404142093136,62.010905352887463],[23.940388650748261,62.010921808818487],[23.9403388828072,62.010970286010533],[23.940320879702448,62.010986057352454],[23.940302085461468,62.011001712320386],[23.94028738634421,62.011013514273827],[23.94024668281314,62.011043865703208],[23.940203628182861,62.011073455247619],[23.94018155711888,62.011088049293633],[23.939923692330023,62.011243828942767],[23.939914609987763,62.011249377025429],[23.939891583088563,62.011263779130928],[23.939868900364967,62.011278179885451],[23.939372153679425,62.011618358871594],[23.939350080918512,62.011632961742421],[23.939341808395753,62.011638437923814],[23.93931926780364,62.011652940571153],[23.939132427529575,62.011766454309686],[23.939108176053715,62.011780290094954],[23.938957288525238,62.011861280798925],[23.938931182631205,62.011874356699884],[23.938769022893478,62.011950335655726],[23.938761119984978,62.01195384358541],[23.938647335674272,62.012001707911786],[23.938529294156229,62.012047231718498],[23.938499209206825,62.012058242797799],[23.938344862488506,62.012111045959038],[23.938217143554677,62.012150335584508],[23.938184808394393,62.012159769409891],[23.938019065881885,62.01220422489213],[23.93788271352193,62.012236593730407],[23.9378482987829,62.012244274398959],[23.937842384629128,62.012245490657982],[23.937419734019041,62.012328531335939],[23.937210024819279,62.012371650262175],[23.937141473864084,62.012387466637684],[23.93703676273158,62.012414060020092],[23.936906195614146,62.012451227947956],[23.936874157834737,62.012460928610309],[23.936866010407595,62.012463442793852],[23.936834268899815,62.012473428523315],[23.936802842595366,62.012483511083616],[23.936679782670634,62.012526047124496],[23.936620367372811,62.012548525468745],[23.936591190863545,62.012560185189301],[23.936534548454173,62.012584171469605],[23.936507055368867,62.012596578280011],[23.93648034543601,62.012609370813855],[23.936453779049472,62.012622256368786],[23.936401412113732,62.012648394841229],[23.936375943256859,62.012663101510739],[23.936365807044496,62.012669614180176],[23.936358595519152,62.012674035711612],[23.936190973500302,62.012653872112601],[23.934334760118261,62.012430723781982],[23.93431461894879,62.012498094529391],[23.934285318434242,62.012595887335742],[23.934174354603226,62.012577259091749],[23.934159835065994,62.012576037974952],[23.934084607417894,62.01257023325784],[23.934046655448526,62.012568221743514],[23.934024845097593,62.012567458425146],[23.933986739903332,62.012567159387054],[23.933948634703572,62.012568189935472],[23.933941847889734,62.01256857809296],[23.933904363441322,62.012571607840215],[23.933867796782529,62.012576724245882],[23.933833209018559,62.012584400087924],[23.933815780318657,62.012589672411067],[23.933786018420705,62.012600869353989],[23.933729499149361,62.01262493810966],[23.933665823497883,62.012648317703658],[23.933637105457347,62.012660157702591],[23.933608701140141,62.012675337647735],[23.933586481303564,62.012689846543054],[23.933506135510399,62.012750838816203],[23.933483276114288,62.012765243639649],[23.933435866613397,62.01279337783884],[23.933412863591684,62.012807689620679],[23.933348813449363,62.012852253457524],[23.933330230131983,62.012865765116949],[23.933212626703821,62.012958090732688],[23.933088589145246,62.013069318779877],[23.933084312255215,62.013073446051507],[23.9326905775123,62.013462150483079],[23.93268248313796,62.013469067655755],[23.932586312297154,62.013546507176002],[23.932439406457359,62.013651476526064],[23.932417644127504,62.013666175102159],[23.932143689457803,62.013838733319176],[23.932124340891022,62.013850341220049],[23.931679194843952,62.014119511422798],[23.931656820435308,62.014134016597986],[23.931485967761649,62.014252907206576],[23.931474298198303,62.01426172120992],[23.931216952610434,62.014461149377681],[23.931151176048296,62.014505134856101],[23.931128170649366,62.014519446239127],[23.931080125768567,62.014547385889358],[23.931055266079099,62.014560937302264],[23.931029613278977,62.014574201551184],[23.931003349979921,62.014587263552855],[23.930976329802281,62.014599868504142],[23.930948516513578,62.014612186290229],[23.930919958195773,62.014624119158917],[23.930915249018778,62.014626080645805],[23.930767258182122,62.014682700498199],[23.93073915761213,62.014694832176453],[23.930712109124311,62.014707526286948],[23.930686934816421,62.014720971815478],[23.930663929035841,62.014735283118313],[23.930658049357959,62.014739374657196],[23.930638625494751,62.01475475387781],[23.930621390032936,62.014770801674317],[23.930606063078915,62.014787260273373],[23.93059230119454,62.014803933373699],[23.930541380373995,62.014871598006145],[23.93052788040518,62.014887378551663],[23.930512535169605,62.014903827751269],[23.93049593814154,62.014919988563129],[23.930478242816214,62.014935855418827],[23.930459277524715,62.01495142449776],[23.930439081317306,62.014966687684613],[23.930417308041577,62.014981475567616],[23.930394139300208,62.014995693365897],[23.930369423402084,62.015009328719188],[23.930343311133871,62.015022402949896],[23.930315678911825,62.015034814485389],[23.930291521124094,62.015044428529457],[23.930261593797745,62.015055522264596],[23.930108738675766,62.01510915839583],[23.930079394599574,62.015120723247129],[23.930051465019485,62.015132858601163],[23.930025200818111,62.015145920410028],[23.930008272015371,62.015155695300713],[23.929986183165351,62.015170386259378],[23.929966463432955,62.015185659987708],[23.929948911236252,62.015201619805339],[23.929933421062831,62.01521798486754],[23.929919345290536,62.015234731776644],[23.929906365878331,62.015251601908417],[23.929894521880112,62.015268587148611],[23.92988360448501,62.015285862525445],[23.929879146072022,62.015293300683489],[23.929869345014609,62.015310690744407],[23.929860812897314,62.015328198886429],[23.929853254469212,62.015345719716571],[23.929846955047214,62.015363457228638],[23.929842276945841,62.015381230827828],[23.929839669824002,62.015399131376711],[23.929839942040701,62.015417104997567],[23.92984297905214,62.015434960481379],[23.929848743617583,62.015452688015223],[23.929857110437798,62.015468685696739],[23.929868268179575,62.015485823550861],[23.929881056200614,62.015502719192774],[23.929933339141972,62.015570084353577],[23.929943991988939,62.015587300800362],[23.929950470386498,62.015601360866171],[23.929956253214517,62.015619097783926],[23.929959442907847,62.015636956661631],[23.929960364633985,62.015654935752949],[23.92995888205348,62.015672870315491],[23.929955310294137,62.015690668541453],[23.929949812893415,62.015708414924561],[23.929942568747425,62.015726041576102],[23.929934036548964,62.015743549721314],[23.929924092710962,62.015760837787653],[23.929912707315196,62.015778012914282],[23.929900051929444,62.015794890260189],[23.929886128461153,62.015811640559356],[23.929880698248756,62.015817718505239],[23.929849222127139,62.015850428603265],[23.929831993747435,62.015866395619412],[23.929813829680842,62.015882162131675],[23.929774818869816,62.015912997589936],[23.929732540261075,62.015942870907963],[23.929710919436577,62.015957653104067],[23.929576270123093,62.016044745294522],[23.929571613846822,62.016047696133626],[23.929269797935145,62.016232835178805],[23.929095682769837,62.0163281219791],[23.929069712378844,62.016341288990063],[23.928963278471244,62.016392723287858],[23.928935787999396,62.016405227567653],[23.928823051906257,62.016453556803278],[23.928798569239746,62.016463343052216],[23.928769089734413,62.016474715977026],[23.928738987863618,62.01648581450889],[23.928677003983559,62.016506705203916],[23.928645101996807,62.016516505905301],[23.928612309502146,62.016525657906278],[23.928578329339302,62.016533885075944],[23.928543313114016,62.016541011113425],[23.928507279904537,62.016547036442716],[23.928470582106034,62.016551879072018],[23.928433173436989,62.016555618824199],[23.928389778309835,62.016558246028005],[23.92835178450644,62.016559825603615],[23.928237579228689,62.016563750741909],[23.928199702849604,62.016565871918026],[23.928162176786383,62.016569258615476],[23.928125622470105,62.016574194187442],[23.928090597055501,62.016581409745605],[23.928058858345491,62.016591294805792],[23.928033320045763,62.016603393200143],[23.928011257298692,62.016617994615672],[23.927993388904525,62.016633848348015],[23.927978680015016,62.01665041029208],[23.92796601414647,62.016667377086328],[23.927955601039159,62.016684564742775],[23.927953411178098,62.016688648515157],[23.927945049232086,62.016706160349813],[23.927937956277738,62.016723790283763],[23.927912415330308,62.016812682025282],[23.927894018580528,62.016865806703287],[23.927887701878028,62.016878962029196],[23.927878205262143,62.016896349768551],[23.927867142556778,62.016913531936275],[23.927854801698487,62.016930496977224],[23.92784087567092,62.01694725602092],[23.927825707739746,62.016963628052501],[23.927808783860687,62.016979781298609],[23.927790303737645,62.016995441709007],[23.927770256519764,62.017010716846855],[23.927748489513117,62.017025414651101],[23.927724994579314,62.017039615793777],[23.927700274912173,62.017053259611195],[23.927596302891669,62.01710582581422],[23.927570187626149,62.017118899497923],[23.927519507014711,62.017145791093746],[23.927495561214801,62.017159721627891],[23.927473164388843,62.017174216704035],[23.927457340881457,62.017185902526165],[23.92743822906278,62.017201378131297],[23.927420694339499,62.017217329068977],[23.927404705795961,62.017233682780748],[23.927390167969566,62.01725024848114],[23.927376871935195,62.017267012533019],[23.927308557124213,62.017369774659521],[23.927298376612505,62.017384460978292],[23.927286206017495,62.017401438752124],[23.927273540345318,62.017418396513165],[23.927204107023577,62.017501917352156],[23.927123781100896,62.017583299932511],[23.927106397690618,62.017599263190242],[23.927032759428275,62.017662108415834],[23.927029769320015,62.017664647104404],[23.926790377842124,62.017848126309111],[23.926772059299211,62.017863880036181],[23.926737435328842,62.01789589949162],[23.926706125326547,62.017928612654394],[23.926691882951356,62.017945274711771],[23.9266787488598,62.017962132152029],[23.926666577681168,62.017979109866381],[23.926655666492991,62.017996295327912],[23.926646168809988,62.018013682973475],[23.926642284513409,62.018021861522186],[23.926634885262288,62.01803948457944],[23.926628593318718,62.018057123323281],[23.926619681226175,62.018092770099102],[23.926611527240595,62.018146482206532],[23.926599776675651,62.018290023987646],[23.92658731019862,62.018364114077158],[23.926553156728165,62.018488659085975],[23.926547027278996,62.018506391285847],[23.926441924993931,62.018770913140067],[23.926440816224208,62.018773942925606],[23.926434037141281,62.018791669631312],[23.926264999281383,62.019287671691622],[23.926263602161772,62.019292042620307],[23.926257633126117,62.019309697531263],[23.926201050676244,62.019450713105492],[23.926192535211872,62.01946821245253],[23.926163436665327,62.01952028995624],[23.926151732431325,62.019537367879558],[23.926138768119191,62.019554238048286],[23.926124678170851,62.01957089447405],[23.926109183667208,62.019587259071066],[23.926092257387005,62.019603412086461],[23.926074090020776,62.019619169109205],[23.926054670710602,62.019634637702474],[23.926033990330172,62.019649718840633],[23.926012058830519,62.019664313923116],[23.925991470072933,62.019676971472478],[23.925966891033845,62.019690707993739],[23.925915583202958,62.019717315593248],[23.925808367036041,62.019768370927906],[23.925781331033885,62.019781064447635],[23.925676868390916,62.019833438780921],[23.92565261339524,62.019847182471807],[23.925646283165463,62.019850985282687],[23.925623414667484,62.019865388734146],[23.925601788124816,62.019880179212798],[23.925581279046771,62.01989526410663],[23.925561688518385,62.019910719837178],[23.925543348092084,62.019926481923733],[23.925526116010122,62.019942439401781],[23.925509981415104,62.019958699835406],[23.925480243262101,62.019991717313552],[23.925440680865172,62.020042312731469],[23.925428661658966,62.020059284760492],[23.925396096235875,62.020110835671012],[23.925391833930991,62.020118017549706],[23.925382181309516,62.020135410657005],[23.925346654008102,62.020205123669605],[23.925338585734313,62.020222731762537],[23.925203989096737,62.020557639390695],[23.92519690388124,62.020573652305174],[23.925145095029123,62.020678488381172],[23.925135785479046,62.020695889122159],[23.925051967458462,62.020833871639773],[23.925040415605778,62.020850943897258],[23.924939318619717,62.020986394082954],[23.924928660915864,62.02099953339237],[23.924826293854604,62.021115550191915],[23.924810797848391,62.021131914630665],[23.924678592427252,62.021261271934968],[23.92449526154488,62.021418596880316],[23.924486324693117,62.021425674523812],[23.924466904310655,62.021441133914223],[23.924447320352328,62.021456508801194],[23.924241587226646,62.021607674214948],[23.923928938499891,62.021811337490306],[23.923913329395493,62.021820862644596],[23.923889999730324,62.021835075883516],[23.923332285312163,62.022153808978842],[23.923321700451531,62.022159592068022],[23.922708633585337,62.022503321082191],[23.922690501152861,62.022513966702682],[23.922666693356767,62.022527980426055],[23.922550030065057,62.022598946459006],[23.922527158017758,62.022613349370268],[23.922418445244713,62.022686999138294],[23.922398219818476,62.022702269613745],[23.922359823195126,62.022733296589934],[23.922341651093554,62.022749062054878],[23.922324263075453,62.022765015701914],[23.922291519480829,62.022797435489807],[23.922280850440004,62.0228089662657],[23.922266288922525,62.022825521991194],[23.922226746443904,62.022876018239039],[23.92221454261508,62.022893084732608],[23.922103805859255,62.023064684527718],[23.922096478806218,62.023075121956339],[23.922084302961139,62.023092099226723],[23.921985869101739,62.02322804716691],[23.921944115685392,62.023297000669842],[23.921927362877458,62.023332014125543],[23.921924612736934,62.023338600786488],[23.921917992541996,62.023356232043177],[23.921912182782531,62.023373980203417],[23.921907326982062,62.023391749647651],[23.921902940004163,62.023409610406112],[23.92189350676286,62.023463203980704],[23.921891370225755,62.023481123933287],[23.921876695885931,62.023696282214047],[23.921874742848686,62.023710873266715],[23.92187195757495,62.023728778744776],[23.921860749764836,62.023782332724643],[23.92185604649913,62.023800105571077],[23.921838751278806,62.023853344054125],[23.921816188100312,62.023906105645949],[23.92180750615066,62.023923511221696],[23.921788222422929,62.023958207666389],[23.921786464278902,62.023961222934517],[23.921775720732875,62.02397840283426],[23.921751807711999,62.024012546795419],[23.921724448304325,62.024045976005709],[23.921709245320049,62.02406243651766],[23.921693279079182,62.024078691337898],[23.921675879976984,62.02409474349318],[23.921657077009527,62.024110306148003],[23.92163670666309,62.024125483459116],[23.921614607186303,62.024140172994713],[23.921591112902526,62.024154283391844],[23.921565925784144,62.024167736129414],[23.921539342951469,62.024180618690565],[23.921524849498542,62.024187033147449],[23.921496286617497,62.024198883299263],[23.921438512026057,62.02422238044791],[23.921410389823809,62.024234599768924],[23.921383815929786,62.024247392663284],[23.921359538227762,62.024261305865906],[23.921339699005046,62.024275955960078],[23.921322795678865,62.024292019138514],[23.921309016140786,62.024308771906306],[23.921297955996849,62.024325863855239],[23.921289091937023,62.024343364162362],[23.921282165861477,62.024360988570209],[23.921259623140017,62.024450036166833],[23.921248155034732,62.024485535825526],[23.921247081778287,62.02448820701909],[23.921239172546066,62.024505719647614],[23.921229859540173,62.02452312009536],[23.921219258144781,62.024540401953075],[23.921207378327562,62.024557466621047],[23.921194409074438,62.02457433628399],[23.921180160489598,62.024590997720068],[23.921148522170547,62.024623612639175],[23.921131284168077,62.024639578491453],[23.921113102112482,62.024655424451971],[23.921074241889777,62.024686270086001],[23.921053871768404,62.024701438342149],[23.920838573339726,62.024849600799712],[23.920820165950889,62.024862755536056],[23.920779271647334,62.024893097523226],[23.920644946999033,62.025001660518001],[23.920455633521247,62.025177803049367],[23.920447748734897,62.025185613665741],[23.92037133656833,62.02526780790938],[23.920357240750899,62.025284463697865],[23.920331291584581,62.025318292485494],[23.92032005969352,62.025335371551364],[23.920310249803595,62.025352760856606],[23.920302033600478,62.025370275573685],[23.920295411993408,62.025387906739333],[23.920290402252373,62.025405672706917],[23.920286986206158,62.025423564087063],[23.920286433692013,62.025427324956809],[23.920285422700122,62.025445261038861],[23.920285545621276,62.025463141577767],[23.920286785231244,62.025481136881623],[23.920292307579672,62.025534875568624],[23.92029463321915,62.025570683071074],[23.92029411741564,62.025588639190275],[23.920293717914291,62.025594101416836],[23.920291274960544,62.025612014518352],[23.92028752450226,62.025629808595625],[23.920282659198598,62.025647658641624],[23.920277000658757,62.025665410126592],[23.920244090228334,62.025753687150832],[23.920243151349037,62.025756541014296],[23.920237340117932,62.025774289089661],[23.920232159452627,62.025792042256747],[23.920216081613066,62.025863455073022],[23.920213151552279,62.025881267462175],[23.920201414743808,62.026006751949033],[23.920200976012051,62.02601581581019],[23.920192778180343,62.026141478116187],[23.920195180477254,62.026213204628142],[23.920200740707678,62.026248985512062],[23.920204727016166,62.026266862451536],[23.92021288135,62.026302521564141],[23.920215741885418,62.026320373373331],[23.920216981474589,62.026338368675795],[23.920216628222242,62.026356229600744],[23.920212887630555,62.02637411373518],[23.920205940450618,62.026391746615374],[23.920196131045032,62.026409126944074],[23.920192570301023,62.026414078397465],[23.920164709940387,62.026447505153406],[23.920151740184583,62.026464365742129],[23.920143208258906,62.02648178356813],[23.920142770954168,62.026501987393125],[23.920153108432569,62.026519278418462],[23.920167533684698,62.026535861131869],[23.920181292054888,62.026552608633551],[23.920188426495521,62.026564887057802],[23.920190008590541,62.026582710329322],[23.92018244073067,62.026600239515865],[23.9201680197908,62.02661688803677],[23.920150159503635,62.026632750060486],[23.920130102004947,62.026648024005823],[23.92012318196036,62.026652720793436],[23.920101089866147,62.026667311466539],[23.920077602012817,62.02668152061019],[23.920053167244845,62.026695259421309],[23.920027825577669,62.026708699485162],[23.920001698753264,62.026721771648447],[23.91994730410072,62.026746960800345],[23.919919188016888,62.026759090159445],[23.919657831939837,62.026864007905942],[23.919648913513683,62.026867851512357],[23.919594212061948,62.026892854007514],[23.919567778646567,62.026905739572456],[23.919542120366913,62.026919091629821],[23.919517246255957,62.026932631883319],[23.919493117280268,62.026946557105902],[23.919470096895562,62.026960866429057],[23.919448309603716,62.026975652471322],[23.919427937115692,62.026990820468406],[23.91942235824634,62.026996625227028],[23.919409282923528,62.02700639516479],[23.919392052643179,62.027022450842558],[23.919377253794792,62.02703810263224],[23.919363490081203,62.027054864575106],[23.919356278059265,62.027063956879722],[23.919323831310393,62.027152333929813],[23.919316406385647,62.027169956107734],[23.919299180337113,62.027204868907894],[23.919288576873551,62.027222150598746],[23.919276866625562,62.02723921891598],[23.91926372338872,62.027256084543311],[23.919250590746337,62.027271333318616],[23.919235080372705,62.027287777752164],[23.919218326880774,62.027303844057883],[23.919181487693006,62.02733526440776],[23.919161572823377,62.027350631249334],[23.919140721045835,62.027365617814958],[23.919119105943373,62.027380398672889],[23.919096859273662,62.027394994732454],[23.918957922891241,62.027480544607336],[23.9189482903606,62.027486528343204],[23.918771233806666,62.027603478709736],[23.918608223606572,62.027724866142279],[23.918588928822871,62.02774033659589],[23.918441747710887,62.027866120085356],[23.918435329815281,62.027872085746615],[23.918228754740635,62.028064271550377],[23.918172637445622,62.028111162439053],[23.918153045950266,62.028126536372966],[23.91813298645307,62.028141810012727],[23.918112440778703,62.02815697396835],[23.918094390876739,62.028169777019322],[23.917872525834138,62.028315722462843],[23.91785168276115,62.028330798885591],[23.917831604801712,62.028346063089543],[23.9178188164821,62.02835619865683],[23.917783092274949,62.028387913095052],[23.91775080564576,62.028420432006669],[23.917707905967379,62.028470313140531],[23.917670544718248,62.028521216371011],[23.917659004789272,62.02853828837597],[23.917560544410701,62.028693009284844],[23.917550517945688,62.028707788282361],[23.917473254339679,62.028809178541792],[23.917459326087535,62.028825846807038],[23.917338420689397,62.028957606576313],[23.917322420422309,62.0289739590228],[23.917071028761882,62.029215711991434],[23.917067639640038,62.029218960283345],[23.916815382582186,62.029480359111339],[23.916800813908807,62.029496923171031],[23.916786255224192,62.029513577290935],[23.916780413755877,62.029520265487903],[23.916692087068633,62.029619611401259],[23.916676410511968,62.029635971016454],[23.916660428607905,62.029652323806758],[23.916643501589583,62.029668376976964],[23.91662532230961,62.029684141630781],[23.916605729004754,62.029699515330712],[23.91658503791674,62.029714585997681],[23.916563084559069,62.02972927808473],[23.916550532206831,62.029737262702938],[23.916526714965929,62.02975128426457],[23.916501512765819,62.029764816697046],[23.916475381787379,62.029777888161746],[23.916448189355982,62.029790486709359],[23.916420528884206,62.029802796293559],[23.916333537891941,62.02983795543075],[23.916030807945152,62.029947233725863],[23.916001309646127,62.029958612754868],[23.915976802863259,62.029968486253161],[23.915920399773587,62.029992640842877],[23.915893044252279,62.030005145803955],[23.915839864403438,62.030030899658755],[23.915814039167756,62.03004415751667],[23.915764415150168,62.030071437221878],[23.915740301940708,62.030085353219441],[23.915490684854287,62.030244060790714],[23.915479294263704,62.030251711935918],[23.91537160732425,62.030325739087203],[23.915350761619692,62.030340815112027],[23.915310475075739,62.030371259090948],[23.915291654921866,62.030386919420174],[23.91527394251429,62.03040278418846],[23.915257645017714,62.03041903095599],[23.915242435278412,62.030435490700299],[23.915228505042354,62.030452158724643],[23.915215061044147,62.030470445724887],[23.915163630047665,62.030556879331556],[23.915151897078243,62.030573946842409],[23.915138301150609,62.030590712171573],[23.915122623249417,62.030607071599903],[23.915103956428627,62.030622726351247],[23.915096142342058,62.030628301307274],[23.915072658153566,62.03064241992287],[23.915046373135684,62.030655487693778],[23.915018089713652,62.030667513574699],[23.914988446750883,62.03067879933085],[23.914957569658718,62.030689428619723],[23.914800674745941,62.030740533428414],[23.914793980053837,62.030742989054026],[23.914764337843579,62.030754265797412],[23.914735909724754,62.030766207533794],[23.914708543934879,62.03077880188669],[23.91468257489192,62.030791957512086],[23.914657981695349,62.030805691911134],[23.914635108763274,62.030820003802006],[23.914614099682424,62.030834986234488],[23.914595288873446,62.030850547865043],[23.914578837191108,62.030866800097456],[23.914568224150578,62.030879229995335],[23.914556185377293,62.030896290624277],[23.914546866507028,62.030913690570699],[23.914540086698921,62.030931326969061],[23.914535703279832,62.030949097807152],[23.914533561765317,62.030967017598378],[23.914533843908782,62.030984991584745],[23.91453842490963,62.031020750875513],[23.914551520531482,62.031074219044235],[23.914563776080083,62.031110688971545],[23.914585961223683,62.031163551836343],[23.914594655816934,62.031180995220147],[23.91460449545966,62.03119827554621],[23.914615316578647,62.031215496962815],[23.914627434514856,62.031232567698495],[23.91464170622805,62.031249147561006],[23.914658590648532,62.031265237827363],[23.914678132302193,62.031280587944657],[23.914700484773309,62.031295192362045],[23.914725190039157,62.031308852176373],[23.914731330677807,62.031311864304733],[23.914751548513991,62.031326960014376],[23.914761387382395,62.031344249293305],[23.914767164073748,62.031361986775472],[23.914768052971553,62.031365860716491],[23.91477796604843,62.031401478680863],[23.914787319672868,62.031418837962235],[23.914793924883138,62.031426891423322],[23.914811637364281,62.031442739650899],[23.914834485292484,62.031457175444366],[23.914860046801611,62.031470504005853],[23.914886932395081,62.031483224313845],[23.91489755703811,62.031488043616413],[23.914952183454748,62.031513161946123],[23.91496673321431,62.031520584473128],[23.914990934420587,62.031534502480291],[23.915001395580799,62.03154093520974],[23.915046110316716,62.031570054304389],[23.915061845339707,62.031581635883683],[23.915080722185767,62.031597321443613],[23.915097281685266,62.031613413368575],[23.915105074830144,62.031622391754183],[23.915142926713791,62.031673179120581],[23.915148253335882,62.031679317372479],[23.915164823823588,62.031695490388067],[23.915184204245307,62.031710926658349],[23.915205223195962,62.03172586052581],[23.915208698479621,62.031728184176579],[23.91529914860995,62.031785986840376],[23.915303811731491,62.031789235425961],[23.915362754982329,62.031835373429686],[23.915381532135612,62.031850346991575],[23.915402237751117,62.031865354675809],[23.915424438317981,62.031879955566822],[23.915448800867729,62.031893796237348],[23.91545937124388,62.031899153309652],[23.91548627654894,62.031911873930774],[23.915511296191202,62.03192545976264],[23.915519839137364,62.03193175973184],[23.915534264332489,62.031948342918511],[23.915541358404703,62.031965921145151],[23.915545822286127,62.031980574735833],[23.915554448702441,62.032016253701912],[23.915556344539759,62.032034164923004],[23.91555636016156,62.032037219775361],[23.915553254919097,62.032055028191515],[23.915546944360973,62.032072755975577],[23.915529223962174,62.032107756172998],[23.915512153309212,62.032142761908673],[23.915503779733385,62.032160272883459],[23.915500720162903,62.032166493175268],[23.915432903248739,62.032306445653155],[23.915422621090194,62.032323725299904],[23.915411373769523,62.032340902516488],[23.915386215369306,62.032374739226398],[23.915372112530495,62.032391403416526],[23.915356920921923,62.032407863590244],[23.915340622365626,62.032424110357006],[23.91532411652847,62.032439193573921],[23.915305304156778,62.032454764257729],[23.915285222153184,62.032470028058235],[23.915264212227733,62.032485010581425],[23.915174429496595,62.03254309634535],[23.915034664903565,62.032628354746684],[23.915011944348699,62.032642849799743],[23.91496883519935,62.032672422077127],[23.914964301274196,62.032675824408528],[23.914944705169223,62.032691197849545],[23.914926055125928,62.032706861954331],[23.914891717731866,62.032738966118238],[23.914876211233949,62.03275532038311],[23.914861639893754,62.032771884214824],[23.914835344495607,62.032805605579462],[23.914823475936245,62.032822679027582],[23.914818685813643,62.03283011835277],[23.914808402213982,62.032847406912879],[23.914799389128937,62.032864804732938],[23.914791960105408,62.032882426629619],[23.91478709848246,62.032900195766381],[23.914785778516158,62.032918124942093],[23.914787873770415,62.032932366248183],[23.914794289648448,62.032950028173744],[23.914804959696507,62.032967237199159],[23.914819537656218,62.032983823872648],[23.914837756334183,62.032999593558621],[23.914858957745732,62.033014432722482],[23.914905017689858,62.033043132709487],[23.91491709796561,62.033050014891401],[23.914917038892849,62.033050031538373],[23.914953552404132,62.033070818931115],[23.914978576377482,62.033084369007966],[23.915081198157363,62.033139694810721],[23.915097406768499,62.033156048390254],[23.91510602918606,62.033166096415492],[23.914719811754427,62.034194124482177],[23.914572898791995,62.0345968192659],[23.91510684335227,62.034642652529307],[23.915826320713233,62.034240950411196],[23.915629409911308,62.034051751963666],[23.915242067530706,62.033675933553788],[23.915345266137734,62.033390748826932],[23.91510602918606,62.033166096415492],[23.915134409574197,62.0331791824661],[23.91514584734221,62.03318428943129],[23.91517497111964,62.033195891791451],[23.91518408950007,62.033199159120286],[23.91521676125625,62.033208406167283],[23.915252003085204,62.033215320959236],[23.915288778929771,62.033220122897582],[23.915326348114657,62.033223325470289],[23.915354177340802,62.033224863911407],[23.915392297185743,62.033226030461435],[23.915416185682425,62.033226250015886],[23.915454362699801,62.033225719882431],[23.915492296067864,62.033223630089246],[23.915530433755574,62.033218580188219],[23.9155646178795,62.033210638950486],[23.915595633678553,62.033200174300198],[23.91562509985593,62.033188767639487],[23.915637327804916,62.033183812365635],[23.915673718445653,62.033421205962505],[23.915499416622804,62.033614316422863],[23.915855314139929,62.034014855532305],[23.91607456898301,62.034261636231022],[23.915435554953632,62.034668605928125],[23.916378911109337,62.034749566156883],[23.916384311358584,62.034746299925466],[23.919641270314351,62.03502750891942],[23.919693642686756,62.035032091795749],[23.919811565787899,62.035081161252798],[23.920063044745522,62.035123697586322],[23.920168701234747,62.035144463468001],[23.920237876834541,62.035159752521551],[23.920271652727678,62.035168142539256],[23.92030454536868,62.035177321379713],[23.920336240302387,62.035187371864041],[23.920366556640314,62.035198191134441],[23.920395474429622,62.035209976390242],[23.920422707330605,62.035222532582488],[23.920448102649473,62.035235856304652],[23.920471804009846,62.035250040600893],[23.920488840833308,62.035261461883479],[23.920508712432039,62.035276818442995],[23.920526601872222,62.035292669795624],[23.920542338277684,62.035309003145287],[23.92055594798796,62.035325747210095],[23.920567746364856,62.035342810206025],[23.920577762468749,62.035360093960257],[23.920594026568857,62.035395224216359],[23.920606380707252,62.035430617589689],[23.920619335983062,62.03548408182467],[23.920619937573619,62.03548777860906],[23.920626748807464,62.03554146509444],[23.920627902207261,62.035595294843084],[23.920623091403087,62.035649081343031],[23.920615618073757,62.035684750981623],[23.920604298217327,62.035720244949395],[23.920588977269212,62.035755389104267],[23.920579813872092,62.035772783903418],[23.920570064083876,62.035789545734509],[23.920545997342824,62.035823587362934],[23.920343189628884,62.036056018507431],[23.920318338892592,62.036089862930858],[23.920296812123425,62.036124320557761],[23.920279428231357,62.036159238972296],[23.920272326904279,62.036176859449249],[23.920266838012399,62.036194614731698],[23.920262772499338,62.036212482633196],[23.920260481196067,62.03623039911259],[23.920259945925373,62.03624835478054],[23.920260185215653,62.03625393008074],[23.920262389413871,62.036271848062142],[23.920266224204344,62.036289721578207],[23.920272004965678,62.036307458845023],[23.920279560821747,62.036325047065127],[23.920288765420157,62.03634241154807],[23.920299896911303,62.036359639354934],[23.920312688034993,62.036376535861102],[23.920327298749452,62.036393032765254],[23.920344026292856,62.036409217554159],[23.920362898786287,62.036424812356501],[23.920383761718199,62.036439831691006],[23.920406805925218,62.036454091155406],[23.920419458733207,62.03646120119901],[23.920446026581061,62.036474101878262],[23.920474451178947,62.036486046782784],[23.920504407172427,62.036497226294863],[23.920535219282886,62.036507885875494],[23.920598772893996,62.036527720820537],[23.920795158658891,62.036583211675605],[23.920858533597954,62.036603303039279],[23.920889174152695,62.036613958709289],[23.920918968655997,62.03662522436165],[23.920938747028693,62.036633571392912],[23.920965134390642,62.036646557777182],[23.920989846773367,62.036660216506],[23.921058790885247,62.03670317003057],[23.921227921380837,62.036822726544386],[23.921250452761964,62.036837145107881],[23.921274164793388,62.03685123963794],[23.921299029275083,62.036864910683157],[23.921325255220612,62.036877983229616],[23.921352842584522,62.036890268615679],[23.921382285834937,62.036901795838766],[23.92141329765624,62.036912190152513],[23.921446382443449,62.036921193293679],[23.921481232882776,62.036928439053447],[23.921518887824234,62.036933681090282],[23.921632352364067,62.036941063351009],[23.921669863235905,62.036944325696467],[23.921707149835164,62.036948481408949],[23.921743488737729,62.036953873704292],[23.921765856278849,62.036958945372604],[23.921796326675981,62.036969776710492],[23.921822066664713,62.03698292815622],[23.921840210202362,62.036997796758406],[23.92184762258368,62.037015300819789],[23.921841476341346,62.037032942667352],[23.921824871409598,62.03704901265079],[23.921802160669827,62.037063410213705],[23.921775566520566,62.037076292729495],[23.921630798582509,62.037134773310434],[23.921626237996527,62.03713673785532],[23.921598428286526,62.03714896435865],[23.921571528522353,62.037161651360641],[23.921545871406284,62.037174914088872],[23.92152158239363,62.037188836196762],[23.921499166839016,62.037203339119991],[23.921478951099232,62.03721860083175],[23.921462021377593,62.037234663530768],[23.921449352979018,62.037251531007129],[23.921441458519187,62.03726905298857],[23.921438663900002,62.037285520840065],[23.921440897005361,62.037303349595241],[23.921448452862624,62.03732094671853],[23.921460757840091,62.037337931077076],[23.921477648266816,62.037354029504407],[23.921498360579466,62.037369036306195],[23.921517200441205,62.037380237124133],[23.921543597758472,62.037393133766528],[23.921600458660748,62.037417122156299],[23.92168879838901,62.037451434324772],[23.921717061704939,62.037463474173848],[23.921742955682149,62.037476620078486],[23.921763839095078,62.037491639637011],[23.921767630041348,62.037508254382772],[23.921744620720666,62.037522384751448],[23.921712838879717,62.037532267750102],[23.921678545062644,62.037540127258893],[23.921643512039569,62.037547161728959],[23.921607750787793,62.03755364091851],[23.921574485305278,62.0375592773905],[23.921392147920375,62.037586105288135],[23.92113251861203,62.037615970044627],[23.920683899466322,62.037660303886319],[23.920646886718036,62.037664778471132],[23.920640354211493,62.037665620929765],[23.920494228940161,62.037686607644822],[23.920350910232617,62.037711430035081],[23.920175889858349,62.037747223765791],[23.920005243912851,62.037787615794571],[23.919806966672354,62.037841477529795],[23.919774589347146,62.037850996437953],[23.919747511018635,62.03785919620011],[23.919366629497755,62.037979136150838],[23.919301136067428,62.03799752840392],[23.919233410735384,62.038014154896693],[23.919198799380723,62.038021737204936],[23.919163621612164,62.038028677993701],[23.919127868356927,62.038035066898082],[23.919091682310498,62.038040817265056],[23.919055091638189,62.038045839884887],[23.91901793452887,62.038050032322964],[23.918980371891333,62.038053505976755],[23.918942584568818,62.038055986385146],[23.918904554414393,62.038057652818893],[23.918866318670339,62.038058326433024],[23.91885986771101,62.038058362087028],[23.91882157815137,62.038057866591828],[23.91878353205739,62.038056478140426],[23.9187078304344,62.038051733487393],[23.918445007352677,62.038028616306036],[23.918429016588039,62.038027450707972],[23.918391071332589,62.0380252558558],[23.918314817491495,62.038022564931573],[23.918238526684302,62.038021939416893],[23.918162045254629,62.038023196204314],[23.918086030339207,62.038026080454102],[23.917972390078059,62.038033245186064],[23.917859739090609,62.038043297756154],[23.917711412698392,62.038060288529522],[23.917528655385489,62.038086473176499],[23.916738444195918,62.038220710710213],[23.916555550572106,62.038246711374839],[23.916481521560041,62.038255478606409],[23.916466060000115,62.038257019752322],[23.916315591781188,62.038269828640239],[23.916163938749243,62.038278469348299],[23.916011539106222,62.038283149307894],[23.91562955789195,62.038281979652446],[23.915553185587942,62.038280452458331],[23.915362497507676,62.038275372991912],[23.915346767645921,62.038274841736225],[23.914814112296245,62.038251705472717],[23.914512215662185,62.038229602873287],[23.914437209678173,62.038222715306077],[23.914412165573495,62.038220268769088],[23.913964726515008,62.038173340667683],[23.913851531218651,62.038164969944717],[23.913775540201033,62.038161384004553],[23.913737314268715,62.038160259653409],[23.913660860577863,62.038159538130493],[23.913622804611286,62.038159944800732],[23.913584685007073,62.038160978905836],[23.913546510853958,62.038162550810704],[23.91352770691595,62.038163657525708],[23.91348990087231,62.038166315707947],[23.913452355685898,62.038169608582642],[23.91341508044594,62.038173446514861],[23.913341456142554,62.038182930847846],[23.913268947060146,62.038194245837033],[23.913162383884732,62.03821404347449],[23.91271624223242,62.038316523611066],[23.912700246804281,62.038320118679145],[23.912489890948152,62.038362748653483],[23.912274467273708,62.038399694950051],[23.911688493686494,62.038481345103776],[23.911673472612026,62.038483254929133],[23.911123270467925,62.038558516130927],[23.910871971004823,62.038601305371301],[23.910836513514198,62.038607959317233],[23.910810208753407,62.038613030342184],[23.910670639863646,62.038642248038173],[23.910534725337261,62.038675042121099],[23.910435791565707,62.038702195578352],[23.910339998792708,62.038731764070903],[23.910279010225331,62.038753388368832],[23.910249501184339,62.038764766088683],[23.910220748343125,62.038776609925037],[23.910192924410094,62.038788914761128],[23.910166017577389,62.038801608462371],[23.910140038742611,62.038814772127864],[23.910114977918397,62.038828315696136],[23.910090855103942,62.038842230631495],[23.910067973900034,62.038856541699531],[23.91004601070798,62.038871232671831],[23.910035436315347,62.038878713047751],[23.91001536554014,62.038893985416784],[23.909996365489238,62.038909641110443],[23.90997896976593,62.038925512399295],[23.909962808377443,62.038941851531618],[23.909948087712294,62.038958321742442],[23.909934781376702,62.038975182972919],[23.909922889397958,62.038992246563126],[23.909912600846614,62.039009534714502],[23.909904222968002,62.039027036338858],[23.90989759124674,62.039044675882174],[23.909892897485211,62.039062448655329],[23.909889951707633,62.039080341420927],[23.909889109109528,62.039093349141964],[23.90988969387195,62.039111329941257],[23.909892235721379,62.039129255737841],[23.909896703765085,62.039147053969018],[23.909902965293742,62.039164712679316],[23.909911173932578,62.039182226324293],[23.90992118425455,62.039199519776545],[23.909932797180396,62.03921666943301],[23.909946249998328,62.039233411090514],[23.909961162725232,62.039249906933897],[23.909977733535211,62.039266089528972],[23.909995934264526,62.039281859422019],[23.910015651290756,62.039297205084722],[23.910024338725748,62.039303598447979],[23.910046208394942,62.039318282577433],[23.910069574365103,62.039332551010972],[23.910094111237065,62.039346216785482],[23.910119992608923,62.039359454480149],[23.910147243965806,62.039372013116889],[23.910175504410486,62.039384055308396],[23.910204773942773,62.039395581053874],[23.910235072561626,62.039406581816728],[23.910266235745258,62.039416982042198],[23.910298111689652,62.039426769347351],[23.910323628533323,62.039433988644298],[23.910356883599189,62.039442818586053],[23.910390851422591,62.039451035606128],[23.910425351098695,62.039458725492665],[23.910460573540178,62.03946570385822],[23.910496164219044,62.039472070572167],[23.91053245854842,62.039477913997167],[23.910568997497737,62.039483044180322],[23.910606095591945,62.039487378323571],[23.910643410111717,62.039491088431802],[23.910681131057736,62.039493999080989],[23.910719114813464,62.039496017217587],[23.910758278547192,62.039497343048168],[23.910796444306936,62.039497568467574],[23.910834701063468,62.039496897528394],[23.910872696108171,62.039495412174439],[23.91091063031994,62.039493206740623],[23.910985830776596,62.039487082944248],[23.911060277830121,62.039478956814783],[23.911170374192913,62.039463992240975],[23.911638552979213,62.039386086601745],[23.911748647823991,62.039371130526177],[23.911790025315732,62.039366666103724],[23.911865361621704,62.03936089524548],[23.912321823086518,62.0393411111407],[23.912435226773976,62.039333137125901],[23.912509924843665,62.039325734549266],[23.912546797133562,62.039321169115951],[23.912574424781525,62.039317205409816],[23.912610324487055,62.039311099933506],[23.912680263218508,62.039296673241033],[23.91284973819824,62.039255374393598],[23.91311518355856,62.039184248452656],[23.913183519242054,62.039168078729176],[23.913253151050643,62.039153465214227],[23.913288781380061,62.039146805527665],[23.913324680745678,62.039140699863289],[23.913361004584871,62.03913531340627],[23.91339803832626,62.03913066152365],[23.913435296560227,62.039127002873926],[23.913473257421593,62.039124527826729],[23.913480041305395,62.039124230351369],[23.91351832482918,62.039123289760099],[23.913556480164619,62.039123424351772],[23.913594572767771,62.039124366075157],[23.913632582646027,62.039125934806492],[23.913708296063032,62.039130772315652],[23.914008962007102,62.039157170243129],[23.914084739196667,62.039161380101156],[23.914161013626295,62.039163894106899],[23.914237450769718,62.039164614941811],[23.914313773366711,62.039163446568573],[23.914389944136001,62.039160567830706],[23.914465656728286,62.039155792202905],[23.914540739331148,62.039149304505493],[23.91461520283827,62.039140997177306],[23.914637071558257,62.039138162054741],[23.914710149646222,62.039127667584729],[23.914782111391098,62.039115540015601],[23.914887794964635,62.039094814065784],[23.915025471233122,62.039063672210759],[23.915039006134844,62.039060381224701],[23.915403386166137,62.038962175161494],[23.915562635087781,62.039598537077566],[23.915568948544522,62.039623644227603],[23.915555846076924,62.039625687197386],[23.915446030272538,62.039641110706874],[23.915408744375199,62.039645038802149],[23.915370963896471,62.03964742858296],[23.915332832470693,62.039648373097386],[23.91529454099711,62.039647876611795],[23.915218564263313,62.039644112171864],[23.915180409100767,62.039642271127114],[23.915066077330842,62.039638637521868],[23.914913280611913,62.039637728546488],[23.914836966840276,62.039638987305594],[23.914760785819659,62.039641955917823],[23.914722879848608,62.039644073201714],[23.914685081145965,62.039646642064739],[23.914658446070682,62.039648741778826],[23.914620899168597,62.039652034959985],[23.914583640423562,62.039655693926299],[23.914434585377084,62.039671847511116],[23.914407057618149,62.03967482560266],[23.914369608838086,62.039678659939966],[23.914332340942746,62.039682408473155],[23.91414421055638,62.039698056444081],[23.914106420832297,62.039700535512843],[23.914030465033559,62.039704487999039],[23.91395417561176,62.039706824877619],[23.913877762563452,62.039707362183051],[23.91383963376467,62.03970695877041],[23.913801540423453,62.039706017110078],[23.913724860166589,62.039702775145166],[23.913687084100012,62.039700403134525],[23.91364934440514,62.039697672573382],[23.913611659266326,62.039694404191742],[23.913574325930174,62.039690874152072],[23.913462830522203,62.039678139135994],[23.913443606658845,62.03967564292892],[23.913406896074033,62.039670689356846],[23.913043578052605,62.039615317462037],[23.913007084878473,62.039609919452317],[23.912859845958117,62.039590814466052],[23.91284246747583,62.039588988320581],[23.912805169829696,62.039585108497874],[23.912692384199126,62.039575668007338],[23.912578686765553,62.03956899201642],[23.912426165296893,62.039563864032189],[23.912388053089895,62.039563110216626],[23.912197091950024,62.039562152954851],[23.91216710718885,62.039562380477584],[23.912128868560409,62.03956287251583],[23.911976256618789,62.039566555158103],[23.911938242441103,62.039568040388446],[23.911824245232928,62.039573934446061],[23.911711083159691,62.039582533267229],[23.911682122639782,62.03958529908062],[23.91142135019744,62.039613332617797],[23.911384073853768,62.039617161024672],[23.911271423156393,62.039627127494732],[23.911233615112124,62.03962978504596],[23.911195708938596,62.039631901359975],[23.911179526563913,62.039632617250341],[23.911141358664789,62.039633919145729],[23.911103264445124,62.039634683648828],[23.911065063004298,62.039634996549303],[23.911026887969086,62.039634860837886],[23.910950549864364,62.039633152235517],[23.910836562540574,62.039627636218107],[23.910798615011153,62.039625259573576],[23.910685622586623,62.039616351837225],[23.910608884318641,62.039608974262329],[23.910571578759672,62.039605174509155],[23.910423185896128,62.039587837836471],[23.910386295914417,62.039583148950555],[23.91002111808864,62.039530512350687],[23.909987002624042,62.039525256605181],[23.909662677313669,62.039471647081896],[23.909627456847307,62.03946483924728],[23.90952271386849,62.039442908998588],[23.909416208075687,62.039417615165831],[23.909386690970774,62.039410036600799],[23.909254545784119,62.039374025700241],[23.909242487298311,62.039394418521447],[23.907144784806874,62.042993777660833],[23.905043894621812,62.04317661776571],[23.898358436169996,62.043754708535083],[23.894198609838131,62.044107839624125],[23.893959179708968,62.044128316586082],[23.893234028133271,62.044190767469779],[23.892744249860268,62.044232918304083],[23.892323550088715,62.044269076243133],[23.892322586339443,62.044269144383534],[23.892235787913624,62.044276623211935],[23.891884005060433,62.044306874859615],[23.891883365871085,62.04430695030554],[23.891712355264197,62.044321687101686],[23.891507041793165,62.044339343556956],[23.891237362191884,62.044362548500104],[23.891219968041757,62.044364043359039],[23.891043107848052,62.044379276461186],[23.891039844675856,62.044379562317978],[23.890900863106033,62.04439152479803],[23.890836343413199,62.044397078927766],[23.890408654693697,62.044433792384837],[23.890279263038494,62.044444973078932],[23.889984543570634,62.044470315624807],[23.889514584929703,62.044510736581955],[23.889511674549738,62.044510940513916],[23.889462096512986,62.0445152136137],[23.889461590957364,62.044515292060083],[23.888963043187971,62.044558130408305],[23.888960762835705,62.044558348529151],[23.888075139085913,62.04463458447259],[23.888017594054077,62.044639477009788],[23.888028092276329,62.044623461734155],[23.888043792087835,62.044607105551201],[23.888050668561469,62.044601241339784],[23.888072637315382,62.044586643604191],[23.888098008034191,62.044573209622939],[23.888181390433502,62.04453628781571],[23.888190011788513,62.044532259726601],[23.888216320343947,62.044519197242685],[23.888241080161748,62.044505560801376],[23.888380037503016,62.044419950001242],[23.888400557926502,62.044408284270965],[23.888532241979977,62.044343262290148],[23.888550740000124,62.044334156294511],[23.888600889799623,62.044307077181173],[23.888879707845625,62.044136144667277],[23.888953840916717,62.044095150846971],[23.888979805875152,62.04408226016271],[23.889034735244973,62.044057274085219],[23.889120994856381,62.044021943870291],[23.889146351765035,62.044012004154879],[23.889295634291145,62.043955993740035],[23.889329383010054,62.043944266652339],[23.889643679785678,62.04384231145076],[23.889734378178908,62.043809407741477],[23.889792214471026,62.043785924315777],[23.889812611763663,62.043776950799163],[23.889866000355731,62.043751300814641],[23.889916291592389,62.043724314282542],[23.890076108058938,62.043623629694238],[23.890085787286949,62.043617109826194],[23.890177217576507,62.043559624298823],[23.89025058321921,62.043518244197799],[23.890276258313619,62.043504996381124],[23.890303321113009,62.043492399717223],[23.890332248753136,62.043480653617998],[23.890362983812782,62.043469945451299],[23.890395376163703,62.04346043354456],[23.890429109500836,62.043452029914981],[23.890464795518117,62.043444928021202],[23.890501127617974,62.043439367943975],[23.890538133288114,62.043435080783709],[23.890575561120261,62.04343153082344],[23.890726656086287,62.043420829852636],[23.890760145911177,62.043417990701599],[23.890797142360686,62.043413793104541],[23.891016420116014,62.043382266705102],[23.891041143882536,62.043378511315822],[23.891337075290085,62.043342691768892],[23.891373676716057,62.043337676568591],[23.891398391245662,62.043334010747934],[23.891434606951581,62.043328088450792],[23.891470227573361,62.043321622689753],[23.89150539851315,62.043314688611467],[23.891540031779858,62.043307023700443],[23.891573899052176,62.043298802493823],[23.891607172150028,62.043290028861769],[23.891639734832722,62.043280529492066],[23.89167106430946,62.04327036448332],[23.891701043563238,62.043259180827654],[23.89172949239099,62.043247243985846],[23.891756103640411,62.043234376347172],[23.891780860828572,62.043220739252234],[23.891799793795069,62.043208857621593],[23.891841850710538,62.04317890895981],[23.89185717556893,62.043169192054236],[23.891882554287612,62.043155838456883],[23.891910849440453,62.043143718441009],[23.891941124645601,62.043132819902929],[23.891972760106587,62.043122841398578],[23.892071121132417,62.043095238601644],[23.892089223624033,62.043089986345265],[23.89212100256541,62.043080100878569],[23.892151891022273,62.043069566478501],[23.892181410936544,62.043058192702659],[23.892209265089832,62.043045892004272],[23.892234002830431,62.043032254395676],[23.89225503142011,62.043017275516164],[23.892266725505458,62.043006946764969],[23.892280674191564,62.042990281200957],[23.892288262420951,62.042972753709059],[23.892285939134474,62.042954472997039],[23.89227233261078,62.042937815872342],[23.892249477874035,62.04292346601197],[23.892220878523251,62.042911592139482],[23.892188319041757,62.042902333255448],[23.892147133116232,62.042895476478265],[23.892109300147478,62.042893447689544],[23.892071299174241,62.042894936809581],[23.892034257879359,62.04289939425972],[23.891998780526045,62.042905962206127],[23.891890658005313,62.042929850374357],[23.891855171429604,62.042936507916593],[23.891818984656833,62.042942152465052],[23.891782086701884,62.042946891578943],[23.891744812188037,62.042950633970122],[23.8917069892996,62.042953375768853],[23.891668951744993,62.042955034650589],[23.891630727776743,62.04295552141194],[23.89159259460715,62.042954932135245],[23.891554617895331,62.042952998781054],[23.891517065696075,62.042949907065257],[23.891506237207583,62.042948764795923],[23.891469336294659,62.042943980786951],[23.891359981343228,62.042927862268023],[23.891342648121121,62.04292558524758],[23.891305340290664,62.042921600583341],[23.891267607953843,62.042918774259441],[23.891229567200035,62.042917468247978],[23.89119134250188,62.04291777519181],[23.891153700586688,62.042920431075885],[23.891117935113883,62.04292663295201],[23.891085849785927,62.042936331610456],[23.891075417166824,62.04294067842676],[23.891050336266201,62.042954299121341],[23.891027299484914,62.042968513876204],[23.891002389443123,62.042982147395328],[23.890980327624796,62.042989816844525],[23.890943009379185,62.042992300284851],[23.89090702926061,62.042986557617091],[23.890874841370039,62.042976848607552],[23.890844528951181,62.042966013925771],[23.89081543452232,62.04295430828023],[23.890783648961055,62.042940475698835],[23.890601295882636,62.042848702416464],[23.890574107595025,62.042834074957995],[23.890500350996419,62.042792803109435],[23.890453966873345,62.042764357085282],[23.890431931584068,62.04274967499552],[23.890411413033817,62.042734568892591],[23.8903941834484,62.042718548652722],[23.89038157918359,62.04270164438519],[23.890374525606607,62.042683975763431],[23.890373917965444,62.042664646596215],[23.890380245524597,62.042646920094256],[23.890392447105572,62.042629945825844],[23.890409711578155,62.042613984017052],[23.890430892572962,62.042599017822702],[23.890454101162284,62.042584807037656],[23.890478399442504,62.042570980156796],[23.890529776958424,62.042544386253027],[23.890545188276636,62.042537007263753],[23.890707612743373,62.042461086660694],[23.89071726175824,62.042456542542169],[23.890794333734551,62.04241668312801],[23.890845651798603,62.042387482432758],[23.890939400808538,62.042330848280216],[23.890964787458657,62.04231741417852],[23.890992001631748,62.042304820809612],[23.891015039688043,62.042295457423876],[23.891045621494065,62.042284736691009],[23.891077848791774,62.042275140073407],[23.891111752437428,62.042266740136462],[23.891146778664254,62.042259713068184],[23.89118297481593,62.042253970094656],[23.891294042908449,62.042240749902007],[23.891444396061456,62.042227884374178],[23.891476072455024,62.0422253635858],[23.891702149006985,62.042207546128026],[23.891740077768631,62.042205444589207],[23.891778096068506,62.042203964948122],[23.891816355717776,62.042203119607244],[23.891854570360344,62.042202902117872],[23.891892692661074,62.042203401253246],[23.891930760803803,62.042204617873402],[23.891945023012909,62.042205298401129],[23.892133690632971,62.042219519030432],[23.892171629850019,62.042221810752714],[23.892209670562757,62.042223296195701],[23.892247821143602,62.04222370602993],[23.892261373118135,62.042223472139135],[23.892299418884907,62.04222172345483],[23.892336962049011,62.042218526014089],[23.892374137800584,62.042214242218613],[23.892410746856015,62.042209137099825],[23.892446780057853,62.042203300291348],[23.892659097523378,62.042162630800725],[23.892697798472881,62.042155964580026],[23.892734416559982,62.042150769741369],[23.89284603202589,62.042138548871847],[23.893071246155387,62.042118293101559],[23.893145416239921,62.042109810867785],[23.893218796501792,62.042099693708835],[23.89325483857688,62.042093767054311],[23.893262554012168,62.04209241345643],[23.893297742218735,62.042085479338645],[23.89333191297921,62.042077453222966],[23.89336430292774,62.042067940602777],[23.893391047784974,62.042055246377025],[23.893404371715516,62.042040004081116],[23.893402813005842,62.042022099962388],[23.893386892445886,62.041987063648548],[23.893385400670223,62.041967004892953],[23.893400906091262,62.041950823467907],[23.893427966214599,62.041938226172192],[23.893459608181473,62.041928166644816],[23.893498287041503,62.041918526029534],[23.893533187062669,62.041911226012168],[23.893568969164786,62.041904844232292],[23.893605452385692,62.041899466455554],[23.893642455763896,62.041895178447788],[23.893679997478515,62.041891989601631],[23.893717916700897,62.041889788489719],[23.893755934525522,62.041888308300791],[23.89379421282894,62.041887462838602],[23.893870567331174,62.041887564119477],[23.8938930840662,62.041887981020004],[23.894198001156443,62.041898166877424],[23.894236132281982,62.041898575730272],[23.89426659741881,62.041898542553156],[23.894342828699916,62.041896664336065],[23.894684694043303,62.041879479972387],[23.894761115366784,62.041877426122753],[23.894795597824547,62.04187721369572],[23.894986507146449,62.041880520486409],[23.895024730533446,62.041880212483392],[23.895062739145942,62.041878821567607],[23.89510054132991,62.041876078409409],[23.895137707147491,62.04187188349794],[23.895166537879284,62.041867240539545],[23.895201131209362,62.04185975352997],[23.895234132840717,62.041850613600722],[23.895265153410627,62.041840261190323],[23.895324502993304,62.041817618164785],[23.895343823924616,62.041809787573641],[23.895399969081335,62.041785356506956],[23.895426721080391,62.041772581209379],[23.895451475434925,62.041758943435852],[23.895473447727863,62.04174425484873],[23.895488729681208,62.041731751588777],[23.895520729019307,62.041699239843702],[23.895539097401382,62.041683490936421],[23.895563536242893,62.04166975620862],[23.895575923345554,62.041665183514162],[23.895609932093375,62.041657234062434],[23.895647492527718,62.041653856447681],[23.895685595943235,62.041654533798877],[23.895721973011845,62.041659754109133],[23.895727457529624,62.04166113521422],[23.895757770431171,62.041671968828503],[23.895783989349201,62.041685046175331],[23.895808693412928,62.041698718320262],[23.895840453491264,62.041712809690303],[23.895874970222462,62.041720323936531],[23.895912484005823,62.041723593298407],[23.895950624895434,62.041724091739361],[23.896065016761842,62.041720824830335],[23.896085803731715,62.041720753277545],[23.896123834897086,62.041722327272964],[23.896161529668301,62.041725510797711],[23.896198637466771,62.041729759181926],[23.896344909353488,62.041750477304802],[23.896382026352303,62.041754636006495],[23.896410162843399,62.041756795973022],[23.896448211553931,62.041758010915956],[23.896486578364126,62.041757795574952],[23.896600765432453,62.041753535384977],[23.896611930074652,62.041753067712413],[23.896764661369257,62.041749853738104],[23.896802678894772,62.041748372708156],[23.896840624247432,62.041745910798596],[23.896878050224661,62.041742350148006],[23.89691465798898,62.041737243826304],[23.896925157946658,62.041735413597571],[23.896960056959522,62.041728112707261],[23.896993192371344,62.041719155053983],[23.897024076864302,62.041708628506136],[23.897052665750746,62.041696783610021],[23.897078987155222,62.041683719822494],[23.897102947243077,62.041669794391701],[23.897124755094822,62.041655021003265],[23.897144366027455,62.041639650203109],[23.897161950941662,62.041623694818185],[23.897177156159795,62.041607245721082],[23.897190308856874,62.041590471978232],[23.897201597405989,62.041573027452444],[23.89721045142505,62.041555627018212],[23.897216775676441,62.041537891210574],[23.897220198204863,62.041520090169186],[23.897219944542652,62.041502125628121],[23.897214014480372,62.041484473687348],[23.897200081346469,62.04146780973651],[23.897193655140509,62.041462903794752],[23.897167912138372,62.041449846405357],[23.897136427729986,62.041439615641593],[23.897102452234265,62.041431485004807],[23.897067051461971,62.041424759741972],[23.896960108763366,62.041405465642775],[23.896940381619377,62.041401338712994],[23.896906957411524,62.041392681386377],[23.896875263052788,62.041382634502362],[23.896845834897729,62.041371192153576],[23.896818930153739,62.041358458947535],[23.896795731601259,62.041344281801258],[23.896776534624106,62.041328766181174],[23.896768824099574,62.041320507292973],[23.896757361432982,62.041303449643188],[23.896749160762408,62.041285926301931],[23.896728792547531,62.041232930402884],[23.896725530574511,62.041227017514359],[23.896689329128172,62.041175992434148],[23.896681281249084,62.041158472522966],[23.896680217894826,62.041140570624265],[23.896688107631253,62.041123058698837],[23.896693234509829,62.041117064915383],[23.896731529006175,62.041086033068623],[23.896739721178996,62.041072121506623],[23.896717927198026,62.041058245441512],[23.896682355942144,62.041051695916323],[23.896645212328586,62.041047806200908],[23.896607245968326,62.041045604919063],[23.896589902369804,62.041045125095991],[23.896551707461832,62.041045164638405],[23.896513663378421,62.041046914505529],[23.896476248166323,62.041050565125651],[23.896458944873935,62.041052691527909],[23.896422607536408,62.041058342832997],[23.896210608921876,62.041099204762531],[23.896177947616323,62.041105019528644],[23.896141762885634,62.041110674193519],[23.896105155754146,62.041115780314627],[23.895918552783005,62.041135202337493],[23.89589887150186,62.041137005670841],[23.895748390149706,62.04114970235868],[23.895710606412052,62.04115208673722],[23.895672562153113,62.041153836371421],[23.895651558837081,62.041154531863882],[23.895613299782895,62.041155198580242],[23.895575206139473,62.041154431579542],[23.895537863305496,62.041150806602282],[23.895512437322591,62.04114421545696],[23.895488220230657,62.041130464363384],[23.895475127361625,62.041113639442194],[23.895468214735967,62.041096064129555],[23.89546456581143,62.041078193889305],[23.895463675601757,62.041071166407392],[23.895460881269205,62.041035356533975],[23.895454789648905,62.041017611025502],[23.895447498182193,62.041007124486306],[23.895428274784585,62.040991688924528],[23.895401199962421,62.040979131279151],[23.895368813467041,62.040969688354892],[23.895333603724918,62.040962787250876],[23.895297463385155,62.040956943274118],[23.895224035273706,62.040947125086433],[23.895186937715991,62.040942786813304],[23.89515331690999,62.040939065779462],[23.895004936768924,62.040921802614903],[23.894931680767783,62.04091179947838],[23.894895369555943,62.04090613122824],[23.894859608780067,62.040899756638389],[23.894824561103178,62.040892769208256],[23.894789892058007,62.040885071573847],[23.894756117070848,62.040876675332214],[23.894739184326646,62.04087217073662],[23.894577109301618,62.040824682507704],[23.894543334441174,62.040816286214771],[23.89450846709709,62.040809033241374],[23.894472335337095,62.040803108380587],[23.894433931610266,62.040799010027591],[23.894395929143368,62.040797166674174],[23.894357878922946,62.040797478377755],[23.89431996201974,62.040799670711259],[23.894282509479055,62.040803499574444],[23.89424578629853,62.040808243233016],[23.894209448068295,62.040813714258682],[23.894173389396556,62.040819820440916],[23.894142177922436,62.040825676336851],[23.89400143331012,62.040853584393538],[23.893965527268836,62.040859693957728],[23.893928910942048,62.040864889134916],[23.893891746200797,62.040869083728225],[23.893861206852335,62.040871540796203],[23.89382318115323,62.040873110655696],[23.89378484291171,62.040873056363537],[23.893746812945686,62.04087148173118],[23.893709291308937,62.040868301421945],[23.893672392545739,62.040863518014341],[23.893636803892662,62.040857146976549],[23.893602487174917,62.040849187450348],[23.893572271617934,62.040840601509309],[23.893541626651068,62.040829849753109],[23.893513904496892,62.040817456830659],[23.893491202534918,62.040803119579138],[23.893479717892969,62.040789295343394],[23.893477826421002,62.040771464588246],[23.893487819460724,62.040754170853887],[23.893505548404633,62.040738317975929],[23.893526574756859,62.04072333888449],[23.893550075828916,62.040709233028934],[23.893570023000422,62.040698452088073],[23.89359648857128,62.04068548203756],[23.893652307571529,62.040661053332926],[23.893828661470305,62.040592261644385],[23.893857106953512,62.040580324339224],[23.89388397542476,62.040568091002811],[23.893987627270587,62.040515361231236],[23.894014542294347,62.040502670738469],[23.894043590127339,62.04049101647086],[23.894075231291556,62.040480947826374],[23.894109697113336,62.040473197707179],[23.894148844277037,62.040468508639854],[23.894186912384512,62.040468017724521],[23.894224850384823,62.040470488566562],[23.894261947224294,62.040474827093931],[23.894334794296313,62.040485450279945],[23.894361494937073,62.040489105643012],[23.89451010019993,62.040505826586383],[23.894546068043489,62.040511666899476],[23.894580564796623,62.040519360726606],[23.894604007122446,62.04052644645801],[23.894632957168405,62.040538058233651],[23.894688430158208,62.040562754423249],[23.894693852108482,62.040564933735013],[23.894724848396272,62.040575243941689],[23.89475898494997,62.040583468653331],[23.894795521646724,62.04058842330555],[23.894835508801943,62.040588065225037],[23.894871836711232,62.04058250396907],[23.894907310743168,62.04057593526143],[23.894936490256381,62.04057273764441],[23.894974075694247,62.040575290184563],[23.895008582691524,62.040582885309028],[23.895041158764098,62.040592152913199],[23.895058990086905,62.04059722570836],[23.895092954951146,62.040605446472952],[23.895128165023056,62.040612527332087],[23.895164332360409,62.040618102450253],[23.895201600529461,62.040622264895724],[23.895239357859385,62.040624821229187],[23.895277442481447,62.040625857648209],[23.895315654347922,62.040625459491693],[23.895353814896485,62.040624251617324],[23.895429631665678,62.040620027708414],[23.895542435232308,62.040610346987286],[23.895579714664798,62.04060652287852],[23.895606100424651,62.040603702491609],[23.89571690014342,62.040589843953882],[23.895789402927534,62.04057871753156],[23.89582518299887,62.040572335153016],[23.895859639347687,62.040564674228357],[23.895892467564071,62.040555530265998],[23.895922902344466,62.040544715360255],[23.895950275550653,62.040532214485829],[23.895959120608847,62.040527472262475],[23.895981406217881,62.040512889480702],[23.896000070833658,62.040497228043236],[23.896015764195138,62.04048087090495],[23.896029221542967,62.040464113103958],[23.896083750986932,62.040378213438082],[23.8960877058575,62.040372642514349],[23.896101164030689,62.040355875742243],[23.896116704547349,62.040339515156845],[23.896134737315442,62.040323668799267],[23.896155609377352,62.040308685862179],[23.896175303993921,62.040297180170192],[23.89620191168774,62.040284302678351],[23.896231273752516,62.040272933534951],[23.896263507358704,62.040263237083792],[23.896298395684752,62.04025602598329],[23.89632159233944,62.04025295406931],[23.896359374915921,62.040250569515926],[23.896397648401923,62.040251250523241],[23.896434989439534,62.040254695565601],[23.896471508549531,62.04026000873727],[23.89650707883818,62.040266558311288],[23.896541756771949,62.040274165879751],[23.896564515658888,62.040279888318381],[23.896727809582455,62.040326494243963],[23.896761422664017,62.040334976203191],[23.896777644158416,62.040338575150948],[23.896813025325887,62.040345479747714],[23.896849192668594,62.040351054424633],[23.896886298898234,62.040355302614742],[23.8969240194889,62.040358217020824],[23.896962265705074,62.040359166773392],[23.897000254061695,62.040357954578589],[23.89702836829381,62.040355442304168],[23.897064723770054,62.040349791262322],[23.897099621152226,62.040342490325237],[23.897201072403213,62.040317469055168],[23.897235835280437,62.040309985382514],[23.897260286123132,62.040305683759961],[23.897297468015491,62.040301308985036],[23.897372404228204,62.040294638573769],[23.897409567812979,62.04029044303573],[23.897439369458745,62.040285641779626],[23.89747309735662,62.040277236391184],[23.897503531304288,62.040266421131335],[23.897530444658734,62.040253729942087],[23.897553637283519,62.040239436827846],[23.8975746521707,62.04022454673791],[23.897594271074436,62.040209086230185],[23.897629724958996,62.040177370420601],[23.897637070124897,62.040170258562931],[23.897733524218467,62.040072633417502],[23.897769617694415,62.040041021792284],[23.897787486666203,62.040026959351252],[23.897808338624785,62.040011975728262],[23.897830460306388,62.039997299143685],[23.897853663457997,62.039983087075854],[23.897877793637747,62.039969165358613],[23.897928997645081,62.039942475128989],[23.897983129642835,62.039917279133682],[23.897992406563993,62.039913175367957],[23.898049751049072,62.039889497962108],[23.898109249191613,62.039867027862336],[23.898137003223333,62.03985696977594],[23.898230255023773,62.039825645461683],[23.89829442280951,62.039806164068587],[23.898360688629879,62.039788248077777],[23.898394550165385,62.039780025158166],[23.898415504558997,62.039775294390658],[23.898626358236438,62.039732966110698],[23.898660948299682,62.039725478211537],[23.898694953263508,62.039717348282693],[23.898712835950885,62.039712719140574],[23.898745193492022,62.039703294433529],[23.898901586326399,62.039651656438323],[23.898928446814001,62.03964247651264],[23.898960391749508,62.039632593291032],[23.898993515153087,62.039623724771026],[23.899028987202598,62.039617154990907],[23.899040404218951,62.039615704576114],[23.899078051367226,62.039613136573301],[23.8991544385464,62.039611169458347],[23.899192363611647,62.039609065847912],[23.899220272029012,62.0396055602872],[23.89925397046585,62.039597243660047],[23.899283025405786,62.039585678333317],[23.899308100759583,62.039572047133369],[23.899330823937092,62.039557653355203],[23.899351341989828,62.039542931531045],[23.899371103127994,62.039527563825793],[23.899389611768683,62.039511907445835],[23.899406878873158,62.039495854831088],[23.899422713462091,62.039479590353345],[23.899436836599715,62.039462847213379],[23.89944903182581,62.039445872097978],[23.899459326452025,62.039428584765993],[23.899468197614649,62.039411184599082],[23.899475293585699,62.039393555888772],[23.899477301456646,62.039388120816618],[23.899482497657033,62.039370359587288],[23.899485449578759,62.039352467083376],[23.899485339052507,62.039334586634531],[23.899478930837638,62.039316924059477],[23.899460030020183,62.03930150530347],[23.899453087590164,62.039298474486422],[23.899418572679174,62.039290961144275],[23.899381268992748,62.039287158378492],[23.899343503805266,62.039284692819486],[23.899305973536052,62.039281423976668],[23.899269654279369,62.03927584651678],[23.899263835557559,62.039274368200147],[23.899235913238673,62.039262241460058],[23.899218689932219,62.039246321323731],[23.899210335650114,62.039228794687666],[23.899206026564606,62.039210999581456],[23.899204617248188,62.039193098932394],[23.899205334274431,62.039176674498314],[23.899207810030514,62.03915876231536],[23.899211554684435,62.039140977464683],[23.899216903703394,62.039123219676526],[23.899239049890468,62.039070361845489],[23.899243947037935,62.039060230222383],[23.899281800486779,62.038990664856684],[23.89930398473016,62.038956395569507],[23.899316350703586,62.038939433287155],[23.899330130958013,62.038922673472776],[23.899345506331279,62.038906219011793],[23.89936227588862,62.038890164212297],[23.899380497898477,62.038874312737065],[23.899394504428766,62.03886321785992],[23.899415382097914,62.038848153740389],[23.899437962012456,62.038833657911525],[23.899462396789598,62.038819922463112],[23.899488695561438,62.038806857760413],[23.899516830016243,62.038794741667246],[23.899547099088895,62.038783832447507],[23.89957962717866,62.03877441139548],[23.899614090606871,62.038766650916052],[23.899623959456186,62.038764806322625],[23.899660274295812,62.038759342383415],[23.899809152224989,62.038743281580736],[23.899845755898685,62.038738174454068],[23.899881379441393,62.038731607876834],[23.899912870764389,62.038722972010781],[23.899940852266173,62.038710852399262],[23.899964674234447,62.038696743745618],[23.899985695997326,62.038681763637712],[23.900004834544042,62.038666301014516],[23.900058486505859,62.038618732555314],[23.900078093968936,62.038603361310955],[23.900099746356215,62.038588575030438],[23.900120734640534,62.038576927179065],[23.900150094513418,62.038565548216802],[23.900182478608603,62.038556033955864],[23.900216490991937,62.038547814006321],[23.900251376432401,62.038540601887007],[23.900287008703287,62.03853413422901],[23.900395568840743,62.038516807903768],[23.900431336414631,62.038510513942342],[23.900466528006085,62.038503488324011],[23.900500828239867,62.038495634127287],[23.900533814597534,62.038486591491676],[23.900565453218523,62.038474814427261],[23.900590652394389,62.038461455314469],[23.900613086972047,62.038446875187262],[23.900673646827833,62.038401159603445],[23.900694963408007,62.038386284839724],[23.900704764835339,62.038380216226052],[23.900730144795066,62.038366771310841],[23.900758135686406,62.038354552931644],[23.900788240300873,62.038343558905041],[23.900820480384954,62.038333951428179],[23.900854205194953,62.038325545192187],[23.900888802245387,62.038317967086016],[23.900959606285191,62.038304473085759],[23.901031706709364,62.038292526438958],[23.901059514942855,62.038288299567341],[23.901314368972187,62.038250369293067],[23.901385767823207,62.038237418484712],[23.901455392108303,62.038222729841806],[23.901489557322847,62.038214692698929],[23.901522489240396,62.038206178663778],[23.901555475898078,62.038197126816442],[23.901587552008404,62.038187434630139],[23.901618891189372,62.038177088035589],[23.901649302480976,62.038166271407867],[23.901678670517335,62.038154802479809],[23.901707109750653,62.038142872483263],[23.901734487552034,62.038130280795578],[23.901760612963216,62.038117211792276],[23.901785676866293,62.038103669759224],[23.901809028514347,62.03808946939413],[23.901830507902545,62.03807467897694],[23.901850114119753,62.038059307471961],[23.901867693549985,62.038043360415358],[23.901882742603792,62.038026898373829],[23.901895584869905,62.0380099375963],[23.901906039358106,62.037992752521028],[23.901910113061408,62.037984309273412],[23.901916749151457,62.037966670139312],[23.901920176686101,62.037948788282968],[23.901920551038074,62.037930828902489],[23.901917375848395,62.037912969516867],[23.901909982966728,62.037895383788289],[23.901897374197237,62.037878480534324],[23.901879826667688,62.037862544475338],[23.901870645072034,62.037856139470598],[23.901846112203138,62.037842481226392],[23.901817018318042,62.037830777896005],[23.901784272112728,62.037821687733086],[23.901748106821181,62.037816114360531],[23.901734512824287,62.037815090461955],[23.901696286268159,62.037815669686111],[23.901658740331925,62.037818959348179],[23.90162187744485,62.037823432241453],[23.901585266033788,62.03782862948249],[23.901548232245357,62.037833089535617],[23.901510434787884,62.037835654799309],[23.901472354227533,62.037834799816686],[23.901459032416341,62.037832793773674],[23.901427151900311,62.037823094088303],[23.901401923799355,62.037809689668613],[23.901381564848776,62.037794498968076],[23.901363759482528,62.037776400914275],[23.90135163647804,62.037759427656312],[23.90134294772589,62.037741983488985],[23.90133126494673,62.037704716510206],[23.901290425496946,62.037580648290714],[23.901287412537538,62.037562702687104],[23.90128649832829,62.037544813191694],[23.901288495505547,62.037526890244479],[23.901293194019711,62.037509117790854],[23.901301576391237,62.037491616714462],[23.90131347348353,62.0374745449272],[23.901329457767101,62.037458292605656],[23.901342986566835,62.037447366502327],[23.901365708089667,62.037432963405934],[23.901391708562592,62.037419801834446],[23.901419984548685,62.037407778401089],[23.90144994531942,62.037396682195499],[23.901544382907076,62.03736619098428],[23.901575712046071,62.037356122687299],[23.901788659542294,62.037280237153638],[23.901820140376888,62.037269992531563],[23.901852207206716,62.03726038094657],[23.901885192735708,62.037251329012292],[23.901919068752306,62.037242925933633],[23.901953664307193,62.037235347550144],[23.901989141154086,62.037228696315175],[23.902019769899724,62.037223813872629],[23.902056487587814,62.037219068109231],[23.902094050991305,62.037215599065632],[23.902131964675451,62.037213575297578],[23.902170144849297,62.037213444118436],[23.902207871226729,62.037216267426459],[23.902243476589671,62.037222636670599],[23.902248807916052,62.037224014086512],[23.902279623368912,62.037234588070653],[23.902307184095925,62.03724706544692],[23.90235879199891,62.037273459594417],[23.902386361917181,62.037285847321101],[23.902395835408317,62.037289383999763],[23.902428562985389,62.037298653284012],[23.902464131157569,62.03730520131186],[23.902501432831315,62.037309003232664],[23.902539467996935,62.03731048579489],[23.902577630889287,62.037310713468727],[23.902615731468561,62.037309861666728],[23.902653770572755,62.037308110085611],[23.902685691647001,62.037306131344941],[23.902760908214134,62.037300003468374],[23.902835477305093,62.037292154081563],[23.902909112592511,62.037282576759949],[23.903053125226979,62.037258776091264],[23.903233107675028,62.037223474504863],[23.903371227721827,62.037192713531617],[23.90347223354868,62.037167399399479],[23.903538039862546,62.037149210215865],[23.903570133393281,62.037139329324837],[23.903601146334978,62.037128974987233],[23.903631421416065,62.037117975215843],[23.9036606241147,62.037106421328374],[23.903688918922892,62.037094388887148],[23.903716123172313,62.037081792939439],[23.903742265006422,62.03706873294005],[23.903751478777792,62.037063729007151],[23.903824791177616,62.037022341016872],[23.903850617545171,62.037009184081953],[23.903879208469093,62.036997248086514],[23.903910690079844,62.036987173714344],[23.903922919002049,62.036984124030717],[23.903958521394216,62.036977735650048],[23.903995795372715,62.036973909232287],[23.904033824869412,62.036972246901911],[23.904071996479345,62.036972384525797],[23.904148272711076,62.036974634693223],[23.904179767952552,62.036975520903596],[23.904218046678018,62.036976110083991],[23.904256208325553,62.036976157594509],[23.904294290216392,62.036975484594862],[23.904332319701112,62.036973822182134],[23.904369998789043,62.036970714478109],[23.90440673490972,62.036965968513343],[23.904430667565887,62.036961833732285],[23.904465281279595,62.036954255141296],[23.904498254833197,62.036945121476286],[23.904528961012442,62.036934580379729],[23.904557723390884,62.036922648094794],[23.904583865641595,62.036909578969166],[23.904607062366289,62.036895374689628],[23.904627315389803,62.036880017330688],[23.90464362299225,62.036863762925819],[23.904655804216954,62.036846885917861],[23.904664041796941,62.036829282599804],[23.904668299790586,62.036809613567989],[23.904668013488212,62.036791738208869],[23.904663710628441,62.036773853615401],[23.904655020237584,62.036756409644241],[23.90464076967254,62.03673983817032],[23.904624918952742,62.036727713759809],[23.904599538533869,62.036714297531049],[23.904569570035243,62.036703293872364],[23.90453632786318,62.036694381892126],[23.904501101805906,62.036687482712424],[23.904390781767802,62.036669915191055],[23.9042475429194,62.036644961057171],[23.904211026712108,62.036639649958829],[23.904173752983706,62.036635579600592],[23.904135999772041,62.036633025735803],[23.904097874178369,62.036632439960925],[23.904090937223152,62.036632553855952],[23.904053025228929,62.036634757864256],[23.90401587610447,62.036638865592174],[23.903979572761067,62.036644250028665],[23.903943798979448,62.036650634563536],[23.903803054273585,62.036678642011211],[23.903782707628707,62.036682318103793],[23.903746116186813,62.036687336661117],[23.903708832499323,62.036691261611288],[23.903595822578172,62.03670013555724],[23.903291904669889,62.036715407510741],[23.903264722801964,62.036716504499864],[23.90318937331682,62.036722449966149],[23.902818403319586,62.036765144326829],[23.902798375155371,62.036767381018514],[23.902648438529315,62.036781175134905],[23.902497021820519,62.036790713441199],[23.902344574976883,62.036796086886355],[23.902191879657028,62.036797510657699],[23.902077331474509,62.036795927527969],[23.902040387472088,62.036795008356137],[23.901732270055316,62.036781982185246],[23.901465950897343,62.036771241396202],[23.901390282816653,62.036766218381572],[23.901315264515535,62.036759323296863],[23.901278171129206,62.036754986684976],[23.90124145699869,62.036750119545097],[23.901203546172173,62.036744416973185],[23.901167761511527,62.036738312938617],[23.901132365239185,62.036731588743073],[23.90106303322354,62.036716385325519],[23.900995812555479,62.036699423521256],[23.900737509814402,62.036622748815468],[23.900732349616849,62.036621195503486],[23.900473011692352,62.036545305583161],[23.900457233173828,62.036540378391038],[23.900059569093937,62.036400748412746],[23.900043350974794,62.03639544295612],[23.899979487649794,62.036375771042366],[23.899946571774809,62.036366676596359],[23.899912808524025,62.036358200963676],[23.899878315070254,62.03635050848623],[23.899842748582909,62.036343959801954],[23.899805646791243,62.036339712432593],[23.899767612991877,62.036338229125512],[23.899729737610155,62.036340073411324],[23.899708202373326,62.036342644136518],[23.89967302225579,62.036349579944236],[23.89964080393688,62.036359178631933],[23.899611149766876,62.036370461006321],[23.899596294010028,62.036377134696089],[23.899570924370995,62.036390489779642],[23.899548031929225,62.036404879759246],[23.89952795760319,62.036420150585215],[23.899491870340725,62.036451762723061],[23.899484364698768,62.036458960894294],[23.899467118490392,62.036475013964839],[23.899448754432253,62.036490772401024],[23.899428661825027,62.036506033819485],[23.899403770005723,62.036519579288608],[23.899369629289637,62.036530581133817],[23.899333605022473,62.036536410840597],[23.899295594116293,62.036537892610376],[23.899257614893635,62.036535871358232],[23.899221100547003,62.03653073864281],[23.89918748088699,62.036522355897894],[23.899170525128429,62.036516404889532],[23.899144795435983,62.036503249284557],[23.899122780361306,62.036488560038116],[23.899102757035951,62.036473286669022],[23.899083876400713,62.036457688600663],[23.899062871361547,62.036442662683015],[23.899037989100393,62.036429076902948],[23.899006805455365,62.03641894308435],[23.898999202965527,62.036417703165604],[23.898961377431498,62.036415864960759],[23.898923726015802,62.036418513628171],[23.898895594733336,62.036422732787933],[23.898860999368463,62.036430310406857],[23.898828914228549,62.036440100565237],[23.898799862155247,62.036451665818824],[23.898773575202426,62.036464631807945],[23.898725302191604,62.036492475174718],[23.898704430999768,62.036504484789525],[23.8986541595734,62.036531474671378],[23.898574054126144,62.036570003188281],[23.898376479240717,62.036654575370605],[23.898368564435707,62.036657901208628],[23.89828292984058,62.036693610125106],[23.898253418408714,62.036704985267868],[23.898245739311285,62.036707687523283],[23.898087588967364,62.036757937473816],[23.898057006068587,62.036768749458403],[23.898028547638297,62.036780678275079],[23.898002737156215,62.036793843498891],[23.897980617015381,62.03680852909558],[23.897963531651008,62.036824495769885],[23.897956419616715,62.036834209224018],[23.897941692744347,62.03686945448235],[23.897931083732075,62.036886635815691],[23.897926211847583,62.036891826812074],[23.897904731431009,62.03690661661723],[23.897875984773577,62.036918368232072],[23.897842424295263,62.036926858278648],[23.897819680104227,62.03693021009429],[23.897781948257546,62.036932326602944],[23.897743959518884,62.036930394565715],[23.897707814326065,62.036924640878048],[23.897680689339747,62.03691729317346],[23.897652797106709,62.036905085886012],[23.897628753328146,62.036891159341174],[23.897585372283228,62.036861615261344],[23.897562004037294,62.036847443356812],[23.897535274719267,62.036834714168471],[23.897525630968499,62.036831352995101],[23.897491128464559,62.036823749555779],[23.89745380063448,62.036820215189756],[23.897415656712059,62.036819806836192],[23.897377501813278,62.036821195008237],[23.897339840528499,62.036824121533044],[23.897321269993828,62.036826129674473],[23.897284389432247,62.036830780681093],[23.897248200863515,62.036836525306114],[23.897212713422757,62.036843273916411],[23.897178280731051,62.036850935640253],[23.897144853644761,62.036859617180482],[23.897112470440508,62.03686913073625],[23.897080825824119,62.036879280781754],[23.897050088943413,62.036889909410171],[23.89699077764794,62.03691247301915],[23.896977318720872,62.036918009938837],[23.896893824411546,62.036954844225008],[23.896814948791921,62.036993848622295],[23.896668000708189,62.037076412506515],[23.896597920035422,62.037119028452686],[23.896584141024029,62.037127702509899],[23.896450138077078,62.037215947641229],[23.896305361508595,62.037321469000027],[23.896283392866817,62.037336157750403],[23.896260353689446,62.037350463064257],[23.896236063155637,62.03736428205125],[23.896210538524198,62.037377633066754],[23.89618378985076,62.037390417513123],[23.896155655402822,62.037402532928958],[23.896126142494296,62.037413907606577],[23.896095108481063,62.037424439513742],[23.896070483385913,62.037431971188504],[23.896037217995193,62.037440745951223],[23.896002612547001,62.037448403511277],[23.895966845344674,62.03745469632824],[23.895930108183254,62.037459619731152],[23.895892705667833,62.037463000892188],[23.895854675177361,62.037464660973072],[23.895816503854469,62.03746470076981],[23.895792432705701,62.037463799970212],[23.89571679970458,62.037458235610586],[23.895678991390326,62.037456217232609],[23.895640872201724,62.037457246384776],[23.895615190282633,62.037461070799409],[23.895585217413547,62.03747207566181],[23.895561089123355,62.037485988025203],[23.895539922487561,62.037500874384385],[23.895501479613699,62.03753189353688],[23.895480141127049,62.037546776021919],[23.89545539026464,62.037560413829482],[23.895425276431887,62.037569798382201],[23.895387482500144,62.037570825799946],[23.895351146819632,62.037565435555891],[23.89531718525215,62.037557214872677],[23.895284811538087,62.037547682314411],[23.895253493619428,62.037537364947674],[23.895162251492344,62.037504775847346],[23.89513039165508,62.037494895455374],[23.895096097388851,62.037486936748046],[23.895059374269444,62.03748215759866],[23.895047491003808,62.037481620720811],[23.8950096230942,62.037483374067001],[23.894973721242373,62.037489483922414],[23.894941346758721,62.037498898362784],[23.894911995952874,62.037510366275932],[23.894884309734238,62.037522770029128],[23.894831864132762,62.037548892140833],[23.894782361808069,62.037576167515198],[23.894776212385537,62.037579622718752],[23.894705669012438,62.037622047673366],[23.894683575831802,62.037636634559028],[23.894662848477218,62.037651710355064],[23.894644653013128,62.037667471995164],[23.894629123056607,62.037683922486849],[23.894623221043538,62.037691327195404],[23.894612284458713,62.037708509919888],[23.89457319515542,62.037796283723246],[23.894563690886876,62.037813678353558],[23.894552115296555,62.037830747872064],[23.89453930841918,62.037845822202733],[23.894521409031938,62.037861680330899],[23.894499926278549,62.037876469589655],[23.894475022921203,62.037890094816809],[23.894446895568176,62.037902129206337],[23.894415391638198,62.037912380660138],[23.894381387591856,62.037920509542268],[23.894361354483976,62.037924092509094],[23.894287608908723,62.03793339333653],[23.894251264984497,62.037938954030402],[23.894219069824835,62.037948291492377],[23.894206066821493,62.03795572504211],[23.894194671914757,62.037972708761451],[23.894190418147119,62.037990580888831],[23.894188435843443,62.038008504135163],[23.894183085026064,62.038026252750235],[23.894175655236637,62.038035878025937],[23.894144980217828,62.038045878558272],[23.894107219314677,62.038048262952103],[23.894069119667307,62.038047405497409],[23.893993195628536,62.038043181251041],[23.893955160032565,62.038041696331184],[23.893939069644823,62.038041513869722],[23.893901094023072,62.038042815303072],[23.893863788389758,62.038046737145443],[23.893828030908487,62.038053110500172],[23.893794313660859,62.038061425376291],[23.893779855544246,62.038065681761161],[23.893748676508721,62.038076120060246],[23.8937194774022,62.038087591149711],[23.893691942876995,62.0380999980936],[23.89366627387739,62.038113246592602],[23.89364244948565,62.038127354144848],[23.893620488128107,62.03814195282478],[23.893600238805305,62.038157209929111],[23.893581574433508,62.038172871047983],[23.893564629545914,62.038188930226276],[23.893460824275785,62.038304705358591],[23.893455183448829,62.038311046814606],[23.893319053819603,62.038459334778771],[23.893292117972742,62.038492858385297],[23.893284850428437,62.038502577110577],[23.893213019365657,62.038604796388832],[23.89319938861653,62.038621559010501],[23.893184497234905,62.038638113573271],[23.893178180744243,62.038644700343269],[23.893161235375455,62.038660759468129],[23.89314288581437,62.038676517461809],[23.893123103949144,62.038691874867695],[23.89310207883209,62.038706853909069],[23.893079820528897,62.038721355988699],[23.893056292562385,62.038735550979602],[23.893031702288756,62.038749281838491],[23.893006012446087,62.038762538741977],[23.892979261211032,62.038775322548965],[23.892923436027839,62.038799840638987],[23.892835809076765,62.038834513279113],[23.892713480815264,62.038877568180666],[23.8926187327781,62.038907777052877],[23.892602597435882,62.038912714273977],[23.892274106991017,62.039004383497264],[23.891598727252713,62.039172050563636],[23.89159078653201,62.039174117699183],[23.890998725889123,62.039338187299315],[23.890837994343777,62.039386664243395],[23.890813881914728,62.039394017911853],[23.89042689422751,62.039509439222883],[23.890360346663641,62.039526886939903],[23.890291998373264,62.039543045282898],[23.890222345820778,62.039557736773098],[23.890151399858951,62.039571042508371],[23.890140575748141,62.039572864912223],[23.890068333009658,62.039584443419095],[23.889994976925376,62.039594559368766],[23.889883370655131,62.039606769025859],[23.889694842767387,62.039621296821863],[23.889543050144422,62.03962964481682],[23.889527506431648,62.039630282730393],[23.889223152210917,62.039643268452807],[23.88914740735558,62.039648299102758],[23.889072424484542,62.039655233517408],[23.888998376300862,62.03966406660728],[23.88896192324469,62.039669353977274],[23.888925720614111,62.039675186020105],[23.888890112008024,62.039681570481605],[23.888858548720489,62.03968768676841],[23.888823947195611,62.039695261829458],[23.888789912353396,62.039703469549679],[23.888756776795617,62.03971242523496],[23.888724550601793,62.03972203028971],[23.888693214681751,62.039732284284149],[23.888663085298255,62.039743275204472],[23.888634179706393,62.039755021408254],[23.888606804245512,62.039767520818629],[23.888590824250347,62.039775605474127],[23.888566059330699,62.039789331644492],[23.888542852954579,62.039803533161766],[23.888520897865842,62.039818221067428],[23.888421253256098,62.039894745853452],[23.88840394895578,62.039907921485856],[23.888361577951507,62.039937772170397],[23.88831580354546,62.039966477017863],[23.888291362860247,62.039980210453528],[23.888265518127884,62.039993454046694],[23.888241973161211,62.04000460232281],[23.888213975782861,62.040016818120122],[23.888184764491854,62.04002836868073],[23.888154652804314,62.040039368880286],[23.888123450746122,62.040049805450828],[23.888091530178549,62.040059596936693],[23.888058681122256,62.040068738602791],[23.888025105309065,62.040077315852727],[23.887990934531011,62.040085349625642],[23.887920982638651,62.0400997637228],[23.887813696691005,62.040118717296991],[23.887704287908328,62.040134667196106],[23.887630362470791,62.040143780847373],[23.887607049023856,62.040146489320804],[23.887457494852438,62.040161165340379],[23.887306424223286,62.040171773200548],[23.887192312955563,62.04017701556937],[23.887165155013047,62.040177840466328],[23.886974513550445,62.040183054487358],[23.886936452480128,62.040185160680643],[23.886898785353811,62.040187904626855],[23.886861216660638,62.040191369500192],[23.886850628134617,62.040192568089331],[23.886813732789843,62.040197305893344],[23.886777556645022,62.040202868467638],[23.886741928642312,62.040209431633336],[23.886707029922004,62.040216720974314],[23.886673002190765,62.040224847495388],[23.886639731081051,62.040233619953945],[23.886574951905764,62.040252633070516],[23.886512268350209,62.040273229691664],[23.886481830560349,62.040284042503636],[23.886452195244242,62.040295053092187],[23.88633610854685,62.040341657288792],[23.886061520184626,62.040466601071394],[23.885893405204115,62.040539782486604],[23.885805143788129,62.040574167031089],[23.885743530287428,62.04059532650458],[23.885679352041976,62.040614810963653],[23.885646359049634,62.040623850004728],[23.885626996303927,62.040628893293587],[23.885558804967218,62.040644963072907],[23.885488572757119,62.040659100130789],[23.885416758749493,62.040671305839965],[23.885269614660906,62.040690624742936],[23.885046139105654,62.040714500521872],[23.885009839385436,62.040718083385045],[23.884786354259585,62.040742048373438],[23.884712849425068,62.040751888710446],[23.884676797435173,62.040757723072097],[23.884641159165035,62.040764375320833],[23.884606267576366,62.04077158345374],[23.884572096053386,62.040779607405788],[23.884543808678682,62.040786784922126],[23.88438261882656,62.040834884924656],[23.884349318133147,62.040843746023761],[23.884315011184569,62.040851596161836],[23.884279517183781,62.040858332432762],[23.884266917676346,62.040860293988068],[23.884229895222695,62.040864579052204],[23.884192209406617,62.04086768121396],[23.884040622867339,62.040876926329389],[23.884003071376682,62.040880211152192],[23.883966202311591,62.040884679289135],[23.883930429570757,62.040890959980089],[23.883897156956024,62.040899731767368],[23.883866430546117,62.040910357830896],[23.883837980892075,62.04092229305023],[23.883811511926179,62.04093525223864],[23.883786743917426,62.040948977530014],[23.883693129606517,62.04100569985858],[23.883675161910865,62.041015985088293],[23.883649944991163,62.041029421717546],[23.883623474933763,62.041042389831894],[23.883595780926363,62.041054791265942],[23.883567196674424,62.041066543714386],[23.883537208403396,62.041077806270884],[23.883506319061787,62.041088338740153],[23.883474376851279,62.041098128709791],[23.883441238236227,62.041107083098133],[23.883402117709483,62.041116342613172],[23.883366910086128,62.041123453467364],[23.883331136025927,62.041129742963534],[23.883294671084563,62.041135118451201],[23.88325780161108,62.041139586396227],[23.883220356527701,62.041143322614374],[23.883182678725795,62.041146155169173],[23.883106724058798,62.041150009923392],[23.882992235827494,62.041152536198119],[23.882872715913173,62.041152442205529],[23.882758107628455,62.041151470806497],[23.882720001117121,62.041152137397461],[23.882681858595674,62.041153342203501],[23.882643957948336,62.041155361020508],[23.882606782200725,62.041159642196085],[23.882571592713855,62.041166573581151],[23.88253502720012,62.041177597523728],[23.882507341814538,62.041189909103238],[23.882484121452237,62.041204208170434],[23.882465603127425,62.041219862218448],[23.882451029155856,62.041236422903225],[23.882439597245234,62.041253503760068],[23.882431050245103,62.041271000157202],[23.882425347421595,62.041288749463362],[23.882423018754068,62.041300645558437],[23.88242213646495,62.04131859359304],[23.882424976891492,62.041336437054596],[23.882432692056874,62.041353950413693],[23.882447427970689,62.041370544281442],[23.882466568597515,62.041383365545592],[23.88249362918069,62.041396015327479],[23.882519346477711,62.04140926364056],[23.882535254265274,62.041420583418571],[23.882539239438223,62.041438273053842],[23.882529908112271,62.041455581045014],[23.88251510982812,62.041470968753124],[23.882495168068328,62.041486321135395],[23.882471345053279,62.041500337071632],[23.882444280851868,62.041512932194081],[23.882414290087421,62.041524023767934],[23.882382195270296,62.041533801066294],[23.882348490183695,62.041542113530028],[23.882172810422965,62.04157730617996],[23.882164399659974,62.041579092655162],[23.881993405333187,62.041618972760254],[23.881957621228675,62.04162535152691],[23.881920751692313,62.041629998805554],[23.881882938826948,62.041632648285947],[23.881844868443583,62.041632956102148],[23.881806930818954,62.041630661551636],[23.881794030840105,62.041629202185973],[23.881757874043174,62.041623533941632],[23.881723740655307,62.041615485727419],[23.881692223908285,62.041605430307349],[23.881663820145569,62.041593378897481],[23.881640942257619,62.041579125481206],[23.881627232664417,62.041563722629206],[23.881622437244403,62.041545915828721],[23.881626688832462,62.041528142742344],[23.881637462343182,62.041510957228439],[23.881667269464664,62.041477949729078],[23.881679270572214,62.041464655062505],[23.881730490099692,62.041397093795219],[23.88174329816847,62.041380592105298],[23.881757738965266,62.041364028479343],[23.881773593112818,62.041347676463893],[23.881790841319049,62.041331724286451],[23.881809217443699,62.041315968285829],[23.881828835824223,62.041300599708592],[23.881849704726559,62.041285537885003],[23.881871683172506,62.041270851501459],[23.88189457934487,62.041256545207716],[23.881918573318075,62.041242542215826],[23.881943476749925,62.041228999981868],[23.881969326181988,62.041215748635224],[23.881996255961631,62.041202970890119],[23.882023949829556,62.041190578745415],[23.882052543970953,62.041178736988869],[23.882081922209437,62.041167272299667],[23.882112199803817,62.041156366960855],[23.882143232303221,62.041145936852679],[23.882162219731047,62.0411398973215],[23.882325367567123,62.041093281498199],[23.882357300228744,62.041083401733104],[23.882388333489018,62.041072962605504],[23.882413318714004,62.041063473915841],[23.882441462894882,62.041051352399421],[23.88246792427362,62.041038474147335],[23.882492683760653,62.041024838729363],[23.882515740438034,62.041010455109593],[23.882536772342011,62.040995477728153],[23.882574124878641,62.040964257606589],[23.882673476083841,62.040867246652297],[23.882676745016319,62.040863726894941],[23.882720655940503,62.040814058031074],[23.882733672675787,62.040797192630784],[23.882745409675433,62.040780118645138],[23.882754748925553,62.040762729966652],[23.882759802407463,62.040744965984373],[23.882760187226587,62.040727015697968],[23.882756221289902,62.040709137839187],[23.882752992308173,62.040701248844464],[23.882743025281965,62.0406838643203],[23.88272909954852,62.040667207923597],[23.882711560559599,62.040651269487789],[23.882690379852892,62.040636326871969],[23.882666178199251,62.040622483935657],[23.882638269633816,62.040610273206021],[23.882606239642804,62.04060056574815],[23.882574310396599,62.040594543990764],[23.882536563451488,62.04059189456823],[23.882498467543954,62.040592651166136],[23.882460656015621,62.040595300813621],[23.882423364949361,62.04059921996511],[23.882349303450997,62.040608139093166],[23.88231203072343,62.040611878949626],[23.882274219156404,62.040614528545788],[23.882263703063867,62.04061483002608],[23.88222561972373,62.040613969716048],[23.882187891156303,62.040611140933549],[23.882150768412956,62.040607068068951],[23.882113881055712,62.040602191953241],[23.88200510781509,62.040585189526269],[23.881968393231524,62.040580308290174],[23.881931260453161,62.040576333962534],[23.881893360876735,62.040573680914427],[23.88186180760038,62.040573327394462],[23.881824159583125,62.040576061418122],[23.881787118780402,62.040580525092004],[23.881750797768213,62.040585993257402],[23.88167855026736,62.040597747032869],[23.881642084969258,62.040602942390663],[23.881604918951492,62.040607133667791],[23.881583184039943,62.040608619046274],[23.881544943849594,62.040609102601941],[23.881506906474272,62.040607793932303],[23.881468960250412,62.040605409233315],[23.881318887619209,62.040592045908923],[23.881280951333533,62.0405897512221],[23.881242867345168,62.040588710945421],[23.881212960754844,62.04058965224651],[23.881176246003264,62.040594293821933],[23.881142072882231,62.040602325883953],[23.881110733542769,62.040612578134194],[23.881082139578808,62.040624419697565],[23.881055668798751,62.040637387315549],[23.881031072531165,62.040651107026022],[23.881008167232892,62.040665502810192],[23.880986656867204,62.040680289474963],[23.880863617093009,62.040771104017331],[23.880819679960208,62.040800467928321],[23.880794152136943,62.040815433289289],[23.880768311733188,62.040828594783228],[23.880740617694919,62.040840986675512],[23.88071154542218,62.040852637677553],[23.880681114212106,62.040863359560838],[23.880649182169417,62.040873229973336],[23.880616186516772,62.040882276763924],[23.880582309881088,62.040890584915573],[23.880547695791179,62.040898247511599],[23.880512649681464,62.04090527145501],[23.880477028737534,62.040911743357377],[23.880440986596366,62.040917657706913],[23.880427556786657,62.040919689988506],[23.880244500395829,62.040945289218833],[23.880208438162725,62.040951212038792],[23.880173096592149,62.040958130395445],[23.880138931992811,62.040966072572331],[23.88010593609058,62.04097511923932],[23.880074902163024,62.040985557849645],[23.880053242606266,62.04099414205119],[23.880026791076158,62.04100710093477],[23.880002795511722,62.041021112557146],[23.87995871366256,62.041050383101108],[23.879896389111021,62.04109559209067],[23.879874428939694,62.041110278586395],[23.879851053990862,62.041124394055025],[23.879825825201365,62.041137928569668],[23.879798158781004,62.04115023106759],[23.879785768854379,62.041154622637031],[23.879753384926339,62.041164042419673],[23.879718645178642,62.041171432455194],[23.879682151295068,62.041176896184844],[23.879644714946764,62.041180541797992],[23.879606815007371,62.041182550816565],[23.879568681541649,62.041183665129303],[23.879530458997415,62.041183968857887],[23.879492319889767,62.041183645582684],[23.879416034634904,62.041181202042019],[23.879399673356026,62.041180472745708],[23.879210030118504,62.041169716199683],[23.879171829548511,62.041168313365951],[23.879133689764512,62.041167810295988],[23.879095467941731,62.041168293600052],[23.879057585453843,62.041170132166755],[23.879019879682524,62.041173232479046],[23.878981675395266,62.04117820814772],[23.878946034726422,62.041184679219015],[23.878911888649348,62.041192621520118],[23.878879027391786,62.041201841644167],[23.87884784929475,62.041212186888593],[23.878818163677984,62.041223464278325],[23.878789252924385,62.041235208385459],[23.878734033375409,62.041260004202762],[23.878707417524282,62.041272878273737],[23.878691777046424,62.041280789835319],[23.878589636485049,62.041334162659297],[23.87856302050789,62.041347036701531],[23.878534874528484,62.041359157415272],[23.878505207742567,62.041370435167593],[23.878474145503652,62.041380953648591],[23.878441923548372,62.041390466637111],[23.878408333508826,62.041399140115487],[23.878401544517189,62.041400783364701],[23.878189655138364,62.041441979864551],[23.878156236083196,62.041450477471095],[23.878125191813652,62.041461005267209],[23.878099188021718,62.04147406376827],[23.878081936891483,62.04149002443463],[23.878076942284483,62.041504016341129],[23.878080753759459,62.041521881897999],[23.878095845448115,62.041556991360473],[23.878098683354008,62.041574834894483],[23.878096386420147,62.041583048220737],[23.87807883828653,62.041598732649312],[23.878049907801547,62.041610476165182],[23.878016202396513,62.041618778599954],[23.877944641762944,62.041631444419714],[23.877913148588902,62.041637020815628],[23.87770516654291,62.041682257957874],[23.877669822648393,62.041689184627238],[23.87763406587532,62.041695473066902],[23.877598438089571,62.041700317990902],[23.877560875737576,62.041703690682155],[23.877522964906412,62.041705797718642],[23.877446705047017,62.041707755845287],[23.877255557262167,62.041708462144406],[23.877179307273654,62.041710510187052],[23.877136673365179,62.041712959452084],[23.877099101750272,62.041716421649227],[23.877062078908601,62.041720875510293],[23.877025602306691,62.041726159266325],[23.876989682751738,62.041732354018421],[23.876954491361186,62.041739283958918],[23.876920018932694,62.041747038720295],[23.876886293754335,62.041755529103149],[23.876853440484897,62.041764659104793],[23.876821351943363,62.041774354428441],[23.876790172568271,62.041784699199248],[23.876607700220926,62.041849818626737],[23.876578782526302,62.041860124694836],[23.876425823737858,62.041913972053479],[23.876366946362847,62.04193671669173],[23.876310624182157,62.041961037434675],[23.876283719660115,62.041973724850251],[23.87627980452201,62.041975702562425],[23.876107230389621,62.042071680866435],[23.876081378619659,62.04208492212998],[23.876054598320867,62.042097702155871],[23.876026765985145,62.042109919323813],[23.875997384582973,62.042121382702774],[23.875992533302217,62.042123159537788],[23.8759613542104,62.042133495153749],[23.875928796262279,62.042142910134999],[23.875895213891049,62.042151493359448],[23.875860606415525,62.042159065130669],[23.875681752274769,62.042190584233367],[23.875649960515663,62.042195704168783],[23.875148462130241,62.042283067093216],[23.875128099176258,62.04228682854545],[23.874951678865784,62.042321276715569],[23.874882598283712,62.042336593528752],[23.874848727700037,62.042344810620008],[23.874815576032642,62.042353852543393],[23.874783629745057,62.042363640474456],[23.874752899640232,62.042374255514851],[23.874723373992094,62.042385625527764],[23.874695369049746,62.042397838531315],[23.874689785713272,62.042400407307319],[23.874663626008054,62.042413470650118],[23.874639016226375,62.042427278822984],[23.874615963058613,62.042441580425596],[23.874594152096925,62.042456269514908],[23.874573584263011,62.042471337128283],[23.874478433451216,62.042549131201973],[23.87446612130854,62.042559085184109],[23.874384496978358,62.04261975651788],[23.874250965796875,62.042707183595709],[23.874016016623866,62.042848634429184],[23.873995209490175,62.042861369683465],[23.87387774306891,62.042932099623457],[23.873852969902018,62.04294581412713],[23.873826809366651,62.04295887730526],[23.873799568506069,62.042971466808027],[23.873771104725492,62.04298348058073],[23.873763880742079,62.042986371521643],[23.87373405788853,62.042997644765776],[23.87370316325039,62.043008175005063],[23.8736709097976,62.04301777605685],[23.87363732583302,62.043026358720944],[23.873602564336338,62.043033737797202],[23.873566238975734,62.043039203779664],[23.873528549458143,62.043042303005628],[23.873490324567317,62.043042605046665],[23.873481026700041,62.04304221474645],[23.873443494792117,62.043038938862885],[23.873407185220636,62.043033264972202],[23.873371788008701,62.043026533656871],[23.873365617688574,62.043025315795632],[23.873330951561208,62.043017801452862],[23.873296828120544,62.043009661529318],[23.873263561110235,62.043000822276767],[23.873231188713188,62.042991284560784],[23.873200377771084,62.042980704128013],[23.873172471844949,62.042968482535791],[23.873148120019341,62.042954634490897],[23.873128438510548,62.042939284107561],[23.873124194918887,62.042935145157017],[23.873111428389841,62.042918235481828],[23.873101770730973,62.042900866180254],[23.873086035115936,62.042865741505025],[23.873076702028058,62.042848379554393],[23.873064288403658,62.042831388028681],[23.873044017342725,62.042813769283903],[23.873017788938824,62.042800866940276],[23.872986120263672,62.042790815047859],[23.872951084817746,62.042783732453529],[23.872914368192948,62.042778857766514],[23.872876655646639,62.042775667469982],[23.872838671284356,62.04277381860841],[23.872800548070174,62.04277313451373],[23.872762314967996,62.042773705682471],[23.872745643007001,62.042774316173222],[23.872707730545045,62.042776421876574],[23.872670051407489,62.042779422275153],[23.872558281783267,62.042791353978181],[23.8725266922517,62.042794680989061],[23.872451447254974,62.042800881893996],[23.872375613009719,62.042805182759508],[23.87229934251399,62.042807398386969],[23.872222910824956,62.042807831481646],[23.872108389974731,62.042805945926787],[23.871841595827302,62.04279639564502],[23.871830054587686,62.042795864546633],[23.871185351552256,62.042758880831855],[23.871145521486753,62.042756001417445],[23.870956332930525,62.042743725646211],[23.870880156787869,62.04274037252496],[23.87084204289377,62.042739598258706],[23.870803846687277,62.042739810359684],[23.870765683360759,62.042741191120335],[23.87072789588639,62.042743568636183],[23.870690331536384,62.042746939444683],[23.87066392330491,62.042749934305],[23.870627444402754,62.042755216354962],[23.870344715382512,62.042809618598795],[23.870308362991892,62.042815343653039],[23.870271614734044,62.042820080461034],[23.870234203616704,62.042823634303211],[23.870196128344858,62.042825645787971],[23.870157931381634,62.042825678014012],[23.870120155192492,62.042823294080691],[23.87010139190491,62.042820981935385],[23.870065995694215,62.042814249778552],[23.87003203532214,62.042806022887035],[23.869999140796519,62.042796921754025],[23.869901484065124,62.042768752173409],[23.869867704825115,62.042760439507283],[23.869835803595958,62.042754145913335],[23.869798907140805,62.042749535831419],[23.869760959262457,62.042747147903889],[23.869722818378623,62.042746821918115],[23.869684761617183,62.042748653999695],[23.86964733143347,62.042752207250032],[23.869610718080217,62.042757306303848],[23.869575092720854,62.042763775363234],[23.869540483940554,62.042771336572059],[23.869339855722195,62.042823376413914],[23.86931817168535,62.04282899370947],[23.868978157154345,62.042910833753545],[23.868911867599355,62.042928735479109],[23.868847818265735,62.042948296140416],[23.868816922019278,62.042958825275925],[23.868786637934075,62.042969727654558],[23.868757100285158,62.042981186004006],[23.868728806350813,62.042993202622348],[23.86870141987923,62.043005698009445],[23.868675247883772,62.043018849828087],[23.868664492667904,62.043024625130812],[23.868547788404175,62.043095628572885],[23.868523327121956,62.043109448061351],[23.868497336002036,62.043122514112099],[23.868469472333967,62.043134809964528],[23.868439656631224,62.043145992420186],[23.868409051157336,62.043155180459927],[23.868374881089906,62.043163119688074],[23.86833895905777,62.043169303203229],[23.8683019406098,62.04317368298998],[23.868264259941661,62.043176502484634],[23.868226114424932,62.043177703276754],[23.868187973030381,62.043177376863632],[23.868150293941564,62.043175533641879],[23.868112780938958,62.043172077049668],[23.868038579357233,62.043163475572577],[23.868011032380824,62.043160424781519],[23.867973491732251,62.043157237045023],[23.867935515822456,62.043155117506892],[23.86789745750794,62.043153984333742],[23.867859116650319,62.043153922824281],[23.867820989604354,62.04315494424231],[23.867783084958372,62.043156779261587],[23.867745269709374,62.043159604544876],[23.867707820351804,62.04316333652671],[23.867670927789717,62.043167979539923],[23.867634601248177,62.04317344395384],[23.867604897910208,62.043178699310772],[23.867569990399556,62.043185992723451],[23.867366389134968,62.043235437800021],[23.867331778359315,62.043243007410901],[23.867296411267574,62.043249930963349],[23.867260506457111,62.043255943896753],[23.867223748617025,62.043260949213298],[23.867186507809567,62.043264326428165],[23.867148622376146,62.043265973046893],[23.867110388593911,62.043266542645831],[23.867033896257425,62.043266064119976],[23.867015379463766,62.043266003164518],[23.866977154279667,62.043266303400166],[23.866901006433096,62.043268797358444],[23.866787210094579,62.043275467693221],[23.866561980373348,62.043295590787174],[23.86618890075902,62.043334008200866],[23.866075693496697,62.043342757663964],[23.865999884798814,62.043346786120061],[23.865988070085937,62.043347236571599],[23.865606001649869,62.043350859689198],[23.865567845974311,62.043351969680337],[23.865541487170354,62.043352988205825],[23.865465784938177,62.043357467990965],[23.865390653628257,62.043364206716667],[23.865316598199655,62.043372946330756],[23.865243782144233,62.04338377140499],[23.865172374798739,62.043396524074424],[23.865102548892281,62.043411199280676],[23.865032274948174,62.043428550511116],[23.864935094694047,62.043457059674736],[23.864652047715936,62.043548727171554],[23.864586941919125,62.043567543195458],[23.864520073824846,62.043584890688798],[23.864485740628027,62.043592726447301],[23.864450363879158,62.043599918589791],[23.864414583127147,62.043606203138701],[23.864378380514296,62.043611939050535],[23.864304880917,62.043621589170222],[23.86423012529055,62.043629315077112],[23.864042225060544,62.043645349970738],[23.864032148711242,62.043646199116729],[23.863882815768321,62.043661403096877],[23.863809048328395,62.043670678524173],[23.863736355128797,62.043681784120665],[23.863700564898036,62.043688158113618],[23.863677720249193,62.043692580247381],[23.863608334198567,62.043707615093609],[23.863337690479593,62.043774316602409],[23.86330323145155,62.043782068358745],[23.863289220347806,62.043785074048174],[23.863218396596011,62.043798458898422],[23.863145846977943,62.043809836977459],[23.863109087213697,62.043814661494316],[23.863071905612671,62.043818937369835],[23.863034626724684,62.043822671980003],[23.862996926927899,62.043825848985279],[23.862988480942537,62.043826474573642],[23.862912481298551,62.04383066771706],[23.862569449016696,62.043841467607955],[23.862531534600496,62.043843570503661],[23.862514662937716,62.043844624435287],[23.862439405742169,62.043851080216051],[23.862251699188334,62.043874304372771],[23.862106052361636,62.043896049812659],[23.861998745794939,62.043914902460003],[23.861963682802791,62.04392201127299],[23.861929195854596,62.043929842916384],[23.861895482655175,62.043938150331542],[23.86186233472614,62.043947099476405],[23.861829933131428,62.043956604627489],[23.861813447159633,62.043961710079515],[23.861782261444223,62.043972042448011],[23.861751945528162,62.043983032456183],[23.861722891403627,62.043994590192568],[23.861695023305053,62.044006893616867],[23.861668398830762,62.044019755373817],[23.861643474918381,62.044033383503638],[23.861620729772142,62.044047779896665],[23.861600928563824,62.044063132650074],[23.861584746884592,62.044079385254257],[23.861572528706489,62.04409635686612],[23.861565951665007,62.04411021349501],[23.8615616778043,62.044128084473684],[23.861561756738851,62.044146054428147],[23.861565892589038,62.044163838123936],[23.861580632596748,62.044199031516669],[23.861599193016627,62.044234662155297],[23.861690277147215,62.044390334007069],[23.861727720928965,62.044441217710222],[23.861741473871408,62.044457971275328],[23.861754400501137,62.044473088916845],[23.861785169623825,62.044505942523713],[23.861802060474204,62.044521958860024],[23.861820230796063,62.044537815618817],[23.861839753907947,62.044553173071606],[23.861860764976221,62.044568204988423],[23.861884274051633,62.044582395288273],[23.861910490866265,62.044595380391129],[23.861939432062357,62.044606998960383],[23.861971097963004,62.04461706233603],[23.861981453985901,62.04461981332377],[23.862015956139139,62.044627425629649],[23.862052265392936,62.044633102513416],[23.862089570651353,62.044636915374824],[23.862127547953346,62.04463903652973],[23.862165672576037,62.04463954388946],[23.862203783138405,62.044638703307612],[23.862241861146231,62.04463669404528],[23.862279266726908,62.044633411715608],[23.862316305340698,62.044628863263171],[23.86233399295546,62.044626210763788],[23.862369756235307,62.044619926331315],[23.862404674928428,62.044612553585658],[23.862438264348153,62.044604153382267],[23.862470819184562,62.044594651564211],[23.862501862750854,62.04458421697808],[23.862531843678099,62.044573138329113],[23.862560620325777,62.044561304589507],[23.862588173281662,62.044548903984285],[23.862607336839385,62.044539546944506],[23.862632729394807,62.04452619881625],[23.862656725510959,62.044512288881819],[23.862679479768861,62.044497802687403],[23.862700371074606,62.044482824940999],[23.862719522297439,62.044467277579521],[23.862736973470373,62.044451143545466],[23.862794428704458,62.044384628705131],[23.862810456253371,62.044368381448301],[23.862829140229124,62.044352724628546],[23.86285127351157,62.044338134453874],[23.862881804837052,62.044323384774586],[23.862912847985715,62.044312950093037],[23.862947029980866,62.044304922604532],[23.86298322443848,62.044299276706106],[23.863020638164372,62.044295724846393],[23.863058697210889,62.044293894616956],[23.863096905209257,62.044293774736083],[23.863134927763408,62.044295267763069],[23.863172441542151,62.044298725712522],[23.863205176897097,62.044303242984519],[23.863240382955919,62.044310152256855],[23.863273981591156,62.044318731963322],[23.863306180985955,62.044328447791855],[23.863336989774844,62.04433903041749],[23.863366770086397,62.04435030838917],[23.863482624091631,62.044397043951236],[23.863512756790797,62.04440806037519],[23.863538805568005,62.044416369625068],[23.863572413646466,62.044424859629395],[23.863607448718707,62.044431944600262],[23.863643586836947,62.044437796856954],[23.863680294658497,62.044442763642365],[23.863717400968493,62.044447020746972],[23.863792428437879,62.044453756627085],[23.864057776297908,62.044469668103289],[23.864133031160794,62.044475869918415],[23.864170355595522,62.044479682651897],[23.864207443545261,62.044484118887027],[23.864243951979482,62.044489350512158],[23.864279719544626,62.044495643383904],[23.86428650132822,62.044497055225186],[23.864320985459621,62.044504846219503],[23.864354071303215,62.044513764383204],[23.864386080954535,62.04452365532125],[23.86441654728937,62.044534409597809],[23.864445480162068,62.044546117278351],[23.864473031690313,62.044558602138252],[23.864498743677192,62.044571853769426],[23.864522597954494,62.044585862776174],[23.864544277354863,62.044600550082023],[23.864563630683765,62.044616082950611],[23.864580495660171,62.044632179190529],[23.864584557866351,62.044636583819724],[23.864597959588398,62.044653418934885],[23.86460875686047,62.04467064408891],[23.864616940748284,62.044688160254815],[23.864622518637621,62.044705895728377],[23.864625519777036,62.044723752349718],[23.86462607872738,62.044741724191702],[23.864624555762163,62.044759657725145],[23.864617338905969,62.044795331220904],[23.864606102917364,62.044830823577314],[23.864583576939598,62.044883578394675],[23.864575869438131,62.044898945741686],[23.864556354917084,62.044933621153952],[23.864533162715496,62.044967772801179],[23.864519676813597,62.044984617028547],[23.86450492868121,62.045001082202695],[23.864487640088061,62.0450171303019],[23.86446738084965,62.045032293365551],[23.864444464438932,62.045046686322365],[23.864419082081113,62.045060124849712],[23.86439171969544,62.045072350463208],[23.864361882432942,62.045083522617098],[23.864171815042162,62.045143701219729],[23.864142282789746,62.045155068923407],[23.864115199498109,62.045167741045177],[23.864092607381398,62.045182141315479],[23.864078642302974,62.045198803920975],[23.864076480021772,62.045216624103411],[23.864083527151099,62.045234213300581],[23.864097281743,62.045250966639955],[23.86411497639433,62.045266812261772],[23.864154341211393,62.045297623538239],[23.864196719887776,62.045327416201069],[23.864203790042236,62.045332158699118],[23.864271338782274,62.045375639899767],[23.864295039912708,62.045389654441003],[23.864319885359993,62.045403335611468],[23.864347103797872,62.045415902757135],[23.864376895694793,62.045427081924707],[23.864410357304763,62.045437005825022],[23.864444670698028,62.045444792891097],[23.864480638967311,62.045450820728576],[23.864517728144143,62.045455256887699],[23.864555261377308,62.045458355514235],[23.864593267608228,62.045460207105982],[23.864631518959722,62.045461165848842],[23.864669719192442,62.04546113517285],[23.864860643962491,62.045458194839824],[23.864879991657407,62.045458005413636],[23.865109229421716,62.045460067628255],[23.865134695527622,62.045460115952189],[23.865249243852716,62.045458674676205],[23.865325434236393,62.045455823142028],[23.865401304309309,62.045451437001567],[23.865476663138924,62.045445511919588],[23.865551271129974,62.04543777293442],[23.865588175995793,62.045433040877725],[23.865624658033823,62.045427769150109],[23.865660861968877,62.045421853229712],[23.865696338522252,62.045415381739353],[23.865731411635235,62.045408182354294],[23.86576587191562,62.045400430001294],[23.865799622354825,62.045391951781056],[23.865807900218414,62.045389803891254],[23.865840598999142,62.045380574072688],[23.865872560532221,62.045370698622293],[23.865934340856683,62.045349641279074],[23.865993556217738,62.045326917524186],[23.866217451724076,62.045229241396768],[23.86623854353174,62.045220107324788],[23.866470679594325,62.045126759553632],[23.866497768451627,62.045115695258268],[23.866664875639323,62.04504205527553],[23.866824789975446,62.044964667189475],[23.866926820705231,62.044911201242584],[23.866974800712622,62.044883280829524],[23.867019847499275,62.044854296591765],[23.867041032252278,62.044839423704929],[23.867060201519433,62.044823867199625],[23.867076848763592,62.044807714403767],[23.867090811100461,62.044791060445711],[23.867101765820447,62.044773880033262],[23.867109702774673,62.044756271761244],[23.867114593354138,62.044738513486394],[23.867116444459302,62.044722024845861],[23.867114838018015,62.044686150997649],[23.867115557661911,62.044668199226933],[23.867122042690557,62.044650566983037],[23.867128759711257,62.044641645551522],[23.867149171025279,62.044626476590082],[23.867176865700628,62.044614168155476],[23.867208356381663,62.044604021190452],[23.867244414652308,62.04459504699124],[23.867279620732802,62.044588029932463],[23.867315823987301,62.044582293264462],[23.867352987501778,62.044578195510688],[23.867390939457437,62.04457573277071],[23.86742897600282,62.044575607793469],[23.867466689526655,62.044578619892505],[23.867503330039145,62.044585919973429],[23.867532949564016,62.044597103526918],[23.867557805076011,62.044610694490174],[23.867579495835113,62.044625471393203],[23.867638724223706,62.044671547124594],[23.867662107821886,62.044686982329935],[23.867687983283595,62.044700147211621],[23.867717079552474,62.044711768050419],[23.867748747509985,62.044721830113716],[23.867782528317736,62.044730143306424],[23.867817755032274,62.044737051854284],[23.867853904503555,62.044742804422043],[23.867890793828906,62.044747504667235],[23.867928290285548,62.044751140593512],[23.867948435873316,62.04475267581963],[23.867986232721144,62.044754881098598],[23.868024446410335,62.044756197420966],[23.868062599644325,62.044756613956132],[23.86810082606182,62.044756133736549],[23.86813884851076,62.044754660633011],[23.868176791402384,62.044752287309166],[23.868214204836157,62.044748922700542],[23.868251396121625,62.044744555812258],[23.868287849493989,62.04473936360715],[23.868323774321293,62.044733171155308],[23.86834663819447,62.044728748687227],[23.868381250425482,62.044721178832496],[23.868414990169303,62.044712789593909],[23.868447534071127,62.044703375986821],[23.868478729111718,62.044693123205349],[23.868508546332578,62.04468194075298],[23.868536564153192,62.044669648369137],[23.868561791650549,62.044656205605378],[23.868583931661988,62.044641524865092],[23.868602460128482,62.044625863781633],[23.86860571172064,62.044622532597494],[23.868619511460981,62.044605775986156],[23.868629519895642,62.044588484158432],[23.868636013256591,62.044570762206405],[23.868640254721697,62.04455298018172],[23.868641889331144,62.044540259921511],[23.868636437732281,62.044414745920214],[23.868638130135135,62.044396816224754],[23.868641569728585,62.044379016008094],[23.868647261191516,62.044361275863388],[23.868655368962933,62.044343671393356],[23.868665998079862,62.044326483486081],[23.868669351395383,62.044321977698786],[23.868683799787362,62.044305424464035],[23.868700598615479,62.044289274929035],[23.868720072790016,62.04427390480997],[23.868741896190802,62.044259136010332],[23.868766042985119,62.044245219496339],[23.868792350292878,62.044232250396178],[23.868821258498805,62.044220598060853],[23.868853369664212,62.044210734333092],[23.868888287925749,62.044203530666657],[23.868925413235843,62.044199611314411],[23.868937228243777,62.044199160613402],[23.868975315585004,62.044200024614831],[23.869012640326904,62.044203836041099],[23.869048598208746,62.044209772621691],[23.869118147744125,62.044224556813909],[23.869150615800862,62.044231492290677],[23.869185842262159,62.04423840048819],[23.869221602291223,62.044244772752663],[23.869257731442616,62.044250533481247],[23.869294259595971,62.044255764207918],[23.869331167013872,62.044260284803819],[23.869368473429855,62.044264275397026],[23.869443728951893,62.044270474321422],[23.869519683144834,62.044274532880628],[23.869548417078523,62.044275543942383],[23.869624838249905,62.04427673814147],[23.869701290500235,62.044275956514049],[23.869777305750326,62.044273098604528],[23.869815256872794,62.044270823852969],[23.86985292059811,62.044267994547006],[23.869890496138549,62.044264534348301],[23.869920980166775,62.044261182841588],[23.869958026464662,62.044256542697617],[23.869994498063356,62.044251350469004],[23.870030537822807,62.044245519555396],[23.870066335733267,62.04423906324962],[23.870101378168034,62.044231951936602],[23.870135998627894,62.04422429200384],[23.870169891648338,62.044216076525046],[23.870203343599517,62.044207311994391],[23.870235877194407,62.044197987589477],[23.870267663332683,62.044188116170282],[23.870299533358789,62.044177429098767],[23.870329827346499,62.044166436762843],[23.87035921284512,62.044154974619083],[23.870387669840817,62.044143051198397],[23.870415056666722,62.04413055548067],[23.87044137240056,62.044117496429713],[23.870466597679794,62.044104062271892],[23.870490762660413,62.044090145883068],[23.870513360174268,62.044075654908205],[23.8705345436044,62.044060772506462],[23.870554168519305,62.044045414547448],[23.87057223676435,62.044029563105575],[23.870586931042062,62.044015072609476],[23.870601683707143,62.043998526091521],[23.870614536716428,62.043981657996575],[23.870625804482795,62.043964574278085],[23.870635495306338,62.043947194268306],[23.87064342077284,62.0439296754083],[23.870650066464083,62.043911947851377],[23.870655126652522,62.043894193330878],[23.870659189795354,62.043874969774869],[23.870661357326448,62.043857059829875],[23.870662399395577,62.04383911538379],[23.870659063288944,62.043785414033145],[23.870656717001083,62.043767482604409],[23.870655605326323,62.043760988893652],[23.870646790736568,62.043707343010745],[23.870645485609195,62.04367147609851],[23.870646374949466,62.043653528189331],[23.870648695197179,62.043635621706791],[23.870655331596733,62.043617983779875],[23.870666771019248,62.043600903951926],[23.870683252152027,62.04358466613855],[23.870702415416257,62.043570815999267],[23.870727334934376,62.043557186205177],[23.870755934731388,62.043545355797235],[23.870787749248613,62.043535386090426],[23.870821468852853,62.043526986853976],[23.87085681705495,62.043520241658463],[23.870893440349207,62.043515052647827],[23.870930842106546,62.043511597226768],[23.870968232227224,62.04350992935489],[23.871006411618151,62.043510076172844],[23.871044406644916,62.043512015607682],[23.871081711729783,62.043515826038458],[23.871118049999026,62.043521222683978],[23.871153628305056,62.043527868840812],[23.871188284316744,62.043535482324579],[23.871222073998624,62.043543705043199],[23.87125531268196,62.043552633985669],[23.871273466874268,62.043557896889041],[23.871433406895292,62.043606972580257],[23.871466331036363,62.043615984180306],[23.87150026439582,62.043624299925085],[23.87153512007621,62.043631648323284],[23.871551891915981,62.04363472368788],[23.871588211058484,62.04364030843697],[23.871625127307677,62.043644738786021],[23.871662659750804,62.043648015167143],[23.8717006282691,62.043650214353839],[23.87173867723763,62.043651445077955],[23.871777009544811,62.043651595145583],[23.871815109464137,62.043650841532568],[23.871853139596286,62.043649277764629],[23.871891090062896,62.043646813777656],[23.871928646846992,62.043643711976067],[23.872190113273696,62.043617303940863],[23.872196782634855,62.043616646516341],[23.872421636278357,62.043595508498022],[23.872451576932914,62.043592593336079],[23.872675784115742,62.043569921960191],[23.872713600121273,62.043567275022554],[23.872751657749571,62.043565442111586],[23.872789775970876,62.043564508965737],[23.872827954788583,62.043564475584887],[23.872866051355661,62.043565428572819],[23.872904037371924,62.043567457128567],[23.872921451760323,62.04356875007776],[23.872958776255274,62.043572560435791],[23.87299566499513,62.043577259313743],[23.873177280972637,62.043605181504624],[23.873214007846553,62.043609966496234],[23.873252096742739,62.043613973770853],[23.873289902484398,62.043616267655779],[23.873327980043268,62.043617220084229],[23.873366330750844,62.043617190447272],[23.873404439811729,62.043616346763557],[23.873480509059167,62.043613128708451],[23.87363161960565,62.043602356858386],[23.873781842219213,62.043589237871281],[23.873857580776072,62.043584394996053],[23.873933793421902,62.043581269781242],[23.873971893888715,62.043580695267742],[23.874010063525329,62.04358075119179],[23.874048303678606,62.043581796944572],[23.874086099564863,62.043584000547618],[23.874123586171461,62.043587724419183],[23.874141520797249,62.043590286758182],[23.874177289431479,62.043596577072883],[23.874211974599312,62.043604100603673],[23.874245927806438,62.043612416110683],[23.874409328945831,62.043659140966987],[23.874442577919822,62.043667979517117],[23.874476531262356,62.043676294968257],[23.874511026359805,62.043683993797366],[23.874546054002508,62.043691165635614],[23.874581661824738,62.043697533056836],[23.874618143558159,62.043703030839659],[23.874655070231139,62.043707550445781],[23.874692593893897,62.043710915637455],[23.874716108422714,62.043712436325251],[23.874754293526809,62.04371401967375],[23.874792436393065,62.043714523973293],[23.874830680539851,62.043714042313667],[23.874982789356217,62.043707523058103],[23.874990891198575,62.043707077612652],[23.875523944948441,62.043686273050319],[23.875546582340903,62.043685527736933],[23.875736884419375,62.043677527409976],[23.875812478708291,62.043672410677267],[23.875850071971765,62.043668949279528],[23.875886954754407,62.043664393708845],[23.875923135336027,62.04365866329708],[23.87595849180266,62.043651827157561],[23.875992660498213,62.043643886043945],[23.876018166569999,62.043637006616073],[23.876049960403837,62.043627035254346],[23.876142355110282,62.043595086029242],[23.876173996130898,62.043585111181734],[23.87620698613873,62.043575975418982],[23.876225466720935,62.043571730977298],[23.876261101555063,62.043565350263499],[23.876298127679597,62.04356088767009],[23.876335952590129,62.043558150106399],[23.876374079923504,62.043557126338364],[23.876412259442805,62.043557271662053],[23.876450300241071,62.04355858175694],[23.876488268111665,62.043560788591712],[23.876525819417395,62.043563884389897],[23.87654542231077,62.043565855285941],[23.876582520252072,62.043570198569981],[23.87680084866869,62.04360307936814],[23.876834368820742,62.043607790824765],[23.876908375600479,62.043616643641528],[23.876983414043803,62.043623462423717],[23.877173053270376,62.043634401381013],[23.877249108231769,62.043637469734122],[23.877268219212233,62.043638081795791],[23.877382634159531,62.043641029712248],[23.877458965144392,62.043641408992642],[23.877497093245925,62.043640564610705],[23.877535121505581,62.043638828543216],[23.877570647654359,62.043636487837084],[23.877757000051616,62.043616806022776],[23.877794564750722,62.043613433293842],[23.877832505540255,62.043611057302449],[23.877870489370185,62.043609940034528],[23.877908784912048,62.043610446927417],[23.877940967412748,62.043612531478132],[23.877977867126091,62.043617130434988],[23.878013447092549,62.043623774834295],[23.878047229566217,62.043632085526802],[23.878079766108225,62.043641535949334],[23.878111112602202,62.043651768006711],[23.87814142108277,62.043662605458543],[23.878147768424771,62.043665084864891],[23.878176867772833,62.043676703519985],[23.878204777298667,62.043688915153282],[23.878230990290088,62.043701995792958],[23.878255011293898,62.043715925249998],[23.878275544416443,62.043731024591857],[23.878291595068529,62.043747289293407],[23.878294740682538,62.04375113371821],[23.878305058952872,62.043768436687344],[23.878310320129678,62.043786164318909],[23.878310409878676,62.043804125363827],[23.878305372336285,62.0438218895885],[23.878294434390455,62.043838972338953],[23.87827762178388,62.043855122644146],[23.878255668006368,62.043869719227736],[23.878229356719892,62.043882770827885],[23.878199524710624,62.043893954976433],[23.878190697246886,62.043896809878319],[23.878157391417822,62.043905669447732],[23.878089045318482,62.043921642372652],[23.878055759444329,62.043930493385758],[23.878024865317361,62.043941024594368],[23.878019300366919,62.043943414240609],[23.877994851842775,62.043957145796654],[23.877976643946639,62.043972905148195],[23.877964111278121,62.04398986196442],[23.87795618999699,62.044007381271129],[23.877951610406015,62.044025155845063],[23.877950096256914,62.044043080613797],[23.877951198964045,62.044059186918311],[23.877954666995066,62.044077044701432],[23.877960901681909,62.044094794368533],[23.877969597789708,62.044112240350913],[23.877981042615051,62.044129380162538],[23.877995119078037,62.044146049442332],[23.878011837300154,62.044162149594428],[23.878031206482653,62.044177590985875],[23.878053379584856,62.044192188411294],[23.878078411348191,62.044205781395448],[23.878105662777983,62.044218256659775],[23.878135438643131,62.044229441416242],[23.87816712870822,62.044239501541085],[23.878200371151109,62.04424841986539],[23.878234677642556,62.044256293151399],[23.87826955411192,62.044263460599893],[23.878305296825882,62.044270018751085],[23.878320492921716,62.044272608437559],[23.878393334738067,62.044283509379973],[23.878800295555656,62.044332592640906],[23.87887333710573,62.044343228321431],[23.878909468973902,62.044349166232507],[23.878933195554051,62.044353476023801],[23.879003245341924,62.044367907101673],[23.879211682570901,62.04441726153609],[23.879418096800748,62.04446414422884],[23.879451385616406,62.044472802754221],[23.879484085423186,62.044482166674328],[23.879515947325366,62.044492050682628],[23.879546943038321,62.044502543980215],[23.879576891543358,62.044513732315203],[23.879593450622274,62.04452038648396],[23.879621179549801,62.044532692549026],[23.879647736821504,62.044545601000031],[23.87967243583725,62.044559275995731],[23.879695286708866,62.044573618941833],[23.879716306688383,62.044588648197163],[23.879735009498777,62.044604253945863],[23.879750566619581,62.044620677994992],[23.879762345470699,62.044637744333635],[23.879769573391624,62.04465533667225],[23.87977189209408,62.044671910649591],[23.879769576194143,62.044689826279836],[23.879762448422923,62.044707453453007],[23.879750880006196,62.044724531040799],[23.879721211079165,62.044757631164536],[23.87968761551376,62.044789833955981],[23.879679769349181,62.044797113294671],[23.879562827752402,62.044909985772456],[23.879525457996664,62.044941294645547],[23.879505033491348,62.044956465042063],[23.879483701955206,62.044971336425981],[23.879461107993176,62.044985828890233],[23.879437261717904,62.044999843838859],[23.879412030403479,62.045013369286565],[23.879400312685938,62.045019213482576],[23.879373234865206,62.045031897601575],[23.879344913924314,62.045044014570458],[23.879196373091634,62.045100390726546],[23.879188987392148,62.04510317947036],[23.879073933267616,62.045150430238103],[23.878642543310555,62.045354997720594],[23.878418379994329,62.045452507636753],[23.878391268206116,62.045464022887522],[23.878385593553073,62.045467479166959],[23.877963410556351,62.045503740008193],[23.877961941138121,62.045503886451911],[23.877322396189349,62.045558847685712],[23.877268434876935,62.045563466495331],[23.874394369243159,62.045810366572923],[23.862926281247844,62.048107183807957],[23.862432047818839,62.048205529494403],[23.84664364301992,62.051352392010088],[23.846649902975734,62.051354044341593],[23.846094234487495,62.051463444765858],[23.845908489483197,62.051500015954254],[23.848701931998111,62.052221208546172],[23.850671902720414,62.052729753638623],[23.850639096006418,62.0527840779041],[23.849886751841581,62.054029802419628],[23.848753733428712,62.05590567877114],[23.848755195643484,62.055905793003433],[23.847186676877154,62.057588782856882],[23.843633197917541,62.061404746071474],[23.841710778012516,62.06345300059531],[23.841017091995464,62.064192026953208],[23.836171215884409,62.064284243258605],[23.830752864657214,62.064355066403238],[23.825993487005267,62.064430323195005],[23.82595536963839,62.064430974358913],[23.823947541799409,62.064462674461595],[23.818791192715572,62.066914028267526],[23.81751966199047,62.069535108945907],[23.817416002287139,62.069773462670149],[23.817194991446975,62.070255945749345],[23.81719124268837,62.070264124884346],[23.816691290645352,62.070338204103145],[23.816620365792307,62.070351564030148],[23.816551038809259,62.070366856436017],[23.816483768860966,62.070383903237897],[23.81645237548797,62.070392693922059],[23.816387927785524,62.070412051805107],[23.816325612872799,62.070432806466826],[23.816146167895788,62.070499897044428],[23.816126140039849,62.070507880546117],[23.816038019125184,62.070542406012549],[23.815886501783275,62.070597032065727],[23.815854660173649,62.07060698922637],[23.815822073337351,62.070616381157073],[23.815788729681838,62.07062513571578],[23.815754668361723,62.070633244820478],[23.815719851164655,62.07064070758944],[23.815688097879278,62.070646713667138],[23.815651998835552,62.070652700395115],[23.815578812073973,62.070663141667993],[23.815207291941576,62.070705776160374],[23.815134535614323,62.070716676342343],[23.815098703581207,62.070723037441859],[23.815062091639593,62.070730809047262],[23.815027867441994,62.070738824378715],[23.814994389359462,62.070747395965746],[23.814929050395317,62.070766103740958],[23.814865654047711,62.070786194946955],[23.814530302533694,62.070905291509305],[23.814510299646578,62.070911568349644],[23.814413098503898,62.07094023227323],[23.814312664277441,62.07096611728474],[23.81417443649055,62.070996970203588],[23.81396197778847,62.071037610440776],[23.813950794417405,62.071039598519633],[23.813842329152209,62.071057310898098],[23.81373236057696,62.071072553768673],[23.813658108139961,62.071080903078183],[23.813620340258929,62.071084164485136],[23.813582532601998,62.071086526535268],[23.813544303027424,62.071087980411669],[23.813506186541709,62.071088538457914],[23.813468020581535,62.071088107080342],[23.813429776644689,62.071086775464074],[23.813419830856613,62.071086276454665],[23.813382033623387,62.071083607488553],[23.81334453085816,62.071079957034577],[23.813307580666745,62.071075420891383],[23.813271221266561,62.071069999941209],[23.81323527129608,62.071063779842476],[23.813200027074121,62.071056857275956],[23.813131188218644,62.071041163478739],[23.81303104369146,62.071014963344993],[23.8129338958089,62.070986307702569],[23.812494439132362,62.070841697827078],[23.812332346811786,62.070794203116954],[23.81230756436943,62.070787611627331],[23.812273941114604,62.070779118040718],[23.812205465803764,62.070763072782526],[23.812135541153012,62.07074861120774],[23.812063976385343,62.070735908596511],[23.812027455060591,62.070730393727445],[23.811990534009283,62.070725768050949],[23.811953184718448,62.070722120751604],[23.811915388077658,62.070719451387895],[23.811877162550772,62.070717949055997],[23.811838979225936,62.070717687520762],[23.811800825573787,62.070718603602941],[23.811780546057165,62.070719662776455],[23.811742835160917,62.070722565609387],[23.81170563254096,62.070726648124875],[23.811668976107672,62.070731731512623],[23.811632846750658,62.070737815331945],[23.811597473152595,62.070744545490875],[23.811562818336899,62.070752091838024],[23.811528583813882,62.07076019592229],[23.811495104745905,62.070768766654794],[23.811232698719646,62.070842560610259],[23.811225250529901,62.070844544869416],[23.811191599321425,62.070853111556616],[23.811089095245954,62.07087715859641],[23.810983779073247,62.070898616040026],[23.810876184587947,62.070917325504929],[23.810766616588353,62.070933303008204],[23.810618331873304,62.070950812085449],[23.810430736056059,62.070968033040913],[23.810203431576888,62.070982548739316],[23.810197117399124,62.070982852118405],[23.809892796861249,62.070998095097536],[23.80981760447877,62.071004623783033],[23.809780401269226,62.071008705776038],[23.80974345794537,62.071013413679701],[23.809707097444431,62.071018772922862],[23.809670986474188,62.071024856665531],[23.809635755567946,62.071031679473727],[23.80962784808359,62.071033293666844],[23.809593316148401,62.071041120885162],[23.809559692789747,62.071049597985954],[23.809526941019637,62.07105889481732],[23.809495077774745,62.07106885005355],[23.809464295066579,62.071079459146844],[23.809434573787065,62.071090721656489],[23.809405905179883,62.071102538553539],[23.809351482292893,62.071127784960815],[23.809273792236983,62.071167398772793],[23.809102226708628,62.071263771726557],[23.809090353629706,62.071270864539976],[23.80906615894899,62.071284761287394],[23.808965648985019,62.071338851489578],[23.808911856133896,62.071364291979506],[23.808883177653332,62.071376198390318],[23.80885254728004,62.071386810875474],[23.808819650544557,62.071396023339943],[23.808784830817316,62.071403484343776],[23.808748604001941,62.071409205806354],[23.808711256432492,62.071413014656613],[23.808667714687228,62.071414524130184],[23.808629530541342,62.071414261702451],[23.808591411065674,62.071413201154698],[23.80843933853582,62.071405464343492],[23.808401085047844,62.071404220959707],[23.808362890284403,62.071403877353774],[23.808324745107843,62.071404702844049],[23.808286898747429,62.071407242249244],[23.8082502409451,62.071412324720463],[23.808217007532512,62.07142018161683],[23.8081857460643,62.071430599687233],[23.808157860614422,62.071442793810199],[23.808133186468549,62.071456508620244],[23.808111485030526,62.071471280404666],[23.808092125201657,62.071486735206513],[23.80807494537358,62.0715027704642],[23.808059991295295,62.071519315361265],[23.808047245467257,62.071536171839085],[23.808036562842851,62.071553444357662],[23.808028716134935,62.071569794144736],[23.808022343578831,62.071587426822063],[23.808017575379182,62.071605285249866],[23.808011393130545,62.071640980799302],[23.808003326264149,62.071748588173229],[23.807996187643848,62.071784270602812],[23.807990283295229,62.071802003943745],[23.807981683547542,62.071819504285834],[23.807969493053537,62.071837272025327],[23.807955475299458,62.071854018241162],[23.807939106458274,62.071870171057327],[23.80792067436062,62.071885907827571],[23.807900043090434,62.071901063691975],[23.807877566940636,62.071915548010899],[23.807853524051289,62.071929448070968],[23.807827759677131,62.071942778263384],[23.807719090504929,62.071993175157651],[23.80751904521663,62.072076669339296],[23.807371967086425,62.072137857744323],[23.807235543971505,62.072200630982891],[23.807184817001016,62.072227489370313],[23.807137503679812,62.072255765321316],[23.807115476074269,62.072270349738766],[23.807094385278159,62.072285315183343],[23.807074385096996,62.072300656226972],[23.807055502173945,62.072316301611473],[23.807037852099441,62.072332245025294],[23.807021483450615,62.072348388764404],[23.807006356401303,62.072364929563534],[23.806992347285782,62.072381586050078],[23.806979438211027,62.072398528512792],[23.806957277718148,62.072432785496162],[23.806938940528987,62.072467660944312],[23.806916617720628,62.072520412884835],[23.806895125948387,62.072591503064714],[23.806893967671012,62.072596327818538],[23.806869979142871,62.072703387395208],[23.806864569814412,62.072721141129342],[23.806857068941753,62.072738747679573],[23.806847340609757,62.072756042185439],[23.806835080025856,62.072773008615378],[23.806819638178983,62.072789443292905],[23.806800907680422,62.072805092173127],[23.806778258357003,62.072819572327745],[23.806751738243168,62.072832426665208],[23.806735429809873,62.072838698000425],[23.806702980311329,62.072848189866079],[23.806668483515814,62.072855837524301],[23.806632522633414,62.07286192398773],[23.806595843697611,62.072867005564085],[23.806558484928225,62.072871083136398],[23.806256553573927,62.072894190045915],[23.806219347594215,62.072898271060907],[23.80619725410109,62.072901264045392],[23.806161044809024,62.072906796600385],[23.806125342395685,62.072913338127641],[23.806090386254034,62.072920615649586],[23.806056310405847,62.072928811952707],[23.806023258027924,62.072937840505482],[23.80599125859019,62.072947603162682],[23.805960013895898,62.072958021154236],[23.805929983484944,62.072969096123899],[23.805901004803623,62.07298073446993],[23.805873107588539,62.072993017739606],[23.805846280268337,62.073005873791374],[23.805831616724671,62.073013440871378],[23.805806940245542,62.073027155248219],[23.805737595538741,62.073070014896452],[23.805608875175576,62.07315910918355],[23.805519517944603,62.073217408123554],[23.805471446082858,62.073245216791342],[23.805456024024686,62.073256899080768],[23.805371819118879,62.07331683545744],[23.805349178156462,62.073331225744724],[23.805324663753122,62.073345033634979],[23.80529859106781,62.073358176573961],[23.80527084613021,62.073370463253603],[23.805256705009512,62.073376155653044],[23.805226052510157,62.073386946560802],[23.805194079934793,62.073396628807316],[23.805160711372608,62.073405560008808],[23.805126645099499,62.073413657489162],[23.805091975035804,62.073421121075697],[23.80502104676895,62.073434573992742],[23.804948693330559,62.073446277898519],[23.804728019763402,62.073475672626714],[23.804545807973501,62.073502893219249],[23.804474592139208,62.073515979836174],[23.804439625491131,62.073523346558119],[23.804405692914592,62.07353162664586],[23.804372782839806,62.073540747957857],[23.804340790982291,62.073550609254383],[23.804309697976404,62.073561030401272],[23.804279667315125,62.073572096041133],[23.804250525134439,62.073583820120362],[23.804194410685469,62.073608127060488],[23.804058729840602,62.073671363761605],[23.804035824822261,62.073682064160955],[23.803870254824876,62.073756468375173],[23.803725240313334,62.073815005596394],[23.803633605600158,62.073847375813962],[23.803538192370766,62.073877241740178],[23.803510764834154,62.073885043263175],[23.803410731955175,62.073911477985703],[23.803238698513074,62.073950612122928],[23.803229634223385,62.073952468722652],[23.802949808971189,62.074010571149849],[23.802847708970361,62.074035160762591],[23.802781772831906,62.074053211313036],[23.802772776474058,62.074055878046799],[23.802740783561223,62.074065738965274],[23.802678289399235,62.074086393746235],[23.802588297606068,62.074119879454862],[23.802518802688958,62.074148808394135],[23.802502617502785,62.074155531325133],[23.802357694615019,62.074222254039],[23.802229581779308,62.074281225995392],[23.802229540731325,62.074281251998059],[23.802218884686788,62.074286036513449],[23.802079004207947,62.074347062830427],[23.802078903002446,62.074347114393156],[23.802078823736064,62.074347139510927],[23.802015272272804,62.074372369511224],[23.801786895961119,62.074463016285833],[23.801786834859897,62.074463050808347],[23.801759417314962,62.074475479167624],[23.801732355514314,62.074488167321086],[23.801705532675722,62.074500950846527],[23.801625591773693,62.074539565173268],[23.801493173862731,62.074604285606931],[23.801465966510523,62.074616898466381],[23.801437976123257,62.074629124829009],[23.801409095593986,62.07464089033914],[23.801379348750086,62.074652150626342],[23.801348663872925,62.074662859107313],[23.801316993071179,62.074672924828945],[23.801284363003987,62.074682276533167],[23.801250744890226,62.074690823709226],[23.801216148167914,62.074698476731477],[23.801180641490824,62.074705129377051],[23.801144292569742,62.074710684385579],[23.801107205447547,62.074715063306918],[23.801069523329911,62.074718179613654],[23.801049446297313,62.074719286872615],[23.801049348863458,62.074719302584654],[23.801032703954416,62.074719833475065],[23.801011195137644,62.074720530224248],[23.800972956715626,62.074721288705582],[23.800904611938691,62.074722347118765],[23.800879202698013,62.074722791787522],[23.800858303016728,62.074723161216646],[23.800851043839796,62.074723334482201],[23.800843590738612,62.074723530208608],[23.800733712208242,62.074727534699413]],[[23.906905782804373,62.010988924311626],[23.906909031743094,62.010995519481881],[23.906905995318652,62.010988902126002],[23.906905782804373,62.010988924311626]],[[23.83805067379792,62.05112685270295],[23.838022646207762,62.051139058106543],[23.837914857106991,62.051189946188785],[23.837883060156955,62.051202873800619],[23.837853034462992,62.051214045141649],[23.837697427379229,62.051266074765081],[23.837688546979312,62.051269195484004],[23.837447460471576,62.051357449464298],[23.837429125796714,62.051363318356131],[23.837300644691993,62.0514022321737],[23.837206100069391,62.051432678677429],[23.837175940713177,62.051443658148315],[23.837162330450585,62.05144900635635],[23.837133852788018,62.051460931752189],[23.83710675178175,62.05147360741973],[23.837080875147777,62.051486841202703],[23.837056545643634,62.051500658465272],[23.837033936060756,62.051515054183135],[23.837012722710394,62.051530011956331],[23.836994438423282,62.0515445966142],[23.836976835396918,62.051560544508419],[23.836961592700767,62.051576986708341],[23.836948870558842,62.051593855012406],[23.836939806312788,62.051611256339072],[23.836935364995885,62.051629113974805],[23.836936259702664,62.051647013017892],[23.836942587304105,62.051665126387384],[23.836954183492782,62.051682273388423],[23.83697021598336,62.051698542759816],[23.836990064883178,62.051713821470365],[23.837012891377039,62.051728260998679],[23.837038101188806,62.051741686011439],[23.837065809824615,62.051754090169702],[23.837075710826191,62.05175809038299],[23.837106003092075,62.051769026416459],[23.837138201765679,62.051778748335003],[23.837171991088233,62.051786979377141],[23.837207553169556,62.051793624888077],[23.837244493093909,62.051798064893653],[23.83728245829078,62.051800192489203],[23.837288902823733,62.051800250294995],[23.837327013525492,62.051799506270932],[23.837364861210258,62.051796689846974],[23.837401911625751,62.051792336819474],[23.837510410171522,62.051774967386343],[23.837533171397705,62.05177144593425],[23.837605902489027,62.051760264703219],[23.837641113269466,62.051753353897155],[23.837674707513806,62.051744869754963],[23.83770576678695,62.051734440855469],[23.837729064841039,62.051724283369943],[23.837754797956702,62.051710956337615],[23.837803752866748,62.051683418187885],[23.837829629359927,62.051670184268836],[23.837858106952215,62.051658258729368],[23.837873923863295,62.051653410208914],[23.837908264030386,62.051645482150285],[23.837944318491246,62.051639659713828],[23.837981388205829,62.051635118309314],[23.838131646167611,62.051622217736281],[23.838168974771243,62.051618131421222],[23.838205469725803,62.051612858058192],[23.838235107551995,62.051606708897097],[23.838269035872486,62.051598322108944],[23.83836730024197,62.051570754160878],[23.838400922498774,62.051562180648091],[23.838410636098711,62.051560067225978],[23.838446153389032,62.051553333940547],[23.838591010236538,62.051530516418495],[23.838626652266701,62.051524055470047],[23.838661585440679,62.051516679860939],[23.838695253677116,62.051507478438864],[23.838822211921425,62.051467549196573],[23.838855231275261,62.051458512561609],[23.838889724198868,62.051450767448117],[23.8389234784118,62.051445341298184],[23.839034458178713,62.051432070399954],[23.839071085966417,62.051426988523488],[23.839106737091683,62.051420437821108],[23.839116660182896,62.051418149463984],[23.839149526169333,62.051408929565554],[23.839180441152457,62.051398407202115],[23.839269685005618,62.051364612690676],[23.839293055380519,62.051356882338744],[23.839454371175155,62.051308835868603],[23.839481242415555,62.051300017695304],[23.839511697021376,62.051289134337978],[23.839570342200027,62.051266129859123],[23.83968273641883,62.051217502155446],[23.839699957908447,62.051209999320129],[23.839727678909384,62.051197606883591],[23.839781266730657,62.051172060813307],[23.839806664083415,62.051158635891767],[23.839828669894814,62.051143956397929],[23.839845650360569,62.051127904074207],[23.839856774617488,62.051110738411616],[23.839862105974017,62.051090376531228],[23.839861400503896,62.051072481866221],[23.839846461488161,62.051019151192527],[23.839843777709209,62.051007769689342],[23.83983491085424,62.05097207919956],[23.839826739692075,62.050954561660298],[23.839814332236177,62.050937656890575],[23.839809536020603,62.050932605794067],[23.839790516123898,62.050917076955614],[23.839766830555025,62.050902977597588],[23.839738606937605,62.050890921563543],[23.839706208551107,62.05088146520233],[23.839683609271631,62.050877174469363],[23.839646499166999,62.050873090574832],[23.83960841339567,62.050871949112484],[23.839570266638869,62.050873052288331],[23.839532707652427,62.050876235272],[23.839505440889383,62.050879653885552],[23.839469349897112,62.050885655557821],[23.839434867075891,62.050893311193178],[23.839401868534996,62.050902339446708],[23.839370342161285,62.050912488485174],[23.839340039715896,62.050923384274419],[23.839310790273593,62.050935013917574],[23.83928276336049,62.050947219581602],[23.839264655162612,62.050955519622207],[23.83923742135703,62.050968012962571],[23.839207711688008,62.050979281664347],[23.839174119643381,62.05098775722562],[23.839162811139367,62.050989564653236],[23.839125164414288,62.050992116627263],[23.839087069202613,62.050991064648798],[23.839049559440284,62.050987510494387],[23.838903093203186,62.050967095643962],[23.838886811624835,62.050965554863332],[23.838849056930531,62.050962884478921],[23.83881081739095,62.050961748260697],[23.838772745959755,62.050962125224501],[23.838734686613122,62.050963859066314],[23.838696993305557,62.050966859066087],[23.83867823862191,62.0509688552985],[23.838641323043358,62.050973580088986],[23.838605269503649,62.050979402713843],[23.838569752921064,62.050986136045196],[23.838535269765416,62.050993791453628],[23.838501524761249,62.051002263351442],[23.838489065340056,62.051005751361338],[23.838328333226993,62.051054259280789],[23.838295180036631,62.051063113036328],[23.838270582493692,62.051068838592151],[23.838166387316058,62.051091239460767],[23.838132344507624,62.051099443909202],[23.838099622000218,62.051108756693495],[23.838080058025547,62.05111540608717],[23.83805067379792,62.05112685270295]],[[23.845700187938583,62.056607434048423],[23.845732565879697,62.056616978240413],[23.845763218673518,62.056627650949942],[23.845937614358466,62.056697659622245],[23.845967590558796,62.056708766034141],[23.8459976592478,62.056718796454803],[23.846030552990602,62.056727984006713],[23.846064531428016,62.056736127216332],[23.846099738475907,62.05674313054493],[23.846135887648469,62.056748987447151],[23.846172797755838,62.056753783624927],[23.846209925235804,62.056757776185215],[23.846247470876602,62.056761059555946],[23.846327857813726,62.0567662199268],[23.846480462346019,62.056771322811173],[23.846713317003811,62.056773676502587],[23.846866233079478,62.056774114321804],[23.846904493865647,62.056773640506556],[23.846942656186481,62.056772454685067],[23.846980462787343,62.05677008380713],[23.847018046937194,62.056766719583507],[23.847047094391254,62.056763340080494],[23.847083594074043,62.056758064404313],[23.847119231227971,62.056751690925005],[23.847154177739515,62.056744223568536],[23.847187928252882,62.056735920319305],[23.847220796712133,62.056726707490114],[23.847252910396282,62.05671701922676],[23.847284286961848,62.056706685234317],[23.847314898527848,62.056695974400789],[23.847343237823562,62.056685391356545],[23.847400959194637,62.056661922171443],[23.847428682136393,62.056649528209178],[23.847455467258381,62.056636762446132],[23.847481192020425,62.056623514275117],[23.84750581729584,62.05660979178748],[23.847529065895749,62.056595498813124],[23.847548478287369,62.056582385004631],[23.847648597036844,62.056505978979352],[23.847691948937488,62.056476521580613],[23.84771550344114,62.056462415245079],[23.847731158862832,62.056454516272957],[23.847759924161668,62.056442774937999],[23.847791013277249,62.056432254591783],[23.847824016362512,62.05642321539937],[23.847858359015653,62.056415473546465],[23.84789401419243,62.056408920604923],[23.847920863316684,62.056404951686865],[23.848070284541812,62.056389406494993],[23.84810718674462,62.056384858478332],[23.848143253336204,62.056378952739742],[23.848177606079723,62.056371112214407],[23.848194072689203,62.056366097649565],[23.84822271332748,62.05635426353512],[23.848246879165519,62.056340350752933],[23.848266207955568,62.056324899067874],[23.848299382406559,62.056292594774057],[23.848314793335188,62.056276155232126],[23.848323521789453,62.056266561780788],[23.848351957076332,62.056233250877199],[23.84836468330154,62.056216300837988],[23.848375480969164,62.056199118106655],[23.848381177348251,62.056181468543279],[23.848377554568529,62.056163597261481],[23.848369664663842,62.056152726035464],[23.848349139239946,62.056137613349129],[23.848321564565268,62.056125313486618],[23.848290053480753,62.056115160805831],[23.848256274877539,62.056106753179932],[23.848218201723558,62.056099145919205],[23.848181872243657,62.056093554963574],[23.848144763361422,62.056089203983618],[23.848107237426483,62.056085921568425],[23.848069256238123,62.056083706845556],[23.848031163564901,62.056082567663054],[23.847916519594275,62.056081387730814],[23.847884645286634,62.056081019368783],[23.84761758584888,62.056072945292044],[23.847579418871931,62.056072523018663],[23.847541215240827,62.056072638945963],[23.847502918171763,62.056073471460081],[23.847464871434155,62.056075028410731],[23.847427084831128,62.056077399863348],[23.847389482478764,62.056080763768165],[23.847361428321783,62.056083986331416],[23.847324921133641,62.056089342753225],[23.847289132013596,62.056095712802389],[23.847219124410781,62.056110105885708],[23.847047275531825,62.056149206463644],[23.847019781772733,62.056154777633189],[23.846802198825905,62.056188700750617],[23.846792205593196,62.056190179500739],[23.846683697243002,62.056207547186837],[23.846646910662457,62.056212456829407],[23.846609202258318,62.056215548579324],[23.846571048992214,62.05621665364697],[23.846532984106886,62.056215245163251],[23.846526585085545,62.056214739637305],[23.846489685374316,62.056210033622925],[23.846454279073804,62.05620329535784],[23.846386323185193,62.056187009127356],[23.846352354141487,62.056178965027996],[23.846317299964159,62.056171785562789],[23.846281341916566,62.056165753379993],[23.846244433008209,62.056161136929795],[23.846206679034896,62.056158208152553],[23.846178088100753,62.056157375352221],[23.846139943686467,62.056158210977685],[23.846102138294007,62.056160761324591],[23.846064795299537,62.056164759687448],[23.846028162898257,62.056169843386805],[23.845920074951994,62.056187768115358],[23.845889762165214,62.056192645771645],[23.845853262965882,62.056197921135706],[23.845779162513693,62.056206730685723],[23.845628856026334,62.056219917297938],[23.845616664892709,62.056220806698555],[23.845465213633723,62.056231002211149],[23.845389147981781,62.056234025782629],[23.845351184641491,62.056234775487972],[23.845312972447015,62.056234971463645],[23.845274652529305,62.056234545061045],[23.845236550495329,62.05623349473619],[23.845198504260029,62.056231906626969],[23.845122788777612,62.056226942161828],[23.845047745578949,62.056219926663431],[23.844973898707938,62.056210791250962],[23.844964546754941,62.056209409597315],[23.844892050880652,62.056198139833683],[23.844749693742241,62.056171797216393],[23.844722045339115,62.056166493579418],[23.844615266184491,62.056146893459697],[23.84457893640764,62.056141310523167],[23.844542027800486,62.056136693619862],[23.84451745245212,62.056134245263891],[23.844479870578063,62.056131319944441],[23.844441662427073,62.056129817764557],[23.84440347734056,62.056129753565529],[23.844365565077837,62.056131672105288],[23.844328500068929,62.056136125562986],[23.844320293125065,62.056137546139404],[23.844286102264839,62.056145479258603],[23.844254878072572,62.056155816060112],[23.844226867341053,62.056168023138099],[23.844201763941555,62.056181545463609],[23.844130387593516,62.056226263173862],[23.844085149273671,62.056255236160773],[23.844064259729841,62.056270211393951],[23.844049171195806,62.056286657868554],[23.844046565252786,62.056300883103205],[23.844058499708925,62.056317776596266],[23.84408304008393,62.056331445439966],[23.84411350151138,62.056342293839101],[23.844145725875435,62.056351834905904],[23.844179132395826,62.056360684254408],[23.844213109916858,62.056368827914064],[23.844228215991471,62.056372317657697],[23.844332616702683,62.056394549965127],[23.844403457190921,62.056407938378399],[23.844475725677977,62.056419742245083],[23.844512254627766,62.056425069215322],[23.844546432475759,62.056429623708489],[23.844844791845372,62.056460789526888],[23.844857094794158,62.056461960118028],[23.84496843944661,62.056474656725136],[23.845005149241331,62.056479718170621],[23.845041478572071,62.05648530996082],[23.845077075363047,62.056491873257961],[23.845111767729033,62.056499404134783],[23.84514519329722,62.056508073994308],[23.845177570955546,62.056517618314743],[23.845182875090185,62.056519266822832],[23.845334023283062,62.056574190751498],[23.845366238982898,62.056583821166264],[23.845400731240549,62.056591437236627],[23.84543747987702,62.056596310783974],[23.845475571643682,62.05659727995382],[23.845508592639341,62.056594350929565],[23.845517278553821,62.056593111923803],[23.845554709342746,62.05658956491262],[23.845592732929969,62.056589714935228],[23.845630259695987,62.056593177730093],[23.845666227913028,62.056599300149855],[23.845700187938583,62.056607434048423]],[[23.941343116273146,62.004419503438491],[23.94123519728771,62.004470374315524],[23.941225234744071,62.004475004555069],[23.941065748440142,62.004552221722008],[23.941044924321499,62.00456244146249],[23.940910455867591,62.004626108942567],[23.940852589994705,62.004649521579282],[23.940844885701217,62.004652405141378],[23.940785200944539,62.0046747083368],[23.940757113642714,62.004686842153113],[23.94073178050305,62.004700285803516],[23.940725787588239,62.004704015861904],[23.940705277287492,62.004719102719541],[23.940653315221457,62.004767082024408],[23.940645585156631,62.004773648337817],[23.940625858527806,62.004788923261792],[23.940604097558374,62.004803712847419],[23.940580788846145,62.004817929068089],[23.940555941389327,62.004831482285219],[23.940533407203592,62.004842742063786],[23.94050730807313,62.004855818316322],[23.94049267487377,62.004863758704694],[23.940468735747505,62.004877781246627],[23.940446354221113,62.004892278545626],[23.940425079861097,62.00490716873896],[23.94040502797677,62.004922445401675],[23.940387678229111,62.004936694980977],[23.940369669801619,62.004952556001385],[23.940336335534791,62.004984777758409],[23.940321180411065,62.005001151267081],[23.940262232856622,62.005067302284303],[23.940259712812079,62.005069941492835],[23.940183244016954,62.005152045150147],[23.94017027577722,62.00516909602954],[23.94015858599613,62.005186166291047],[23.940148154875029,62.005203453138066],[23.940139605096249,62.005219703679565],[23.940132055231739,62.005237225147454],[23.94012608819471,62.005254970394276],[23.940122514757324,62.005272858588974],[23.940121688054077,62.005290798746032],[23.940123055758104,62.00530439454397],[23.940128483740644,62.005340171455096],[23.940129238812251,62.005358155692996],[23.940126287147166,62.005374799960059],[23.940119357490378,62.005392425026614],[23.94010845856382,62.00540961165435],[23.940099674865014,62.005420197246465],[23.94008308909364,62.005436350330925],[23.940064153787095,62.005451921239242],[23.940055450928661,62.005458465938631],[23.940033841745379,62.005473258813218],[23.940010533149213,62.005487465967697],[23.939995026632079,62.005496105630726],[23.939969241869026,62.005509278606119],[23.939941909338959,62.005521878207951],[23.939913659201217,62.005533909434632],[23.939905604493084,62.005537234360403],[23.939848202921723,62.005560755737115],[23.939821807683202,62.005573726481487],[23.939813114215912,62.005578654301459],[23.939792602866575,62.005593741015225],[23.939780218946222,62.005609726780946],[23.939772344607789,62.005627241032862],[23.93976899573936,62.005636419973968],[23.939763524188841,62.005654176204317],[23.939761409597551,62.005671997945079],[23.939762335859776,62.005683517691331],[23.939769526784918,62.005719243904807],[23.939770472491897,62.00572600269841],[23.939770598091531,62.005743972972205],[23.939768301977335,62.005761889505976],[23.939763605179117,62.005779923457432],[23.93975763781285,62.00579766868514],[23.939755856118673,62.005802660043848],[23.939742014329429,62.005837919520367],[23.939736100262024,62.005850185846732],[23.939716697241877,62.005884872724238],[23.939713582857046,62.005890193858313],[23.939703962184591,62.00590758850057],[23.939696382917948,62.005925208118711],[23.939694359053526,62.005932610729786],[23.939692406114322,62.005950534878387],[23.939695276498767,62.005968386388126],[23.939704132179539,62.005985822710706],[23.939721420687594,62.006004353524794],[23.939741283397897,62.00601970731276],[23.939765034929405,62.00603477906018],[23.939792934536079,62.006046987199895],[23.939809846054899,62.006051764509159],[23.939845035078132,62.006058564472539],[23.939873610797701,62.006060995318755],[23.939886705141873,62.006058680596091],[23.939912328859922,62.006045593892779],[23.93991806098153,62.006041229215604],[23.93993669973737,62.006025570887282],[23.939954690565546,62.006011416431996],[23.93999540659177,62.005981065452517],[23.9400589910645,62.005934422287908],[23.940062257014105,62.005932158982183],[23.940107644029084,62.005903250193249],[23.940122800478605,62.005891817787855],[23.940140493535193,62.005875868939199],[23.940171452290247,62.00584314531897],[23.940177050246731,62.005837070744427],[23.940220987489528,62.005787386296156],[23.940233650419824,62.005771855871266],[23.940260685561189,62.005738236641861],[23.940266877197562,62.005731007350072],[23.940325043186668,62.005664659299839],[23.940327248110663,62.005661923260639],[23.940364857753632,62.00561111017192],[23.940409944444067,62.005541785766795],[23.940413490830796,62.005535396155032],[23.940450406833438,62.005465791640319],[23.940453575041829,62.005459932661843],[23.94046366195067,62.00544264714059],[23.940475524179771,62.005425571696982],[23.94048066328558,62.005419307257192],[23.940494405337546,62.005402543030002],[23.9405054747603,62.005385369141543],[23.940510253388432,62.005364992231272],[23.940510477116288,62.005329071217744],[23.940511952816063,62.005311136476791],[23.940517757195025,62.005293486429181],[23.940524137661846,62.005284374731836],[23.940539625982893,62.005267918755578],[23.940556527481736,62.0052518534794],[23.94057200586937,62.005235496100795],[23.940574805504848,62.005231785040813],[23.940584893165944,62.005214490545512],[23.940602405925066,62.005179581955353],[23.940609533651227,62.005169498621335],[23.940624382544858,62.005152938613875],[23.940641913356291,62.005137075948632],[23.940661478491979,62.005121698615682],[23.940665806775776,62.005118560491233],[23.94068694769221,62.005103667300219],[23.940778318406036,62.005046150066889],[23.94078724616708,62.005040598526477],[23.940809637541971,62.00502600257051],[23.940830759255121,62.005011108933488],[23.940850008153447,62.004995643707424],[23.940866289084209,62.004979474794112],[23.940877465747104,62.004965797934148],[23.940890577222586,62.004949028668882],[23.940906065171493,62.004932572648507],[23.940926448897063,62.004917033765878],[23.940950377948727,62.004903109745008],[23.94100318714527,62.004877150299244],[23.941010467692752,62.004873538628978],[23.941037196944702,62.004860655936596],[23.941064968239441,62.004848434199367],[23.941095045088527,62.004837422500302],[23.941120972847592,62.004830810630665],[23.941156538958044,62.004824322710604],[23.94119321076785,62.004819575200983],[23.94126771890113,62.004811615250418],[23.941273901647214,62.004810943850387],[23.94131074593551,62.004806191151978],[23.941347013872498,62.004800706961525],[23.94138287706815,62.004794495085761],[23.941410613646738,62.004789091167993],[23.941445325207233,62.004781596010638],[23.941479287896239,62.004773374520454],[23.941512370034971,62.004764405810043],[23.94154439911004,62.004754695037711],[23.94157523157196,62.004744149183196],[23.94159932272656,62.004735079868773],[23.941628011999441,62.004723228748098],[23.941655325125225,62.004710808077839],[23.941681747799159,62.004697738792949],[23.941704695568522,62.004685589633681],[23.941729236235297,62.004671849740859],[23.941798395680898,62.004629012822107],[23.94181423369243,62.004618583575109],[23.9418569704155,62.004588815936799],[23.941876534583454,62.004573438424416],[23.941890267524368,62.004561704764143],[23.941940337421904,62.004513323718925],[23.941943360955516,62.004510426135774],[23.942012219934707,62.004446389828061],[23.942107096985744,62.004368547476297],[23.942209602982878,62.004291422238076],[23.942246715131233,62.00425999355388],[23.942263766804807,62.00424394040359],[23.942277247595928,62.004229955184798],[23.942291942575121,62.004213391604999],[23.942343143110318,62.004145729459403],[23.942353968015023,62.004130786971814],[23.942366916594224,62.004113915150363],[23.942381142870833,62.004097260316421],[23.94239757504219,62.004081094594724],[23.942401102158602,62.004077938656621],[23.942461214037856,62.004032115873009],[23.942482694710488,62.00401534338031],[23.942554386731654,62.003951998510075],[23.942564510363791,62.003942520536512],[23.942652452274487,62.00386291600158],[23.942662162857232,62.003854506911786],[23.942735888408844,62.003791647246068],[23.942753849950442,62.003776234092236],[23.942828968307698,62.003713773594136],[23.942931562144238,62.003635922143097],[23.943034135486915,62.003558079152846],[23.943099474146731,62.003513090687328],[23.943146249809022,62.003484750800979],[23.943197622945238,62.003457060820772],[23.943277125791752,62.003418315518928],[23.94329571811631,62.003409564243505],[23.943350502148959,62.003384635952841],[23.943407751381002,62.003360849315882],[23.943434838893289,62.003350848928022],[23.943557383385205,62.003308026620729],[23.94356889289563,62.003303969535345],[23.943658807942402,62.003270575533101],[23.943678408167649,62.003263014432733],[23.943738383235875,62.003240815314349],[23.94376996029137,62.003230824530071],[23.943803499874146,62.003222224793234],[23.943837650402905,62.003215345496784],[23.943909064990976,62.003202742912713],[23.943919728387669,62.003200643467409],[23.94402426952211,62.003178794054996],[23.944050689632501,62.003173540135805],[23.944085992165519,62.003166605455739],[23.944120529625106,62.003159105805167],[23.944154049964872,62.00315050555934],[23.944189306987525,62.003139068998856],[23.944217554115472,62.003127027904704],[23.944241165099882,62.003113006470727],[23.944260240601885,62.003096000752656],[23.944275573236766,62.003079540952754],[23.944285595437083,62.00306935090309],[23.944300288753901,62.003052787096614],[23.944302197042749,62.003049954591283],[23.944310536664617,62.00303253129178],[23.944315699087795,62.003014777059427],[23.9443184420943,62.003003428512358],[23.94432184116642,62.002985536384244],[23.944323485176501,62.002967614348904],[23.944322547059663,62.002949715949022],[23.944320150973816,62.002938163685947],[23.944313875409012,62.002920515344272],[23.944305783436022,62.002904973861774],[23.944294469413993,62.002887833746406],[23.944282012483654,62.00287084797791],[23.944269699058434,62.002855671116848],[23.944254794792847,62.002839080299374],[23.94423821593621,62.00282299139463],[23.944218029036804,62.002807819726435],[23.944193657086707,62.002793983725347],[23.94418119275937,62.002788317276213],[23.944151251726971,62.002777232645983],[23.94411872854273,62.002767887531348],[23.944084800082546,62.002759598297018],[23.944065128276463,62.002755299344237],[23.944029923006632,62.002748500049975],[23.943993647567485,62.002742844914032],[23.943956589047865,62.002738519972596],[23.943923058719072,62.002735980122019],[23.943885064318142,62.002734509212374],[23.943846954160062,62.002734383285713],[23.943808717072102,62.002735332582624],[23.943768608983348,62.002737408285789],[23.943730974939882,62.002740347346801],[23.943693892269394,62.002744457519213],[23.943657464581694,62.002749848904578],[23.943622044963025,62.002756430508526],[23.943614819451341,62.002757977266945],[23.943580696073052,62.002766114824915],[23.943482349250033,62.002793662112516],[23.943468274891217,62.002797572499396],[23.943435051920382,62.002806448678975],[23.943299629795579,62.00283955247945],[23.943281173276183,62.002843904733275],[23.943112076886315,62.002885425301535],[23.943084648187337,62.002892543264309],[23.943051577538199,62.002901422731497],[23.942986931891781,62.002920463538672],[23.942981946127386,62.002921970080685],[23.942950809849048,62.002932329804757],[23.94292059201387,62.002943248907407],[23.942891437064144,62.002954811445058],[23.942863495736244,62.002967038727682],[23.942837103142026,62.002980019039001],[23.942822138327191,62.002988042137595],[23.942798202657436,62.003002056139231],[23.942776128885782,62.003016749261143],[23.942755783360631,62.003031929882788],[23.942737175974617,62.003047499403159],[23.942720267880354,62.003063654603721],[23.942705086954806,62.00308011760746],[23.942697016069111,62.003090090285049],[23.942628299962898,62.00319275110521],[23.94261535193333,62.003209622956497],[23.942607550420139,62.003218433716945],[23.942560939233207,62.003267610345304],[23.942548764565579,62.003281534706439],[23.942535178062837,62.003298293574076],[23.942511314066859,62.003332351828256],[23.942478121570076,62.003385868634581],[23.942465622891625,62.003402831290906],[23.942451243558871,62.003419491718972],[23.942440004837376,62.003430562029898],[23.942421836669311,62.003446320926784],[23.942402264520592,62.003461788162895],[23.942386120818959,62.00347355824784],[23.942364849306902,62.003488439791262],[23.942319477064686,62.003517259729577],[23.942301515428447,62.003527911447456],[23.942276957784255,62.003541642064874],[23.942251481828801,62.003555001949955],[23.94223963964097,62.003560848299479],[23.942159351197237,62.003599216259566],[23.942144629454205,62.003606525983066],[23.942118990774546,62.003619792399633],[23.94209443207448,62.003633531947195],[23.942071918772626,62.003648026563056],[23.942052408195416,62.003662686583283],[23.942034248860455,62.003678544451027],[23.942017980232066,62.003694794609999],[23.94201273417378,62.00370060754009],[23.941998506988799,62.003717271300566],[23.941985711819868,62.003734137506946],[23.94196327799159,62.003768407069742],[23.941953533567386,62.003785340927003],[23.941927692066503,62.003837762914529],[23.941920519728438,62.003854583118105],[23.941891573581209,62.003924993558428],[23.941886463581874,62.00393744848212],[23.941861079450664,62.003989880603058],[23.941850074087426,62.004008143035236],[23.941826552867102,62.004042199807245],[23.941786256971845,62.004092594310769],[23.941776960496924,62.004103348298649],[23.941731940348301,62.004152829481733],[23.941728547704798,62.004156168060945],[23.941712277752842,62.004172427144034],[23.941677208460661,62.004204251363618],[23.941638711599651,62.004235191022133],[23.941616662967135,62.004251142260181],[23.94155093379177,62.004295223044672],[23.941458350560271,62.004355148435309],[23.94145422898713,62.004357752142369],[23.941406524905215,62.00438579241041],[23.941356344644312,62.004412798514153],[23.941343116273146,62.004419503438491]],[[23.911439404565556,61.993942534756364],[23.91147429542734,61.993949066099511],[23.911546272857532,61.993961010041978],[23.911576792549877,61.993966185690404],[23.911612132747855,61.993972996580375],[23.911646231248355,61.993980938566658],[23.911676502988957,61.993991768486616],[23.911699350003452,61.9940061154715],[23.911706693612729,61.9940130178909],[23.911726696029778,61.994028289376452],[23.911750038681689,61.994042458793146],[23.911776547305688,61.994055360525813],[23.911804947540794,61.994067316398116],[23.911834327174422,61.994078845008438],[23.91186424871556,61.994089927572638],[23.911894511562895,61.994100847081242],[23.911904898705824,61.994104673302843],[23.911966279509784,61.994125992414737],[23.911998802542183,61.994135345425924],[23.912038328289633,61.994140632853849],[23.912074794542086,61.994136328825043],[23.912102253338716,61.994124007057771],[23.912120728170379,61.994108339703772],[23.912134327062009,61.994091583893663],[23.912145552418696,61.994074496420069],[23.912155032342781,61.994057100335517],[23.912163090866745,61.994039591559435],[23.912176168184292,61.994002520485161],[23.91218508929007,61.993966874597547],[23.912188352639529,61.993948988903661],[23.912190797281461,61.993931075888831],[23.912192127320591,61.993913227748429],[23.912192493432311,61.993895277163475],[23.912191430899178,61.993877285596469],[23.912189054084354,61.993859444270377],[23.912185075267931,61.993841576047011],[23.912179963706617,61.993823763307567],[23.912174195010802,61.993806025688322],[23.912160399402818,61.993770778370013],[23.912152839933974,61.993753180317682],[23.912127284330598,61.99370069005267],[23.912119856432287,61.993686697482609],[23.912085931918764,61.993616680860562],[23.912072451446747,61.993581341765569],[23.91206700597597,61.993563620363311],[23.912063828712906,61.993545761103945],[23.912063394349701,61.993527792587955],[23.912066182112412,61.993509887259336],[23.912071982326317,61.993492229083216],[23.912082290815363,61.993473063770352],[23.912094955477738,61.993456098380257],[23.912110587184561,61.99343982831811],[23.912129232223325,61.993424173764843],[23.912150368697382,61.993409194900806],[23.912196526246202,61.993380680737076],[23.912245491013735,61.993353118838336],[23.912265894856787,61.993342166297204],[23.912390668403596,61.99327436546978],[23.912437141378064,61.993245939151365],[23.912456961491394,61.993232826362572],[23.912478107653836,61.993217937508525],[23.912498146486897,61.993202664496827],[23.912517087067119,61.993187106353908],[23.912534787805811,61.993171152102654],[23.912551382124821,61.993154993393105],[23.912566401688728,61.993138538882221],[23.912571706820238,61.993132368973356],[23.912584981898732,61.993115596892302],[23.912596511592547,61.993098516205777],[23.912606485598623,61.993081140146238],[23.91261452543775,61.993063621947975],[23.912620352471684,61.993045883500095],[23.912621661287663,61.993040881836286],[23.912624592075055,61.993023069543291],[23.912625282836895,61.993005117246391],[23.912623886057709,61.992987217021998],[23.912619888932845,61.99296933941794],[23.912613482067457,61.992951677364104],[23.912604807055299,61.992934153176144],[23.912594476545578,61.992916942283813],[23.912571404912974,61.992882745010121],[23.91256519590878,61.99287407126792],[23.912553903361101,61.992856928665383],[23.912547162550521,61.992839357951141],[23.912547266959194,61.992833610603846],[23.912554515318096,61.992815984844654],[23.91256556115637,61.99279745590416],[23.91257138816345,61.992779717457601],[23.912574641148424,61.992763439641095],[23.912583832774757,61.992725113613581],[23.912583065914646,61.992707218510979],[23.912575192411424,61.992689703285492],[23.912565834923889,61.992680428981814],[23.912541153268194,61.992666849590712],[23.912516099488137,61.992656945253287],[23.912485667199171,61.992646201742915],[23.912454199337354,61.992636063904428],[23.912421155864909,61.992627148513996],[23.91241220680012,61.992624971630939],[23.91237703769681,61.992617994061106],[23.912340960980114,61.992612244914078],[23.912326208637619,61.992610027887245],[23.912253675868715,61.992598880415429],[23.912222277044847,61.992592966494364],[23.912188540263667,61.992584484711841],[23.9121568928533,61.99257461229773],[23.912136379105817,61.992567414904713],[23.912106990810045,61.992555984964106],[23.912078600923092,61.992543939524396],[23.912055077646578,61.99253326083106],[23.912028389591029,61.992520444950259],[23.91200984096719,61.992509877678096],[23.911989505378148,61.992494697577293],[23.911973775920732,61.99248006086043],[23.911957561854365,61.992463796186669],[23.911942165565343,61.992447379135186],[23.911928398409444,61.992432606690372],[23.911918265119439,61.992426090981027],[23.911901889554123,61.992409912520927],[23.911896976897658,61.992401267782313],[23.911892836861838,61.992383485769523],[23.911886106516178,61.992365816425895],[23.911883643346265,61.992362976244387],[23.911858800694237,61.992349482954111],[23.911828539579712,61.992338563446374],[23.911811226235827,61.992333153615768],[23.911780613903222,61.992322495745853],[23.911757003837852,61.992309658919716],[23.911744046477825,61.992292928139136],[23.911736505743544,61.992275339455091],[23.911734540971825,61.992269276235831],[23.911728467849034,61.99225153176647],[23.911725551059281,61.992243740281339],[23.911719153024404,61.992225997516634],[23.911712049673788,61.992211823522489],[23.911698310933598,61.992195075231962],[23.911683086453074,61.99217866199551],[23.911680489905752,61.992175630160155],[23.911669044719964,61.9921584930362],[23.911658058786543,61.992141536893257],[23.911642502169521,61.992125197065747],[23.911621929088703,61.992113874654848],[23.911590642679176,61.992103650831233],[23.911581300021929,61.992098949584218],[23.911572275490741,61.992081678018785],[23.911567799755474,61.992067023848492],[23.911546609700412,61.992052363564049],[23.91151532337912,61.9920421397239],[23.911504513094659,61.992039292207998],[23.911470228001384,61.992031516663097],[23.911432191800717,61.992024375780616],[23.911360398681207,61.992012166314716],[23.911346196728861,61.992009422474865],[23.9112784472462,61.99199237140558],[23.911244901089496,61.991983713969759],[23.911213083073207,61.991973837500915],[23.911197087049544,61.991966741180136],[23.911179037571422,61.991951064151358],[23.911166774091047,61.991934088322523],[23.911160951355484,61.991926321550537],[23.911130837251314,61.991893403622456],[23.911124900272707,61.991883747671665],[23.911121075688573,61.991865873871653],[23.91112603253853,61.99185635420519],[23.911130037236273,61.991848502175912],[23.911140437299046,61.991831261534251],[23.91114141312319,61.991828040214031],[23.911137401564165,61.991810314951159],[23.911121219146789,61.991794122745205],[23.91110280106836,61.991783405536907],[23.911072655141215,61.991772488430129],[23.911037534520752,61.991765610406247],[23.911020759638323,61.991763940849047],[23.910994625666913,61.991762825208312],[23.910884869654357,61.99259237306341],[23.910718093266944,61.993852813233914],[23.910709500724323,61.993917816789889],[23.910729986451443,61.993917943434745],[23.910789296133601,61.993918212343239],[23.91079095713857,61.993918222610922],[23.910829107624146,61.993918224001],[23.91086724541843,61.993917973547234],[23.910905390500748,61.993917274051668],[23.910943449382351,61.993916105451824],[23.91097025154269,61.993914981087677],[23.911008154355073,61.993912901600176],[23.911045868403566,61.993910233920126],[23.911083361013478,61.993906923412204],[23.911120818208506,61.99390377381075],[23.911120875390584,61.993903775091923],[23.911159011360294,61.993903353822965],[23.91117206249427,61.993903511475239],[23.911197214452525,61.993903778532903],[23.911238055121032,61.99390551108629],[23.911267419385197,61.993908136445498],[23.911275522877592,61.9939088570313],[23.911300537614281,61.993912741502797],[23.911335868606262,61.993919642098277],[23.911439404565556,61.993942534756364]],[[23.901470639114301,62.011859107469284],[23.901357967249886,62.011951069007083],[23.899558525667352,62.013418132672896],[23.899414769034408,62.013535348602637],[23.897488752714178,62.015105445299277],[23.897590213077208,62.015130366934883],[23.897625015546318,62.015137788847305],[23.897660945888394,62.015143897512495],[23.897698229001442,62.015147610932004],[23.897728566989258,62.015148562795595],[23.897766541299468,62.01514699122184],[23.897803403663971,62.015142259236541],[23.897837822370498,62.015134678279253],[23.89786943573159,62.015124608558722],[23.897897999052468,62.015112763288307],[23.897923819145326,62.015099508727374],[23.897971283801247,62.015071387401534],[23.898036774845977,62.015027320704185],[23.898117836635411,62.014966265155898],[23.898288410557107,62.014826115561952],[23.898323222256508,62.0147942058599],[23.898354559226224,62.014761499299482],[23.898382432334234,62.014728076982657],[23.898395084646591,62.014711211169043],[23.898404483573184,62.014697946624224],[23.898495198409037,62.014542255608362],[23.898519281312034,62.014508128150602],[23.898533041440992,62.014491457931598],[23.898548080288261,62.014474996142987],[23.898564692986394,62.014458848243883],[23.898583043892359,62.014443089800778],[23.89860310389232,62.014427818981666],[23.898625349725787,62.014413235167886],[23.898634098789607,62.014408041534502],[23.898659144260154,62.014394499914346],[23.898685871443224,62.01438171481729],[23.898713983379704,62.014369598710061],[23.898743157649623,62.014358126374511],[23.898865072109444,62.014314878763081],[23.89887441147896,62.014311585012649],[23.899025814754687,62.014256961809856],[23.899057732807169,62.014247078365749],[23.899090962709952,62.014238392318113],[23.899126000280621,62.014231103475232],[23.899162143289459,62.014225537437866],[23.899199516042692,62.014221975501229],[23.899240388255123,62.01422046868943],[23.899278421817879,62.014221683068428],[23.899316101249745,62.014224686261265],[23.899353176128376,62.014228933602958],[23.899426739606188,62.014238493147815],[23.899457432468729,62.014242147800019],[23.899494904619761,62.01424568531931],[23.899532629720042,62.014248240282392],[23.899570779424796,62.01424981654776],[23.899608876073099,62.014250223699591],[23.899646938733749,62.01424946216666],[23.899684833062189,62.014247349250816],[23.89972222403042,62.014243607904042],[23.899758663826589,62.014238317900521],[23.899766038527112,62.014237046234214],[23.89980104865635,62.014229837460938],[23.89983460340628,62.014221338217801],[23.899866501178764,62.014211463119381],[23.899896611112272,62.014200370936237],[23.899980488162743,62.014163813931404],[23.900034427782078,62.014138343989465],[23.900052199682396,62.014129768474909],[23.900238278650395,62.014039628275256],[23.900287736390499,62.014012359555039],[23.900311070855718,62.013998150324788],[23.900333478096808,62.013983659719607],[23.900354797401818,62.013968776321263],[23.900375171323152,62.013953602156867],[23.900395727633999,62.013936635304219],[23.900413284419823,62.01392077793583],[23.90042940995988,62.013904520061125],[23.900443987993754,62.013887877035877],[23.900457126497471,62.013871102836717],[23.900468680265195,62.013853933667313],[23.900478811756059,62.0138366516803],[23.900487567564728,62.013818611080751],[23.900494055348702,62.013800878870661],[23.900502823987516,62.013765239056745],[23.900520097689622,62.013586074576608],[23.90052758926479,62.013550397079833],[23.900532779103759,62.013532644685363],[23.900539571959953,62.013514919329523],[23.900545728039003,62.013501761463857],[23.900611747873551,62.01339869015559],[23.900620447840762,62.013381196314462],[23.900626430438319,62.013363542587108],[23.900629551297243,62.013345644874349],[23.900628952075156,62.013327672550673],[23.900624340226951,62.013309870591861],[23.900615019113769,62.013292322166066],[23.900600771413256,62.013275660247054],[23.900581409896709,62.013260222014928],[23.900556222184406,62.013246808995831],[23.900524376581579,62.013237019602542],[23.900500797000092,62.013233165667735],[23.900463063033214,62.013230709574202],[23.900424994169036,62.013229854066211],[23.9003870630231,62.013227645070351],[23.90036379109284,62.013222270758774],[23.900356188269591,62.013205308947249],[23.900368219476459,62.013188330196328],[23.900386712132757,62.013172664563335],[23.900409729873207,62.013158367353149],[23.900438309429269,62.013146521964636],[23.900455517729675,62.013141787845392],[23.900492189114839,62.013137401267301],[23.900529958536165,62.013139507778547],[23.900565174833826,62.013146228545331],[23.900638266110775,62.013163413202825],[23.900673635040935,62.013170137370878],[23.900710140833954,62.01317526997002],[23.900747602712627,62.013178896776417],[23.900785561261635,62.01318064810949],[23.900823712147886,62.013180696808945],[23.900861586000289,62.013178583132152],[23.90089857165405,62.013174113668562],[23.900933581130513,62.013167084294722],[23.900946819007444,62.013163608491197],[23.900977645652834,62.013153161072047],[23.901005764662493,62.013140954848744],[23.901031744259321,62.013127793174938],[23.901104533182917,62.013086314780502],[23.901129729045259,62.013072776123984],[23.901152914002768,62.013061716764234],[23.901182086103017,62.013050243897368],[23.901213399319975,62.013039897199697],[23.901246339535604,62.013030844797491],[23.901280476366207,62.013022807502722],[23.901315619927306,62.013015960726776],[23.901461625608864,62.012992118427974],[23.901568683051106,62.012972872232055],[23.901638393474133,62.012958455843943],[23.901706666752986,62.012942381049385],[23.901740075253521,62.012933608570044],[23.90177243047966,62.012924102693717],[23.90180373425321,62.012913845494218],[23.901833833082119,62.012902842508318],[23.901862564429713,62.012891000246697],[23.901889603153048,62.012878320390726],[23.901907780975922,62.012868936237837],[23.90193157238085,62.012854916700128],[23.901953672003561,62.012840239267895],[23.901994731820189,62.012809987356988],[23.902093001592053,62.012733154136491],[23.902113958464358,62.012718621708196],[23.902137138500727,62.012704408728119],[23.902161864985661,62.012690778497188],[23.902188445740475,62.012677899638803],[23.902216870738748,62.012665870749778],[23.902247562099575,62.012655240344529],[23.902280960105088,62.012646566328819],[23.902316534246658,62.012640178174451],[23.902331371441882,62.01263826542904],[23.902369155747792,62.012635520465494],[23.90240722545737,62.012634668523283],[23.902521755781216,62.012635533734091],[23.902559789033216,62.012635040287563],[23.902594268085636,62.012633029586766],[23.902630839822137,62.012627921503686],[23.902665120153145,62.012620156618922],[23.902696431518798,62.012609818541556],[23.902724216912826,62.012597685349661],[23.902748953074596,62.012583956413202],[23.902770736992629,62.012569181930452],[23.902789686617307,62.012553705940093],[23.902806468566819,62.012537552396644],[23.902821340676361,62.012521005591992],[23.902926475883284,62.012386200087569],[23.90295607809832,62.012353184121473],[23.902989134832758,62.012320784754628],[23.903025972909091,62.012289359695814],[23.90304601922919,62.012274186801541],[23.90306734511357,62.012259213330438],[23.903089750665703,62.012244713294642],[23.903113396661833,62.012230609448523],[23.903132663997027,62.01221990202297],[23.903158479353959,62.012206646447822],[23.903406306096535,62.012094809070483],[23.903458365820033,62.012068585953095],[23.903476084099569,62.012059011612685],[23.903500045794782,62.012044995648253],[23.903522602646643,62.012030507928394],[23.903543919014506,62.012015624015184],[23.903563335583478,62.012000248251823],[23.903581213809641,62.011984397737933],[23.90359672546575,62.011967946073177],[23.90360890694167,62.011950970447863],[23.903616651165496,62.011933454992665],[23.903619102586234,62.011915542211213],[23.90361577518841,62.011897688355646],[23.903613710669607,62.011892611017871],[23.903602921414233,62.011875389208328],[23.903587026041755,62.011859130831667],[23.903566682960335,62.011843940506971],[23.903542835741007,62.011829938239082],[23.903516458016451,62.011816948239343],[23.903487730483096,62.011805073386121],[23.903456930956363,62.011794589432597],[23.903442713769511,62.011790407153455],[23.903408976556968,62.011781932515916],[23.903373580422905,62.011775298260616],[23.903336734239844,62.011770518059954],[23.903299020963253,62.011767874519052],[23.903260917378258,62.011767378342576],[23.903222956635837,62.011768861823072],[23.903185443938391,62.011772143151596],[23.903168500217163,62.011774098521371],[23.903059605224495,62.011790789121505],[23.903022891103372,62.011795804265063],[23.902985171678964,62.011797921973383],[23.902948594231447,62.011793507059359],[23.902939767843193,62.011790074652467],[23.902923035409064,62.011774156752757],[23.902918727574839,62.011756361712379],[23.902921350122213,62.01173846176323],[23.902930040065517,62.011721048432477],[23.902940063035295,62.011709513561378],[23.902961694562229,62.011694726652784],[23.902991027202084,62.011683346877653],[23.903024999532349,62.011675215648658],[23.903061291386845,62.011669651990367],[23.903098669620391,62.01166618799995],[23.90321233149297,62.011659576549519],[23.903249951976942,62.011656737847716],[23.903287340196869,62.011653175207911],[23.90330594963876,62.011650628350921],[23.903340955967455,62.011643418653009],[23.903373760542891,62.011634362730319],[23.903404908116453,62.011623930994652],[23.903434699093737,62.011612741097608],[23.903463256953618,62.011600894635393],[23.903547159835878,62.011564156537219],[23.903576329599574,62.011552683147158],[23.903606713366091,62.011541865879913],[23.903638923069945,62.011532266491287],[23.903660658186379,62.011527364105184],[23.903697103177141,62.011521983400264],[23.903734472962981,62.011518599907006],[23.903772488030317,62.011516578476154],[23.903924960122101,62.011512904007873],[23.903957791118952,62.011511484865238],[23.903995419554168,62.011508565287379],[23.904032681410769,62.011504550417889],[23.904069260666201,62.011499352308107],[23.904104986526772,62.011493146803026],[23.904139858134968,62.011485754205928],[23.904239876822746,62.011459708941977],[23.904304899502591,62.011440774960853],[23.904403825930839,62.011409674079289],[23.904530082592245,62.011369394075004],[23.904591326713568,62.011347949504646],[23.904620504988284,62.011336386255074],[23.904648153183441,62.011324078931537],[23.904674425691798,62.01131101303212],[23.904689936004935,62.011302467063402],[23.904713113756227,62.011288253633623],[23.90473474321529,62.011273475402362],[23.904754798026371,62.011258203650151],[23.904791775533727,62.011226880118251],[23.90487766116313,62.011146703657992],[23.904896195729041,62.011130777881554],[23.904915782686679,62.011115405770155],[23.90493647662052,62.011100238176191],[23.904958077658915,62.011085549114753],[23.905028229309103,62.011043021392574],[23.905077381888169,62.011015465744414],[23.9051022409508,62.011002008696288],[23.905200067151149,62.010946904555425],[23.90524580050467,62.010918194058668],[23.905267267814676,62.010903313290328],[23.905285755640772,62.010887655935058],[23.905299529467438,62.01087098542795],[23.905307731048886,62.010853471174443],[23.905309245973793,62.010835546348623],[23.905308486321584,62.010830228801375],[23.905301089406063,62.010812723895377],[23.905287192635562,62.010795980514374],[23.905268316148796,62.010780463993761],[23.905245488020288,62.010766026706314],[23.905220128620808,62.010752610683106],[23.905193417727737,62.01073989202412],[23.905165375372512,62.010727673532216],[23.905136277605866,62.010716060224084],[23.905106352420045,62.010704877537179],[23.905080394395426,62.010695850165369],[23.905049099522262,62.010685544103289],[23.905016912679965,62.010675927745631],[23.904983889310298,62.01066683164175],[23.904950116521075,62.010658527263004],[23.904915299138718,62.010651097823697],[23.904879752262627,62.010644640233593],[23.904843447712707,62.010639243698776],[23.904806186527537,62.0106351732706],[23.904768438088581,62.010632888677755],[23.904730210637787,62.010632120587793],[23.904692170797681,62.010632704283445],[23.904654156030684,62.010634546277998],[23.90461651871745,62.0106375646412],[23.904577637815908,62.01064172299079],[23.90432414249257,62.010681213374426],[23.904287025997938,62.010685501086208],[23.904249271596161,62.0106879776882],[23.90421124220212,62.010686764705596],[23.904178307878276,62.010678299277338],[23.904166113465678,62.010668322930997],[23.904160994950864,62.010650599578319],[23.904164427601199,62.010632807640235],[23.904173430747374,62.010615311437064],[23.904177758982467,62.010609209696938],[23.904194043254929,62.010593044839091],[23.9042156724603,62.010578266686458],[23.904241314302141,62.010565007041436],[23.904270205029508,62.010553257742465],[23.904301342989562,62.010542906465211],[23.904334297749131,62.010533862691609],[23.90446949862277,62.010500521485277],[23.904502445091008,62.010491558342039],[23.904521039157721,62.010485956460876],[23.904551574087993,62.010475142399621],[23.904580149512633,62.010463296123071],[23.904606726378471,62.010450425739883],[23.904631288293171,62.010436692593643],[23.904654006842406,62.010422289198395],[23.904675158073282,62.010407320573385],[23.904694592099059,62.010391945065706],[23.904712622251232,62.010376088852972],[23.904715640791402,62.010373281749054],[23.904732076306974,62.010357129212203],[23.904746966260497,62.01034057364668],[23.904760425026581,62.010323806281768],[23.904772441732014,62.010306746018777],[23.904783057200198,62.01028955548442],[23.904791907318906,62.010272055813239],[23.904799163675946,62.010254439518327],[23.904804351325637,62.010236677973154],[23.90480777449325,62.010218786989356],[23.904808956360775,62.010200944527988],[23.904808050460787,62.010182956388803],[23.904807702556234,62.01017998389252],[23.904804203895594,62.010162117243134],[23.90479860740685,62.010144392174716],[23.904790895844108,62.010126790332166],[23.904781068248138,62.010109509339365],[23.904769288115226,62.010092445058341],[23.904755526360891,62.010075695658735],[23.904740145330788,62.010059269272105],[23.904723096868832,62.010043263640021],[23.90470474428264,62.010027489269781],[23.904684896814643,62.010012130541597],[23.90466387775643,62.00999720369451],[23.904641545471716,62.009982597742315],[23.904618185967681,62.00996850776545],[23.904602669439615,62.009959624800679],[23.90457749172937,62.009946122881594],[23.904551133325477,62.009933142475617],[23.904523577835867,62.00992084492448],[23.904494509256619,62.009909142279639],[23.904464233573499,62.009898221086146],[23.904432399264778,62.009888342970342],[23.90439846581468,62.009880124672442],[23.904362909928437,62.009873765553024],[23.904325668814636,62.009869695429067],[23.904294446054561,62.009868096201622],[23.904256244636272,62.009868586295852],[23.904218393327977,62.009870521663629],[23.904142976251133,62.009876096736498],[23.904105106711125,62.009878211342347],[23.904067022264641,62.009879243044658],[23.904042936164522,62.009878702355273],[23.904005631331618,62.009875259587496],[23.903969705851733,62.00986915260178],[23.903936133184061,62.009860582930465],[23.903925876035679,62.00985712744351],[23.903874619442799,62.009899000707463],[23.903807245757712,62.009953889168173],[23.902012258876642,62.011417487795569],[23.902005410972009,62.011423173521955],[23.901470639114301,62.011859107469284]],[[23.84116713522987,62.050908263803919],[23.841199162469938,62.050917980846556],[23.841232961757164,62.050926300962509],[23.841268343068176,62.050933210818236],[23.841300873036765,62.050938087887033],[23.841337993242007,62.05094226140455],[23.841375749079901,62.050944922146869],[23.841413987784023,62.05094606661816],[23.841452050806208,62.050945769591721],[23.84149024414188,62.05094421775253],[23.841603929758783,62.050937484333595],[23.841754211698042,62.05092430193659],[23.841787560776922,62.05092129156067],[23.842240308772443,62.050886826923239],[23.842252650614938,62.050885941301338],[23.842665656389674,62.050849317378194],[23.842815846484736,62.050830741240439],[23.843070722167653,62.050792736511937],[23.84321957418458,62.0507671306801],[23.843325058153617,62.050746094186124],[23.843393895268605,62.050730337837493],[23.843427199895849,62.050721666033198],[23.843459451825769,62.050712071733756],[23.843490517391327,62.050701551883428],[23.843520062673726,62.05069018868938],[23.843547924188975,62.050677897556916],[23.843573960830089,62.050664747133943],[23.843597799560509,62.050650827717583],[23.843619171630142,62.050635962464867],[23.843638184660563,62.050620405394241],[23.843655334684314,62.05060435651572],[23.843671041353787,62.050588014092618],[23.843685660033355,62.05057145812404],[23.843775598868053,62.050453243572505],[23.843804998023938,62.050420045473132],[23.84382182230204,62.050403998113218],[23.843837644337317,62.050391153149867],[23.84385870172397,62.050376181844044],[23.843881163790503,62.050361691859074],[23.843905173063497,62.050347785278753],[23.843930281934899,62.050334164375421],[23.843982927171691,62.05030824482175],[23.844038507505044,62.050283551309072],[23.844213506902065,62.05021398980584],[23.844383898164622,62.050141977886824],[23.8444103825227,62.050129116062429],[23.844433089031032,62.050116877621761],[23.844580547207041,62.050034557487152],[23.844607041616737,62.050021597031794],[23.844634596997857,62.050009110031382],[23.844663691710664,62.049997466785896],[23.844694439891452,62.049986858570456],[23.844712229903234,62.049981605190432],[23.844745820255049,62.049973119300979],[23.844780750198932,62.049965742121564],[23.844816389616987,62.049959459248583],[23.844852890271486,62.049953914783984],[23.844889659303369,62.049949104160682],[23.844926841534285,62.049944922878552],[23.845265055382061,62.049915826657916],[23.845302246820044,62.049911555645053],[23.845308783944109,62.049910716783295],[23.845345266362934,62.04990553114029],[23.845381489236303,62.049899710665748],[23.845417118658702,62.049893337570964],[23.845452479235671,62.049886419274266],[23.845487101968551,62.049878864201105],[23.845588809134636,62.049853966399695],[23.845687223898384,62.049826486714437],[23.845693547931401,62.049824564867514],[23.84607258708035,62.049703341755922],[23.846097920185358,62.049695295777944],[23.846162008385576,62.049675647280736],[23.846293006375628,62.049638669685216],[23.846360490527186,62.049621892754843],[23.846395122960804,62.049614238858226],[23.846430339534528,62.049607227188503],[23.846465977693789,62.049600764190018],[23.846502190703934,62.049595033046785],[23.846538672548451,62.04958984708454],[23.846577990237702,62.049585184087213],[23.846615440652755,62.049581547536349],[23.846690795017253,62.049575991752739],[23.8467669275242,62.049572160691334],[23.847186669696914,62.049562081894095],[23.847218741560329,62.049560478530225],[23.847332180805743,62.04955291731298],[23.847444637443157,62.049542278953908],[23.847592383610866,62.04952392046296],[23.847774137027216,62.049496177334099],[23.847790052924069,62.049493486174867],[23.847897118462122,62.049474288236127],[23.848037091525324,62.04944542002012],[23.848138785912148,62.049420609945891],[23.848159676533985,62.049414977725668],[23.848224939057967,62.049396352354073],[23.848288107195483,62.049376142846107],[23.848349323069474,62.049354639942074],[23.848407795342649,62.049331538085063],[23.848463360113612,62.049306941346259],[23.848493093060974,62.049292257291967],[23.848696454065461,62.049185065441264],[23.848750488716266,62.049159714932401],[23.848778816247894,62.049147693978156],[23.848808366419664,62.04913624896168],[23.84883243708229,62.049127814315931],[23.848863795934534,62.049117569530694],[23.849024663847096,62.049069142716007],[23.849087217791443,62.049048568460073],[23.849117208892267,62.049037483826908],[23.849146157509573,62.049025746502409],[23.849173251358515,62.049013068422227],[23.849193237232409,62.049002123745922],[23.849215533188463,62.048987539316094],[23.849236118895014,62.048972466639277],[23.849255298929393,62.048956921652383],[23.849273381179074,62.048941073097915],[23.849306841579661,62.048908874039554],[23.849367505882061,62.048842976496488],[23.84941621086951,62.048794235190819],[23.849452680085445,62.048762733664681],[23.849472959491543,62.048747474282983],[23.849494787061271,62.048732789281253],[23.849518945240881,62.048718885183696],[23.849533053115561,62.048711840182982],[23.849560596018328,62.048699441806491],[23.849589544141882,62.048687704385415],[23.849619400519167,62.048676436894098],[23.849741943508619,62.048633603190332],[23.849761043134816,62.048626591231368],[23.849790431326397,62.048615223178899],[23.849904338438026,62.048567250981961],[23.849963132898058,62.04854101141467],[23.850150191981026,62.048451234143926],[23.850249299882094,62.048396644069776],[23.850459331497962,62.048267051857593],[23.850533831441918,62.048226086058982],[23.850586782737249,62.048200260956996],[23.850614659151578,62.048187959834763],[23.850621399928688,62.048185148867852],[23.850680784861019,62.048162435282308],[23.850897864280981,62.048089145068367],[23.850989084275568,62.048056556359484],[23.851047245094573,62.048033275651136],[23.851074958608059,62.048020880883804],[23.851101276668132,62.048007915230158],[23.851121396304119,62.047997144045468],[23.851145256938299,62.047983143054999],[23.851167541928557,62.047968647926993],[23.851188603308291,62.047953585835494],[23.851208087727073,62.047938227228492],[23.851226149252831,62.047922377970359],[23.85124282568276,62.047906227590502],[23.851258211557667,62.047889787230112],[23.851272032149367,62.047873122495723],[23.851284266901743,62.047856062220454],[23.851287515898559,62.047851114206999],[23.851297859853666,62.04783383111721],[23.851307067474135,62.047816432264682],[23.851366115159546,62.04767567726622],[23.851385836900867,62.047640828498629],[23.851397441416104,62.047623753839524],[23.851410144046891,62.047606794069225],[23.851424116240644,62.047590141764772],[23.851439521874344,62.047573692854428],[23.851456350740772,62.047557545930268],[23.851475032314397,62.047541989295951],[23.851495625190012,62.047526826636542],[23.851518377726133,62.047512431965217],[23.851543011873748,62.047498718081755],[23.851569472746903,62.047485845447511],[23.851582800527254,62.047480040237694],[23.851612339674741,62.047468675268355],[23.851642805237475,62.047457789613681],[23.851799431750347,62.047406388111973],[23.851829582805774,62.047395396419603],[23.851858815749559,62.047383844734107],[23.851886374665803,62.04737145527627],[23.851912079754779,62.047358116137083],[23.851934535754474,62.047343624797932],[23.851945230261162,62.047335154103337],[23.8519622012663,62.047319109190695],[23.851975858644735,62.047302350831863],[23.851986994645944,62.047285175603825],[23.851995732721431,62.047267685147879],[23.852002520437434,62.047248883449967],[23.852006609465167,62.047231008458695],[23.852008158194067,62.047213084517075],[23.85200725467287,62.047195185506155],[23.852003629749383,62.047177323255674],[23.851997075802615,62.047159654744583],[23.851987935582795,62.047142196773365],[23.85197615142928,62.047125136692927],[23.851965555151232,62.047112317256463],[23.851949516937555,62.047096049581171],[23.851931170124015,62.047080268299432],[23.851910333214907,62.047065247778761],[23.851886817679727,62.047051145432327],[23.851860098890455,62.047038407483797],[23.851829119626306,62.047027818389829],[23.851794436819951,62.047020468944915],[23.851753225413834,62.047016842743879],[23.851715112594409,62.04701767145702],[23.851677944108523,62.047021764967759],[23.851642444243094,62.047028412083058],[23.851608409549467,62.047036619910109],[23.851575408008451,62.047045570024672],[23.851542991594329,62.047055153382829],[23.85151150158331,62.047065216055195],[23.85144998560385,62.047086542710957],[23.851430877131939,62.047093653506195],[23.85140105228222,62.047104823248546],[23.851285335984045,62.047151677194314],[23.851203116498059,62.04718923295966],[23.851125378814558,62.047228786571516],[23.851105042395041,62.047239993026096],[23.850820852969981,62.04740903253191],[23.850802661491105,62.047419667976726],[23.850754356718944,62.04744739597519],[23.850577179260487,62.047541442265114],[23.850415078071521,62.047617594563086],[23.850391282202665,62.047628012238242],[23.850189669001004,62.047710539856659],[23.849766071224948,62.047863998004857],[23.849756210528259,62.047867366616401],[23.849259163337123,62.048034411037563],[23.849247184207428,62.048038090625283],[23.84883337638561,62.048166973300027],[23.848586296426717,62.048256007424172],[23.84852252900922,62.04827574515636],[23.848489821958967,62.048284970816432],[23.848456359391161,62.048293730012617],[23.848422169166792,62.048301753856272],[23.848387251287786,62.048309042346858],[23.848357016862348,62.048314721791165],[23.848320796431217,62.048320543063113],[23.848284163656039,62.048325726021098],[23.84824711801976,62.048330090970104],[23.848209831886699,62.048333821528246],[23.848172133416544,62.048336913771521],[23.848096522796457,62.048341835568749],[23.847982250580344,62.048346584249288],[23.847953499735421,62.048347365190359],[23.84787712477852,62.048348765599322],[23.847762541945578,62.04834875439434],[23.847648112903382,62.048345781839117],[23.847572133256229,62.048341890462424],[23.847496455009491,62.048336568464066],[23.847463569656128,62.048333661220305],[23.847276166728989,62.048316264233371],[23.847238441453896,62.048313336233257],[23.847200470534759,62.048311301026644],[23.847162396913745,62.048310072036791],[23.847124059061262,62.048309915098621],[23.847085925022046,62.048310930744094],[23.847048138249562,62.048313212091628],[23.847010689960182,62.048317028465398],[23.846989095554566,62.048320039025128],[23.84695317158365,62.048326136238629],[23.846918378210752,62.048333696732165],[23.846885097210368,62.048342360877442],[23.846852677028583,62.048351952077468],[23.846726936945547,62.04839273371843],[23.846700557498707,62.04840165430452],[23.846483151539257,62.048474831830113],[23.846423618015248,62.048497279734818],[23.846366361038765,62.048521028422911],[23.846311694049099,62.048546192868066],[23.846260420839997,62.048572773469587],[23.846242617230313,62.048582968003764],[23.84619677210015,62.048611649113042],[23.846153878727907,62.048641394890524],[23.845935441619464,62.048809941758542],[23.845923646267188,62.048818117343778],[23.845879033297376,62.048847275719311],[23.845831800922674,62.048875484797115],[23.845781616098908,62.048902449471541],[23.845728028005919,62.048928087564605],[23.845671553534199,62.048952213232525],[23.845666842869953,62.048954082101595],[23.845636994073647,62.048965259097628],[23.845544111301102,62.048996818149519],[23.845255102181319,62.049084349346884],[23.845130409119513,62.049125872276086],[23.845071179331974,62.049148506258135],[23.845042851286678,62.049160517479443],[23.845025603949178,62.049168478543471],[23.844998967013343,62.049181345966041],[23.844973410120414,62.049194687277243],[23.844948618897849,62.049208396466476],[23.844902311913078,62.049236895924125],[23.8448589585593,62.049266442151584],[23.844799230524107,62.049312324616338],[23.844788658193142,62.049321067116757],[23.844680666012906,62.049415968942697],[23.844623287994505,62.049462623789317],[23.844581176166589,62.049492557684282],[23.844558734178126,62.049507048227404],[23.844534868400995,62.049521057012761],[23.844530083686937,62.049523822568503],[23.844504833234421,62.049537341504497],[23.844478654513864,62.049550398992743],[23.844451395700695,62.049562982577832],[23.844394756488914,62.049587014150198],[23.844335047401234,62.049609457198947],[23.844149437592026,62.049672666997466],[23.844140081446895,62.049675956920261],[23.843983133749706,62.049727073252519],[23.843950251931755,62.049736293887761],[23.843916212168228,62.049744499783174],[23.843881300877936,62.049751697486499],[23.843845366238437,62.049757874541598],[23.843827043969295,62.049760510234158],[23.843790005276507,62.049764784342329],[23.843752410865523,62.049768327001544],[23.843525895335869,62.049784709595748],[23.843488445255417,62.049788336341756],[23.84345141627626,62.049792700424113],[23.843414934175488,62.04979806526012],[23.843379572763531,62.049804803338311],[23.843360387265975,62.049809485587652],[23.843327686816071,62.049818800068138],[23.843296613243684,62.049829220859948],[23.843266934573904,62.049840401261193],[23.843238308035705,62.049852324450008],[23.843075248945127,62.049927997497761],[23.843051314132012,62.049938051431567],[23.843022075416584,62.049949601211459],[23.842992082155455,62.049960675536575],[23.842961169941105,62.049971198773044],[23.842929492948567,62.049981345145483],[23.84289724163644,62.049990939325916],[23.842864225060438,62.049999976946943],[23.842830635097702,62.050008453412218],[23.842796441490375,62.050016475839257],[23.842761654473961,62.050023945635871],[23.842726302448636,62.050030773609571],[23.84269050977413,62.050037052445845],[23.842654323945627,62.050042693389059],[23.842617545159673,62.050047593042969],[23.842580353199093,62.05005186332923],[23.842542930152469,62.050055409586598],[23.84250523783323,62.050058230941431],[23.842467314433165,62.050060328266994],[23.842430897562597,62.05006174130947],[23.842354565145413,62.050062870184533],[23.842163556565659,62.050060028100518],[23.842136681664591,62.050059682830906],[23.842060154441743,62.050059369619802],[23.841945676800147,62.050061413471823],[23.841907475286998,62.050063055073224],[23.841869667374439,62.050065514244267],[23.841832262847348,62.050068881050841],[23.841795061449712,62.050073240753491],[23.841758559637238,62.050078604710805],[23.841748244058188,62.050080255376081],[23.841712575966003,62.050086806338413],[23.841677799328615,62.05009435696244],[23.841644045464008,62.050102748538393],[23.841611496939588,62.050112066101775],[23.841579972114825,62.050122215655669],[23.841549833785887,62.05013320550183],[23.841521044693231,62.050145025804433],[23.841493640684732,62.050157515669532],[23.841467603596396,62.050170665698126],[23.841418196619337,62.050198006045648],[23.841300769918078,62.0502688006531],[23.841149788784506,62.050372410176294],[23.841062138231358,62.050432745596886],[23.841001781357612,62.050478522312332],[23.840946134274091,62.050525574728773],[23.84093040615738,62.050541925358715],[23.840916588461884,62.050558679073795],[23.840905302467135,62.050575751266535],[23.840896231486987,62.050593242500234],[23.840889557144418,62.050610878422333],[23.840885299469367,62.050628650507306],[23.840883513217047,62.050642714781979],[23.84088375169765,62.050660688587499],[23.840886568451808,62.050678532729172],[23.840891808862423,62.050696261636638],[23.840899341130829,62.050713854325103],[23.840908962663971,62.050731234284335],[23.840920569135999,62.050748300300533],[23.840933979385188,62.050765138069039],[23.84094934662965,62.050781562427993],[23.840966382584693,62.050797584747833],[23.840985221848502,62.050813199123859],[23.841005559833384,62.050828389600987],[23.841009337530924,62.050830901776706],[23.841031515614887,62.050845514450508],[23.841055372180577,62.050859446796323],[23.841080889541015,62.050872869107948],[23.84110809376309,62.050885530423997],[23.841136689565523,62.050897325160655],[23.84116713522987,62.050908263803919]],[[23.904885944068194,62.009074132206102],[23.905000278182573,62.009076608272224],[23.905038414006775,62.009076565711105],[23.905076524738906,62.009075264829853],[23.905114160937032,62.00907242602544],[23.905138421633161,62.009069736250389],[23.905174700897085,62.009064261647005],[23.905210163212615,62.009057421116289],[23.905244427986734,62.009049574458395],[23.905311809930751,62.009032759330125],[23.905321713425135,62.009030286388459],[23.905388635879603,62.009013101557173],[23.905420067847064,62.009003035155295],[23.905445446021233,62.008990847465888],[23.90546550891073,62.008975665656877],[23.905477543740115,62.008958605751609],[23.905482387493269,62.008940836471993],[23.905482120487353,62.008922952515462],[23.905477658041924,62.008905163082034],[23.905469288896942,62.008887636360356],[23.905465569963042,62.008881533698641],[23.905452465833324,62.008864709280928],[23.905390741045917,62.008799107313941],[23.905377484432773,62.008782279466153],[23.90536829623483,62.008764914035815],[23.905365273219992,62.008747067057712],[23.905371981053399,62.008730327838997],[23.905390296757837,62.008714657642074],[23.905415792138513,62.00870131366797],[23.905445130067768,62.008689843708083],[23.905476734219263,62.008679772178276],[23.905495919885894,62.008674542816024],[23.905598302302657,62.008650526222979],[23.905629897260326,62.008640544292227],[23.905656320429173,62.008627661304608],[23.905664374059228,62.008621193918266],[23.905674968431917,62.008604011840347],[23.905678057589327,62.00858620318791],[23.905678600498387,62.008568247566004],[23.905679351736865,62.008556145138328],[23.905683098360004,62.008538261398385],[23.90569020211429,62.008520632660499],[23.90570094899363,62.008503454003041],[23.905715198222246,62.008486794137895],[23.905733074134311,62.008470934354577],[23.905754070900862,62.008455962125723],[23.905778009610078,62.008441945306934],[23.905804260915513,62.008429058438459],[23.905832843022029,62.008417122249398],[23.905863221934048,62.008406313419648],[23.905895275088142,62.008396521391376],[23.905928668289651,62.008387837488485],[23.905963095561223,62.008380075167359],[23.906001509235921,62.008372581950326],[23.906146417245647,62.008349878377395],[23.906181554330885,62.008343030317029],[23.906214047653172,62.008333607447796],[23.90623844455051,62.008319969172369],[23.906244125965962,62.008309944818286],[23.90623753910592,62.008292368289823],[23.906224605508093,62.008275556756765],[23.906209872060536,62.008258965378573],[23.906197425242134,62.008242065939619],[23.906190036591383,62.008224480405048],[23.906190096827931,62.008219181255654],[23.906199566566677,62.008201964930301],[23.906220726351741,62.008187077148769],[23.90624790251243,62.008174489450511],[23.906277851580327,62.008163392391737],[23.906299135723383,62.008156503059055],[23.906331638778298,62.008147170223033],[23.90636530939312,62.008138761960623],[23.906400175698263,62.008131377724872],[23.906435897134173,62.008125171585597],[23.906472481026164,62.008119883173372],[23.906509469709448,62.008115502221429],[23.90651694060406,62.008114771413268],[23.90659168853945,62.008107643862168],[23.90662812892856,62.008102262351549],[23.906655613100316,62.008096239730669],[23.906686442620092,62.008085881047251],[23.90671424047239,62.008073567739075],[23.906740050727311,62.008060311454834],[23.906790103953828,62.008033233669877],[23.90681684118583,62.008020447358618],[23.906843782152897,62.008010360780979],[23.906878179690306,62.008002696397625],[23.906914898589861,62.007997770255415],[23.906952416266666,62.007994389281066],[23.907028052339765,62.007989617231885],[23.907065696126537,62.007986688250149],[23.907102944185052,62.007982762154761],[23.90712104616982,62.00798029328125],[23.907156632927745,62.007973904262059],[23.907190761629757,62.0079658744177],[23.90722294825791,62.007956264765866],[23.907252734233658,62.007945074007758],[23.907278993587624,62.007932097216276],[23.907297937080692,62.007916629528602],[23.907304238834811,62.007898982738404],[23.907294230678566,62.007881778738017],[23.907276706191375,62.00786594242274],[23.907235507557651,62.007835731004704],[23.907217002403577,62.007819953543297],[23.907203401903264,62.007803306828386],[23.907200699898954,62.007796598149731],[23.907202662982442,62.007778764223389],[23.907214534699772,62.007761790368576],[23.907232705411516,62.007746026859351],[23.907240478545251,62.007740810844268],[23.907265199593621,62.007727170686898],[23.907293607937579,62.007715239301127],[23.907325210470656,62.007705167336368],[23.907358574344723,62.007696572286541],[23.907393603342925,62.007689272314735],[23.907403919281386,62.007687437354576],[23.907513075049987,62.007671207616887],[23.907549101708252,62.007665187723475],[23.907587073756993,62.007657324826127],[23.907619862803301,62.007648177791665],[23.907649791788369,62.007637080000329],[23.907676670859527,62.007624395536482],[23.907699996939911,62.007610184992586],[23.907719265102038,62.007594715549281],[23.907730752318148,62.007583033530636],[23.907743740557351,62.007566165526349],[23.907753055778606,62.007548765967968],[23.907758564470345,62.007531020524262],[23.907760536302479,62.007513096952302],[23.907758666141984,62.007495177072002],[23.907751934203013,62.007477516517611],[23.907738496115343,62.007460774676026],[23.907716307622856,62.007446262274989],[23.907696632295643,62.007438813659405],[23.907661798776434,62.007431573162727],[23.907624270291663,62.007428665350162],[23.907586173809644,62.007428341135828],[23.907558064769443,62.007429417760243],[23.907445163754371,62.007438115884725],[23.907406948087932,62.007438965838539],[23.907369392327855,62.00743632686148],[23.907335514128867,62.007429278398526],[23.90730659935436,62.007417579771825],[23.907284590909821,62.007402990480095],[23.907272296381088,62.007386094555912],[23.90727127683904,62.00738032199861],[23.907278999532128,62.007362985577075],[23.907300454207224,62.007348194098569],[23.907329006544433,62.007336346795135],[23.907360914647807,62.007326461358893],[23.907400111461563,62.007317637756351],[23.907436252974637,62.007311988813903],[23.907473364928912,62.007307700224288],[23.907510729144544,62.007304315671107],[23.90758600495726,62.007298367359589],[23.90762326120581,62.007294351482699],[23.907652516688795,62.007289886674705],[23.90768663630578,62.007281937372817],[23.907719289647169,62.00727261658443],[23.907783239810037,62.0072530282118],[23.907815884904807,62.007243788071591],[23.907835690325104,62.007238841817014],[23.907870833941558,62.007231912643476],[23.907907398327236,62.007226803111728],[23.907945059283691,62.007223694613351],[23.90798306754392,62.007223378898203],[23.908020351428753,62.007226999843908],[23.908043504028786,62.00723201088735],[23.908073769300529,62.007243020925323],[23.908101324762384,62.007255308801689],[23.908130049883219,62.007267182685275],[23.908152219731658,62.007273968454626],[23.908188341063937,62.007279629584261],[23.908226356426425,62.00728075138268],[23.908264115402694,62.007278184027555],[23.908299978925253,62.007272070451322],[23.908310700694162,62.007269435974493],[23.908341537912332,62.007258987276238],[23.908367966920594,62.007246023080675],[23.908389888617933,62.007231331751029],[23.908427640121044,62.007200204399027],[23.908439585188184,62.007190410224588],[23.908460256474495,62.00717542133674],[23.908573175750309,62.007103045003667],[23.908594467090396,62.007088159836101],[23.908614212067857,62.007072880645893],[23.908632237273537,62.007057032852558],[23.90864788709311,62.007040673631387],[23.908660702967975,62.007023801687872],[23.90866261302223,62.007020798965797],[23.908695310932274,62.006950747866213],[23.908707496589717,62.006933682114486],[23.908725207469065,62.006917917103792],[23.908750529172401,62.006904559681224],[23.90875704831528,62.006902280162024],[23.908791445036158,62.0068946063261],[23.908828037030034,62.006889407338953],[23.908901981704016,62.006880553647562],[23.908937404285123,62.006874070675757],[23.908959955418158,62.006867487854777],[23.908984350817796,62.006853840112562],[23.909002376608854,62.006837983304898],[23.909030544774279,62.006804664549072],[23.909046041698307,62.006788301860865],[23.90906547936023,62.006772845030433],[23.909070080721598,62.00677025299651],[23.90909986485919,62.006759061826322],[23.909133983510827,62.006751112159769],[23.909169837150284,62.006745087987028],[23.909206688541875,62.006740343911346],[23.909281054892187,62.006732227169657],[23.909317618450373,62.006727117258535],[23.909353184224813,62.00672072723215],[23.90938614335554,62.006711583613281],[23.909390833590809,62.006709622433007],[23.909414635770645,62.006695601969454],[23.909431868542601,62.00667964648315],[23.90946037046,62.006644538351509],[23.909505122317455,62.006595060810454],[23.909518261691552,62.006578196046839],[23.909524733481383,62.00656055298834],[23.909519097593183,62.006543006933242],[23.909500246559855,62.006530635907751],[23.909467369734575,62.006521633946114],[23.909432168112303,62.006514825846914],[23.909397515948889,62.006507311341615],[23.909371759059951,62.006498019727879],[23.909361569438719,62.006481090320015],[23.90937055922566,62.006463683377127],[23.909385903241692,62.006447317228975],[23.909403775121927,62.00643146590992],[23.909416546832784,62.006421240991742],[23.909457284472218,62.006390988860403],[23.909523380201311,62.006347011641971],[23.909545074506049,62.006333042745396],[23.90950275060527,62.006248912455689],[23.909456568155932,62.006215454630301],[23.909380356153957,62.00621653163499],[23.90935515488022,62.006217404257548],[23.909316931691979,62.006218344385708],[23.909283444124192,62.006216875150535],[23.909249666823065,62.006208841176175],[23.909240841312872,62.006205409175706],[23.909217511790594,62.006189523854843],[23.909209942059171,62.006172015294865],[23.909213631630131,62.006162584051694],[23.909236785133796,62.00614854908499],[23.909252504568752,62.006142612675461],[23.909284104822088,62.006132540245616],[23.909310171631613,62.006129539886608],[23.909346543292287,62.006135736391478],[23.909412689463622,62.006129321989938],[23.909483406485482,62.006115903739619],[23.909519556196614,62.006110155640464],[23.909556667292886,62.006106046176242],[23.909594667056258,62.006104292427395],[23.90960464797293,62.006104246582268],[23.909642842639002,62.006105282192323],[23.909680783881484,62.006107120662342],[23.909718826007996,62.006108152832944],[23.9097558260132,62.006106646152695],[23.90979125569584,62.006100082282558],[23.909821182367718,62.006088984003377],[23.909844955700951,62.00607505266801],[23.909863925787874,62.006059486437465],[23.909879277511532,62.006043039559003],[23.909891605588118,62.006026066747623],[23.909899837339811,62.006011607472217],[23.909907404738078,62.005994087773104],[23.909912273550471,62.005976229104185],[23.909913938899166,62.005958298652935],[23.909910580202688,62.005940534124655],[23.909896827396469,62.005923875285717],[23.909880508498109,62.005916502183752],[23.909843568314606,62.005912709742411],[23.909805507155021,62.005913563791616],[23.909730109004659,62.005919061318174],[23.909692110367171,62.005920994803496],[23.909653986663226,62.005920769343277],[23.909619350202821,62.005916309756223],[23.909590779183574,62.005904619301283],[23.909572084150859,62.005889017576102],[23.909560121274797,62.005872048441304],[23.90955430347552,62.005857993039555],[23.909550974065894,62.005840130332359],[23.909551990392533,62.005822194320942],[23.909557651152092,62.00580444324806],[23.909567928156342,62.005787154981995],[23.909582316515859,62.005770596707606],[23.909600188796876,62.005754736395097],[23.909620084935973,62.005739460468256],[23.909641698045814,62.005724591355126],[23.909664554129598,62.0057102801428],[23.909688651389899,62.005696356096571],[23.909713683828578,62.00568282134239],[23.909730999521486,62.005673955972334],[23.909784906785653,62.00564857168046],[23.90981316874343,62.005636546700678],[23.909842492083609,62.005624985709701],[23.909872886764997,62.005614167430437],[23.909904935695995,62.005604374440409],[23.909938314703258,62.005595788136077],[23.909972872174102,62.005588207473707],[23.910008579935074,62.005581910321496],[23.910045132902582,62.005576889842509],[23.910082512903223,62.005573325306422],[23.910120376718719,62.005571209022278],[23.910158563612882,62.005570806904508],[23.910196523294175,62.005572645656045],[23.910233589283234,62.0055768900217],[23.910247013848501,62.005579257099306],[23.91028096233838,62.005587294672367],[23.910312604340863,62.005597346852937],[23.910342364876353,62.005608614615547],[23.910370757014942,62.005620561439727],[23.910453401931171,62.005657809532103],[23.910482297214251,62.005669507071644],[23.910514326086847,62.005680645936472],[23.910547554656485,62.005689377038777],[23.910582737413261,62.005696364120027],[23.910619207879389,62.005701583264084],[23.910656680028456,62.005705028062287],[23.910694658084775,62.00570668740751],[23.910732726121019,62.005707270692241],[23.910809044828191,62.005706824223076],[23.910923337398025,62.005703365282393],[23.910944991550661,62.005702412923959],[23.911248227838328,62.005685856089428],[23.911361139523038,62.005676975532175],[23.911435638013643,62.0056690313315],[23.911508914402091,62.005659002412926],[23.91158077981099,62.005646866580769],[23.911616084194026,62.005640020949954],[23.911624121909686,62.005638404183173],[23.911692948288714,62.005623064860913],[23.911760003164396,62.00560596991324],[23.91185748734479,62.005577706633353],[23.911984627942125,62.005537979152429],[23.912016027816957,62.005528171149528],[23.912206949077337,62.00546875957231],[23.912359786302218,62.00541514310337],[23.91238927009756,62.005403684004591],[23.912417360110574,62.005391645677108],[23.912444245207663,62.00537886165683],[23.912469734705823,62.005365516336475],[23.912493830421731,62.005351591789804],[23.91251637890489,62.005337093565728],[23.912537371074656,62.005322111300401],[23.912551888266382,62.005310676436238],[23.912569902198086,62.005294908777309],[23.912586188210177,62.00527865323685],[23.912600574691254,62.005262094634737],[23.91261307254155,62.00524512540909],[23.912624158455678,62.005227944894038],[23.912633793392107,62.005210561199725],[23.912649431280776,62.005175425011949],[23.91265572842368,62.005157786911674],[23.912656711822297,62.005154305218248],[23.912661597946343,62.005136446866281],[23.912665159310261,62.005118648694058],[23.912667298764138,62.005100737832912],[23.912667989977884,62.005082785564476],[23.912666906987123,62.005064802558721],[23.912663899975342,62.005046947171103],[23.912657976519032,62.00502920616664],[23.912648955930635,62.005011853999669],[23.912636515881392,62.004994865485287],[23.912618119500497,62.004976306196369],[23.912598090539095,62.004961034385914],[23.912575748047217,62.004946528307165],[23.912455351020022,62.004876911828163],[23.912433532566908,62.004862138957265],[23.912414007701969,62.004846797549021],[23.912397787010669,62.004830532909082],[23.912390039468868,62.004819668630219],[23.912382973065331,62.004802081696745],[23.912380927790686,62.004784166978162],[23.91238322083052,62.00476625057351],[23.912388879731086,62.004748499370464],[23.912396922055411,62.004730990194226],[23.912407044536423,62.004713698286459],[23.912409929269199,62.004709181100928],[23.912422426081474,62.004692220854118],[23.912436345668802,62.004675552994719],[23.912451848742101,62.004659100265812],[23.912468439542501,62.00464304022821],[23.912504799891295,62.004611422544563],[23.9125445677616,62.004580878354474],[23.912761478936567,62.004433305324106],[23.912769826839998,62.00442711366621],[23.912903447353603,62.004318453513875],[23.912944340309988,62.004288114084673],[23.912966105117135,62.004273418580254],[23.912989146497154,62.004258760634301],[23.913013088551683,62.004244832573235],[23.913038434291582,62.004231385124612],[23.913065146489984,62.004218597131846],[23.91309355836848,62.004206574875994],[23.913123338522102,62.004195382808376],[23.913154620422603,62.004185212577184],[23.913188150416772,62.004176619920358],[23.913223720588608,62.004170148198263],[23.913260828844798,62.004166037718512],[23.913298816923938,62.004164372567708],[23.91332438413983,62.004164585508683],[23.913362259670659,62.004167050401101],[23.913474084964701,62.004178267760786],[23.91351200682757,62.004180464132581],[23.913547212930432,62.004179096000371],[23.913579960145654,62.004170306052458],[23.913601572026398,62.004155607030974],[23.9136127995233,62.004138528441231],[23.91361780930033,62.004120762671405],[23.913622736102152,62.004084946453233],[23.913623579249943,62.004066997588083],[23.913620502976116,62.004013214187779],[23.913619460415923,62.004001242308668],[23.913614499809512,62.003929457980028],[23.913610996593452,62.003911591512058],[23.913605063708694,62.003893940179189],[23.913596385191017,62.003876416054283],[23.913584583343972,62.00385935207008],[23.913574172586088,62.003847799380175],[23.913556637991682,62.003831864822949],[23.913535961019363,62.003816767299625],[23.91351229693392,62.003802671993604],[23.913486435650849,62.003789515729125],[23.913458548772756,62.003777302345938],[23.913428940462037,62.003766047634841],[23.913397821359187,62.003755558664501],[23.913365315855199,62.003746116718254],[23.913331729018072,62.003737728623761],[23.913296908310311,62.003730390965842],[23.91326117786592,62.003724110999237],[23.913222153415227,62.003718655674369],[23.913184909467287,62.003714677614262],[23.913147214285328,62.003711947184811],[23.913109220399726,62.003710467800175],[23.913071099407478,62.003710243301569],[23.913033022905584,62.003711277530371],[23.912995134344563,62.003713663536729],[23.912957756948447,62.003717228879459],[23.912921063222061,62.003722157098224],[23.912885339163651,62.003728454596533],[23.912851090494328,62.003736222535665],[23.912818433426118,62.00374563421213],[23.91278806072031,62.003756453588139],[23.912760106751222,62.00376867468988],[23.912739038643831,62.003779702368533],[23.912716329824999,62.003794098198902],[23.912653205108636,62.00383903271802],[23.912629884249146,62.003853244138909],[23.91260286621862,62.003865845520792],[23.912595168579635,62.003868637854175],[23.912561513470791,62.00387695804676],[23.912524540760355,62.003881242062739],[23.912486356900459,62.003881824546845],[23.912448625255408,62.003879452467238],[23.91241173169627,62.003875032851518],[23.912375460120469,62.003869378394],[23.91233974787373,62.003862918918202],[23.91230473840778,62.003855936136681],[23.912235997960774,62.003840292237754],[23.912202258803919,62.003831900454117],[23.912177651758331,62.003825420088255],[23.912046899287404,62.003788272582987],[23.911889503959841,62.003737582530739],[23.911705131975268,62.003673818504353],[23.911683523235446,62.003666416969601],[23.911241821436676,62.003525107684247],[23.911219060726484,62.003517949786129],[23.910838933337224,62.003397962584501],[23.910806419040419,62.003388429979843],[23.910778277265493,62.00338044172895],[23.910548725626001,62.003316193971145],[23.910517085890259,62.003306141856378],[23.910486643795881,62.00329539785637],[23.910457075212449,62.003283954709808],[23.91042884771732,62.003271912732231],[23.910402141996244,62.003259186134045],[23.910376956247948,62.003245604181899],[23.910353779824135,62.003231429389842],[23.910340676445184,62.003222511266408],[23.910321344349985,62.003206985182985],[23.910304296667064,62.003190980232631],[23.910274002025304,62.003158049290818],[23.910205906035287,62.003074249055324],[23.910190687094165,62.00305773704833],[23.910174478499904,62.003041562219295],[23.910156612021758,62.003025718578364],[23.910137026756551,62.003010995342031],[23.910114507073551,62.002996565704208],[23.910089674859307,62.002982892792836],[23.910062797025621,62.002970171249345],[23.910034066053441,62.002958387417912],[23.910003795182725,62.00294746746173],[23.909971804617683,62.002937676867361],[23.909938427571944,62.002928933261785],[23.909903778421906,62.00292142786882],[23.909889410841352,62.002918761104887],[23.909853149973525,62.002913016358406],[23.909816276153254,62.002908416787363],[23.909778798445409,62.002905061417167],[23.909740888442226,62.002902954092953],[23.90970285940022,62.002901832318116],[23.909550228933398,62.002901286497931],[23.909518489806008,62.002901644240772],[23.909143421904126,62.005601592743403],[23.904885944068194,62.009074132206102]],[[23.791763719109923,62.052544795841229],[23.79180006914731,62.052539540215655],[23.791816725546933,62.052535884328798],[23.791848718170328,62.052526026232954],[23.791876278276657,62.05251372917224],[23.791898919215864,62.052499251372204],[23.791908142339711,62.052491298883119],[23.791921691717299,62.052474453536838],[23.791929015501264,62.05245692444575],[23.791932184858329,62.052439038260083],[23.791933273787343,62.052421094742108],[23.791933193503013,62.05241731942327],[23.791930731057533,62.05232761573378],[23.791932469213585,62.05230968730335],[23.791935096479907,62.052293854934526],[23.791940204998781,62.052276094673537],[23.791947690935739,62.052258479506321],[23.791958537014022,62.05224131078711],[23.791974501674105,62.052224431722969],[23.79199448739729,62.052209173453093],[23.792018359197531,62.05219518244683],[23.79204487760278,62.052182232241393],[23.792073526102662,62.052170319816767],[23.792162537042554,62.052136369766295],[23.792176661128494,62.05213076826827],[23.79220501346305,62.052118759091613],[23.792232266401477,62.052106284126225],[23.792335386880023,62.052053255512334],[23.792340339089495,62.052050585417966],[23.792415861782821,62.05201003270497],[23.792427149512672,62.052003736368334],[23.792498813298074,62.05196165644211],[23.792518707087833,62.051950169419094],[23.79256895309285,62.051923134835633],[23.79259529917287,62.05191018052794],[23.792622734015133,62.051897610889021],[23.792651382020964,62.051885698340861],[23.792663167833396,62.051881030752725],[23.792693180998015,62.051869967496252],[23.792755635717377,62.051849316921931],[23.792855398760828,62.051818850650157],[23.792920098531198,62.05179977951358],[23.792953856975515,62.051791498537966],[23.792989948405708,62.051785598716023],[23.79300885897074,62.051783432568371],[23.793084371204589,62.051778179006263],[23.793121543281625,62.051774011292771],[23.793152445895821,62.05176376821597],[23.793159281025247,62.051746326549612],[23.7931532373781,62.051710518055934],[23.793153426590038,62.051700918120822],[23.793162515822573,62.051683519834953],[23.793181879917668,62.051668157123132],[23.793209141502651,62.051655592334534],[23.793221147600807,62.051651738415472],[23.793255508711614,62.051643911606185],[23.793326668266875,62.051630920059118],[23.793355386953145,62.051623051997758],[23.793380193693626,62.05160944186769],[23.793394343626328,62.051592879878129],[23.793400234044881,62.051575137741004],[23.793402294942865,62.051557225787327],[23.793402399683245,62.051539349253297],[23.793400747720334,62.051521431912334],[23.79340010152853,62.051515397350045],[23.79339337893057,62.051479671926977],[23.793388652945922,62.051461862866248],[23.793382455936012,62.051444208306719],[23.793373653765698,62.05142675377796],[23.793361586079957,62.051409771440667],[23.793344630184734,62.051391768125413],[23.793325633917771,62.051376233043875],[23.793303841200533,62.05136144159426],[23.793279671363223,62.051347592188982],[23.793253488898181,62.051334495637072],[23.79322577022274,62.051322171989291],[23.793202436748739,62.051312735373493],[23.793172170454877,62.051301700192035],[23.793141025666355,62.051291372331988],[23.793009667539241,62.051254629125879],[23.79299776863677,62.051251477676814],[23.792865694543273,62.051215355587175],[23.79279792736919,62.051194734168817],[23.79273601109751,62.051173628732926],[23.79264708350334,62.051139667882964],[23.792590128934645,62.051115802651431],[23.792584111562405,62.051113147200716],[23.79250185388964,62.051075657621162],[23.792449641930588,62.051049476736047],[23.792400494219436,62.051022010386816],[23.792394265712282,62.051018271891827],[23.792236538478303,62.05091687428876],[23.792228666972619,62.050912199164287],[23.792178163612519,62.050885249274899],[23.792016483832413,62.05080899676036],[23.791996253456102,62.050799182821578],[23.791919225585975,62.050759307755605],[23.791871071340385,62.050731504913216],[23.791825769592066,62.050702609358332],[23.791783809033692,62.050672524638749],[23.791778304745332,62.050668272864797],[23.791665000780583,62.050573648039943],[23.79160486560227,62.050527876315577],[23.791586547369842,62.050512096180832],[23.791573002476895,62.050495339876164],[23.791566979493915,62.050477680272984],[23.791570788560449,62.050459898804988],[23.791576107656297,62.050452116151568],[23.791594698165103,62.050436466147247],[23.791616239487514,62.050421693323358],[23.791629346649799,62.050411935424783],[23.791644632185328,62.050395498829118],[23.791653397270217,62.050378093098438],[23.791656090135913,62.05036018685702],[23.791653789110043,62.050342263373359],[23.791647594263416,62.050324599779117],[23.791637818851736,62.050307311167671],[23.791635715397145,62.050304207576424],[23.791622170566143,62.050287451276624],[23.791605829156495,62.050271258883519],[23.791587682918024,62.05025548274358],[23.791569691866687,62.050241138730051],[23.791530051432474,62.050210478935199],[23.791513042724191,62.050196076886721],[23.791494544381422,62.050180373408409],[23.791472066395901,62.050165925086944],[23.79145625111714,62.050159987137647],[23.791419110745466,62.050156069136072],[23.791381322844995,62.050153753267779],[23.791375126298782,62.050152980321862],[23.791341674970482,62.050144574981559],[23.791316324671868,62.050131227840453],[23.791303985366753,62.05011683547599],[23.791304110403598,62.050098959392223],[23.791309167230811,62.050087675713897],[23.791318419209755,62.05007019147601],[23.791324148310569,62.050052535503781],[23.791324218441325,62.050047335156449],[23.791314759197459,62.050029955037843],[23.791294610097761,62.050014842066062],[23.791281678066685,62.050008971116888],[23.791248599919445,62.050000295908639],[23.791211078444629,62.049996908053338],[23.791173033995435,62.049995574446683],[23.791143420008261,62.049995065717496],[23.791067055264616,62.049993380329511],[23.791028840432698,62.049993480228991],[23.791000030008917,62.049994607345013],[23.790962467427651,62.049997777091804],[23.790925698936444,62.050002672329214],[23.790889752719451,62.050008844492162],[23.79085482898552,62.050016028703432],[23.790751750478943,62.050039678071954],[23.790736402974726,62.050043094708954],[23.790665963081302,62.050057089897095],[23.790450896992255,62.0500943072593],[23.790429708249373,62.050098118126662],[23.790287948501589,62.050125009571708],[23.790251724715816,62.050130725897688],[23.790214936860906,62.050135620499965],[23.790194900609606,62.050137760075394],[23.790157176335583,62.05014082701878],[23.790119115652374,62.050142547450108],[23.790080881894763,62.050143006027064],[23.790042799309642,62.050141850912681],[23.790005049380294,62.05013917617147],[23.789984493389298,62.050136991106939],[23.789947963022108,62.050131829071937],[23.789912567258174,62.050125166060546],[23.789878448445378,62.050117104212653],[23.789845398797169,62.050107980104904],[23.789813579926523,62.050098076013796],[23.789782772344733,62.050087476679877],[23.789775008268226,62.050084690632787],[23.789745422011755,62.050073400939581],[23.789716540775316,62.050061597555128],[23.789688662488949,62.050049359284166],[23.789635453681971,62.050023594314766],[23.789618356636375,62.050014571632239],[23.78954570457989,62.049973000038356],[23.789476927160816,62.049929901324724],[23.789457440434308,62.04991758864626],[23.789410300268305,62.049889278387973],[23.789385475850917,62.049875673572807],[23.789358609308977,62.049862919696707],[23.789329204554431,62.049851364596684],[23.789324553841073,62.049849729069678],[23.789292706856315,62.049839914041172],[23.789258960426057,62.049831411472013],[23.78922410873307,62.049824132020724],[23.789116282709696,62.049805901141681],[23.789105503021005,62.049804123038939],[23.788998077427923,62.049785182625349],[23.788961766808864,62.049779576209602],[23.788924673607131,62.049775218383594],[23.788886933701647,62.049772453716081],[23.788848833655994,62.049771468561588],[23.788828670737548,62.049771727243822],[23.788790869747046,62.049774073269397],[23.788753412659116,62.049777694089883],[23.788642141134616,62.049790648495446],[23.788604559485758,62.04979381715674],[23.78856652771907,62.049795447982547],[23.788528417247697,62.049794561326088],[23.788512931485926,62.049793122908419],[23.788477183625631,62.049786900546593],[23.788443409876706,62.049778477997414],[23.788379048718067,62.049759191367862],[23.78834634343162,62.049749895210311],[23.788312044323494,62.04974209829885],[23.78827645861211,62.049735610123044],[23.788239985979118,62.049730089588813],[23.788198635249543,62.049724725074263],[23.788086758685335,62.049712778074031],[23.788011488739318,62.049706714082426],[23.78800285821568,62.049706153877935],[23.787813407643686,62.049694737481133],[23.787775667947802,62.049691972511162],[23.787749813944824,62.049689573970909],[23.787565536261326,62.049665789243953],[23.787528187317349,62.049662224699873],[23.787487383292504,62.049659478178462],[23.787411104854709,62.049656984159043],[23.787373546392718,62.049653953762572],[23.787348979900369,62.049650057757404],[23.787316789306512,62.04964042293448],[23.787288912380724,62.049628184187206],[23.787263917293274,62.049614574998287],[23.787215606917318,62.049586856637113],[23.787192312150204,62.049575452258942],[23.787162546051313,62.049564247645584],[23.787131406050928,62.049553909490534],[23.78710203227525,62.049543702283223],[23.787044054513117,62.049520349886514],[23.78701657260115,62.04951198358367],[23.786980434526161,62.04950638065111],[23.786942409689193,62.049504686943536],[23.78690428211608,62.049505596321403],[23.786790916161529,62.049513918413489],[23.786758335697403,62.049515585789457],[23.786720122589458,62.049515855230403],[23.786682059881628,62.049514519947046],[23.78664451114259,62.049511399729894],[23.786570336518636,62.049502584245069],[23.786529215215747,62.049496865183364],[23.786456548122842,62.04948591948142],[23.786420629219364,62.049479692591525],[23.786381510763889,62.049471684158213],[23.786347575742372,62.049463347170033],[23.786314699720979,62.049454226228804],[23.786188251215183,62.049413915919651],[23.786176859338138,62.0494103264408],[23.786080682585411,62.049381142791567],[23.786049896140469,62.049370543081693],[23.786020989402978,62.049358819153994],[23.785996292487951,62.049346923708917],[23.785948832014849,62.049318784428607],[23.785934687175626,62.049310818293783],[23.785877758663744,62.049283707364253],[23.785853441123631,62.049269853131932],[23.785765011387301,62.049211380660111],[23.785740857118611,62.049197431379064],[23.785714183496143,62.049184501560383],[23.785702599933572,62.049179829442792],[23.785639987692601,62.049159234543403],[23.785621661895156,62.049152617507964],[23.785565748116714,62.049128225403713],[23.785531533958725,62.04911637776987],[23.785495024695301,62.049111215013816],[23.785456867833293,62.0491107756351],[23.785418951632117,62.049112767651216],[23.785383327465301,62.049115891169393],[23.785346148028459,62.049119966746986],[23.785309379743179,62.049124860490444],[23.785273280582064,62.049130847941633],[23.785238940374629,62.049138664254542],[23.78520739815416,62.04914880082088],[23.78520119499753,62.049151171994524],[23.785173912386981,62.049163743716768],[23.785149562423758,62.049177542730497],[23.785126309702978,62.049191825502639],[23.785104793253389,62.049204711198456],[23.785029268008948,62.04924525990868],[23.785007428354181,62.049259934952509],[23.784998584776226,62.049267186065499],[23.784983487187557,62.049283626354928],[23.784973897632451,62.049301012519152],[23.784971058627008,62.049318816463511],[23.784973750138402,62.049329930025763],[23.784985658637996,62.049346918468984],[23.785005298395497,62.049362290093029],[23.785030293203977,62.049375890720832],[23.785058856039576,62.049387786541324],[23.785117508496565,62.049410715278263],[23.785130180655003,62.049415772176765],[23.785158581348838,62.049427754043379],[23.785185923856229,62.049440331185544],[23.785212110670376,62.049453339612803],[23.785261602474034,62.049480726846816],[23.78531032417547,62.049510692631785],[23.78541913906998,62.04958509337817],[23.785485237600831,62.049629030284407],[23.785508561753097,62.049643229807828],[23.785533738328208,62.049656744724864],[23.785561080248645,62.049669330757098],[23.785594379449076,62.04968223519937],[23.785626024795828,62.049692315942167],[23.785659091644845,62.049701261801182],[23.785694325879245,62.049709440537612],[23.785764180025513,62.049724004757422],[23.785798639862843,62.049731904885029],[23.785831353805239,62.049741112016896],[23.785851397754303,62.049748137386835],[23.785879264730305,62.049760466044937],[23.785903247662247,62.049774411302913],[23.785924072591101,62.049789442017229],[23.785942214652753,62.049805227843628],[23.785946151059576,62.04980909296669],[23.785961172054218,62.049825614718273],[23.785999335890331,62.04987634902028],[23.786011654846515,62.049892358629094],[23.786026170016072,62.049908958439083],[23.786041859221609,62.049925316049723],[23.786059019284703,62.049941339542649],[23.786096143705848,62.04997275102734],[23.786115965735945,62.049988036875618],[23.786129569615323,62.049998227516475],[23.786172182119451,62.05002805971214],[23.786217639676519,62.050056871014796],[23.78624195705574,62.050070734149223],[23.786267476892945,62.050084086207846],[23.786295373978501,62.050097583452001],[23.786323242399952,62.0501099030609],[23.786470300500071,62.050167134518574],[23.786494900941229,62.050176871351837],[23.786690881855623,62.050262194801455],[23.786708473196502,62.050269612165977],[23.786882542906682,62.050339681797439],[23.786912703186491,62.050353321433185],[23.786938538523636,62.050366590857955],[23.787059309536648,62.050436048527288],[23.787069061408708,62.050441396639911],[23.787171239055361,62.050494806472784],[23.787194412850738,62.050508993201738],[23.787215552937973,62.050523950176263],[23.787234890339548,62.050540751922242],[23.78724941689363,62.050557253022305],[23.787276158428057,62.050590938140758],[23.78729201181627,62.050607200583364],[23.787295852550464,62.050610524370072],[23.787317326821235,62.050625399260319],[23.78734267574897,62.050638747125944],[23.787371060307791,62.050650719142133],[23.787401323819044,62.050661755577927],[23.787432465035707,62.050672093678713],[23.787452595172404,62.050678312205569],[23.787614199096364,62.050726177691779],[23.787645493204039,62.050736519300173],[23.787666598509276,62.050744197997439],[23.787696012941133,62.050755663827701],[23.787724053271234,62.05076781642952],[23.787750920852996,62.050780561660559],[23.787776594699167,62.050793917002032],[23.787801419125543,62.050807522105089],[23.787825079322594,62.050821639177549],[23.787842159586745,62.050832269906032],[23.787906430977788,62.050876890764677],[23.78792258629349,62.050888667935354],[23.787961727640472,62.050919496885861],[23.787979050539139,62.050935443041233],[23.787992260511476,62.050952272794426],[23.787997902893185,62.050963005716561],[23.788002472894629,62.050980811387298],[23.788001707272329,62.050998753453285],[23.787995956958781,62.051016408827508],[23.787987180127892,62.051033903933813],[23.787965664926134,62.051068343758324],[23.787957856174845,62.051079572286397],[23.787907511674756,62.05114738328821],[23.787893817410904,62.051164135054115],[23.787889573559422,62.05116915742898],[23.787859340387339,62.051202046712426],[23.787842810162868,62.051218283260582],[23.787824848470112,62.051234118135142],[23.78780533884844,62.05124956659445],[23.787802180921176,62.051251918906438],[23.787780952301862,62.0512667882955],[23.787758147975048,62.051281171792709],[23.787733644692381,62.051294967700464],[23.787707602781175,62.051308107873311],[23.787680013560145,62.051320493279675],[23.787662501318668,62.051327722522203],[23.787632630186078,62.051338877856388],[23.78760138264763,62.051349291383204],[23.787465506703306,62.051387628392767],[23.787400040219474,62.051406140105513],[23.787368220170148,62.051415992207431],[23.787337430888055,62.051426596030986],[23.787308924559511,62.051438600645746],[23.787283016320682,62.051452103231895],[23.787260518235769,62.051466664484536],[23.78724099855086,62.051482022792413],[23.787207775680013,62.05151439314502],[23.787200583386419,62.051521413298886],[23.787118207027596,62.051602323546753],[23.78710356780762,62.051618954421734],[23.787090350247198,62.05163571721328],[23.787083932721746,62.051644462437629],[23.787073103221243,62.051661631203004],[23.787063685917285,62.051679021510033],[23.78704183205128,62.051731871426369],[23.787039498853112,62.051738555448082],[23.787011118298839,62.05182727205753],[23.787009404642941,62.051832802522249],[23.786957877454409,62.051992397663071],[23.786954089970479,62.052005417800039],[23.786927328656052,62.052112320650011],[23.786923569854267,62.052126518415314],[23.786890256065362,62.052251048946601],[23.786885341698746,62.052286872307576],[23.786884781920961,62.052322788041941],[23.786886258218484,62.052340701434069],[23.786889043393792,62.052358546462848],[23.786891190932682,62.052368838707224],[23.786935810090238,62.052492586693269],[23.786936959548196,62.052496925977231],[23.786948883944305,62.052550382404448],[23.786954590570666,62.052568115740051],[23.786962730652455,62.052585645166253],[23.786968916619429,62.052595761871338],[23.786982794897767,62.052612427581941],[23.787000108748071,62.052628463483728],[23.787040082690901,62.052659033529636],[23.787049206218164,62.052665624827036],[23.787070538495446,62.052680406581096],[23.787094190311475,62.05269461340685],[23.78712467477574,62.052705026100767],[23.787134528854914,62.052706333578023],[23.78717173266303,62.052703515838864],[23.787203717468916,62.052693748454303],[23.78723312297824,62.052682303835475],[23.787249681507433,62.052675232126397],[23.78733364625489,62.052638562150094],[23.787362621782435,62.052626837965455],[23.787392475195809,62.052615682256004],[23.787413224801984,62.05260843853118],[23.787508594720233,62.052578502669007],[23.787538754662027,62.052567524767127],[23.787566994320308,62.052555154507026],[23.787591642949984,62.052541442854597],[23.787611314969201,62.052526097019722],[23.787615330402041,62.052521608400696],[23.787624738199575,62.052504307681552],[23.787626154288294,62.05248637176836],[23.787621583360728,62.05246857505081],[23.787612469239221,62.052451202691103],[23.787564947060332,62.052382273316915],[23.787556624412044,62.052364838510996],[23.787550765655325,62.052347092680449],[23.787547837746629,62.052329145521107],[23.787547792236595,62.052311274423253],[23.787550315866604,62.052293364283841],[23.787555254139019,62.052275609164944],[23.787562761702763,62.05225799469644],[23.787572503525439,62.052240611910079],[23.787576717739832,62.052234241187378],[23.787589456823376,62.052217296511451],[23.787604431264793,62.052200754246421],[23.787621439698114,62.052184708534369],[23.787640796320343,62.052169265514962],[23.787662655942341,62.052154590509552],[23.787687304199476,62.052140878836987],[23.787707506246687,62.052131385208426],[23.787736595873973,62.052119843298939],[23.787767834699558,62.052109519371463],[23.78780070716407,62.052100401427552],[23.787834916272278,62.052092401695297],[23.787870158240768,62.052085315447393],[23.788052779779544,62.052056232520677],[23.788339454221589,62.052006498245035],[23.788345019451214,62.052005639436686],[23.788418313344419,62.051995305513351],[23.788718476060055,62.051964293369629],[23.789018861569168,62.051937328757596],[23.789034451017883,62.051936164027566],[23.789300135438591,62.05192185928955],[23.789311935324918,62.051921414986097],[23.78950792247031,62.051915290773024],[23.789546168093302,62.051914922437703],[23.789584347486368,62.05191518146119],[23.78962256610393,62.051916519517199],[23.789659880052827,62.051920262317843],[23.789694122861267,62.051927168078493],[23.789724914106866,62.051937758035294],[23.789751601296992,62.051950597477521],[23.78982072712602,62.051993524376421],[23.789826964970235,62.051997173362054],[23.789852793335108,62.052010352188091],[23.789882209814774,62.052021817564246],[23.789917254946673,62.052028921612788],[23.789955291016174,62.052028907665665],[23.789992616737528,62.052024924044119],[23.79002883337586,62.052019297426789],[23.790065613911178,62.05201431282206],[23.790099265157593,62.052011591392152],[23.790137121471702,62.052013280255466],[23.79017309161425,62.052019237772427],[23.790205971568717,62.052028357817804],[23.790265673055544,62.052050679693131],[23.790294345448864,62.052061579627228],[23.790356070064885,62.052082870371521],[23.790482887238674,62.052122924596191],[23.790489411139642,62.052125133709396],[23.79070203807056,62.052201314583719],[23.790731921365065,62.052211263271737],[23.790829179019351,62.05223957911754],[23.790961770252785,62.05227535576374],[23.790984155390557,62.052281626165552],[23.791048351851121,62.052301087318078],[23.791079649699146,62.052311419201928],[23.791109935128063,62.052322275593617],[23.791139505148088,62.052333744257552],[23.791150470065361,62.052338311658602],[23.791312642493175,62.052414486683439],[23.791340371583956,62.052426532435675],[23.791399206501136,62.052449462559515],[23.791421155229976,62.05245823837916],[23.791533015073899,62.052507099050331],[23.791562957514287,62.052518306741142],[23.791587444897896,62.052526063406503],[23.791620851433063,62.052534737131666],[23.791656422228865,62.052541403718116],[23.791693355857685,62.052545676177303],[23.79172579898383,62.052546789563053],[23.791763719109923,62.052544795841229]],[[23.921491781592163,62.008643056960224],[23.921523449526841,62.008652918372746],[23.921549499075557,62.00866598736522],[23.921556489784901,62.008670006455141],[23.921578990926374,62.008684523485556],[23.921599188435362,62.008699707797831],[23.921617055089044,62.008715639639789],[23.921632292049573,62.008732060794898],[23.921645405099124,62.008748883731514],[23.921656861880265,62.008766020066425],[23.921666697761545,62.00878330888068],[23.921675076221607,62.008800834678048],[23.921678339276689,62.008808265265031],[23.921712389547629,62.008896518763322],[23.921722398038426,62.008913802441107],[23.921735330524978,62.008930711174827],[23.921751719967901,62.00894688852253],[23.9217717561157,62.008962159041602],[23.921780969569333,62.008968015511172],[23.921806668133126,62.00898134612931],[23.921835570955292,62.008993041333049],[23.921867067784781,62.009003087499998],[23.921933879287781,62.009020390197144],[23.922002267890431,62.009036461339598],[23.922009990005083,62.009038160933557],[23.922077854789158,62.009054498845039],[23.922111071385835,62.009063415438078],[23.922142919740377,62.009073199869782],[23.922172156030694,62.009084812603199],[23.922196945657074,62.00909749399181],[23.92221846763865,62.00911224958638],[23.922235676500367,62.009128265480804],[23.922248456797355,62.009145170763652],[23.922258284982654,62.009162540210347],[23.922274718593009,62.009197584501834],[23.922280614846837,62.00921244056854],[23.922295561972668,62.009247631360417],[23.922304427637467,62.009265069161252],[23.922314921491683,62.009282282764943],[23.922329006782043,62.009298947645661],[23.922347711341008,62.009314538725818],[23.922368154106799,62.009327302752759],[23.922395022698804,62.009340030493945],[23.922425485058476,62.009350861983776],[23.922458539498667,62.009359685029295],[23.922493900862257,62.009366484281735],[23.92250929952715,62.009368633642509],[23.922546578812288,62.009372340324781],[23.922584571226199,62.009373906792476],[23.922622762761197,62.009373312591947],[23.922660513275201,62.009370839905635],[23.922697771158088,62.009366999660116],[23.922734479252441,62.009361979240751],[23.922770333389913,62.009355951537657],[23.92279563823373,62.009350856343261],[23.922830205935039,62.00934318283408],[23.922863891608223,62.009334779915093],[23.922896821503244,62.00932572227439],[23.922928861219642,62.00931601589771],[23.922960154268001,62.009305753825693],[23.922990691595036,62.009295025695124],[23.9230496507415,62.009272183627679],[23.923191690814512,62.00921229512285],[23.923216053004666,62.009202147885979],[23.923333953316504,62.009156633836568],[23.923426471754215,62.009124927585944],[23.923490864651743,62.00910562040557],[23.92355733671987,62.009088057517616],[23.923591463376791,62.009080014634215],[23.923598053008735,62.009078544539946],[23.923667915999321,62.009064120721881],[23.923739505867438,62.009051523167848],[23.923812374050517,62.009040840691789],[23.924109012935595,62.009006948914312],[23.92412527830373,62.009005245402037],[23.924347701114868,62.00897966990361],[23.924420819759025,62.008969531726343],[23.924492976065345,62.008957754964598],[23.92452856859844,62.0089512807766],[23.924545311919719,62.008948060625926],[23.924889630500431,62.008870670737807],[23.924961697480668,62.008856744614889],[23.925034266751808,62.008845605651814],[23.925328466054651,62.00880725484221],[23.925366560287557,62.008801366261523],[23.925437707377409,62.008788407606708],[23.925576270967856,62.008758166668876],[23.925814699526644,62.008701601158016],[23.925825059958147,62.008699316633511],[23.925930342171533,62.00867821567013],[23.926002083851603,62.00866598869014],[23.926074787761529,62.008655211545701],[23.92614860655242,62.008646076297445],[23.92622336054632,62.008638848452904],[23.926298906237644,62.008633434973945],[23.926374890430253,62.008629926809256],[23.926382639987722,62.008629650330974],[23.926573206011177,62.008624823635117],[23.926610947169365,62.008622430532611],[23.92664820267974,62.008618409512934],[23.926684189672141,62.008612563454641],[23.926718305044762,62.008604618388958],[23.926749911256028,62.00859445230477],[23.926772120806593,62.008584975200442],[23.926796356166545,62.008571141172453],[23.926861648162923,62.00852696737482],[23.926886513738168,62.008513327051524],[23.926915527478144,62.00850176457709],[23.926932739145496,62.008497117172205],[23.926969292961825,62.008492092215072],[23.927006889417122,62.008489426268909],[23.927044909367737,62.008487488452943],[23.927082532931234,62.008484553576324],[23.927108322013808,62.008481085486729],[23.927141096282107,62.008472032382635],[23.92716996627971,62.008460188156263],[23.927195921629416,62.008447111089382],[23.92722093051151,62.008433563740134],[23.927246893952148,62.0084204059904],[23.927276511674421,62.008407590184767],[23.927308549051517,62.008397882774993],[23.927343546116106,62.008390666925173],[23.927380523247962,62.008386369997403],[23.927418578102959,62.008385600752298],[23.927429305580329,62.008386118249739],[23.92746617966721,62.008390614142414],[23.927501559232365,62.008397421500597],[23.927569434658391,62.008413667084874],[23.927604246145158,62.008421180463998],[23.927640363549248,62.008426926167189],[23.927646744968563,62.008427517519728],[23.927684753590821,62.008428723605974],[23.927722494427094,62.008426330197246],[23.927758940663288,62.008420853447724],[23.927793794128448,62.00841354444799],[23.927827161285219,62.008404863744545],[23.927859217557739,62.008395156630563],[23.927879876806177,62.008388160283964],[23.927909178004064,62.008376774703734],[23.927936986741962,62.008364457492668],[23.927989812056108,62.008338512111365],[23.928184736388523,62.008228058998412],[23.928231513159531,62.008199732858451],[23.928254516047517,62.008185601623808],[23.928306404360313,62.008159275908113],[23.928333582434803,62.008146764899912],[23.928361677837213,62.008134633669705],[23.928390709637451,62.008122882641636],[23.928420324638232,62.008111602770427],[23.92845085886934,62.008100873410115],[23.928482148834885,62.008090610064521],[23.928514337155235,62.008080914731188],[23.928547283113989,62.00807185614606],[23.928580957703769,62.008063532484158],[23.92861553155582,62.008055767869173],[23.928650672448306,62.008048824415411],[23.928667072592219,62.008045775811915],[23.928703221126661,62.008040022678799],[23.928998505225522,62.008003485149636],[23.929034931762729,62.007998196295283],[23.929060449235529,62.007994003099036],[23.929095887043488,62.007987335659827],[23.929130748732746,62.007979936680037],[23.929164729184304,62.007971799366111],[23.929197952851446,62.007963016327714],[23.929230437899079,62.007953596953733],[23.929262033574229,62.00794351992041],[23.929322794973096,62.007921874322172],[23.929467722267137,62.007863490317092],[23.929523768106087,62.007839134345637],[23.92953421026025,62.007834515585564],[23.929647380684123,62.007786285760226],[23.929706485535284,62.007763623888565],[23.929737171527105,62.007752897634397],[23.929769657089125,62.007743469167046],[23.929803925166755,62.007735697457115],[23.929839918658686,62.00772976989154],[23.929877163641954,62.007725837626701],[23.929885769064466,62.007725220657122],[23.92992385014394,62.007724181804861],[23.929961876060304,62.007725207985231],[23.92999975848916,62.007727848042684],[23.930037045772458,62.007731463057915],[23.930073928610238,62.007736057276411],[23.930256142937314,62.007762653620212],[23.930293016817121,62.007767337417413],[23.930320871695994,62.007770293211983],[23.930358564527214,62.007773108624967],[23.930396537352603,62.007774852205387],[23.930434753038785,62.007775702802263],[23.930472915496907,62.007775563987437],[23.930510978564651,62.007774704247119],[23.930548941336383,62.007773132545054],[23.930775389123848,62.007756970638106],[23.930786748591888,62.007756145390744],[23.93093789635909,62.007746213118772],[23.930975150257531,62.007742190919814],[23.931011279052715,62.007736625414239],[23.931046140002291,62.007729225945468],[23.93107847258527,62.007719793772324],[23.931096025330699,62.007713266860264],[23.931122437057933,62.007700378921655],[23.931145445346647,62.007685986821848],[23.931166114933767,62.007670904828366],[23.931224685063082,62.007624692920274],[23.93124612841051,62.007609897647114],[23.931252825586171,62.007605644618494],[23.93127799368137,62.00759219893628],[23.931306393540236,62.007580253582475],[23.93133842878337,62.007570545222329],[23.93137510818466,62.007564443866642],[23.931413053505306,62.007563042235034],[23.931489223545249,62.007565815101195],[23.931520229686036,62.00756632531197],[23.931558076605558,62.007564382424292],[23.93159492477248,62.007559641316689],[23.931629920902168,62.007552604064529],[23.931663584050373,62.007544189579498],[23.931696096900726,62.007534671440439],[23.93170357699902,62.007532322403804],[23.931734558267756,62.007521880786406],[23.931764478494667,62.007510777707864],[23.93179365193301,62.007499118981869],[23.931821745374044,62.00748698703368],[23.931848758817708,62.007474381863801],[23.931874862987279,62.00746131625494],[23.931900040618302,62.007447771855844],[23.931947605667393,62.007419731577379],[23.93199144584565,62.007390341705644],[23.932189113901035,62.007236480771624],[23.932294328472693,62.007161659588498],[23.932408567707736,62.007089833029283],[23.932630661406616,62.006966682356861],[23.932651381513541,62.006955832641054],[23.932776167727173,62.006888004588902],[23.932823273308625,62.006859765155156],[23.932845182142998,62.006845078827418],[23.932863969441264,62.006829505548481],[23.932877715416069,62.006812751077106],[23.932883677972221,62.006795095812834],[23.932882591887932,62.006785189505713],[23.932870788164898,62.006768217164712],[23.932848092413256,62.006753886368742],[23.932818664535304,62.006742451340124],[23.932785780440593,62.00673345489178],[23.932750770865461,62.006726207916792],[23.932714672511715,62.006720284282743],[23.932641126220588,62.006710832587387],[23.93256657954246,62.006703155356],[23.932453693014679,62.006694355761141],[23.932339906560575,62.006688231187681],[23.93232004358342,62.006687340157654],[23.932205813816442,62.006683721069209],[23.931748095842085,62.006677940256743],[23.931709890510021,62.006677000395008],[23.931686301090313,62.006676295877099],[23.931232459999215,62.006647960474531],[23.931224477080129,62.006647333645617],[23.931148823108167,62.006642685485538],[23.93111085265658,62.006641121818738],[23.931072619298725,62.006640270993493],[23.931034548632258,62.006641220534839],[23.930997332201972,62.006644884211134],[23.930964876105609,62.00665080992411],[23.930932239416979,62.006660046626862],[23.930903381611838,62.006671802026254],[23.930878356746103,62.006685349641025],[23.930855968448537,62.006699854307328],[23.930835156760121,62.006714834263668],[23.930815900807424,62.006730307013761],[23.930808149060272,62.006736872333434],[23.930671470523322,62.006865236242334],[23.93063327338573,62.006896278543159],[23.930612585907134,62.006911351071821],[23.930590675055726,62.00692604600151],[23.930567216546425,62.006940167454466],[23.93055188627342,62.006948540517676],[23.930525638464967,62.006961512843922],[23.930497832054353,62.006973830593537],[23.93046883928897,62.006985403229343],[23.930438433252103,62.006996396391841],[23.930407316689386,62.007006664013744],[23.930375253654599,62.007016461372643],[23.930309241526917,62.00703447785979],[23.930275559511902,62.007042891591617],[23.930265343494924,62.007045269489048],[23.930196072425545,62.007060347554273],[23.930160626903309,62.007067104921987],[23.930124930440396,62.007073317667533],[23.930088649725512,62.007078879549454],[23.930051926477947,62.007083901527388],[23.9300149793877,62.007088109971825],[23.929977465210783,62.007091497241539],[23.929939563597387,62.007093797821575],[23.929901465244185,62.007095015956921],[23.92986331367808,62.007095244680364],[23.929825260450432,62.007094307689961],[23.929806999111214,62.007093451957331],[23.929694075875055,62.007085008647898],[23.92965615915038,62.007082906756942],[23.929617917264132,62.007082324860313],[23.92957993534058,62.00708390485056],[23.929574246685114,62.007084407062216],[23.929537532382231,62.007089339265825],[23.929502977926333,62.007096924847559],[23.929470943516023,62.00710662381784],[23.929441166390415,62.007117819430228],[23.929413684585288,62.00713032387349],[23.929398408097857,62.007138158984965],[23.929306540136437,62.00719539750434],[23.929281534105382,62.007208936282296],[23.929253583449025,62.007221160742553],[23.929222303672308,62.007231334634724],[23.929207280023828,62.007234952974358],[23.92917130416398,62.007240710068295],[23.929133547737255,62.00724327419352],[23.929092785503681,62.007242097005232],[23.92905629996384,62.007236981315337],[23.928986472201192,62.00722248971487],[23.928955485603382,62.007216858601275],[23.928918208118553,62.007213153661468],[23.928880002225682,62.007212213012373],[23.928842002039005,62.007213972071675],[23.92880451468881,62.007217090110302],[23.928767262067829,62.007221102761875],[23.928730097845918,62.00722575522159],[23.928656301311051,62.007234712605793],[23.92861852587896,62.007237464826986],[23.928581129914381,62.00723645229548],[23.928544797929138,62.007231330904844],[23.928511059478158,62.007222853425404],[23.92848024573852,62.007212284966215],[23.928450486872705,62.007201111128644],[23.928424739664496,62.00719147302533],[23.928393945056026,62.007180904971968],[23.92836142214875,62.007171556148258],[23.928325666405275,62.007165459315132],[23.928310302604871,62.007164488246048],[23.928272347629218,62.007165798965062],[23.928236228163513,62.007171462779958],[23.92820122267873,62.007178588806049],[23.928184273936601,62.007182343831765],[23.928080284947519,62.007204903642375],[23.928045001389812,62.007211753921979],[23.928009276234956,62.007218055328117],[23.927974128199637,62.007223561039282],[23.927937440592661,62.007228223904306],[23.927899810525627,62.007231239697745],[23.927861757204099,62.007230302165084],[23.927848240126565,62.007228833155665],[23.927813212217011,62.007221773168865],[23.927783102300211,62.007210860877102],[23.927759581521602,62.007196771361954],[23.927749119158999,62.007183960969513],[23.927748991627492,62.007166080369359],[23.927758781198083,62.007148789032861],[23.92777175821524,62.007131919071746],[23.927783546054172,62.007113953545989],[23.927787918840384,62.00709617320085],[23.927786170401252,62.007078256491603],[23.927780389413961,62.007060528445685],[23.927756416202222,62.007007897336671],[23.927753297433146,62.006997316813774],[23.927752044816511,62.006979411149182],[23.927755148100339,62.006961521669197],[23.927762543833975,62.006943898506542],[23.927774242132713,62.00692682038364],[23.927790214974369,62.00691056517303],[23.927810561495772,62.006895476466198],[23.927829862012167,62.006884317326083],[23.927857506818142,62.0068719066605],[23.927888651286899,62.006861559369902],[23.927923205864548,62.00685397419312],[23.927960413859925,62.006850400986828],[23.927978946020566,62.006850274782323],[23.928016447787037,62.006853266277368],[23.928089795181585,62.006863165216515],[23.928127297972132,62.006866336379723],[23.928162057011242,62.006864685004217],[23.928193040685947,62.006854414919147],[23.928217589148158,62.006840677483247],[23.928240608167293,62.006826375932384],[23.928261430019425,62.006814531917627],[23.928290288964398,62.00680277707842],[23.928323368076999,62.00679390120834],[23.928359506146823,62.006788237792215],[23.928397289174335,62.006785404965392],[23.928435225600751,62.006784273482353],[23.9284735032223,62.006784497157454],[23.928513570293156,62.006785928570181],[23.928589260316624,62.006790219628179],[23.928627429530515,62.00679151890138],[23.92866516826934,62.006789125221097],[23.928698957814802,62.006781163464382],[23.928704502944235,62.006778861334212],[23.928725785310245,62.006764152694451],[23.928737482096349,62.006747083449341],[23.928742699306117,62.006730399944054],[23.928742895359264,62.006712526559681],[23.928739229536379,62.006694665991027],[23.928720267071743,62.006641607633874],[23.928716602172919,62.00662373810092],[23.928716327378584,62.006613759969177],[23.928720679569118,62.006595988128474],[23.928730173233202,62.006578591321862],[23.928743769703459,62.006561824914364],[23.928761144899468,62.006545870347047],[23.928781499729993,62.006530691855062],[23.928789080206659,62.006525829749755],[23.928814555476919,62.006512562045572],[23.92884264826256,62.006500439667946],[23.928872271442835,62.006489061086057],[23.928964470849724,62.006457155567603],[23.929123770612911,62.006407806355085],[23.929136705323131,62.006404051676576],[23.929166634404517,62.006392859522201],[23.929223910288375,62.006369168947685],[23.929361173583832,62.006306922165543],[23.929381345310027,62.006298297682761],[23.929439978748231,62.0062753559545],[23.92950166400956,62.006254180088817],[23.929565885339812,62.006234767582121],[23.929632346779986,62.006217210663188],[23.929700744039621,62.006201304910604],[23.929770875602532,62.006187153640404],[23.929806445635823,62.006180668672975],[23.929820693921577,62.006178290745751],[23.930001404319043,62.00614953192931],[23.930036983291259,62.006142957264949],[23.930071681057075,62.0061356442719],[23.930105658185841,62.006127327011576],[23.930138295447438,62.006118081538048],[23.930156773907111,62.006112033536205],[23.930186549781283,62.006100837760172],[23.930214173852914,62.006088426186118],[23.930239513649877,62.006074975542425],[23.930262503043167,62.006060762855626],[23.930283171938502,62.006045680987135],[23.930301816512156,62.006030015028159],[23.930318092628355,62.006013766302978],[23.930332174722757,62.005997100403398],[23.930344176306868,62.005980028840483],[23.930348021927212,62.005973915627827],[23.930356846159185,62.005956512808716],[23.93036314318551,62.005938775238427],[23.93036606507199,62.005920962540266],[23.930364009164908,62.00590304802445],[23.930354654958496,62.005885680773417],[23.930351929052701,62.005882385933297],[23.930333547492697,62.005866794171311],[23.930308360678957,62.005853305855275],[23.930278753982968,62.005841956111787],[23.930247608816753,62.005831650169711],[23.930215798292895,62.00582168876074],[23.930184229676609,62.005812361594302],[23.930152399222369,62.005802408710146],[23.930124827917101,62.005790205862269],[23.930119348119685,62.005785412306558],[23.930117914504589,62.005767772167076],[23.930134182447233,62.005751604135995],[23.93015641692525,62.005737105150764],[23.930184419976509,62.005722635752363],[23.930212368873811,62.005710411090263],[23.930242134292616,62.005699125237697],[23.930273105142103,62.005688773574406],[23.930305301288659,62.005679158898509],[23.930338396658328,62.005670103258886],[23.930473098458418,62.005636456715102],[23.930505878599313,62.005627304182369],[23.930537623072023,62.005617239195303],[23.930543473955094,62.005615123477696],[23.930572178338195,62.005603364751316],[23.930598893524074,62.005590483690156],[23.930623917599917,62.005576936119326],[23.93064723059512,62.005562730579065],[23.930669159489248,62.005548036055949],[23.930788001863426,62.00545609979762],[23.930795842632037,62.005450165329641],[23.930837789327303,62.005420203660968],[23.930882716549654,62.005391197709159],[23.930931205589619,62.005363447889245],[23.930956850566751,62.005350183594906],[23.930983718926353,62.005337485549589],[23.931012125800326,62.005325450603543],[23.931041737099896,62.005314170142533],[23.931072879804358,62.005303813150519],[23.931105380384569,62.005294205072857],[23.931139069257238,62.005285701486088],[23.931173754840838,62.005278307109627],[23.931209189028021,62.005271639102617],[23.931281190499739,62.005259765681963],[23.931537134293166,62.005223785150378],[23.931609000017072,62.005211549190513],[23.931643992529995,62.005204520879495],[23.931651552397877,62.005202892331646],[23.931685529077473,62.005194754370272],[23.931718442878463,62.00518578421179],[23.931750340960239,62.005175893068397],[23.931780871070238,62.005165162941218],[23.931809878741657,62.005153419702715],[23.931836594030234,62.005140718093642],[23.931860995946963,62.005126886956553],[23.931865469668324,62.005124021843173],[23.93188676649164,62.005109142385528],[23.931905238048369,62.005093472381127],[23.931921189546742,62.005077207280749],[23.931934467543115,62.005060352655136],[23.93194537092921,62.005043166700645],[23.931964152953963,62.005008466965428],[23.931979921057515,62.004973331839821],[23.931984225551805,62.004962656052733],[23.932064803948762,62.004731175886441],[23.932139522470095,62.004500562522182],[23.932141755807269,62.004494323560927],[23.932168073941938,62.004405448573678],[23.93217522087992,62.004369762286935],[23.932177024665226,62.004351843838563],[23.932176579375561,62.004333866371674],[23.932173866065739,62.004316018124065],[23.932168740320311,62.004298215028719],[23.932161338441649,62.004280621825707],[23.932153765287367,62.004266438648358],[23.932141960984435,62.004249295513688],[23.93212753938456,62.004232714031119],[23.932110327981356,62.004216699345633],[23.932090128099922,62.004201516549614],[23.932066615713545,62.004187347092291],[23.932040089705225,62.004174449167259],[23.932027888091643,62.004169416302553],[23.931997418361572,62.004158676574235],[23.931964383838096,62.004149685516147],[23.931929359365814,62.004142617624296],[23.931892481585646,62.004138203623654],[23.931856232314551,62.004137037758333],[23.931818353575348,62.004139339303599],[23.931781941154711,62.004144539290408],[23.931747093527093,62.004151849338271],[23.931647858693985,62.004178569105797],[23.931642404511411,62.004179974989214],[23.931608420836771,62.00418819362131],[23.931573573118573,62.004195503624707],[23.93153799675131,62.004202078703315],[23.931501718813166,62.004207649945627],[23.931464891847355,62.004212220745387],[23.931427515857269,62.004215791102162],[23.931401750715423,62.004217544565734],[23.931363773459882,62.004219304768966],[23.931325723877503,62.004220075136018],[23.931287458458005,62.004219762635309],[23.931249453892843,62.0042183778748],[23.931211720227267,62.004216010915918],[23.931174238397347,62.00421266133467],[23.931138467576652,62.004208451442089],[23.93102845257669,62.004193434761611],[23.931016358727859,62.004192267231154],[23.930978435453412,62.004190075663537],[23.930940313590636,62.004189856098641],[23.930902191820696,62.004191343444695],[23.930864592862928,62.004194091162525],[23.930827333259881,62.004198023299175],[23.930802413256458,62.004201062175014],[23.930766144218133,62.004206543586058],[23.930730711181912,62.004213211487333],[23.930697032419619,62.00422162534538],[23.930666809883839,62.004232532762401],[23.930661084842715,62.004235109455344],[23.930637151675409,62.004249031666141],[23.930618679995668,62.004264701501562],[23.930604933974436,62.00428145575259],[23.930594974468935,62.004298752457238],[23.930592255114881,62.004305070418269],[23.930587236111798,62.004322836441318],[23.930584630557334,62.00434073703773],[23.930583797380788,62.004358686068194],[23.93058573725466,62.004430500726983],[23.930584266570161,62.004445102582231],[23.930580219986492,62.004462890249592],[23.930573923415466,62.004480627835783],[23.930565404840713,62.004498037466078],[23.930554816005561,62.004515320161033],[23.930529058911912,62.004549055930326],[23.930484153406539,62.004598536291361],[23.930468039833492,62.00461488746479],[23.930465546070341,62.004617257578694],[23.930146449444734,62.004903241554494],[23.930128966622981,62.004918573995191],[23.929912400945785,62.005108305737259],[23.929792621995436,62.005200040737243],[23.929769405365438,62.005216323536594],[23.929571386224875,62.005348261734774],[23.929530832384668,62.005378613400936],[23.929493562315624,62.00540994553495],[23.929476331678639,62.005425993236614],[23.929460207081966,62.005442254223084],[23.929444407539499,62.005460220382325],[23.929351454947653,62.005596932288654],[23.929337860158622,62.005613689799183],[23.929325561095638,62.005627071302996],[23.929308825118753,62.005643138985008],[23.929290181184122,62.00565879584515],[23.929269683684812,62.00567388138554],[23.929247142838776,62.00568838239564],[23.929222576709659,62.005702119600841],[23.929218509015584,62.005704176149713],[23.929191802185731,62.005716967302277],[23.929163394234511,62.005729001866058],[23.929133455775187,62.005740103963362],[23.929038695447868,62.005770326464358],[23.92900652691484,62.005779851629235],[23.928977822807173,62.005788375882048],[23.928816257055633,62.005836156155269],[23.92868214670678,62.005870353322997],[23.928647288242491,62.005877743242159],[23.928611601916455,62.005883865967171],[23.928574888916607,62.005888797923433],[23.928537501514349,62.005892457118108],[23.92849961133064,62.005894847373014],[23.928466050735324,62.005895806805022],[23.928427935812639,62.005895496895803],[23.928351843548771,62.005892184971188],[23.928238194484344,62.005886060011036],[23.92819999931568,62.005885029547336],[23.928175879679888,62.00588485163496],[23.928137800854163,62.005885890019044],[23.928100027054303,62.0058886421089],[23.928063360146577,62.005893305443159],[23.928028654058238,62.00590069860305],[23.928015557845658,62.005904539416868],[23.92798639356484,62.005916107709972],[23.927960594279714,62.005929368041784],[23.927889865048055,62.005971624371895],[23.927866469385599,62.005983410987263],[23.927836703724918,62.005994687355887],[23.927804218462335,62.006003935679935],[23.927769224259741,62.006011151666712],[23.927732673555965,62.006016176856875],[23.927658168181676,62.006024039818101],[23.927583034597635,62.006030361497558],[23.927564701478016,62.006031740823701],[23.927414559640315,62.006044656347953],[23.927303224324181,62.006057088806102],[23.927229980041481,62.006067036928684],[23.927193824551562,62.00607287932678],[23.927158254108072,62.006079363617943],[23.927123097091776,62.006086485978578],[23.927088686705886,62.006094163995748],[23.927055004870741,62.006102576943171],[23.927026220591461,62.006110371328383],[23.926994185551258,62.006120078689925],[23.926932211835105,62.006141067353532],[23.926814472109839,62.006186677638389],[23.926640239254983,62.00625653385309],[23.92661015585966,62.006267542356674],[23.926598309794194,62.006271680416312],[23.926567021995144,62.0062819343811],[23.926535121098041,62.006291824306686],[23.92650250164909,62.006301069344502],[23.92646925998012,62.00630985131707],[23.926435290720864,62.006318078037445],[23.92640056477634,62.006325659018543],[23.926365273739606,62.00633258954619],[23.926329405776965,62.006338797485739],[23.926293114344656,62.006344277273158],[23.926256294074225,62.00634893672153],[23.926218914887293,62.006352505645779],[23.926181167475161,62.006354988295726],[23.926162896490624,62.006355748941836],[23.926124709683439,62.006356335183142],[23.926086630395652,62.006355666077482],[23.926048488981934,62.006354097195775],[23.926010753121762,62.006351728800809],[23.925935795481468,62.006345116839277],[23.92571260632678,62.006321095852648],[23.925674312632918,62.006317816547948],[23.925636405231209,62.006315444225123],[23.925598462643354,62.006313610135891],[23.925560437686322,62.006312403066552],[23.925484082468202,62.006311689013515],[23.925369663730475,62.006313180784204],[23.925334500826658,62.006314103738923],[23.925144462445996,62.006321985772587],[23.925031201977806,62.006329612081309],[23.924956317961652,62.006336476943318],[23.924882225504533,62.006345156178512],[23.924809221552035,62.006355737264421],[23.924780923792447,62.006360406691847],[23.924709906636277,62.006373646320498],[23.924640635338882,62.006388712626013],[23.924506651524521,62.006423097325587],[23.92440640402403,62.006451756965468],[23.923926821568816,62.006598609610322],[23.923828157919694,62.00662595660318],[23.923802864257681,62.006632669286198],[23.923701374626887,62.006657527523259],[23.923597239811283,62.006679999870741],[23.923526527481716,62.006693425385919],[23.923454377106442,62.006705192713312],[23.92338111008868,62.006715147312043],[23.923367438311224,62.006716728903491],[23.923292949229651,62.006724589914],[23.923217668608967,62.006730636461022],[23.923065930832408,62.006738292126528],[23.922913583558099,62.006742708834629],[23.922882460782578,62.006743361966798],[23.922344066772052,62.006753888105642],[23.922192032132912,62.006759748408392],[23.92207851858689,62.006766827651099],[23.92204101394573,62.006770114159849],[23.922003768277936,62.006774053274164],[23.921966928700023,62.006778702180767],[23.921930501547685,62.006783998134694],[23.921894488684085,62.006790111870629],[23.921878250171098,62.00679307343831],[23.921670886882453,62.006838655475384],[23.921656773074357,62.006841394930149],[23.921621047082397,62.006847694676651],[23.921584755188483,62.006853352913858],[23.921548049894188,62.006858184385166],[23.921510921292985,62.00686247635155],[23.921436054295036,62.006869339714619],[23.921360394913467,62.006874208905998],[23.920941510664004,62.00688694831203],[23.920923572479431,62.006887625863079],[23.920809978102092,62.006893983562335],[23.920659531404556,62.006906435844002],[23.920474124300217,62.006927441488109],[23.920291152458852,62.006952903349301],[23.920262870645342,62.006957212871789],[23.920045287475556,62.006990795465278],[23.920008446444939,62.006995452808837],[23.919971335591633,62.006999565086353],[23.91993396397794,62.007003042661651],[23.919896169993322,62.007005971763334],[23.919858304995209,62.00700809072341],[23.919835200905879,62.007009012107709],[23.919797129517335,62.007009958542682],[23.91975896805382,62.007010094410013],[23.919720726526386,62.007009509771606],[23.91968273817244,62.007008122232151],[23.919569385382211,62.007000739045573],[23.919456735920392,62.006991125516258],[23.91943440760128,62.006989099495904],[23.919284086550967,62.006976667866709],[23.919208235906869,62.006972457936719],[23.9191702104321,62.006971249102385],[23.919132049019215,62.0069713847966],[23.919093932347025,62.006972779217307],[23.919056328072827,62.006975532650884],[23.919018921045279,62.006979359557924],[23.918987777741428,62.006983425216667],[23.918951763130377,62.006989358481157],[23.918917197166742,62.006997031031453],[23.918886220285614,62.007007389074296],[23.91886553759937,62.00702103161067],[23.918858604342336,62.007038565889097],[23.918859699181464,62.007056468192928],[23.918863835971894,62.007074339638002],[23.918865884268278,62.007092263243877],[23.91886145284661,62.007110760786603],[23.918843441952443,62.007126520313676],[23.918815811421709,62.007138749875999],[23.918783610173129,62.007148361835924],[23.918749053050899,62.007155944706625],[23.918731509224596,62.007159146262332],[23.918694937589237,62.00716434831088],[23.918657818204728,62.007168540904807],[23.918545406255308,62.007178876072409],[23.918508304996266,62.007183078015558],[23.91847188584866,62.007188283413235],[23.91843742831934,62.007194880210498],[23.918404030847242,62.00720365680899],[23.918373647510737,62.007214378375402],[23.91834755600436,62.007227450784313],[23.918330373524942,62.007241440976351],[23.918320559524584,62.00725873118347],[23.918319394823822,62.007276672843012],[23.918322571621431,62.00728986024216],[23.918331434468517,62.007307298284651],[23.918345011822943,62.007324042113531],[23.918363055759411,62.007339897526613],[23.91838456467956,62.007354752302454],[23.918408919273233,62.007368493778529],[23.918436117728703,62.007381139880472],[23.918459809623613,62.007390473439976],[23.918490943240919,62.007400871662036],[23.918523633980403,62.007410046931831],[23.918557389765127,62.007418518299886],[23.918591674841114,62.007426291762265],[23.918731159557879,62.007455371621312],[23.918768891906232,62.007464210282556],[23.918801763486332,62.007473299685927],[23.918833600045986,62.007483174502255],[23.918864041117725,62.007493997371675],[23.918893122086757,62.007505607376501],[23.91892067223608,62.007517991719737],[23.918946377392803,62.007531233221606],[23.918970381011924,62.007545236265869],[23.918978550016298,62.007550449720078],[23.919042592386415,62.007595092742697],[23.919067119093555,62.007608837939401],[23.919095515637263,62.007620791961664],[23.919112045203718,62.007625922667728],[23.919146871776498,62.007633258890998],[23.919219101424481,62.007644754685572],[23.919257050145038,62.007652969171893],[23.919287338982166,62.007663788541784],[23.919312530490721,62.007677198173155],[23.919333050388694,62.007692390049506],[23.919349285345643,62.007708564265073],[23.919352279075433,62.007712224674698],[23.919363429077254,62.007729354376082],[23.919371481755253,62.00774687306388],[23.919377733791727,62.007764621043485],[23.91939211580889,62.007818027803133],[23.919398873647552,62.007835688257529],[23.919405434392445,62.00784868169729],[23.919417555168479,62.007865662384724],[23.919432963057666,62.00788207864445],[23.919451331123881,62.007897761463305],[23.919472507719941,62.00791269846885],[23.919495854489512,62.00792696523915],[23.91952120883019,62.007940279642071],[23.919548588945332,62.007952839727579],[23.919561554640165,62.00795825012392],[23.919591501620115,62.007969430121378],[23.91962281595875,62.007979562593135],[23.919655689256839,62.007988642833951],[23.919689967142972,62.0079966853625],[23.919725334451368,62.008003404639467],[23.919761629559623,62.008008886892654],[23.919790591511177,62.008012228907482],[23.919828093836674,62.008015222631997],[23.919866075338902,62.00801687947304],[23.919904327194487,62.008017374443121],[23.91994251710209,62.008016969635541],[23.920023424113197,62.008014104975267],[23.920099210992451,62.008009517815609],[23.920174207405079,62.008003107211408],[23.920211462955585,62.007999087930251],[23.920248305174162,62.007994430540506],[23.920284733108545,62.007988955344615],[23.920320451651545,62.007982745591285],[23.920355459850462,62.007975621583107],[23.920374722702274,62.007971299288762],[23.920408426533069,62.007962708726986],[23.920440906084014,62.007953372112297],[23.920504246607507,62.007933315143738],[23.920688219875046,62.007869253780932],[23.920719665673445,62.007859175314927],[23.920733943088003,62.007854822510929],[23.92076673755,62.007845582692504],[23.920799981604304,62.007836811080288],[23.920833954049098,62.007828585769396],[23.920903384882159,62.007813695550951],[23.921081540592446,62.00778165692477],[23.92110445833065,62.007777856337121],[23.921250034925446,62.007756140261662],[23.921323853859846,62.007747187287336],[23.921337517144693,62.007745695538325],[23.921374889522053,62.007742217587825],[23.921412880727129,62.007740370530627],[23.921449690202802,62.00774397721824],[23.921459633596172,62.007747523199939],[23.921476221067863,62.007763435500685],[23.921479558557774,62.007781288997286],[23.921478645282633,62.007788815025627],[23.921472342684954,62.007806552151202],[23.921460793981119,62.007823624155286],[23.921445618266485,62.007840085147258],[23.921411792292385,62.007872210857983],[23.921405839785759,62.007878537351296],[23.921393030559344,62.007895410518984],[23.921382931118867,62.00791270353028],[23.921374549796393,62.007930205588018],[23.921347631726352,62.008000837454631],[23.921339737113332,62.00801844021413],[23.921336762804593,62.008023853951876],[23.921325699789335,62.008041035611228],[23.921311936005825,62.00805770778711],[23.921294403495292,62.008073657977377],[23.921271658286802,62.008088422721663],[23.921245089549469,62.00810130533953],[23.921189209236932,62.008125652769934],[23.921168437145042,62.00813677817785],[23.921149022846802,62.008152246133349],[23.921136050788803,62.008169025807334],[23.921129281125488,62.008186653671608],[23.921126191975933,62.008204552363786],[23.921125182338258,62.008222488497296],[23.921125773658936,62.008240469356089],[23.921126176066714,62.00824443122454],[23.921127110645191,62.008262419746536],[23.921124660753712,62.008280233887994],[23.921110809010131,62.008294747964243],[23.92108194495551,62.008306321575084],[23.921050366225661,62.008316388177114],[23.921030477827891,62.008325197500334],[23.921014680421781,62.008341375057206],[23.921011371839441,62.008350285019645],[23.92101132468003,62.008368152803037],[23.921019378466212,62.008385671400298],[23.921033129397575,62.008402418806462],[23.921050023065416,62.008418517667835],[23.921060854321745,62.008427464810772],[23.921121256788751,62.008473184436895],[23.9211394644603,62.008488953267701],[23.921154853612137,62.00850537787958],[23.921167416584254,62.008524425560736],[23.921174155623227,62.008542094471935],[23.92118601372567,62.008577575804459],[23.921197326682705,62.008594619133973],[23.921209290870806,62.008605217628222],[23.921235006994607,62.008618369077787],[23.921267016218881,62.00862806747719],[23.921302574359867,62.008634610915387],[23.921339843536792,62.008638407553597],[23.921361948630356,62.008639440039531],[23.92143830186172,62.008638718826901],[23.921476085439814,62.008640640307043],[23.921491781592163,62.008643056960224]],[[23.794366774124882,62.063364700594889],[23.794330823101557,62.063370774958102],[23.794295444972501,62.063377590348239],[23.794260631030731,62.063385047735359],[23.794226419280978,62.063392968314425],[23.794192638000922,62.063401527786858],[23.794172224403198,62.063406983542073],[23.794107033138008,62.063425765715216],[23.79404424947943,62.063446229933611],[23.793984200048083,62.063468365815417],[23.79395537904389,62.063480184939166],[23.793927322493655,62.063492381182655],[23.793900356274321,62.06350513281636],[23.793874602561168,62.063518370802576],[23.793850091050732,62.063532176691091],[23.793826822493475,62.063546361827633],[23.793805119931232,62.063561131370498],[23.79378464027641,62.063576288681659],[23.793767702593478,62.063590180575524],[23.793749908384147,62.063606020161046],[23.793733536616241,62.063622171290056],[23.793718406863178,62.063638710633015],[23.793704863717178,62.063655457519587],[23.793692599654172,62.063672422778204],[23.793660852099755,62.063724145455389],[23.793607090358979,62.063828805094253],[23.793559192804622,62.063915991479618],[23.793535276699721,62.063950106890864],[23.793507098982374,62.063983413570242],[23.793500002135961,62.06399096636423],[23.793483305281512,62.064007109919558],[23.79346519444244,62.064022861262025],[23.793445192056002,62.064038209301117],[23.793422400671858,62.064052585147202],[23.793396493462787,62.064065819490189],[23.793391748906426,62.064067955408916],[23.793362487358714,62.064079404815253],[23.793330646362008,62.064089347826126],[23.793296863864818,62.064097727379725],[23.793261618570398,62.064104725295124],[23.793225407147396,62.064110353105576],[23.793188325304044,62.064114792720865],[23.793150726536037,62.064118142193827],[23.793112898521219,62.064120578908572],[23.792846303589229,62.064131996565024],[23.792825856161834,62.064133228680582],[23.792788017702367,62.064135763892843],[23.792712695387063,62.064142010494699],[23.792638168528423,62.06414997358393],[23.792564454137775,62.064159491837948],[23.792455733581043,62.064176642230009],[23.79234929003244,62.064196711456518],[23.792336933676154,62.064199299427052],[23.792267465415293,62.064214306803244],[23.792131321200305,62.064246892971106],[23.791800317980865,62.064336755528487],[23.791780734203613,62.064342140383054],[23.79161584345664,62.064387444923071],[23.791423564597597,62.064446209403158],[23.791392925837535,62.064456907656144],[23.791363042063161,62.064468072666401],[23.791334075736923,62.064479798053604],[23.791306018162928,62.064491984787885],[23.7912788865514,62.064504651238444],[23.791252815567304,62.064517791550806],[23.791227701002128,62.064531304475437],[23.791219463118601,62.064536054467126],[23.791195866872535,62.064550240561729],[23.791173541205559,62.06456472571076],[23.791152277113973,62.064579675761657],[23.791132301759941,62.064594934274481],[23.791113224573728,62.064610573033107],[23.791078414612024,62.064642458343656],[23.791047378184359,62.064675239936449],[23.791020133278234,62.064708747528258],[23.790995917504361,62.064742765746686],[23.790874023792473,62.064950311807181],[23.790850469458125,62.064987130543024],[23.790390271022908,62.065614660004485],[23.790382547414428,62.065628136781783],[23.790363555561594,62.065662905240174],[23.790159431542047,62.066101011021011],[23.790152986264676,62.066113079997649],[23.790020563032769,62.066337891321545],[23.79001173242256,62.066352779855428],[23.789782621263281,62.066732543602157],[23.789779550117473,62.066737323788118],[23.789721967797142,62.066822855412497],[23.789604980638369,62.06697472146999],[23.789599656497597,62.066980886780115],[23.789507174003273,62.067079344120515],[23.789061110278002,62.067496199695682],[23.788855014070005,62.067708336072471],[23.788774536112193,62.067809138551318],[23.788772093834137,62.067812495836215],[23.788747309966723,62.067847129431634],[23.788698895228919,62.067914545681191],[23.788669132993089,62.067947536145994],[23.788652412250759,62.067963678634271],[23.788633943479841,62.067979870315028],[23.788614557948943,62.067995312936837],[23.788593938942714,62.068010466323777],[23.788550655993745,62.068040006780464],[23.788365228838721,62.068154171973418],[23.788358317064979,62.068158683124864],[23.788169410913305,62.068293611013779],[23.788101743958514,62.068337129989111],[23.788053033566577,62.068364738203051],[23.788027435633563,62.068378068670739],[23.788000585895258,62.068390920797285],[23.787983341199212,62.068398605675036],[23.787781106674622,62.068480942746099],[23.787753836111381,62.06849342566241],[23.787727761099049,62.068506556308286],[23.787703099373001,62.0685202678739],[23.787680759613519,62.068534842045231],[23.787663520914194,62.068548447757017],[23.787646971248215,62.068564594116481],[23.78763262860878,62.068581241034408],[23.787620360052095,62.068598196746052],[23.787609495003853,62.068615463621988],[23.787592093389478,62.068650358608963],[23.78754820519249,62.068774203132122],[23.787524103513661,62.068826821248258],[23.787513564063914,62.068844086708268],[23.787500635326523,62.068861125882954],[23.787485824302518,62.068877672048821],[23.787469915414668,62.068893914157066],[23.787417132666082,62.068941732223522],[23.787280866050288,62.069049861173866],[23.787225885128816,62.069097088972576],[23.787193100021423,62.069129478755436],[23.787178289643467,62.069146015923437],[23.78716490189753,62.069162864704346],[23.787153252897483,62.069179933624234],[23.787143849968526,62.069197315346166],[23.787137140123022,62.069214948394894],[23.787134590339061,62.069226928197871],[23.787133020990392,62.069244851543743],[23.787133380358998,62.069262828745543],[23.787135355023242,62.069280744698389],[23.787142713536284,62.069316395369775],[23.787184586525356,62.069440438119415],[23.787197959526427,62.069493838172527],[23.787200430042255,62.069511774643196],[23.787200943243011,62.069529746438008],[23.7871987044172,62.069547842881605],[23.787194555800433,62.069565706222363],[23.787188638865445,62.069583447564533],[23.787181298461679,62.069601065946173],[23.787163418113412,62.069635949755842],[23.787056043074383,62.069808081867535],[23.787050227338042,62.069820336078926],[23.787043039640796,62.069837958007859],[23.78703761931547,62.069855710899176],[23.787034120160655,62.069873589346784],[23.787033027410644,62.069891532764544],[23.787036949757805,62.069909323327458],[23.787047540444895,62.069926541292396],[23.787066057661178,62.069942155768011],[23.787092052831447,62.069955518421054],[23.78712305118508,62.069965942763297],[23.7871571913665,62.069974005413108],[23.787192218353717,62.069981289071563],[23.787263589145208,62.069994090111024],[23.787295414591377,62.069999771911867],[23.787366804577161,62.07001257334305],[23.787403148419411,62.070018090696443],[23.787440284005463,62.070022278795051],[23.787478220648961,62.070024868322484],[23.787516384847518,62.070025486560695],[23.787529806333797,62.070025169857871],[23.78756763342793,62.070022635694137],[23.787604589379285,62.070018014840365],[23.787640100207877,62.070011482618916],[23.787674188171728,62.070003371972106],[23.787706945323254,62.069994080356608],[23.787738346080065,62.069983849757662],[23.787768380019312,62.069972778762335],[23.787797189567286,62.069960969512863],[23.787824805356397,62.069948494597938],[23.787851703772553,62.069935014706381],[23.787977386677444,62.069867419272384],[23.788004064846692,62.069854572124306],[23.788032435540707,62.069842563949322],[23.788062775089518,62.069831679690097],[23.788095369457452,62.069822294357223],[23.788130020330254,62.069814834588712],[23.788166679402647,62.069809757464661],[23.788197848471725,62.069807876884134],[23.788236163977533,62.069807060940349],[23.788350769327135,62.069807659811993],[23.788389056251848,62.06980693300531],[23.788426864227709,62.069804757543771],[23.788463666779165,62.069799953210904],[23.788499795596419,62.069790649978707],[23.788529551789555,62.069779302834071],[23.788555599937759,62.069766252260955],[23.788578886193584,62.069751969484109],[23.788662483162629,62.069691849115465],[23.788667504907703,62.069688551812263],[23.78869016039236,62.06967407466243],[23.788713895748135,62.069660071840367],[23.788738872345601,62.06964646623819],[23.78876509224251,62.06963341962247],[23.788792392009551,62.069620847332629],[23.788820598746913,62.069608754332108],[23.788850048783807,62.069597220316034],[23.788910726790018,62.069575451423965],[23.789005518161545,62.069545140884195],[23.789103473434935,62.069517149947394],[23.789117588802686,62.069513345307186],[23.789150776234631,62.069504503605188],[23.789456008719728,62.069430039508205],[23.789474364976972,62.069425794360477],[23.789857739731836,62.069344610835749],[23.790072780737713,62.069307122066448],[23.79008033575013,62.069305950010929],[23.790334186188538,62.069266038677114],[23.790369438153665,62.069259041556535],[23.790403820011864,62.069251215608475],[23.79043715017,62.069242466769232],[23.790469160972354,62.06923260913095],[23.790499650947989,62.069221736840724],[23.790528325938443,62.069209914938497],[23.79055498335337,62.069197066841923],[23.790579348141495,62.069183258035267],[23.790601534165976,62.06916867983832],[23.790613847651109,62.069159083157196],[23.79068285789781,62.069095028901998],[23.79070190961567,62.069079479411293],[23.790723464845463,62.069064706849645],[23.790748746868562,62.069051278707676],[23.790778329554826,62.069039927071536],[23.790810780455505,62.069032065139481],[23.790847294596922,62.069026714426457],[23.790884995922116,62.069024086612281],[23.790923234498575,62.069023807216809],[23.790961255577763,62.069025768857195],[23.790998390474165,62.069029955995191],[23.791016457338593,62.069032981290526],[23.791051512593356,62.069039995098002],[23.791120325756925,62.069055789420297],[23.791155190363909,62.069063158146712],[23.791191334399198,62.069068930415774],[23.791229107897493,62.0690716049805],[23.791241229934538,62.069071437419382],[23.791278690712062,62.069068004296483],[23.791313779748954,62.069060913312491],[23.791345933461631,62.069051148643155],[23.791478351327623,62.069014343492057],[23.791517732207705,62.068991090410307],[23.791543653282581,62.068996094994738],[23.79277296297602,62.069233150957729],[23.79340145882237,62.06898824061647],[23.793698199552974,62.069023332493884],[23.793709654610335,62.069024766420895],[23.79382102270586,62.069037684093551],[23.793896084599151,62.069044547850737],[23.7939341342863,62.069046239801288],[23.793972382342794,62.06904586993749],[23.794010102357124,62.069043062020107],[23.794026931658411,62.069040937085681],[23.794062307018788,62.069034211436765],[23.794095358585452,62.069025185736663],[23.794125694232942,62.069014309087855],[23.794153755866468,62.069002112845062],[23.794179667020352,62.068988878393355],[23.794254121519884,62.068947939909442],[23.794269864298215,62.068939410810884],[23.79439691381835,62.068872479448338],[23.794419881322199,62.068858098499419],[23.794439561670757,62.06884274280663],[23.794454836152259,62.068826305544242],[23.794462812283822,62.068808791448475],[23.794462906172452,62.068798641273077],[23.794453935407809,62.068781281852722],[23.794436102654956,62.068765504618064],[23.794412425637436,62.068751388598493],[23.794385196812502,62.068738807317146],[23.794355780778542,62.068727352213259],[23.794199656011568,62.068675571718245],[23.794179712774113,62.068668909528292],[23.794119459694329,62.068646945531178],[23.794090378845276,62.068635219632647],[23.794062319665134,62.068623068226337],[23.794035099609879,62.068610406215541],[23.794009236414571,62.068597227651438],[23.793984900885746,62.068583365796805],[23.793962570655555,62.068568831741018],[23.793942397619393,62.068553637995933],[23.793924737016631,62.068537684997061],[23.793909540428139,62.068521250137366],[23.793896997568172,62.068503987430987],[23.793887378576656,62.068486603932655],[23.793880539116476,62.068469015432633],[23.793876450427728,62.068451131419721],[23.793875121404771,62.068433230616833],[23.79387636288169,62.068415290663616],[23.793880182612806,62.06839741955266],[23.793886563574262,62.068379778607692],[23.793895829604157,62.068362384331067],[23.793907779245551,62.068345330873498],[23.793922414580315,62.068328780001721],[23.793931584758536,62.068319918666297],[23.793950175612004,62.068304178374774],[23.793971259598674,62.068289313540568],[23.793994857517465,62.068275126988866],[23.794020738605283,62.068261990705459],[23.79404879957692,62.068249794478596],[23.794079001472671,62.068238726074668],[23.794111287370573,62.068229143546205],[23.794145657666014,62.068221406276479],[23.794181911858661,62.068215599453168],[23.794191224114822,62.068214467972993],[23.794228932480518,62.068211578883236],[23.794267103222417,62.068210479425275],[23.79430534947765,62.068210298117123],[23.794419997928237,62.068211881332012],[23.794458235479308,62.068211600951209],[23.794475247472363,62.068211007556393],[23.79451306232858,62.068208561096291],[23.794550254574709,62.068204572828712],[23.794586795647145,62.068199131935025],[23.794622026515185,62.068192312962807],[23.794656100015501,62.068184119460639],[23.794688403836762,62.06817454620159],[23.794718586323153,62.068163477212273],[23.794742807463741,62.068152638211743],[23.794767771629495,62.068139112153446],[23.794789792395651,62.068124439648663],[23.794808545178572,62.06810879285284],[23.794823991971707,62.068092350572869],[23.794836103476992,62.068075390645625],[23.794845034429827,62.068057898694512],[23.794857956420536,62.068022539590636],[23.794870695824784,62.067969117637425],[23.794876233390831,62.067933317611995],[23.794878040552216,62.067917816571821],[23.79488611808031,62.067864106730326],[23.79489502771327,62.067828474812046],[23.794901589353646,62.067810748180577],[23.794911149901981,62.067793459511215],[23.794923586962099,62.067776498150103],[23.794938861575911,62.067760051864433],[23.79494602769163,62.067753300208395],[23.794965237931486,62.06773785268507],[23.795028355850071,62.067692868311241],[23.795048187015102,62.067677525032217],[23.79506583110588,62.067661672788986],[23.795080273012768,62.06764385950661],[23.795087626504717,62.067626250074071],[23.795090472016184,62.067608347347566],[23.795090279874735,62.067590374122865],[23.795081046656147,62.067518841806084],[23.795081194469056,62.06750672530405],[23.795084211912865,62.067488826567853],[23.795090448585213,62.06747109238794],[23.795100009859137,62.067453794740949],[23.795113706831543,62.067437051278453],[23.795132755237123,62.067421501152026],[23.795157881111784,62.067408068631877],[23.795165461993292,62.06740501018902],[23.795197459891547,62.067395241054811],[23.795232114796146,62.067387698811366],[23.795303912885878,62.067375169702132],[23.795339295474818,62.067368354085865],[23.795349360737408,62.067366072037522],[23.795382112731382,62.067356778565447],[23.79541231325361,62.067345709859822],[23.795440200877735,62.067333509349773],[23.795466253421374,62.067320367812279],[23.795516666028796,62.067293425527112],[23.795542097505503,62.067280179720591],[23.795568932709305,62.067267424686413],[23.795597288361829,62.067255324851132],[23.795627173378278,62.067244158936397],[23.795659017919121,62.067234206454138],[23.795692926835752,62.067226107727016],[23.795717909754146,62.06722165617434],[23.795754823110595,62.067217211914318],[23.795792789677876,62.067214948333628],[23.795831035628837,62.067214757632406],[23.795869120741401,62.067215910845555],[23.795945111865166,62.06722027949187],[23.795968468458888,62.067221989381643],[23.796081745688085,62.067230367589801],[23.796119764902588,62.067232327798436],[23.796157850258822,62.067233660624609],[23.79619610547342,62.06723320050547],[23.796234072240228,62.067231116495805],[23.796243986226756,62.067230268374864],[23.79628103346159,62.06722600676877],[23.796316999293463,62.067220013033356],[23.796351663175098,62.067212380881195],[23.796384692977202,62.067203354170822],[23.796416412947988,62.067193308785043],[23.796446421891368,62.067182235417604],[23.796474958717159,62.067170229455783],[23.796501774332071,62.067157473793856],[23.796511664132002,62.06715231259259],[23.796629260328935,62.067081557336664],[23.796654556260112,62.067068137488597],[23.796681831371281,62.067055563156416],[23.796704526059905,62.067046835693688],[23.796736217211649,62.067036879414012],[23.796769857529991,62.067028235137577],[23.796839320659974,62.067013315154355],[23.7968467406942,62.06701178023625],[23.796915620321286,62.066996217774893],[23.79698303585058,62.066979282649285],[23.797015778435544,62.066970069445667],[23.797047928124861,62.066960303420359],[23.797078710870451,62.066949697089385],[23.797107982337078,62.066938166246572],[23.797135591578076,62.066925689423137],[23.797164783025622,62.06691037429195],[23.797187890169226,62.066896094993091],[23.797208666651542,62.066881033901176],[23.797227245474751,62.066865382773763],[23.797243625696588,62.066849150574214],[23.797258277585737,62.066832599772574],[23.797271332985449,62.066815751395858],[23.797282831995403,62.066798588405824],[23.797290849092715,62.066785207940619],[23.797299778236962,62.066767715816383],[23.797307598381096,62.066750206955618],[23.797313814491023,62.066732472221176],[23.797318597778091,62.066714704255951],[23.797321937640604,62.066696821954764],[23.797323654587867,62.066678893029831],[23.797323613949121,62.066660923342205],[23.79732180533864,62.066643011479044],[23.797318182995689,62.066625228253912],[23.79731689763496,62.06662070625687],[23.797311030669093,62.066602960816709],[23.797303214360095,62.066585358837621],[23.797284450285801,62.066550612328484],[23.797192291765175,62.066413817097853],[23.797184749764398,62.066401064049273],[23.797176112319963,62.066383622702929],[23.797150839045802,62.066312877546871],[23.797107891844988,62.066152705273758],[23.797087196246313,62.066099765491764],[23.797069425886249,62.066064862303769],[23.797061893678279,62.066052199316587],[23.797004633107655,62.065966615698912],[23.796997133391855,62.065949101898426],[23.796993366980669,62.065931234457956],[23.796994931235432,62.065913301991458],[23.797002752264788,62.065895784183375],[23.797012891238531,62.065883710764801],[23.797033503667596,62.065868565043189],[23.79705816870732,62.06585494183394],[23.797084840464574,62.065842083915655],[23.797139721560086,62.065817041618253],[23.797165772059817,62.065803899744559],[23.797188870061341,62.065789880792821],[23.797206807188449,62.065774133934568],[23.797219414047078,62.065757176336618],[23.797227368629791,62.065739661615908],[23.797231682704332,62.065721801911565],[23.797233093975656,62.065703865896289],[23.79723189677258,62.065685968209145],[23.797216649783746,62.065596588413122],[23.797215328312589,62.065578597999448],[23.797215437991067,62.06557446773121],[23.797223033062803,62.065520746629588],[23.7972242723954,62.065502806626206],[23.797224259511879,62.065500021171424],[23.79721701162913,62.065446315179713],[23.797217944362224,62.065428377049372],[23.797224885299954,62.065409940381876],[23.797239364552169,62.065393385587114],[23.797259996577537,62.065378231308536],[23.797284497682135,62.065364523404874],[23.797367721436146,62.065327470426801],[23.797384150462275,62.065320035056708],[23.797410649677726,62.065307173083191],[23.79743609659538,62.065293756621628],[23.797460139800926,62.065279849397562],[23.797482950280425,62.065265464361538],[23.797504346444953,62.065250507459105],[23.797524337227809,62.065235257413605],[23.797542599546663,62.065219509076627],[23.797575368417281,62.065187125685604],[23.797646385049831,62.065103798449606],[23.79768448014439,62.065053030749588],[23.797688438136085,62.065047453399238],[23.797724087461503,62.065019898494945],[23.79798600043755,62.064817390964542],[23.798073148358036,62.06475851571463],[23.798167453698152,62.064702043485156],[23.798268590968746,62.064648155386571],[23.798285266636903,62.064639827200303],[23.798394095566582,62.064589450560476],[23.798537240662121,62.064529977668172],[23.799018067266026,62.064352488940301],[23.7990335040502,62.064346647573046],[23.799092654060491,62.064323940633301],[23.79926462500352,62.064252745795443],[23.799345396788379,62.064214556752191],[23.799396269842337,62.064187704717085],[23.799444504556753,62.064159902060013],[23.799448484146428,62.064157388834879],[23.799493603665844,62.064128435833197],[23.799535781097486,62.064098507206324],[23.799574814095855,62.064067706079342],[23.799611038020185,62.064036121086808],[23.799660038303095,62.063987402538245],[23.799731353168571,62.063904251976567],[23.79982950291507,62.063768284316431],[23.799917069400983,62.063647165058775],[23.799932348625283,62.063630628556616],[23.799949519655229,62.063614674957478],[23.799968734132179,62.063599137072046],[23.799989803149675,62.063584172240155],[23.800012754531974,62.063569879933844],[23.800030562799563,62.063560059444093],[23.800057087892174,62.063547107760549],[23.800084979586323,62.063534816647383],[23.800114256984493,62.063523186546448],[23.800144279102049,62.063512121743607],[23.800175076363821,62.063501515131065],[23.800461195960569,62.063411850848027],[23.800488526786221,62.063401792751769],[23.800517803902991,62.06339016256328],[23.800546009862664,62.063378157159278],[23.8005732800322,62.063365582021106],[23.800599498854908,62.063352443456075],[23.800624141139316,62.063338819139616],[23.80064741583098,62.063324543211003],[23.800669134031324,62.063309773012634],[23.80068209117448,62.063300010746829],[23.800700989773738,62.063284375606081],[23.800718141100209,62.063268421464208],[23.800733582180921,62.063251978476899],[23.800747426923223,62.063235237955425],[23.800759705987122,62.063218272485457],[23.800770533044016,62.063201093685393],[23.800780098173362,62.06318371494396],[23.800788393830857,62.063166207961373],[23.800795419075286,62.063148581700446],[23.800801153863492,62.063130844681297],[23.800805011469681,62.06311566064899],[23.800808502585713,62.063097772817777],[23.800813077012325,62.063061950352967],[23.800818089902535,62.062882594947766],[23.800825028340167,62.062828858537081],[23.800826613756978,62.0628216179392],[23.800831384642994,62.062803759758786],[23.800843342185928,62.062768377883913],[23.800858967476643,62.062733260673348],[23.80087794638575,62.062698481707322],[23.800900248481998,62.062664148091862],[23.800926046851117,62.062630434538434],[23.800984159214391,62.062564047826143],[23.801177065056972,62.062368740785594],[23.801182435095924,62.062363564421346],[23.801285268735199,62.062267406280824],[23.801341629309331,62.062220564755819],[23.801363009113281,62.062204268269923],[23.801664892224888,62.061996840608295],[23.801744391796586,62.061935531041271],[23.801780123675364,62.06190384431185],[23.801795431459858,62.061888655946788],[23.801811185587948,62.061872318936956],[23.801840307539415,62.061839212297421],[23.801866266383403,62.061805412467962],[23.801889053885549,62.061771179805724],[23.801918234994243,62.061719126519193],[23.801989492226983,62.061561241770562],[23.801991434196264,62.061556614885063],[23.802078011773084,62.061345187802054],[23.802144493848669,62.061223579031413],[23.802152431848626,62.0612109152529],[23.802163896431175,62.061193849958322],[23.802202132678826,62.061143075483692],[23.802231424449545,62.061109981695331],[23.80224762691984,62.061093744872082],[23.80226558807605,62.061077899167529],[23.802284944059153,62.061062445138546],[23.802306028310873,62.061047489334761],[23.802328670808656,62.061033009849105],[23.80235302366043,62.061019198874973],[23.802372616153654,62.061009140923993],[23.802399739103969,62.060996481201293],[23.802428095832269,62.060984469966435],[23.802457197958585,62.06097283536235],[23.802670276842136,62.060896838705148],[23.802681033984008,62.060892685473533],[23.802738807709499,62.060869136658923],[23.802793828173069,62.060844275242438],[23.802846230020982,62.060818095360915],[23.802896005019139,62.060790857372773],[23.802943141858648,62.060762668831167],[23.802987651852693,62.060733422188463],[23.803032109440753,62.060701577842266],[23.803090356073568,62.060655318420302],[23.803196005405717,62.0605597632917],[23.803200859564956,62.060554934288746],[23.803267464834938,62.060490360570306],[23.803338625700018,62.06042688955884],[23.803355719719914,62.060413090051384],[23.803396167394421,62.06038259025884],[23.803461750152852,62.060338477099251],[23.803532769156821,62.060296196791455],[23.803608594341746,62.060255914428026],[23.803689045066925,62.060217526991487],[23.803712389160921,62.060207106496811],[23.803740743691193,62.060195103945695],[23.80379927036336,62.060172021368885],[23.803829765579607,62.060161146476837],[23.803861122245866,62.060151001283103],[23.803893721425368,62.060141603592392],[23.803927477551685,62.060133220953489],[23.80396228544841,62.060125761087413],[23.803973474836162,62.060123684167294],[23.804009716586275,62.060117883646676],[23.804046495351038,62.060112984997382],[23.804083561376128,62.06010863204839],[23.804270835550227,62.06009077542106],[23.804345377831481,62.060082537091148],[23.804382003700542,62.060077634815251],[23.804418236841965,62.060071914849409],[23.804453618331959,62.060065007198723],[23.804467489556231,62.060061824344096],[23.804500824718165,62.060053072452348],[23.804532963734786,62.060043313576237],[23.804564042707572,62.060032892271465],[23.804594070113879,62.060021727875871],[23.804623189592974,62.060010093244713],[23.804792504562428,62.059937572835416],[23.804807145467183,62.059931802300909],[23.804867181041622,62.059909652645509],[23.8049295000048,62.059888912440705],[23.804994075725556,62.059869652941856],[23.805093610525354,62.059842945755292],[23.805229730789524,62.059810256950698],[23.805257148406511,62.059804063261076],[23.805291793125971,62.059796509452077],[23.805502739743531,62.059754321303146],[23.805648494864307,62.05972814405596],[23.80571882606915,62.059713868931055],[23.805753029800503,62.059705954418313],[23.805786660657652,62.059697478599425],[23.80581954553125,62.059688266767644],[23.805825883514146,62.059686257153352],[23.805857105067034,62.059675928712352],[23.805887141334143,62.0596648540972],[23.805916239939307,62.059653227708182],[23.805972164470283,62.059628826248691],[23.806236482626616,62.059499214256434],[23.806293036239918,62.059475015898286],[23.806322594385293,62.059463750447826],[23.806350169097009,62.059454415666409],[23.806381858585446,62.059444367467201],[23.806643861391041,62.05937030523129],[23.80670737395036,62.059350391473245],[23.806738173181312,62.059339702686778],[23.806767731031609,62.059328437138902],[23.806796237284367,62.059316428517377],[23.806823051020061,62.059303581141037],[23.806847543830475,62.059289862508713],[23.80686925610917,62.059275091289933],[23.80688570790052,62.059261186684857],[23.806901754090401,62.059244945755665],[23.806914973631336,62.059228091409011],[23.806925327659805,62.059210811417806],[23.806932815512301,62.059193294438217],[23.80693790688095,62.059175443521127],[23.806947374221672,62.059103895625711],[23.806947284424453,62.059014149055756],[23.806947253170488,62.059006790164929],[23.80695966192744,62.058773610283119],[23.806236910476255,62.058132589881779],[23.806200708228587,62.058138041466606],[23.805335194634232,62.058280597715154],[23.80484241848492,62.058378516023517],[23.804706170314834,62.05841102170411],[23.804573746357942,62.058446850127794],[23.804445652841171,62.05848610286624],[23.804322538851856,62.058528615268877],[23.804204709958022,62.058574394422216],[23.804092700667134,62.058623273025702],[23.80398682572616,62.05867498884907],[23.803971815787943,62.058682817147037],[23.80389769592237,62.058723857867498],[23.803828066495932,62.058766619685713],[23.803763108831905,62.058811016962409],[23.803703319269683,62.058856881507609],[23.803648993991565,62.058904310028105],[23.803600189805273,62.058952944471116],[23.80359507927124,62.058958576139602],[23.803580281935393,62.058975124139046],[23.803553219472082,62.059008718991194],[23.803529327972175,62.059042746625771],[23.80350909366739,62.059077317129187],[23.80349249935411,62.059112412135789],[23.80348024085642,62.05914778721025],[23.803472145350419,62.059183447336615],[23.803470242525737,62.059201362996312],[23.803469809426414,62.059219321667314],[23.803471315754042,62.059237226411902],[23.803474587730648,62.059255091175331],[23.80347964540135,62.059272907437204],[23.803486507615919,62.059290495946598],[23.803495309270385,62.059308030529003],[23.803505752058726,62.059325252715958],[23.803517981242369,62.059342237744772],[23.803531861241471,62.059359000444864],[23.803547392747479,62.05937535216033],[23.803564414483834,62.059391370016002],[23.803572837924758,62.059398662663178],[23.803670315230171,62.059475839809465],[23.803687002024887,62.059491948721657],[23.803700224309857,62.059508777034779],[23.803708862729604,62.059526226962085],[23.803711495155117,62.059544166754378],[23.803706249717479,62.059561825346321],[23.803697185922019,62.059574463136101],[23.803679551114737,62.059590316557212],[23.803658153289039,62.059605175442101],[23.80363458577661,62.059619364174679],[23.803614088501995,62.059630209929402],[23.8035875874696,62.059643162776446],[23.803559539252412,62.059655352067665],[23.803530582192387,62.059667080079628],[23.803500707555731,62.059678247781754],[23.803470240294367,62.05968904238361],[23.803407309066706,62.059709408390511],[23.803309407253533,62.059737508823773],[23.80314113578978,62.059780052871737],[23.802942502884807,62.059833833896398],[23.802878986892523,62.059853745899318],[23.802848194287613,62.059864353149635],[23.802818626000523,62.059875698507817],[23.802786357951856,62.059889775476428],[23.802759550493072,62.05990254139099],[23.802733804627497,62.059915772117144],[23.80270884139534,62.05992938932075],[23.802661695286748,62.059957676380066],[23.802596112216548,62.060001789159621],[23.802354070553143,62.060184639591171],[23.802336382343615,62.060196439676957],[23.802243503361826,62.060253396670909],[23.801871312821461,62.060458118656072],[23.801754080407843,62.060528877236692],[23.801731849529045,62.060543995066737],[23.801650786932175,62.0606049089942],[23.801318125900305,62.060887523264945],[23.801219588065884,62.060964374671656],[23.801133077456708,62.061023544928013],[23.801062817691914,62.061066021359359],[23.801012869650123,62.061093245726958],[23.800960321445601,62.061119340695768],[23.800904849776035,62.061143921428915],[23.800875871173542,62.061155648423707],[23.800846013201291,62.061166815976286],[23.800815210068855,62.061177503420893],[23.800796843630724,62.061183546606848],[23.800765016563371,62.061193410707929],[23.800699393329854,62.061211835452696],[23.800598215361013,62.061237153876519],[23.800286762400034,62.061305746698771],[23.800268765794389,62.061309911671614],[23.800234548482489,62.061317923391186],[23.800066703803022,62.061360833166567],[23.799904068862475,62.061407906453681],[23.799747130576105,62.061459064713624],[23.799596223060572,62.061514225867043],[23.799423647431873,62.0615851373189],[23.799260589020669,62.061660761371819],[23.799107237434097,62.061740752064651],[23.798963909398708,62.061824829272425],[23.7989500820063,62.061833582921338],[23.798635103276453,62.062036649352272],[23.798561139896947,62.062077691077512],[23.798482216234557,62.062116740021111],[23.798426416025055,62.062141312201796],[23.798368025823102,62.062164476650622],[23.798363329109318,62.062166164620606],[23.798332695066435,62.062176864446705],[23.798301325044278,62.062187097982012],[23.798204587251298,62.062216021599113],[23.797770985720625,62.06232993275129],[23.797641959021941,62.062368529030941],[23.797579926453892,62.062389542281345],[23.797520473297308,62.062412061814868],[23.797491970886842,62.06242396988727],[23.797464700317029,62.06243654441581],[23.797442422715118,62.062447527714326],[23.797417292558599,62.062461050316237],[23.797393099732485,62.062474945045189],[23.797369976059493,62.062489232928115],[23.79734811350006,62.062503909433431],[23.797327035460164,62.06251895452305],[23.797287982192319,62.0625497635382],[23.797270571812962,62.062565073378813],[23.797253724939303,62.062581213866345],[23.797222534826123,62.062613903299557],[23.79718001935321,62.06266393940647],[23.79706926530956,62.06281677312284],[23.796976097836911,62.062934445572012],[23.79694427669272,62.062967120314198],[23.796930529089622,62.062979649067735],[23.796893214672757,62.063011028401313],[23.796852593540997,62.063041441563918],[23.796809183328879,62.0630708825922],[23.79673923771961,62.063113543968996],[23.796664323284013,62.063154293165219],[23.796557942113793,62.063205812308404],[23.796105771505736,62.063399230783119],[23.796097504678222,62.063402812407389],[23.795929965491329,62.063476262436751],[23.795843218827017,62.063511525718106],[23.795722175170191,62.0635553368231],[23.795595845804264,62.063595880629677],[23.795562666700746,62.063604723940585],[23.795528455031732,62.063612644842564],[23.795493076879019,62.063619460539144],[23.795456703960927,62.063624995326954],[23.795419623964502,62.063629426585045],[23.795382054372869,62.06363250779733],[23.795343977237682,62.063634409250241],[23.795305697995119,62.063634958344217],[23.795267532142674,62.063634431933039],[23.795229508235966,62.063632740835629],[23.795191750545435,62.063629977780117],[23.795155701394485,62.063626266086622],[23.795119001154454,62.06362110176994],[23.795083388335147,62.063614704868648],[23.795048891492307,62.063606986202416],[23.795016359227027,62.063597525233867],[23.794986757992884,62.063586236584108],[23.794961223124119,62.063572886060321],[23.794945193327059,62.063561283503518],[23.794928536632796,62.063545093340323],[23.794914984296184,62.063528337340543],[23.794880724231739,62.063476968987139],[23.794867678056235,62.063460134886746],[23.794852148280196,62.063443791182856],[23.794843095284126,62.063436303689159],[23.794821598985969,62.06342151953433],[23.79479676125133,62.063407915626861],[23.794768858217271,62.06339559720309],[23.794738589099914,62.063384652367148],[23.794706382648826,62.063375010210734],[23.79467224871313,62.063366940492777],[23.794636645738336,62.063360453854131],[23.79459975528917,62.063355644352548],[23.794592419504937,62.063354934995978],[23.794554624217128,62.063352350574419],[23.794516496743157,62.063351645152551],[23.794478342509546,62.063352646132984],[23.79444049569614,62.063355271429799],[23.794403290483377,62.063359438957761],[23.794366774124882,62.063364700594889]],[[23.748504633427935,62.044354605721892],[23.748476271446982,62.044366605869456],[23.748451755271766,62.044380403697751],[23.748428795634553,62.044394678440753],[23.748382397146855,62.044423234595349],[23.748373480415434,62.04442823560526],[23.748347266433569,62.044441265660538],[23.748318751595193,62.044453262176667],[23.748288137402167,62.044463951376024],[23.748255528812294,62.044473425576371],[23.748222061536605,62.044481981074142],[23.748187717375114,62.044489788147843],[23.748152456163645,62.044497043512507],[23.747939535683102,62.044536761098875],[23.747904589297747,62.044544113666802],[23.747898470537454,62.04454549687609],[23.747864115683861,62.044553402450923],[23.747830506036781,62.044561855671141],[23.747764878108907,62.04458034494543],[23.747733032662083,62.044590196395639],[23.747701635610682,62.044600507637178],[23.747640531480727,62.04462196955744],[23.747619873315582,62.044629748607925],[23.747532677484383,62.044664701501588],[23.747504457966684,62.044676794664078],[23.747395016052465,62.04472685649062],[23.747383989569641,62.044732077259276],[23.747357316832577,62.044744916633363],[23.747253686075933,62.044797720854554],[23.747204518351442,62.044825133218644],[23.747195925831004,62.044830141798599],[23.746969833781868,62.044974739704749],[23.7469462526265,62.044988909724019],[23.746935082288573,62.044995295072376],[23.746885284076466,62.045022512778864],[23.746780744990609,62.045074846031277],[23.746756763821004,62.045086670584759],[23.746627401312825,62.045152614339194],[23.746602425592247,62.045166221337254],[23.746592144030132,62.045171989701082],[23.746577908880816,62.045180009859507],[23.74655436484651,62.045193650598357],[23.746529388411449,62.045208695110468],[23.74635141006134,62.045325316023991],[23.746329068060795,62.045339883529337],[23.746236589650238,62.045396993047838],[23.746212387527429,62.045410878773687],[23.746162731118062,62.045438189430236],[23.746143789195667,62.045447985358336],[23.746117735602681,62.04546110864753],[23.745986060649429,62.045526098866077],[23.745960798153508,62.045539339610428],[23.745936118626691,62.045553034343001],[23.745769407543669,62.045650162983563],[23.745768223620249,62.045650853840407],[23.745742626807232,62.045664176511863],[23.745716104319783,62.04567702812038],[23.745700170032464,62.04568428936048],[23.745671825756659,62.04569628040251],[23.745642554848004,62.045707809342041],[23.745612224721729,62.045718684374627],[23.745486496371925,62.045759555817227],[23.745464644147663,62.045766497791881],[23.74543311253327,62.045776616698852],[23.745402171556602,62.04578711789739],[23.745371841266106,62.045797992875961],[23.745343028221225,62.045809712245351],[23.74531665903023,62.045822738105144],[23.745305879611294,62.045828683318064],[23.745283536738487,62.04584325064755],[23.745264142872017,62.045858696135383],[23.745246792324465,62.045874719900652],[23.745216365098379,62.045907604954103],[23.745208878531756,62.045915864990739],[23.745193731656563,62.045932398934944],[23.745096925213815,62.046029917477156],[23.745079745331779,62.046045954233797],[23.745072764568363,62.046052348400508],[23.745055127543147,62.046068185695901],[23.744950742078554,62.046164087867027],[23.744934497377979,62.046180326356208],[23.744922330216411,62.046193156995187],[23.744893153554589,62.046226332036049],[23.744879924795374,62.046243180727878],[23.744867793672796,62.046260145152416],[23.744856770647324,62.046277306418496],[23.744847159248888,62.04629468965431],[23.744839047532665,62.046311829734989],[23.744798704311012,62.046437364173222],[23.744790534113534,62.046454871243384],[23.74478094266787,62.046472245961787],[23.74477009036881,62.046489420233975],[23.744757788227304,62.046506371632972],[23.74474438745218,62.046523216257668],[23.744729736368352,62.046539761852699],[23.744697714934336,62.046572330686189],[23.744691115962933,62.046578374455379],[23.744673286562364,62.046594216157047],[23.744580924749034,62.046672701914488],[23.744563744223878,62.046688738601425],[23.744547814938134,62.046705065353891],[23.744533163657511,62.046721610926468],[23.744521195206136,62.046737051772155],[23.744510486754891,62.046754310282303],[23.744501199542327,62.046771701145609],[23.744476803999461,62.046823497270402],[23.744459919456805,62.046859298179832],[23.744449687235655,62.046876576903962],[23.744447184286752,62.046880471113667],[23.744434088622008,62.046897322909999],[23.744419590869686,62.046913863109481],[23.744326233810561,62.047012181330558],[23.744313157111147,62.047029033564648],[23.744310845229148,62.047032572893116],[23.744300612862453,62.047049851604868],[23.744291641346575,62.047067330765714],[23.744266051682526,62.047119727620334],[23.744255981485157,62.047137100001422],[23.744244165557227,62.047154152678431],[23.744229962478553,62.047170798643464],[23.744222245748858,62.04717816372532],[23.744203184521098,62.047193706778586],[23.744181623697415,62.047208463109676],[23.744158191264031,62.047222645193472],[23.744083542906239,62.047263462560721],[23.744072571724523,62.04726958285859],[23.744025249510507,62.047297747522109],[23.743915207080093,62.047371152769678],[23.743903576263165,62.047378964578471],[23.743718426600825,62.047493167114794],[23.743705439823035,62.047501665690895],[23.743683867983432,62.047516520522855],[23.743663231491031,62.04753157711216],[23.74364354080263,62.047546916567782],[23.743624946729533,62.047562560417511],[23.74360759336686,62.047578592923301],[23.743592130776076,62.047595020437903],[23.743578585726844,62.047611771716163],[23.743569634325638,62.047624588276641],[23.743559889066752,62.04764195929733],[23.743551717814391,62.047659466284671],[23.743520504556329,62.047729690678132],[23.74351043372257,62.047747062999363],[23.743500374161219,62.047761290956032],[23.743485549966696,62.047777832354257],[23.743468350095025,62.047793859482276],[23.743449440820722,62.047809406028705],[23.743429109371981,62.047824649478187],[23.743343481038774,62.047883976371402],[23.743330885009186,62.047893113062123],[23.743215063057409,62.047985959015875],[23.743193977411426,62.048000915099003],[23.743171297861664,62.048015384336772],[23.743159638626345,62.048022027413666],[23.743146949102293,62.048029176273758],[23.743120413845382,62.048042116979083],[23.743091760023017,62.048053929530099],[23.743079529335635,62.048058223105222],[23.743047536555142,62.048067971250177],[23.743013777599,62.048076338997468],[23.742978969104854,62.048083783504694],[23.742943454722027,62.048090312880298],[23.742798822200054,62.048113665145245],[23.742763164714205,62.048119921558822],[23.742727945902843,62.048126907088601],[23.742693280417008,62.048134444747348],[23.742659054665811,62.048142522870201],[23.742625600882217,62.048151077420805],[23.74252692802181,62.048178487960655],[23.742499184021167,62.048186269784324],[23.74220140002295,62.048267102588369],[23.742172691787616,62.048274771743863],[23.742139667016584,62.048283785540477],[23.741943818343678,62.04833980024523],[23.741911967081283,62.048349650309596],[23.741889281530678,62.048356841630998],[23.741857746041489,62.048366959692522],[23.741701524350006,62.048418608514126],[23.741672976229697,62.048427817727628],[23.741545761997067,62.048467572611543],[23.741514816940587,62.04847807290836],[23.741484778329546,62.048489223524484],[23.741455962192379,62.048500933089926],[23.741428347405062,62.048513398769558],[23.741408600068965,62.048523354781871],[23.741384058228839,62.048537150853861],[23.741361407073818,62.048551521653771],[23.741340615991067,62.048566574275888],[23.741302317947618,62.04859764652894],[23.741282747327141,62.048614884277455],[23.741051069371476,62.048841263711267],[23.741034936367331,62.048856426273638],[23.741017295586488,62.048872263023043],[23.740874740381656,62.048999246655022],[23.740840678128187,62.04903293451855],[23.740825384158182,62.049049374724795],[23.740796352959201,62.049082552446919],[23.740743205106693,62.049149841527161],[23.740733460623858,62.049162720064743],[23.740581719070786,62.049366467171936],[23.740450730318248,62.049553902882003],[23.740444557127589,62.049563460547887],[23.740343725486852,62.049717745103678],[23.740331113091386,62.049734697824469],[23.740326966233823,62.049740350083766],[23.740299365631287,62.049773741197136],[23.740283900114115,62.049790168317564],[23.740266572395797,62.049806111209982],[23.740253859368991,62.049816323044809],[23.740232914119854,62.049831371881304],[23.740210251838967,62.04984583209999],[23.740116812819103,62.049902555845414],[23.740108990755967,62.04990785176166],[23.740088198112169,62.049922904182417],[23.740069286729259,62.049938441279622],[23.740052101947004,62.049954477370704],[23.740036635241701,62.049970913423529],[23.740022916275215,62.049987651307823],[23.740010780901418,62.050004615269927],[23.740000220476805,62.050021885968114],[23.739991274270185,62.050039275652004],[23.739987038798617,62.050048789219026],[23.739980945789885,62.050066524813658],[23.739977259413148,62.050084308263031],[23.739978230689907,62.050102210700935],[23.739981260160341,62.050111626309992],[23.739991664805299,62.050128844091226],[23.740007310117157,62.050145206314411],[23.740025781652047,62.050160916510087],[23.740037670416093,62.050170181964617],[23.740079255028224,62.050200265431442],[23.740124343065389,62.050229272601115],[23.740148153362824,62.050243213096692],[23.740173127621148,62.050256830674115],[23.740198503447285,62.050269559262986],[23.740225521396081,62.050282146933739],[23.740254057663321,62.050294141528092],[23.740283798237417,62.050305436798162],[23.740314922756447,62.050315785414611],[23.740326614927955,62.050319385856504],[23.740391643296789,62.050338261914156],[23.740420857774197,62.050349823254173],[23.740440611832536,62.050362499901915],[23.740452829918997,62.050379410063208],[23.740455586724362,62.050397264809561],[23.740454640351796,62.050415202816829],[23.740454035213986,62.050420848869003],[23.740443190387186,62.050494887011766],[23.740440635702647,62.050548725719295],[23.740438390989848,62.050566633067049],[23.740434073780836,62.050584410612245],[23.740426979197292,62.05060256282038],[23.74041706795332,62.05061984887891],[23.740404283372015,62.050636797544442],[23.740389608800395,62.050653342190934],[23.740373054683925,62.050669563926469],[23.740338523298551,62.050701533535914],[23.740324719826859,62.050714415032644],[23.740308317426031,62.050730649328905],[23.740292707312129,62.050746992180208],[23.740276027262077,62.050765816486162],[23.740246992812573,62.050799003032949],[23.740241949847764,62.050803906371449],[23.740223351998345,62.050819549731997],[23.74020255877392,62.050834602164528],[23.740111349352286,62.050893175540487],[23.740090700121236,62.050908312220493],[23.740071472173199,62.050923760988681],[23.740053352332733,62.050939586326599],[23.740036472452527,62.050955629624745],[23.739974165331198,62.051021174771996],[23.739970515858211,62.051025041836546],[23.739954581782985,62.051041368018979],[23.739920993503617,62.051073638336042],[23.739903178986925,62.05108947086795],[23.739884113059819,62.051105013286566],[23.739868677517894,62.051116688189914],[23.739847244345849,62.051131635613856],[23.739824275524391,62.051145908853442],[23.739799587683603,62.051159611393089],[23.739773220092083,62.051172555481237],[23.739744696498242,62.051184541190267],[23.739714215644781,62.051195321642076],[23.739695041483209,62.051201337727427],[23.739661993699603,62.051210350451271],[23.739627352642398,62.051217798140236],[23.739590833244915,62.051223125994717],[23.739552816816307,62.05122438436095],[23.739536998493531,62.051223202105355],[23.739502672306568,62.051215571933618],[23.73947293210886,62.051204267530608],[23.739445923277103,62.051191590090887],[23.739393089841847,62.051165724087184],[23.739366021344107,62.051155210527803],[23.73933261346631,62.051146514858075],[23.739298145116585,62.051138962136982],[23.739264221506517,62.051130613654294],[23.739242278414093,62.051123356795749],[23.739217609370922,62.051109746266079],[23.739197990885206,62.0510943772437],[23.73918018761972,62.051078503034155],[23.739161229040448,62.051062871069931],[23.739157345377709,62.051060173769095],[23.739133364032778,62.051046220081403],[23.73910516075204,62.051034152264968],[23.739073692120385,62.051023974946069],[23.739040141208736,62.051015365669286],[23.739005290963465,62.051008163236254],[23.738991048918283,62.051005670452938],[23.738954536189357,62.05100040536022],[23.738917249244604,62.050996469668249],[23.738879273681015,62.050994314632653],[23.738841096178451,62.050994221291397],[23.738809619126247,62.050996083179136],[23.73877240269826,62.051000415017228],[23.738737055860899,62.051006947339879],[23.738703416379131,62.051015586468736],[23.738672163340087,62.051025890231251],[23.738643648108425,62.051037795053325],[23.738618205840471,62.051051210024063],[23.738598042776729,62.051064839571012],[23.738580227581984,62.051080671927728],[23.738566334498934,62.051097414558235],[23.738556746618336,62.051114708143295],[23.738550176173611,62.05113242342528],[23.738545857772756,62.051150200902342],[23.738543725028958,62.051170087512823],[23.738543406611242,62.051188049346962],[23.738544548899874,62.051205955847344],[23.738546646819458,62.051223875942327],[23.738553456667663,62.05125961617042],[23.738556321302877,62.051273421428448],[23.738578674298505,62.051362529518279],[23.738584686666677,62.051380182712606],[23.738591824596085,62.051397871485058],[23.738601280781623,62.051417861200314],[23.738610863917089,62.051435239372786],[23.738621582359841,62.051452383812546],[23.738646476430539,62.051486385999247],[23.738660307545679,62.051503064896913],[23.738689641662333,62.051536183662947],[23.738704513872747,62.051552258225229],[23.738736311543398,62.051584896103506],[23.738753446459274,62.05160093427159],[23.738772405154318,62.051616566291585],[23.73879337017301,62.051631517950447],[23.73880347584489,62.05163795612998],[23.738827619854899,62.051651823865079],[23.738854285014853,62.051664672996921],[23.738883347407441,62.05167623105622],[23.738915513879164,62.051685975659908],[23.738945935648662,62.051692354707818],[23.738982650964431,62.051697166355893],[23.739020608318409,62.05169932091767],[23.739058682008277,62.051698962508013],[23.739096747096255,62.05169725618326],[23.73917241930717,62.051692044733791],[23.739184936157223,62.051690992715415],[23.73929741655153,62.05168062198662],[23.739334328369956,62.051676103105443],[23.739370715786119,62.051670583513321],[23.739390747783542,62.051667103439193],[23.73942598959113,62.051660128208944],[23.739461375484158,62.051653237235463],[23.739497591007865,62.051647713550473],[23.739534615961823,62.051645173917393],[23.739572468587685,62.051646876620474],[23.739608609566965,62.051652581987383],[23.739641989375084,62.051661366762865],[23.739673115044802,62.05167171553002],[23.739702512921887,62.051683182503858],[23.739729751783688,62.051695326236214],[23.739782911130373,62.051721020093211],[23.739810771503901,62.051733259349554],[23.739842231506039,62.051743526125883],[23.739872195405148,62.05174971445787],[23.739909722497629,62.0517530266184],[23.739947825073831,62.051752399104529],[23.739985499429277,62.051749694992544],[23.740023097885828,62.051746270304264],[23.740049182092182,62.051743651841278],[23.740123815283223,62.051735989471929],[23.740160860589231,62.051731653216464],[23.740197247928755,62.051726133406035],[23.740231144181454,62.051719566445236],[23.740265222822984,62.051711476389563],[23.740298117389724,62.051702289188647],[23.740362267038741,62.051682779919453],[23.740380075645081,62.051677540112699],[23.740413114245101,62.05166843714877],[23.740446886440417,62.05166016910492],[23.740481537415945,62.051652631592894],[23.740517228332774,62.051646106942222],[23.740553596413992,62.051640586585847],[23.740576768760143,62.051637809421429],[23.740614214266941,62.051634380963947],[23.740652050659932,62.051631770346226],[23.740728151696089,62.051628625665188],[23.740763265392939,62.051627307414833],[23.740801311216,62.051625600168173],[23.740915467639759,62.051620658506572],[23.740953637153275,62.051619583065182],[23.740983328500384,62.051619205913013],[23.741021545113639,62.051619119878204],[23.741059665800783,62.051619750341345],[23.741097900709168,62.051620922570493],[23.741137385971523,62.051622573541366],[23.741289043662185,62.051631544683097],[23.741478802743675,62.051641684627661],[23.741517037699261,62.051642856741061],[23.741555148827889,62.051643576687631],[23.741570767583287,62.051643765682932],[23.741647172181992,62.051643682447256],[23.741685456045289,62.051642968889126],[23.741723616074399,62.051641803164259],[23.741761652157354,62.051640364963376],[23.741951508935362,62.051629940670608],[23.741958153868879,62.051629558429042],[23.742109231975768,62.051618569038602],[23.742146677406641,62.0516149604736],[23.742187980508511,62.051610185091072],[23.74222475743429,62.051605311860087],[23.742261125170192,62.051599791051629],[23.742297073153654,62.05159372124794],[23.742367843405368,62.051580117501238],[23.742471669711765,62.051557239978273],[23.742480444574177,62.051555200890881],[23.742547999225287,62.051538376539526],[23.742581046533918,62.051529363122057],[23.7426134916767,62.05151989523889],[23.742644888029833,62.051509674842045],[23.742674614246518,62.051498426715021],[23.742702517576607,62.051486147254394],[23.742711198191408,62.051481949611109],[23.742736027192265,62.051468348730999],[23.742759291768671,62.05145416286706],[23.742825886909447,62.051410370757701],[23.742851233324803,62.051394976151734],[23.74287652033335,62.051381565748912],[23.742903211396467,62.051368628719956],[23.742930809121727,62.05135616231243],[23.742958721712913,62.051343972868843],[23.74301451727958,62.051319512405179],[23.743039107018735,62.051308143008846],[23.743065186098843,62.051295020802556],[23.743090311646085,62.051281507722578],[23.743114539981452,62.051267614082875],[23.743137976068279,62.051253432207155],[23.743206106990272,62.051210125398576],[23.743227384064156,62.051196620326714],[23.743250361902174,62.051182247928715],[23.743418143225668,62.051084428211873],[23.743442972544191,62.05107081823769],[23.743449485489595,62.051067198337307],[23.743474456970471,62.051053690543036],[23.743622515104246,62.050971478834761],[23.74363766989315,62.050962411447998],[23.743751763724354,62.050890449486921],[23.743772945430802,62.050877651876263],[23.743893384936339,62.050808094649895],[23.743915884931326,62.050793531185924],[23.74393715257975,62.050778678094133],[23.743941889736135,62.050775016283794],[23.743960800649639,62.050759469686156],[23.74406337382619,62.050661009536945],[23.744082284605501,62.05064546292158],[23.744102444860044,62.050630224300228],[23.744144972142834,62.05060041005796],[23.744167003170009,62.050585754633801],[23.744299250961244,62.050497778552419],[23.744339419249648,62.050467288675435],[23.744358023413003,62.050451564086138],[23.74436806185248,62.050442187275451],[23.744383679223464,62.050425754327058],[23.744397711954875,62.050409104309495],[23.744487566320078,62.050290856197883],[23.744502076252832,62.050274217426292],[23.744517854746224,62.050257887096336],[23.744535037367491,62.050241850435675],[23.744553947640732,62.050226303751543],[23.744567929039881,62.05021621130291],[23.744590417716619,62.050201746305213],[23.744614787649798,62.050187945612848],[23.744640245666233,62.050174529963812],[23.744721343027326,62.050136469836588],[23.744736621160492,62.050129283041436],[23.744841486736963,62.050077138402479],[23.744852266724731,62.050071381892351],[23.744901760148441,62.050044067728336],[23.744925509436293,62.050029982809797],[23.744948312789035,62.05001561502587],[23.744970515794932,62.050000954557227],[23.744991621084175,62.049985998660112],[23.745011474956911,62.049970752695167],[23.74503007942344,62.04995501904807],[23.745046326149392,62.049938780568134],[23.74505907820912,62.049921929584421],[23.74506740198499,62.049904426112747],[23.745070771340998,62.049886536271167],[23.745068488218735,62.049868701815875],[23.74506154673011,62.049852186070041],[23.745048848956994,62.049835265044223],[23.745033687018918,62.049818833972253],[23.745018191890168,62.049802475902986],[23.745005197544774,62.04978689557587],[23.744995601642696,62.04976960744326],[23.744989940053678,62.049751864024032],[23.744987495704397,62.049733926933065],[23.744987656577411,62.049715970415768],[23.744990052236453,62.049698057613888],[23.745002849963196,62.049626590039153],[23.745003224037617,62.04962309484781],[23.745003385857956,62.049605129368153],[23.7450020679658,62.049587218840841],[23.744995076172703,62.049515554134238],[23.744994913424321,62.049497581000438],[23.74499597159063,62.049481613280527],[23.744999492714296,62.049463736003567],[23.745004952624218,62.049445985308424],[23.745012312173213,62.049428369256312],[23.745021102590695,62.049410975623793],[23.745031173144547,62.049393603193849],[23.745040841570454,62.049378557288996],[23.745052505216631,62.049361500949423],[23.745111447628066,62.049276108173508],[23.745119224341174,62.049262104797982],[23.745126755606822,62.049244492790635],[23.745164723747319,62.049118641690256],[23.745172407686084,62.049101033281325],[23.745227119300136,62.048996502235006],[23.74523446805452,62.048978984750882],[23.74523888466863,62.048966330697041],[23.745243055670667,62.048948459756105],[23.745255393148959,62.048840683340416],[23.745258283998965,62.048822791197551],[23.745266291776524,62.048787131280328],[23.745288405181082,62.048716063048857],[23.745290986416354,62.048708397117977],[23.745346315849883,62.048546926930015],[23.745352051205291,62.048529281551787],[23.745377705979418,62.048440318536755],[23.745381819114524,62.048421377055845],[23.745396847582299,62.048314023472223],[23.745398171702512,62.048300218337971],[23.745402139591874,62.048246502847874],[23.745401975628255,62.048228538672234],[23.745400504803655,62.048210624543188],[23.745399867483826,62.048206027345415],[23.745391932297483,62.04817035986536],[23.745386585801612,62.048152534041762],[23.745369867508284,62.04809931908688],[23.745368218873338,62.048093619884497],[23.745361238325529,62.048057974911366],[23.745359471655988,62.04803996395853],[23.745359279033536,62.048022088952735],[23.745360184202202,62.048006117624126],[23.745360975793208,62.047988166994877],[23.745359198577692,62.047970254624275],[23.745351560981305,62.047952734159793],[23.745346781005189,62.047947679891379],[23.745322283553577,62.047934074497626],[23.745289058852432,62.04792529470901],[23.745265967825468,62.047922692723951],[23.745189640612747,62.04792214171966],[23.745165777244893,62.047917814421652],[23.745151877070665,62.047901583806933],[23.745154587421517,62.047883768270431],[23.745161723569712,62.047872885433804],[23.745181089161509,62.047857538105205],[23.745209283894564,62.047845534618126],[23.745243061096431,62.047837166778294],[23.745314078800071,62.047824016753538],[23.745324941983711,62.047821945887605],[23.745359167642782,62.047813858134525],[23.745391599313059,62.047804470220619],[23.745422695096511,62.04779397264204],[23.745452722006483,62.047782910774508],[23.745478747641904,62.047773111235593],[23.745508488228484,62.047761862912381],[23.745597995267513,62.047728133617603],[23.745608726586628,62.047724253707138],[23.745668341185954,62.047701760147724],[23.74569716455111,62.047689960065853],[23.745724748177619,62.047677582685004],[23.745738525943867,62.047670809659472],[23.745813325854318,62.047629994992327],[23.745839811760373,62.047617322169906],[23.745868635937963,62.047605513089117],[23.745897754920879,62.047593989477122],[23.745925662929771,62.047581619706548],[23.745950621703543,62.047568371781779],[23.745968431938884,62.047552529466351],[23.745983253719377,62.047535996753517],[23.745998544134324,62.047519555949449],[23.74600888653633,62.04751018620771],[23.746031553820384,62.047495815073951],[23.746059137134498,62.04748343762396],[23.746090365914917,62.047473122732328],[23.746124295109961,62.04746493796371],[23.746143531339616,62.047461348361367],[23.746180170032837,62.047456282233682],[23.746217866357288,62.047453316481757],[23.746255925784258,62.047451608144854],[23.746291798897229,62.047450656876272],[23.74633005823771,62.047450121235343],[23.746368327163935,62.047449495963292],[23.746406348314459,62.04744796637565],[23.746443912010868,62.047444808758684],[23.746478421768586,62.047440141600873],[23.74651351489625,62.047433062332367],[23.74654640295665,62.047423873595086],[23.746577182993367,62.047413278480136],[23.746598569199612,62.047404618248088],[23.746625713187612,62.047392050641683],[23.746651626058345,62.047378825086746],[23.746702963990607,62.047352281603736],[23.746723863897017,62.047342262194974],[23.746752371551739,62.047330364617132],[23.746783008279344,62.047319676234771],[23.746816326445327,62.047310937821479],[23.746839161444836,62.047306804022526],[23.746876333915061,62.047302828452743],[23.746914488340114,62.047301661255446],[23.746952651637635,62.047302021645535],[23.746982538679035,62.047302815890468],[23.747020596546822,62.047304162087293],[23.747172521511459,62.047312055244433],[23.747249953499303,62.047317294240486],[23.747438836989772,62.047330730096796],[23.747514914513438,62.047333780711327],[23.747526817856432,62.047333971363138],[23.747564952532521,62.047334420755007],[23.747603163799617,62.047334332862881],[23.747755951823507,62.047331113745557],[23.74778970549805,62.047330471535957],[23.747827945508632,62.047330114719884],[23.747904272945679,62.047329038075368],[23.747942465627968,62.047327691802614],[23.747980257830733,62.047325257927298],[23.748017725987012,62.047321558557996],[23.748028847246911,62.047320113505592],[23.748065208830223,62.047314591124739],[23.748100444602326,62.047307604668411],[23.748134496183635,62.047299521132082],[23.748167670801692,62.047290689171042],[23.748172816460229,62.047289283014777],[23.748205819736711,62.047279189159433],[23.74833138861004,62.047238221597084],[23.74845814044162,62.047198180257347],[23.748485033836502,62.047189379943262],[23.748515956119359,62.047178877608346],[23.748576482729504,62.047156952392974],[23.748696631230086,62.047109387891581],[23.748813266144225,62.047062998376028],[23.748843911468906,62.047052219908771],[23.748875902312825,62.047042461438174],[23.748908245881506,62.047033879270757],[23.748942602333639,62.047025982417374],[23.748977961565618,62.04701926819277],[23.749014198631919,62.047013473098822],[23.749050836328504,62.047008406202359],[23.749075989990693,62.047005314964473],[23.749113171395731,62.047001249167309],[23.749150743858845,62.046998001187561],[23.749188697804676,62.046995660645543],[23.749229093968047,62.046994644446144],[23.749267256927229,62.04699500419413],[23.749305476835808,62.046996263735664],[23.749381544229006,62.046999223247212],[23.749405808804681,62.046999794708263],[23.749482220940973,62.046999707509627],[23.749520460020715,62.047000787750306],[23.749549115135544,62.047002540739953],[23.749586198049496,62.047006918046549],[23.749617208098332,62.04701672279824],[23.74962049131156,62.047020744367885],[23.749615426656867,62.047036438040855],[23.749597618616381,62.047052280842259],[23.749572489958634,62.047065705085203],[23.749542160800644,62.047076572017531],[23.749510761759087,62.047086883654359],[23.749495066987148,62.047092084505223],[23.74946487996819,62.047103053599805],[23.749435752253714,62.047114676559623],[23.749379797764472,62.047139135669006],[23.749355595791336,62.047149976157542],[23.749298734510909,62.047173964648479],[23.749269291695633,62.047185490307854],[23.749239104503097,62.047196459351753],[23.749225729420953,62.047201085883572],[23.74909924570883,62.047241493611786],[23.749068916207843,62.04725236043766],[23.749052609895621,62.0472588046851],[23.749025008896542,62.04727118229318],[23.748999412106947,62.047284505566196],[23.748975982792864,62.047298679519855],[23.748954566377549,62.047313538791009],[23.748935507460708,62.047329082512718],[23.748918624712388,62.047345216568488],[23.748902782462121,62.047363791996602],[23.748891139897204,62.047380858096659],[23.748881703206138,62.047398236709043],[23.748866645978673,62.047433461175643],[23.748860263781737,62.047451091427632],[23.748839769262609,62.047504058247391],[23.748838154866856,62.047507164840994],[23.748828869876345,62.047524556008625],[23.748818163567829,62.047541814865554],[23.7488060340911,62.04755877964449],[23.748793102766694,62.047575725534848],[23.748749919003014,62.047625552348222],[23.748735642055959,62.047641478227746],[23.748657585645219,62.047723358328831],[23.748640244401319,62.04773930186311],[23.748622111838856,62.047755127923907],[23.748618941631037,62.047757748634538],[23.748521556152475,62.04783495056644],[23.748502706268646,62.047851577316877],[23.748486309791456,62.047867812629264],[23.748471173263582,62.047884257313818],[23.748457612619173,62.047900999675193],[23.748444833682466,62.047917949127978],[23.7484108217973,62.047969339613346],[23.748400019912673,62.047985877421567],[23.748389016349957,62.048003048386882],[23.748330392092463,62.048088440886559],[23.748317641676259,62.048105301155303],[23.748290681285017,62.048138888473801],[23.748287548764306,62.04814258822163],[23.748273041941367,62.048159227415759],[23.748180485583344,62.048257656796039],[23.748170687374422,62.048267848130706],[23.748154911893192,62.048284178901838],[23.748138667725396,62.048300417767663],[23.74812133538336,62.048316451302036],[23.748102114115206,62.048331892269019],[23.748079913845299,62.048346553262213],[23.748068933478713,62.048352763500169],[23.748042563202397,62.048365789869628],[23.74801451223334,62.048377887157777],[23.747986003112285,62.048389793953504],[23.747958295823928,62.048401719635628],[23.747931610479885,62.048414648715749],[23.747906947591925,62.048428353198076],[23.747885845414402,62.048441872032626],[23.747865669429366,62.048457110782699],[23.747848489587359,62.048473147879619],[23.747834784219805,62.04848980591747],[23.747832472629593,62.048493345306234],[23.747823512268152,62.048510735083546],[23.747818722398645,62.048528501648548],[23.747816805813105,62.048546425759682],[23.747816341166473,62.048564375096504],[23.74781676492487,62.04857849095746],[23.747817883946922,62.048596486592963],[23.747820493171673,62.048614328662858],[23.747825688433966,62.048632150802419],[23.74783658297812,62.048649298609092],[23.747844122076209,62.048657194043287],[23.747863923883894,62.048672485250293],[23.747887048154517,62.048686776579345],[23.747905524837915,62.048697813780024],[23.747927323029494,62.048712514104849],[23.747946781185448,62.04872797689444],[23.747963432544488,62.048744092321684],[23.747976131509439,62.048761013089454],[23.747984077241032,62.048778531653362],[23.747985335342307,62.048783412997025],[23.747986807707189,62.048801327107526],[23.747982963860078,62.048819196827338],[23.747974498918047,62.048836607270964],[23.747961404322403,62.048853459405144],[23.74795542594196,62.048859607794327],[23.747936366484883,62.048875142403368],[23.747913545348954,62.048889519209986],[23.747887488559382,62.048902651775123],[23.747859427445274,62.048914838647832],[23.747830012023012,62.048926265850284],[23.747799507592195,62.048937137294423],[23.747791487715411,62.048939823414969],[23.747759952580186,62.048949951794789],[23.747630787547902,62.048988318528941],[23.74759933959708,62.048997451633582],[23.747567059971427,62.049007023350718],[23.747438333424334,62.049045759630332],[23.747421692336346,62.049050668429103],[23.747256648878594,62.049095916156695],[23.747234451513606,62.049101592460431],[23.747201102811115,62.049110420131079],[23.747168527129535,62.049119715243044],[23.747137745550589,62.049130310477494],[23.74711260545044,62.049143814909193],[23.747109463799422,62.049145987030499],[23.747093065865439,62.049162222165279],[23.747085393562404,62.049179732105721],[23.747082025480267,62.049197622006382],[23.747080108407033,62.049215546102658],[23.74707947443828,62.049224515799821],[23.747077882888934,62.049242438582993],[23.747076624533463,62.049260288356713],[23.747076635776097,62.049278257897171],[23.747079387765421,62.049296193197158],[23.747082848119039,62.04930750554356],[23.747091623065774,62.049324962844402],[23.747103148437166,62.049342116592427],[23.747116515472108,62.049358873493503],[23.747158861096562,62.049408918558221],[23.7471714071389,62.049425835798004],[23.747176205568216,62.049433585819401],[23.74718482882199,62.049451030553122],[23.747190491643028,62.049468773891093],[23.747193243713401,62.049486709188926],[23.74719343643828,62.049504593158225],[23.747191519405856,62.049522517255681],[23.74718735041623,62.049540379299209],[23.747181433538508,62.049558119290431],[23.747173989642967,62.049574924832243],[23.747164398516279,62.049592299712046],[23.747153374558387,62.049609470117126],[23.747140441412231,62.049626415836535],[23.747125619204294,62.049642948666772],[23.747115323699472,62.049653307911989],[23.747097655949212,62.049669243587125],[23.747061882300446,62.049700915928355],[23.747047222010416,62.04971593416353],[23.747020268329209,62.049749431588097],[23.747004490483732,62.049765771177725],[23.746982156012511,62.049780240178762],[23.746969705319948,62.049785157840148],[23.746934485582486,62.049791964744159],[23.746896604755939,62.04979340798689],[23.746858400549474,62.049792148206315],[23.746820425858601,62.049789995360605],[23.746802326282641,62.049789029703554],[23.746764236561688,62.049787952287808],[23.746726003044071,62.049788219168178],[23.746688302906499,62.049791194001145],[23.746653940485864,62.049801974282431],[23.74663897477247,62.049818413837315],[23.746631778389823,62.049835943960517],[23.746625040141382,62.049853664574329],[23.746614523468683,62.049869130833081],[23.746592035036318,62.0498836051311],[23.746561242974099,62.049894110159165],[23.74652820811232,62.049903214620997],[23.746513619405672,62.049907003692567],[23.746480575969326,62.049916009110269],[23.746449487940364,62.049926417292049],[23.746424985476157,62.049940035474428],[23.746422129918432,62.049942573711299],[23.746411115956974,62.049959645470302],[23.746409685333479,62.04997749118327],[23.746411710083862,62.049996316807636],[23.746414786310076,62.050014259767792],[23.746419331807274,62.050032066652015],[23.746425186031647,62.050048017609619],[23.74643411450171,62.050065469587864],[23.746446173491016,62.050082465260786],[23.746461822273012,62.050098826775496],[23.746483783073721,62.050113441307566],[23.746519501007821,62.05012470537946],[23.746557026960772,62.050127836034761],[23.746595165033657,62.050128465408278],[23.746633168970913,62.050130169766405],[23.746648471276441,62.050131878129761],[23.746681526934612,62.050140653557413],[23.746707535326838,62.050153755199467],[23.746726822880294,62.050169205148208],[23.746738310335406,62.050183851315531],[23.7467452905091,62.050201446028176],[23.746747087724962,62.050219358832258],[23.746746737273703,62.050255738358665],[23.746749345982728,62.05027358044201],[23.74675696720443,62.050309339231632],[23.746758268014414,62.050327240335605],[23.746757152564594,62.050345183322897],[23.746754638654185,62.050352221938084],[23.746740751348462,62.050368956462371],[23.746723569807813,62.050384993404485],[23.74668638122802,62.050416281917975],[23.746677023119229,62.050423779161079],[23.74666140698023,62.050440212377055],[23.746649742841516,62.050457277815532],[23.746643358676003,62.050474907945784],[23.746642514354853,62.050484232070126],[23.746646076713418,62.050502105617142],[23.746654041194486,62.050519624701813],[23.746664267379771,62.050536936537682],[23.746674846839511,62.050554166852493],[23.746684061827821,62.050571984947176],[23.746689094471808,62.050589713452595],[23.746689907374474,62.050607701888779],[23.746686874006194,62.050625500841711],[23.746679515113733,62.050643116984929],[23.746678072241551,62.050646047908728],[23.746666579868368,62.050663117397789],[23.746642460036547,62.050697130789572],[23.74663477651529,62.050714739279826],[23.7466337431221,62.050719926014033],[23.746635215708864,62.050737831168014],[23.746643160189347,62.050755358765223],[23.746655201423305,62.050772345008944],[23.746670773883263,62.050789603155998],[23.746687902989031,62.050805729986173],[23.74670703818957,62.050821176339085],[23.746728673994827,62.050835971837977],[23.746753814046329,62.050849502226434],[23.746784396275945,62.050861903022181],[23.7468163926406,62.050871641747477],[23.746849268597749,62.050880673439195],[23.746870039568297,62.050886913126462],[23.746900145188594,62.050897865120689],[23.746927319246435,62.050910455100954],[23.746951800608141,62.050924239466539],[23.746974745657464,62.050938607561591],[23.746997851310365,62.050954695502938],[23.747018322497109,62.050969822891808],[23.747039786718261,62.050984614293746],[23.747064584229285,62.050998307256719],[23.747078290766389,62.051004380430392],[23.747109227337777,62.051014902725868],[23.747142293591455,62.051023768119904],[23.747176037876542,62.051032200251811],[23.747209438342782,62.051040983658517],[23.747216301610482,62.051043032163612],[23.74724707689489,62.051053631487719],[23.747306389741134,62.051079287670952],[23.747416625681684,62.051129045585917],[23.747443141319422,62.051141889481698],[23.747453545128419,62.05114716602241],[23.747578103700032,62.051215140703718],[23.74758617852406,62.051219463894476],[23.747612189177779,62.051232556411037],[23.747639707588938,62.051244974661493],[23.747670128923392,62.051255844069047],[23.747685774410318,62.051260255782282],[23.747720617478954,62.051267545660266],[23.747757504625575,62.051272367992055],[23.747795041712212,62.051275408700178],[23.747814612412526,62.051276408871537],[23.747852713699583,62.051277216698509],[23.74789104433415,62.05127749084042],[23.747967457684076,62.051277314480949],[23.747996174808808,62.051277092567616],[23.748072654585066,62.051277906024247],[23.748110880464203,62.051277548713003],[23.748148839757722,62.051275388184877],[23.748185759421649,62.051270777304985],[23.74820666877805,62.05126659787053],[23.748239103302481,62.051257209310336],[23.748268234521966,62.051245595600165],[23.748294751360387,62.051232653464865],[23.748320523670433,62.05121933440099],[23.748341463189313,62.051208785555097],[23.748368905823341,62.051196314446557],[23.748513476873875,62.051137645134865],[23.748538847201733,62.051126472875197],[23.748565219696872,62.051113446429746],[23.748590352190533,62.051100022401926],[23.748614558802494,62.051086127329668],[23.748684399830648,62.051043397312633],[23.748698026369205,62.051035003184097],[23.748843291790692,62.050951741010493],[23.748857376417266,62.05094353734949],[23.748953283413428,62.050887773487084],[23.74897808138109,62.050874431361777],[23.749003986673657,62.050861295004538],[23.749166355494442,62.050785263650916],[23.749170776423977,62.050783121610721],[23.7491966815555,62.050769985216156],[23.749372488385792,62.050675312549586],[23.749387689662633,62.050667224981481],[23.749413460055983,62.050653914668452],[23.749490716630149,62.050614135155364],[23.749518291979744,62.05059880086467],[23.74954205868805,62.050584715591462],[23.749564546259581,62.050570240808369],[23.749585486497018,62.050555199492777],[23.74960488125334,62.050539753412188],[23.749622376380866,62.050523813366226],[23.749637665433653,62.050507381124191],[23.749648706412692,62.050493086020872],[23.749659576558457,62.050475911814495],[23.749680666752589,62.050441377383926],[23.749694381604357,62.050424629545283],[23.74970744467613,62.050412547346902],[23.749729015698772,62.050397691573281],[23.749755521596359,62.050384838767798],[23.749789338276411,62.050374682780166],[23.749825960759082,62.050369794947457],[23.749863785283505,62.050367271410401],[23.749894535298562,62.050366108674595],[23.749932598260031,62.050364219656593],[23.749969926781432,62.050360426564971],[23.749985546066281,62.050357380166602],[23.750017225054606,62.050347524193036],[23.75004282306373,62.05033420971251],[23.75006268519418,62.050318864423915],[23.750078604870581,62.050302617694051],[23.75010793269767,62.050269445158754],[23.750111380229029,62.050265842633294],[23.750127767598805,62.050249696756275],[23.750145900909715,62.050233870507292],[23.750166077925321,62.050218622465508],[23.750188249923539,62.050204050313816],[23.750212769134876,62.050190261174968],[23.75024196705213,62.05017657319982],[23.75027107833732,62.050164949642109],[23.750301716736487,62.050154260493436],[23.750428335125743,62.050114124205862],[23.750434187777703,62.050112195526182],[23.75046467338241,62.05010132305361],[23.75049425124163,62.050089988958625],[23.750522923270129,62.050078175317552],[23.750550822160154,62.050065894239346],[23.750604948549711,62.050040493090236],[23.750626717988876,62.050029864629614],[23.750703054088834,62.049989712420292],[23.750727115680704,62.04997572374721],[23.750749773113245,62.049961261770406],[23.750770875559866,62.049946304970959],[23.750781216896367,62.049938372398572],[23.750819354324289,62.04990729387341],[23.75084201261895,62.049892822918636],[23.750853756589599,62.049886989820372],[23.750883325478608,62.049875736298141],[23.75091665393472,62.049866916250132],[23.750951166745566,62.049859193241709],[23.750966489766789,62.049856049918432],[23.75100071627255,62.049847960774194],[23.751067842587236,62.049830762926149],[23.751102192101332,62.049822955176104],[23.751137124692523,62.049815781080262],[23.75117049133727,62.049809648272543],[23.751352043139796,62.049781855202895],[23.751387424225488,62.04977496113947],[23.751421640957776,62.049766961510329],[23.75145407290011,62.049757572176127],[23.751462932861777,62.049754546231284],[23.751491908673458,62.049742928226543],[23.75151904326399,62.049730269592004],[23.751582640346115,62.049697723583996],[23.751597802257436,62.049689994247956],[23.751625700359426,62.049677712946803],[23.751655278334241,62.049666369634828],[23.751686535225605,62.049655973273083],[23.751719110137905,62.049646677090536],[23.751753326640163,62.049638677377537],[23.751788984186838,62.049632238951972],[23.751825777300521,62.049627354624029],[23.7518425411815,62.049625772497727],[23.751880498176384,62.049623610927959],[23.751918655363934,62.049622442366129],[23.751994949631957,62.049620293414698],[23.752032897088746,62.049618041732728],[23.752038749150646,62.04961755051238],[23.752075818928827,62.049613121859458],[23.752111590837707,62.049607045427614],[23.752146103057427,62.049599322116322],[23.752179450901053,62.049590493245979],[23.752244341683202,62.049571454307127],[23.752273842382213,62.049562265356606],[23.752493434792235,62.049490631500177],[23.752523708934469,62.049480113004293],[23.752615790523564,62.049448057010594],[23.752647630031518,62.049438114393034],[23.7526803666854,62.049428911643545],[23.752706362938142,62.049422425388158],[23.752741008402985,62.049414884760907],[23.752776664527726,62.049408455039099],[23.75281300865678,62.049403110662105],[23.752850087634741,62.049398592177724],[23.75288738596684,62.049394887458597],[23.752926717487423,62.049391859481347],[23.752964521425646,62.049389514326869],[23.753078353155963,62.049382848063921],[23.753115793615425,62.049379425149944],[23.753137177937131,62.049376873402906],[23.75317353153531,62.049371439309319],[23.753209054872414,62.049364817677912],[23.753243576112439,62.049357004467389],[23.753310384180477,62.049339537527942],[23.753343120531646,62.049330334619142],[23.753357908705087,62.049326100305805],[23.753390358723156,62.049316531267145],[23.753454342342508,62.049297012229211],[23.753485731854543,62.04928679828776],[23.753516664164664,62.049276205217282],[23.753550059779752,62.049263873155596],[23.753582376746085,62.049251066486669],[23.753723414986624,62.049190521004995],[23.753752218569907,62.049178709821398],[23.753985956642914,62.049086202711642],[23.754013872326745,62.049073921366038],[23.75403132350905,62.049065895214056],[23.7540837375549,62.049039814601997],[23.754132761949503,62.049012315555686],[23.754156191187448,62.048998131760726],[23.754201206365433,62.048969100876725],[23.754209885013623,62.048963285273416],[23.754337552207538,62.048873943594536],[23.754354852010675,62.048862850096093],[23.754451220632372,62.048807084552408],[23.754470610964145,62.048795950350403],[23.75454246213139,62.048753983619982],[23.754568371826657,62.048740765528635],[23.754596124691801,62.048728390399823],[23.754605700151213,62.048724572472295],[23.754636182853822,62.048713878749126],[23.754668326380067,62.048704122528882],[23.75470136612461,62.04869511512581],[23.754801652563685,62.048668991819397],[23.754816917516617,62.048664768567846],[23.754848917759503,62.048654919092613],[23.754880000703196,62.048644517952795],[23.754969185157783,62.048610685283705],[23.75499005428604,62.048602550697687],[23.755197549444791,62.048523260982023],[23.75521130615429,62.048518103772963],[23.755284758054575,62.048489821917045],[23.755359029875873,62.048461208898949],[23.755384423884724,62.048451383704126],[23.755558523658333,62.048381371198154],[23.755576939119784,62.048373448391175],[23.755604672121397,62.048361252296665],[23.755659249453522,62.048336039574743],[23.755711517670999,62.048309865113687],[23.75573679647658,62.048296452296569],[23.75576115986064,62.048282649590455],[23.755769599244267,62.048277636886787],[23.755793027151523,62.048263452804036],[23.755815509074974,62.048248985930059],[23.755837085110862,62.04823421923853],[23.755857878413973,62.048219074763146],[23.755877391615357,62.048203729490773],[23.75589048069234,62.048192806385934],[23.755908286165809,62.048176962757942],[23.755925012973783,62.048160824238032],[23.755940612419153,62.048144488512598],[23.755955115065785,62.048127848485166],[23.755968509444493,62.048111011701685],[23.755980787909809,62.048094049859507],[23.755987920254025,62.048083166438488],[23.755998289549819,62.048065980032383],[23.756031353320875,62.048014385917227],[23.756036975921283,62.048007069833695],[23.756051793447849,62.047990527044291],[23.756068644158056,62.047974481267637],[23.756087088010549,62.047958751453812],[23.7560925584093,62.04795429787675],[23.756109968606701,62.047964769796494],[23.756119161391393,62.04797081684584],[23.756161741410608,62.048000658094665],[23.756170131409419,62.048006695258131],[23.756190767549302,62.048021735277686],[23.756210230464148,62.048037187966692],[23.756228785258919,62.048055054135595],[23.756238243963292,62.048064530555465],[23.756253735702721,62.048080968062095],[23.756267928239815,62.048097563710982],[23.756275821277441,62.048108261176445],[23.756287865955205,62.048125255576316],[23.756291788609634,62.048130648670593],[23.756298355895954,62.048140137996945],[23.756307900667824,62.048148807820404],[23.75631320778017,62.048151987301075],[23.756342617275077,62.048163370096809],[23.756354358352421,62.048166521082891],[23.756389725125491,62.048173371876317],[23.756428118300569,62.048177688247719],[23.756465652515431,62.04818072658054],[23.756473012350142,62.048181348760473],[23.756548032998545,62.048188053189563],[23.756586073360456,62.048189576002443],[23.756615283970024,62.048189184249921],[23.756691174672778,62.048184857998478],[23.756730781078797,62.048182104966251],[23.756737787880471,62.04818137114804],[23.756774148985574,62.048175846470677],[23.756798949811092,62.04817157753488],[23.756833888750752,62.048164312353677],[23.756847816685134,62.048160596546268],[23.756880253864452,62.048151125254186],[23.756949884028696,62.048131377961326],[23.756955373106564,62.048129799859247],[23.756988546139983,62.048120965768845],[23.757023914493423,62.048114159859985],[23.757051110112631,62.048111663202945],[23.757057410437088,62.048111451845557],[23.757095488954832,62.048112616032114],[23.757107612156773,62.048113619629738],[23.757144345278647,62.048118426889843],[23.757161470231807,62.048122423063781],[23.757192607948927,62.04813267828019],[23.757210687155808,62.048140111010497],[23.757239724663272,62.048151754407748],[23.757255618108235,62.048156889633276],[23.757288149685056,62.048166279114888],[23.75729784807541,62.04816902264605],[23.757330008316753,62.048178663946516],[23.757335305191379,62.048180324750177],[23.757367312704517,62.048190142145245],[23.757400340618247,62.048200801101693],[23.757401887005098,62.048201376505318],[23.757411577174871,62.048190553108533],[23.759114390278256,62.046292652754701],[23.758927073211922,62.046274957043146],[23.758815832454733,62.046261922679655],[23.758779139477994,62.046256937081338],[23.758742819767747,62.046251322333497],[23.758707273292902,62.04624473743047],[23.758672442774987,62.046237360719338],[23.758638509581903,62.046229106614106],[23.758605483256193,62.046220065185388],[23.758573659709125,62.046210153537402],[23.758544298891348,62.046199940336209],[23.758534839687048,62.046196393888295],[23.757969969981513,62.045982177324994],[23.757939702839636,62.045971313777599],[23.757925585818871,62.045966220340432],[23.757456162297064,62.045812005444894],[23.757424186832367,62.045802089948758],[23.757007636980415,62.045675072111436],[23.75697562360768,62.045665335307476],[23.756966899640375,62.045662614634985],[23.756904494820393,62.045641930252323],[23.756785357565892,62.045596903191743],[23.756767251270173,62.045589918969647],[23.75667787377856,62.045556201920867],[23.756658345346736,62.045548914726815],[23.756633889204153,62.045562176295874],[23.756039234344918,62.045838888554044],[23.756024745810535,62.045831180651142],[23.755972774980414,62.045804901092431],[23.755966179697676,62.045801781158971],[23.755910630250757,62.045777115551246],[23.755896446990786,62.045771032036519],[23.755839884838192,62.045746890655373],[23.755808282752138,62.045733479558045],[23.755781271806878,62.045720805292355],[23.755764196864693,62.045711688875237],[23.755717428886136,62.045683285360049],[23.755696994590103,62.045670855513421],[23.755650236268067,62.045642542046188],[23.755642390931804,62.045637505945919],[23.75557616400782,62.045593631698551],[23.75555417427277,62.045579278498977],[23.75550891489738,62.045550371293267],[23.755464667468857,62.045520948784095],[23.755445197903555,62.045505576657455],[23.755393709254864,62.045455049778262],[23.755371739313841,62.045437462555668],[23.755329468072759,62.045407637225416],[23.755308690935774,62.045392503875256],[23.755284630745209,62.045374777650984],[23.755247141382345,62.045347131169493],[23.755225171128057,62.045332418985481],[23.755202227245885,62.045318043291616],[23.755178271586473,62.045303823498479],[23.755128154261413,62.045276688708817],[23.755101993582027,62.045263585058088],[23.754966445303523,62.045200389990605],[23.754960146101322,62.045197546504362],[23.754797425170175,62.045121771840577],[23.754769050149832,62.045109694208264],[23.754751460069588,62.045102542154432],[23.754722073226322,62.045090979796583],[23.754604152753306,62.045045359432365],[23.75457543423137,62.045033453372447],[23.754547746647866,62.045021212164421],[23.75454254513431,62.045018664007941],[23.754466259122573,62.044978514846434],[23.754439411684867,62.044965754295191],[23.754409852294376,62.044954376485592],[23.754377496837698,62.044944990390988],[23.75436220651202,62.044941755745974],[23.754325698246948,62.044936494744448],[23.754287996447548,62.044933451816185],[23.754250199030569,62.044931305089492],[23.754228580073573,62.044929988057206],[23.754190859167291,62.044927124344902],[23.75407832674443,62.044917110431925],[23.75404038624627,62.04491469074388],[23.754002340521723,62.044913436569367],[23.753985102437998,62.044913390530979],[23.753947094377239,62.044914652917036],[23.753909248258562,62.044917446484789],[23.753872089099847,62.044921514044567],[23.753835445164796,62.044926492173438],[23.753690969360552,62.0449500388454],[23.753673940663333,62.044952693076063],[23.753600366337615,62.044962462791197],[23.753563198476833,62.044966610926195],[23.75326521791003,62.044998594682227],[23.753228422025881,62.045003560093953],[23.753219096328682,62.045004868094956],[23.753182738412573,62.045010391859066],[23.753145941544712,62.045015366210748],[23.753118432444342,62.045017953513437],[23.753080395483707,62.045019664214259],[23.753042234924468,62.045019305536186],[23.753004275214849,62.045017244496542],[23.752966754875718,62.045013935937455],[23.752929444618665,62.045010272926042],[23.752908379444996,62.045008249946598],[23.752870859128144,62.04500494136159],[23.752833138268066,62.045002077278603],[23.75279520729633,62.044999747318535],[23.752757161571367,62.044998313109346],[23.752719010612452,62.044997864721125],[23.752688648045982,62.044998498032626],[23.752650763807011,62.045000212208294],[23.752613070146261,62.045003188703689],[23.752575748524784,62.045006982558014],[23.752501917091667,62.045016287430613],[23.752473319502808,62.04502010683975],[23.752252270507416,62.045048507843411],[23.752215073709966,62.04505274478533],[23.752140315752481,62.045060149880499],[23.752099806062205,62.045063688892995],[23.751873414491058,62.045080283572894],[23.751835969636385,62.045083795806875],[23.751798628635651,62.04508794838285],[23.751769706419005,62.045091580316324],[23.751733195428919,62.045097100102012],[23.751697524124168,62.045103538102531],[23.751663179165096,62.045111355003556],[23.751654549869123,62.045113667598869],[23.751622562900319,62.045123417772814],[23.751592388127929,62.045134477423424],[23.751563578075793,62.045146198111851],[23.751535827306469,62.045158572650038],[23.751480956570028,62.045183507265797],[23.75145730115273,62.045193732027094],[23.751427727502914,62.045205075331147],[23.751395090840703,62.045216427394521],[23.751173884677563,62.045286951898767],[23.751142793427235,62.045297450805855],[23.751112304363829,62.045308224435644],[23.751053166082148,62.045331000956196],[23.751024498784574,62.045342814745212],[23.750996290471068,62.045354989733589],[23.750968854238124,62.045367461415147],[23.750942038323508,62.045380217233181],[23.750923651785637,62.045389308095416],[23.750897915234695,62.045402529561294],[23.750794908609365,62.045455620604216],[23.750767624923114,62.04546809583983],[23.750739110049576,62.045480092854291],[23.750726174911044,62.045485089257909],[23.750695542366007,62.045495769576917],[23.75056984072517,62.045536646150261],[23.750539789219385,62.045547798331931],[23.750511445992263,62.045559799343238],[23.750504992518408,62.045562881867504],[23.750479236548799,62.045576102803409],[23.750453804072659,62.045589520028408],[23.750426968656583,62.045602275293888],[23.750408639682565,62.045609570522608],[23.750375744264932,62.045618679094332],[23.750340092116332,62.045625108225231],[23.750303322724736,62.045629992639604],[23.750288794517704,62.045631627183738],[23.750251366945331,62.045635148393586],[23.750213529194472,62.045637851319029],[23.750175624889813,62.04563974405086],[23.750137472708342,62.045640732473075],[23.750099282644499,62.045640821530206],[23.750061035671756,62.045639831081608],[23.750023046750545,62.045637858389924],[23.750016346249573,62.045637341225088],[23.749978825497166,62.045634031851364],[23.749941553228943,62.045629829855898],[23.74990484434268,62.045625012193049],[23.749722207707638,62.045598519258021],[23.749685489319226,62.045593791158062],[23.749648226656721,62.045589679154368],[23.749639607716947,62.045588847252461],[23.749601896041888,62.045585892663361],[23.74952589925282,62.045582126259667],[23.749373322492513,62.045577364825711],[23.749353125358418,62.045576529752253],[23.749315126990506,62.045574646487331],[23.749277195669663,62.045572135866927],[23.749239665441255,62.045569095605167],[23.749202164018918,62.045565606780002],[23.749164882304505,62.045561673887924],[23.749127810787442,62.045557206858753],[23.749054621858974,62.045546866687118],[23.749018495830256,62.045541074203797],[23.748995398180316,62.045537115981666],[23.748959845208503,62.045530438517744],[23.748925208906982,62.045522884173828],[23.748892701861589,62.045513493204375],[23.748871658070165,62.045505180871253],[23.748846520451501,62.045491659844544],[23.748826901556129,62.045476283209496],[23.748811568814997,62.04545983953517],[23.748798374299458,62.045443086842567],[23.748786954204277,62.045426384932256],[23.748775897991155,62.04540914352998],[23.748756075499916,62.045374543957578],[23.748747462964214,62.045357000732196],[23.748740005409864,62.045339394867554],[23.748733682787144,62.045321734876211],[23.748731452197109,62.045313955545836],[23.748727068264174,62.045296062700089],[23.748724153295932,62.045278213443218],[23.748722508796408,62.045260295283747],[23.74872297960443,62.04522437682683],[23.748724723580356,62.045206448643619],[23.748727603362138,62.045188637062964],[23.74873112172375,62.045170759663712],[23.748735614616699,62.045152896236836],[23.748739131616915,62.045141119371273],[23.748758336073383,62.04508803234171],[23.748766006314124,62.045070522286409],[23.748810298028609,62.044983255697616],[23.748813497739018,62.0449774910605],[23.748822924098132,62.044960202063628],[23.748883819255063,62.044856354604043],[23.748892156846679,62.044843163902748],[23.748903654301269,62.044826013534802],[23.748915782588785,62.044809048734052],[23.748928855761381,62.044792196036283],[23.748943054177055,62.044775558520776],[23.748959295980285,62.044759319538024],[23.748977895154358,62.044743585314357],[23.748994345446235,62.044731304477288],[23.749062615465924,62.0446880882605],[23.749083399098307,62.044673043387839],[23.749100423372859,62.044657002514086],[23.74911056545621,62.044641967533408],[23.749115047504105,62.04462420267383],[23.74911262013153,62.044606266080933],[23.74910580206453,62.04458858545177],[23.749096386756914,62.044571212014681],[23.74909279998689,62.044565557057361],[23.749041273298548,62.044495799588539],[23.749030541781831,62.04447856585012],[23.749020964257085,62.044461278431648],[23.749018017039152,62.044455548690401],[23.749003262075163,62.044426360460506],[23.748999647201845,62.044419357143227],[23.748989086580366,62.044402136410753],[23.748976196109837,62.044390062898202],[23.748949513743746,62.044377394964933],[23.748915566162829,62.04436931774093],[23.748878247636245,62.044365743263697],[23.748842807564134,62.044367154574729],[23.748806878993935,62.044373136532229],[23.748771942579076,62.044380399701744],[23.748735050547531,62.044384831556862],[23.748727815710005,62.044384661122045],[23.748694221435201,62.044376322626732],[23.748663806531834,62.044365453478754],[23.748637505214919,62.044355130464268],[23.748603758283856,62.04434678834965],[23.748575554838705,62.044343698065497],[23.748537928681795,62.044346046106583],[23.748504633427935,62.044354605721892]],[[23.793265311280145,62.046262981706136],[23.796468964755633,62.04917955233195],[23.800413669126268,62.048265262827229],[23.79969930785542,62.047514444722637],[23.799653309979355,62.047466129374619],[23.79965374255266,62.047475842533032],[23.799652812118612,62.047493780732431],[23.799649433686707,62.047509155530747],[23.799642583488943,62.047526785770636],[23.799632707761077,62.047544067344077],[23.799620597055853,62.047561126392971],[23.799607063616971,62.04757788292163],[23.799591946217344,62.047594414050828],[23.799573394033377,62.047613030773022],[23.799555936040392,62.04762888770626],[23.799536874988995,62.047644518795828],[23.799516428205191,62.047659677517572],[23.799494119092156,62.047674164147963],[23.799469146483798,62.047687771437374],[23.799441441092007,62.047700066527533],[23.799410956013986,62.04771094950101],[23.799384514334623,62.047718691849447],[23.799350313130248,62.047726694498884],[23.799314524228937,62.047733052120016],[23.799277740671052,62.047737949166539],[23.799240574105703,62.047741938883881],[23.799202986810617,62.047745379772181],[23.79912748579271,62.047750816447795],[23.799108987378826,62.047752004661596],[23.798578027840655,62.047782258757309],[23.79855282932883,62.047784369622882],[23.798364852390105,62.047800314285084],[23.798327034700289,62.047802851155048],[23.798289024735645,62.047804305428627],[23.798250803183862,62.047804496969903],[23.798212598710453,62.047803071707371],[23.79817506023787,62.047799865006127],[23.798138559738284,62.047794615963582],[23.798103879781333,62.047787163046181],[23.798071707697218,62.047777522199389],[23.798054048923145,62.04777073364658],[23.798027351417829,62.047757994390849],[23.798003183163456,62.047744136848358],[23.797917758879166,62.047684574221869],[23.797898881287374,62.047672456584543],[23.797875085125295,62.047658338117841],[23.797850076459731,62.047644829409151],[23.797823713875367,62.04763181936444],[23.797796015742719,62.047619497081293],[23.797766762611563,62.047607947311604],[23.797735983230325,62.047597260565212],[23.797703810520741,62.04758762859705],[23.797697862364725,62.047585954268349],[23.79766426874394,62.047577457295539],[23.79762943641504,62.047570000717528],[23.797593841736646,62.047563604569838],[23.79755735106021,62.047558265751064],[23.797520269637683,62.047553811655078],[23.797482959998085,62.047550071005048],[23.797445231217093,62.047547039370954],[23.797407455480133,62.047544635544192],[23.797369470391999,62.04754276591288],[23.797355666530922,62.047542265938588],[23.797165019587627,62.047536135243661],[23.797127300512901,62.047533193590972],[23.797090390799468,62.047528563674497],[23.797054824816446,62.047522078206981],[23.79702159471093,62.047513221148769],[23.79699198909984,62.047501932560465],[23.796966149042838,62.047487236419009],[23.796945674192081,62.047472116728031],[23.796891854100199,62.047424517303746],[23.796872543513164,62.047409065242938],[23.796869218900223,62.047406831836767],[23.7968460723399,62.047392548567771],[23.796820730348365,62.047379121769517],[23.796794225354109,62.04736619805567],[23.796654506381405,62.04730501518808],[23.796628144605105,62.047292004919861],[23.796603327501703,62.047278320728402],[23.796581660256809,62.047263622523921],[23.796571053283149,62.047254212269891],[23.79655668628736,62.047237617078622],[23.796546259889354,62.047220313731017],[23.796538926914206,62.047202713816972],[23.796534199675477,62.04718490484688],[23.796531733784079,62.047167067500339],[23.796531044173094,62.047149082707008],[23.796540521205081,62.047005669149335],[23.796539768705458,62.046999003232941],[23.796514903404095,62.046874019224084],[23.796513230687488,62.046856101456662],[23.796513686592093,62.046838143248898],[23.796516376225419,62.046820236884216],[23.796521957410146,62.046802496458426],[23.796530546793175,62.046785086397648],[23.79654298251555,62.046768044122601],[23.796559343468221,62.046751892558227],[23.79657108335407,62.046742911101937],[23.796593717706894,62.046728432479355],[23.7966177454276,62.046714534239456],[23.796719283089974,62.046660837110906],[23.796743168348847,62.046646836716334],[23.796765334696083,62.046632257362731],[23.796784835832309,62.046616816542404],[23.796800260871045,62.046600463544713],[23.796809346415547,62.046583064984389],[23.796810787535122,62.046567744100663],[23.79680606022465,62.04654993513806],[23.796795806675913,62.046532626833532],[23.79678078039241,62.046516115188709],[23.796762606046791,62.04650041993802],[23.796741626130455,62.046485378325059],[23.796718135943287,62.046471275718069],[23.796692299544411,62.046458008110513],[23.796664412231141,62.046445860870655],[23.79663030069301,62.046433209793584],[23.796598636106715,62.046423310816827],[23.796565225122162,62.046414548255861],[23.796530394393542,62.046407091410018],[23.79649446752817,62.046400956773411],[23.796457749985063,62.046396151434926],[23.796420460777828,62.046392231257649],[23.796382924244611,62.046389024081179],[23.796345006529883,62.046386347110655],[23.796269010863199,62.046382696453961],[23.796192692570386,62.04638065545776],[23.79569498340301,62.046379963965833],[23.795671653903756,62.046379602047679],[23.795556993174173,62.046378916651214],[23.795480746031412,62.046380560516063],[23.795442814928826,62.046382734561384],[23.795405506262497,62.046386630083866],[23.795369297311737,62.046392258165447],[23.79533436933588,62.046399533171588],[23.795303672175688,62.046407885701086],[23.795272164631747,62.046417935428735],[23.795150424827852,62.046461369446483],[23.79511860206647,62.046471321977599],[23.795084830310699,62.0464797917422],[23.79506445499791,62.04648354129899],[23.795027547903729,62.046488164798753],[23.794989616638091,62.046490338718435],[23.794951443960205,62.046490081233344],[23.794913680137995,62.046487578146674],[23.794876590035663,62.046483221938374],[23.794840282210039,62.046477617084868],[23.794804517791022,62.046471395932187],[23.794733932498339,62.046457627849108],[23.794596032335431,62.046426663604016],[23.7945225695027,62.046409693025986],[23.794452709150278,62.046395222878004],[23.794417145067097,62.046388736742465],[23.794380637284327,62.046383396652828],[23.794342882146452,62.046380812748964],[23.794304960215833,62.046382717163674],[23.794270213272394,62.046389906265041],[23.794243222033192,62.046401408318516],[23.794219795171696,62.046415589647182],[23.79417812546205,62.046445609033086],[23.794156416420673,62.046460378299493],[23.794132234116457,62.046474281520467],[23.794103888055929,62.04648647083323],[23.794072208218608,62.046496516292919],[23.794037854108364,62.046504334387251],[23.794001654419869,62.046510052175627],[23.793964230278547,62.046513405567381],[23.793926106608776,62.046514316910304],[23.793911320169364,62.04651388360319],[23.793873555466998,62.046511389194876],[23.793836847672395,62.046506493536704],[23.793801845903076,62.046499211707811],[23.79376931402161,62.046489741141535],[23.79373956659057,62.046478547351576],[23.793712014259096,62.046466137744879],[23.793658989445241,62.046440288700005],[23.793608835555979,62.046413167649334],[23.793515055487614,62.04635655251667],[23.793508092272244,62.046352347767851],[23.793337657339706,62.046255498413345],[23.799980816840048,62.045569555607806],[23.800490496510498,62.045344399554068],[23.801741500009111,62.044792032957176],[23.79770088108371,62.042707015284229],[23.797488154696268,62.042597159507892],[23.78033839633434,62.033742976965151],[23.779614633909937,62.033820765407455],[23.779649208990918,62.033829020496853],[23.779715982090163,62.033846481434736],[23.779780819311483,62.033865424522816],[23.779843386879531,62.033886111508878],[23.779873459377693,62.033897145481738],[23.779902703017335,62.033908600344546],[23.779931058770412,62.03392067237904],[23.779958231735204,62.033933255874381],[23.779984231512458,62.033946440900181],[23.780008877699366,62.03396012441781],[23.780032006249723,62.03397441041372],[23.780053914081346,62.033989566367588],[23.780073713401087,62.034004942648686],[23.780091863274542,62.034020720675727],[23.780108342719991,62.034036917928745],[23.780123028581922,62.034053432705157],[23.780135921806014,62.034070256043172],[23.780135911375783,62.034070354629144],[23.780147144595222,62.034087498608727],[23.780156735823219,62.034104792945556],[23.780164533457302,62.034122404807469],[23.780170738639704,62.034140060369502],[23.780175215408683,62.034157055669205],[23.780175454490109,62.034157869851953],[23.780178711467798,62.034175726151958],[23.780180819229173,62.034202998330422],[23.780181511976203,62.034211639602567],[23.780178027435863,62.03431925533102],[23.780174597377236,62.034341007593511],[23.78014468267682,62.034533889283793],[23.780144035859664,62.034536928915784],[23.780081139826102,62.034822380809416],[23.780059958579788,62.034880995476598],[23.780010777151873,62.035016924118032],[23.779993387207494,62.035051818360756],[23.77997264779523,62.035086364904686],[23.779948767762793,62.035120397916906],[23.779921682262206,62.035153987758562],[23.779891619227378,62.03518696904181],[23.779874921975019,62.03520320068904],[23.77985839634426,62.035219256649867],[23.779803304388324,62.035266388384137],[23.779742104387772,62.035311940035498],[23.779733091141505,62.035317928986245],[23.779710772444986,62.035332502062971],[23.779577591879594,62.035412841814505],[23.779452670767945,62.035488163215661],[23.779408644594145,62.035517494254194],[23.779368520874801,62.035548093331329],[23.779350105208461,62.035563745745392],[23.779332778507616,62.035579773969062],[23.779316729605529,62.035596020689326],[23.779309578342893,62.035604299196706],[23.779302256265566,62.035612564732439],[23.77928903215852,62.035629416451172],[23.779277382669051,62.035646574455974],[23.779267498529357,62.035663863509242],[23.779259371205608,62.035681364272584],[23.779253151478883,62.035699098234524],[23.779248678974874,62.035716953838111],[23.779246686038082,62.035734157541903],[23.779246086718597,62.035752112532876],[23.779249353389272,62.035859715151986],[23.779248583254496,62.035877657171348],[23.779245712870971,62.035895559154007],[23.779240294639802,62.035913311823251],[23.779231842792107,62.035930805011283],[23.779219563245736,62.035947768617426],[23.779202731502551,62.035963817366131],[23.779180727972886,62.035978478585044],[23.779153311688301,62.035990956012107],[23.779143943303005,62.035994151448008],[23.779111219548842,62.036003450256999],[23.779008208524811,62.036027001973189],[23.778974434591778,62.036035557478151],[23.778942627140047,62.036045416707005],[23.778921507450072,62.036054617979218],[23.778897803902773,62.036068709387884],[23.77887938767336,62.036084361734474],[23.778865695490826,62.036101112647927],[23.778856126864369,62.036118489902876],[23.778849897208335,62.036136133774598],[23.778846549444427,62.036154024609139],[23.778845626382086,62.036171963059971],[23.778847471417901,62.036297501503853],[23.778846294175391,62.036307177273635],[23.778842794657866,62.03632505558123],[23.778837671978501,62.036342904983222],[23.778831289583433,62.036360545289199],[23.778823629445721,62.036378146783562],[23.778814708639452,62.036395548143879],[23.778793814255092,62.036430090926132],[23.778769274276801,62.03646400953442],[23.778741421786464,62.036497410571926],[23.778694810154395,62.036546626632564],[23.778573731957309,62.036658594952904],[23.778555082815629,62.036729757004785],[23.778549015127613,62.036747494492957],[23.778541507403641,62.036765099533504],[23.77853241455097,62.03678249686304],[23.77852079362415,62.036801003157201],[23.778508046627177,62.036817856968774],[23.778404602450625,62.036933659931819],[23.778391863979952,62.036950612762936],[23.778384752776663,62.036961398839601],[23.778375354409562,62.036978789028282],[23.778330838313352,62.037085725370247],[23.778320628696772,62.037103006771289],[23.778308988512698,62.037120066098232],[23.778282070186261,62.037153668558886],[23.778186181385188,62.037251400275522],[23.778180249483743,62.037257371235462],[23.778150162394027,62.037290360621597],[23.778136641967688,62.037307106502091],[23.778124676198608,62.037324167198946],[23.778115105796481,62.037341553356924],[23.77810721723878,62.037361305766282],[23.778093508590544,62.037414703984197],[23.778083623176972,62.037431992940775],[23.778068144531687,62.037447174715517],[23.778043963195305,62.03746106617038],[23.778013967705377,62.037472045659619],[23.777980946027387,62.037481067740593],[23.77794690277884,62.037489257356604],[23.777923317420473,62.037494447747456],[23.777714636614043,62.037539079595362],[23.777680584584587,62.037547170113392],[23.777657924097188,62.0375528402664],[23.777527641813617,62.037590309043871],[23.777303696543413,62.037658922835504],[23.777270828191519,62.037668119039459],[23.777247614361389,62.037674315274884],[23.777145015481999,62.037698423394524],[23.776866355834688,62.037757394075733],[23.77679841120656,62.037773686238225],[23.776696251760939,62.037798154695018],[23.776661186194733,62.037805331830711],[23.776625261168256,62.037811410741909],[23.776588495672833,62.037816212181376],[23.776551080569668,62.037819740606807],[23.776513139871561,62.037821909069415],[23.776499427142522,62.037822217662296],[23.776475045705929,62.037822636416458],[23.776446894505462,62.037822338189926],[23.776408894412668,62.037820552055706],[23.776371389684016,62.037817160272517],[23.776334914531823,62.037811815940138],[23.776304526090239,62.03780355905856],[23.776297644791335,62.037801691249228],[23.776276480789452,62.037787091166109],[23.776271260053797,62.037769368562756],[23.776276050549388,62.037751601314184],[23.776286261550695,62.037734320074833],[23.776299784135809,62.037717565422064],[23.776378694559636,62.037635870926955],[23.776393008198507,62.037619233575455],[23.77640591034335,62.037602374575165],[23.776409962588136,62.037596090240356],[23.776418913716597,62.037578599871999],[23.776424286268917,62.037562741946815],[23.776424972379342,62.037560961074092],[23.776427825520681,62.037543058719855],[23.776427319609599,62.037525077897428],[23.776423081680797,62.0375072884137],[23.776415275914605,62.037489765979487],[23.77640338615663,62.0374726872111],[23.776387058624458,62.037456502052436],[23.776365751528697,62.037441629101366],[23.776339588220853,62.037428529446764],[23.776314944392723,62.037419508309789],[23.776281549200348,62.037410740934469],[23.776246552663764,62.03740354436686],[23.776175243605984,62.037390737670556],[23.776140075444694,62.037383716755684],[23.776106147186152,62.037375466968385],[23.776093663433052,62.037371581512915],[23.776064437997832,62.037360117319125],[23.776039447455481,62.037346604762675],[23.776018655817111,62.037331564106346],[23.776001671115971,62.037315444404022],[23.775987653875127,62.037298765114372],[23.775976421877239,62.037281620810646],[23.775967633575416,62.037264165234866],[23.775964461171657,62.037256005061558],[23.775948352256499,62.037184669077604],[23.775942980072493,62.037166933932959],[23.775935336842601,62.037149325417339],[23.775931678677761,62.03714286094943],[23.775918633856119,62.037126033664563],[23.775903137780297,62.037109589347203],[23.775833052197104,62.037045877883678],[23.775821576019588,62.037034109577533],[23.775807872912051,62.037017356744443],[23.775769073204351,62.03696389980913],[23.775753901736966,62.036947463056599],[23.775667834379558,62.036867385652585],[23.775659145836293,62.036859644633985],[23.775609347727858,62.036811222528442],[23.775591198574663,62.036795443921775],[23.775568900087212,62.036780907047081],[23.775541201755619,62.036768579961823],[23.7755057091906,62.036759934078532],[23.775467929734308,62.036757703592073],[23.775430286339244,62.036760327908794],[23.775394085356091,62.03676595080946],[23.775290170634307,62.036788768945037],[23.775279121760327,62.036791206097284],[23.775244038902461,62.036798373471093],[23.775208563521069,62.036804911731991],[23.775172486632524,62.036810807011378],[23.775135865404526,62.036815880954521],[23.775098671256821,62.0368202227381],[23.775061113949409,62.03682347788348],[23.775023212482569,62.036825467144119],[23.774985110042991,62.036826283711143],[23.774946836080101,62.036825649752892],[23.774922463272606,62.036824550039093],[23.774884750273756,62.036821692030998],[23.774847504208005,62.036817497249103],[23.774810992445346,62.036812331323198],[23.77477489063072,62.036806366362988],[23.774739523212002,62.036799609952013],[23.774670238103322,62.036784513775096],[23.774465997095746,62.036735634847162],[23.774455776111058,62.03673332949441],[23.774385766408557,62.036718934993289],[23.774314478842399,62.036706127796506],[23.774241865732801,62.036694996632903],[23.774131052355123,62.036681094650582],[23.774018800568829,62.036670294545821],[23.773940941858296,62.036664610987188],[23.773827022521257,62.036658713222579],[23.773750749470022,62.036656480743709],[23.773674306263498,62.036655672782182],[23.773598024146644,62.036656593572026],[23.773521859235146,62.036659295994625],[23.773483919794913,62.036661463633052],[23.773449692404011,62.036663807902741],[23.773374568339609,62.036670406909224],[23.773300208426026,62.03667882064746],[23.773190622169306,62.036694487693914],[23.773011420252647,62.036725426559208],[23.77300600059089,62.036726377960171],[23.772865587947315,62.036754710795435],[23.772797176746295,62.036770711555484],[23.772764011151544,62.036779639190421],[23.77273175233687,62.036789216941543],[23.772700390721099,62.036799354740083],[23.772677797624628,62.036807271788085],[23.772648240940025,62.036818610792061],[23.772619742761105,62.036830612447716],[23.772592637988179,62.036843185758748],[23.772566917115981,62.036856420348883],[23.77254256201013,62.036870306810222],[23.772519761546128,62.036884687839695],[23.772498841195056,62.036899741756464],[23.772480097690217,62.036915376671928],[23.77246390125454,62.03693152937003],[23.772455107234251,62.036941566039012],[23.772442824455613,62.03695852005027],[23.772432926494865,62.036975898205846],[23.772425738679505,62.036993519440493],[23.772421118789662,62.037011281598353],[23.772419217609531,62.037029206175404],[23.772419892919324,62.037047191015496],[23.772423145600907,62.037065047464161],[23.77242884016151,62.037082790321058],[23.772452900136667,62.037135364468746],[23.772526285830889,62.037256107833144],[23.772539387038758,62.03727527276358],[23.772561683065131,62.037309665880457],[23.77258038269435,62.037344415120899],[23.772587871340981,62.037362020238398],[23.772592431458083,62.037379817413608],[23.772591809067873,62.037397771899599],[23.772585422822591,62.037415411889135],[23.772572043064159,62.037433687934971],[23.772553632340333,62.037449429477391],[23.772535515536049,62.037460595786008],[23.772530525999397,62.037463623670604],[23.77250341206344,62.037476277619781],[23.772473548267328,62.037487438708737],[23.772441422277826,62.037497199202448],[23.772437118994091,62.037498266539984],[23.772407673422148,62.037505484207635],[23.772372187118478,62.037512111352484],[23.772335259159242,62.037516997708991],[23.772297730186917,62.037519974263752],[23.772259588800555,62.037521148563727],[23.772221475283143,62.037520436755216],[23.772183485356184,62.037518559839071],[23.772145600081814,62.037515876753247],[23.772128193751804,62.037514391452355],[23.772045389440098,62.037506794265042],[23.772015720355625,62.03750403380063],[23.771977730463501,62.03750215682804],[23.771939693672355,62.037502345188479],[23.771902020556258,62.03750523740328],[23.771887459302125,62.037507232746144],[23.771852536151325,62.037514501849991],[23.771821173494267,62.037524639441003],[23.771793295656458,62.03753691600496],[23.771768490085488,62.037550531254425],[23.77174568874052,62.03756491214908],[23.771724767532621,62.03757996594166],[23.771708570043273,62.037592875124332],[23.77169045463684,62.037608713314491],[23.771673618007139,62.037624761109598],[23.771658347457691,62.037641195937596],[23.771644326143718,62.037657938510144],[23.7716317458042,62.037674804638321],[23.771620244835848,62.037691956568715],[23.771610202980604,62.037709241464221],[23.771601630563524,62.037726201355852],[23.771587426304972,62.03776143878251],[23.771583700366609,62.037775277628455],[23.771573228898077,62.037814825110857],[23.771554178736366,62.037975984093556],[23.771552162725332,62.037992100090293],[23.771542934292309,62.038063751410107],[23.77154314145384,62.038081635463165],[23.771544628312938,62.038099540470661],[23.771547545656354,62.038117487929277],[23.771551779854754,62.038135286505408],[23.771558133465177,62.038152945990412],[23.771570669596159,62.038169860647898],[23.771590295477903,62.038185234108894],[23.771616963027746,62.038198076947573],[23.771648783563542,62.038207976609385],[23.771670199458633,62.038212610504274],[23.771706702827498,62.038217866890363],[23.771780873078505,62.038226430256309],[23.771816613466651,62.038232746906807],[23.771843308493796,62.038242266068195],[23.771855377180426,62.038259079916173],[23.771851090712424,62.038276760015989],[23.771839435991534,62.03829391735318],[23.771823706102378,62.038310170751139],[23.771818717861027,62.038314627182885],[23.771799657213442,62.038330173744512],[23.771778573229646,62.038345133899355],[23.77175547636719,62.038359409061449],[23.771730202458059,62.03837292351308],[23.771702637798811,62.038385306227539],[23.771673983294622,62.03839263210682],[23.77166951766084,62.038393785470078],[23.771654305328951,62.038391273301613],[23.771645004028965,62.038374164795812],[23.771645190778283,62.038363387734627],[23.771645275666305,62.038338242034804],[23.771645215188645,62.03832979516632],[23.771645241385428,62.038323416766367],[23.771642295373614,62.038305558486087],[23.771635159163473,62.038287880698],[23.771622775636896,62.038270969618083],[23.771613974585584,62.03826429486169],[23.771602634434359,62.038255763797714],[23.771574611066086,62.038243616984246],[23.771568828387771,62.038241855498903],[23.771534193596064,62.038234315800274],[23.771496879665015,62.038230567774143],[23.771458860982936,62.038230576750479],[23.771424261165723,62.038234789602221],[23.771392153069979,62.038244370597873],[23.771367356245285,62.038257896146327],[23.771349240256527,62.038273734286591],[23.771334608607589,62.038290273879511],[23.771321999229954,62.038307229151513],[23.771317764623966,62.038313778624776],[23.771297976944236,62.038348436168711],[23.771289986516546,62.038366038579504],[23.771283293923638,62.038383671355568],[23.771278024210574,62.038401418283442],[23.77127434725152,62.038419301306888],[23.77127363348356,62.0384245854776],[23.771268208185585,62.03846038766406],[23.771259921843257,62.038477893304879],[23.771253779061489,62.038485655964493],[23.771234432612673,62.038501007092343],[23.771207927076308,62.03851386372019],[23.771176859101352,62.038524277615302],[23.771143987048863,62.038533481303375],[23.7711100658688,62.038541752998903],[23.771089597947757,62.038546395264284],[23.771020331212714,62.038561575582541],[23.770986275350367,62.038569673391244],[23.770953260965591,62.03857877487539],[23.770921429203032,62.038588631771638],[23.770890819248695,62.038599415703814],[23.770865706957711,62.038612843943113],[23.770848708012458,62.038628789024578],[23.77083992514223,62.038646283025919],[23.770838238983774,62.038654599181356],[23.770839400981913,62.038672496600128],[23.770839611820918,62.038675017201825],[23.770841993489686,62.038690436477459],[23.770841074150315,62.038708294177049],[23.770823378651929,62.038724672183413],[23.770799970916347,62.038728167472655],[23.770787212615833,62.038730115054769],[23.770749385124208,62.038732823678764],[23.770741397915764,62.038733625069831],[23.770706329843598,62.038740620983681],[23.770678458995111,62.038752816649918],[23.770659579727297,62.038768268482407],[23.770647952739367,62.038785336536236],[23.770641880008633,62.038803073639222],[23.770627833095702,62.038856463422555],[23.770624793443258,62.038866895205018],[23.770618253037153,62.038884531517667],[23.770610509877425,62.038901241230668],[23.770610099803232,62.038902040241922],[23.77060052555273,62.038919416881697],[23.770589366116475,62.038936585718687],[23.770576441092448,62.038953443700926],[23.770561799176125,62.038970072828299],[23.770545581517048,62.03898622483667],[23.770527636436004,62.03900206688202],[23.770507793043457,62.039017406289275],[23.770486383476808,62.039032358644867],[23.770463456309546,62.039046646564451],[23.770439260676227,62.039060446583804],[23.770413832907622,62.039073957212175],[23.770387641478784,62.039086910892252],[23.770360352469751,62.039099569344728],[23.77033233892486,62.039111662779028],[23.770274333971493,62.039134473631094],[23.770273656494808,62.039134727311378],[23.770212273631195,62.039156012572548],[23.770148312528118,62.039175629233206],[23.770138188222791,62.039178536860632],[23.770038386187668,62.039205032324858],[23.770012354284791,62.039210532510019],[23.769933705129912,62.039227379464108],[23.769725345464682,62.039271818456626],[23.769708397872236,62.039275195251953],[23.76968768184722,62.039279103765999],[23.769566528868335,62.039301783819219],[23.769541622399306,62.039305693047417],[23.76945787559599,62.039319006283172],[23.769384215652654,62.039328503581189],[23.769346797853924,62.039331850343565],[23.769321212970286,62.039333138135376],[23.769308749756263,62.039333744814357],[23.769270538902902,62.039333928402577],[23.769232518373503,62.039332319528775],[23.769195050764356,62.039328746991202],[23.76915872781748,62.039323404334851],[23.769147179952551,62.039321337068408],[23.769112879443639,62.039313526078836],[23.769013602445359,62.039286593088271],[23.768979511856482,62.039278427597694],[23.768954898577764,62.039273448893255],[23.768918413531871,62.039268192221876],[23.76888089840276,62.039264888020497],[23.768842811362045,62.039263906397849],[23.768804801391976,62.039265442239945],[23.768787376079729,62.039267190521237],[23.768751886899096,62.039273637023328],[23.768718861523592,62.039282647893423],[23.768687791921252,62.039293061216632],[23.768658392642998,62.03930450194418],[23.768634089078915,62.039314804150749],[23.76863004325071,62.039316506322166],[23.768574729347712,62.039341347114473],[23.768546074454122,62.039353164631841],[23.768516207370546,62.039364324840363],[23.768484833133972,62.039374542311457],[23.768462150571249,62.039380390178387],[23.76845138661675,62.03938319286172],[23.76843854218016,62.039385767134412],[23.76840192629102,62.039390749639168],[23.768364126340288,62.039393188735019],[23.7683259344522,62.039393192816291],[23.768288199913354,62.039390512235059],[23.768259359167089,62.039386063323896],[23.768255541718801,62.039385434852477],[23.768222682044232,62.039376309700067],[23.768193810749509,62.039364582580951],[23.768167991934011,62.039351318709073],[23.768144502405669,62.039337201943738],[23.768122720972165,62.039322496258855],[23.768062490540796,62.039276711024314],[23.768041186303499,62.039261836810198],[23.768018393486582,62.039247466801875],[23.767993576766202,62.039233777136552],[23.767965898432038,62.039221448987576],[23.767940034350918,62.039213116522951],[23.767904846972662,62.039206093063271],[23.767867942526433,62.039201724741062],[23.767829950808498,62.039199846615126],[23.767791797294525,62.039199671752343],[23.767753663185395,62.039200755169595],[23.767715701167489,62.039203100443331],[23.767702054758047,62.039204218335975],[23.767664598858101,62.039207923132018],[23.76762770619888,62.039212449719891],[23.767554866997202,62.039223223107143],[23.767461061662985,62.039238815205827],[23.767410704493024,62.039247249074677],[23.767374374993611,62.039252597397201],[23.767337453673946,62.039257392774111],[23.767300275478974,62.039261544221112],[23.767262848028569,62.039264980040102],[23.767225057716679,62.039267508894078],[23.767186894898366,62.039268681329339],[23.767148865097166,62.03926734119721],[23.767112151472478,62.039262617760691],[23.76708111526036,62.039254523346479],[23.767075121506416,62.039251687565795],[23.767053760757985,62.039242031888662],[23.767033621229849,62.039226825414296],[23.767019942072761,62.039210063223805],[23.767009525624943,62.039192847381116],[23.766992464079447,62.039157857159822],[23.766985293212436,62.039140348985079],[23.766972435225242,62.039129544812845],[23.766955607063931,62.039113427603411],[23.766941107328389,62.039096825869606],[23.766928888319939,62.039079828340284],[23.766918653265702,62.039062526893147],[23.766910680838389,62.039044999933985],[23.766904501536327,62.039027344278104],[23.766900279474051,62.039009455956119],[23.76689783243712,62.038991609220275],[23.766894089116541,62.038866034335094],[23.766893552806739,62.038857576294696],[23.766889631162798,62.038821734898015],[23.766879368987677,62.038768135234825],[23.766863276152115,62.038714848190942],[23.766841180952124,62.038662049431885],[23.766812558612834,62.038609996195554],[23.766777075181242,62.038558770498447],[23.766735037095721,62.038508729911996],[23.766686900541103,62.038459903087571],[23.766680009157618,62.03845345243451],[23.766515122509158,62.038311703063897],[23.766481323493373,62.038279563991509],[23.766471778471661,62.038269277635003],[23.766466156437254,62.038263126249724],[23.766452144029525,62.038246446025447],[23.766439590688321,62.03822953943687],[23.766436965546561,62.038225434875628],[23.766428698697744,62.0382123034098],[23.766419915636529,62.038194847262638],[23.766413431406047,62.038177184430303],[23.766409686878632,62.038159307274832],[23.766409177362988,62.038141416078467],[23.766409500841434,62.038136751691773],[23.766413656805366,62.03811888895887],[23.766421001062294,62.038101271642248],[23.766431065074521,62.038083987592593],[23.766443504343592,62.038067037721504],[23.766443695124462,62.038066682809884],[23.76645782454397,62.038050392476066],[23.766473727959902,62.038034152694237],[23.766491216456163,62.038018120759062],[23.766499011502674,62.038011564999934],[23.766509811976078,62.038002474143781],[23.766549769571412,62.037971973480261],[23.766832274202336,62.037780159995215],[23.766871142579614,62.037746399290398],[23.766903742599528,62.037714010101901],[23.766947073120473,62.037664181734726],[23.766984849445542,62.037613324773545],[23.766987358247686,62.037609340504595],[23.767162764194602,62.037320158340364],[23.76717437388151,62.037304887058632],[23.767187928911685,62.037288053116455],[23.767247142778647,62.037221975363018],[23.767314706483745,62.037157620569701],[23.767389970185533,62.037095162177266],[23.767493209817427,62.037019693602112],[23.767627944648122,62.036932662874811],[23.767773548505716,62.0368495702823],[23.767788909703057,62.036841484620581],[23.768100682506379,62.036686283574596],[23.768208171232992,62.036632746474261],[23.768333613397512,62.036565083782946],[23.76842711138929,62.036508343814326],[23.768513928787993,62.03644929104982],[23.76859340626541,62.036388008891734],[23.768665068687071,62.03632464794768],[23.768680341523496,62.036309642028513],[23.768696242824266,62.036293401973381],[23.76872570923733,62.03626022026522],[23.768751376653448,62.036226419503961],[23.768762383406418,62.036209247235],[23.768771948287473,62.036191960340773],[23.768780082718472,62.036174451274569],[23.768785535689052,62.036156609881438],[23.768787104033176,62.036138776353951],[23.768783835436857,62.036120910423151],[23.768774746236719,62.036103447266157],[23.768759062803632,62.036087186359083],[23.768737102072453,62.03607256637914],[23.768712041146777,62.036061377769215],[23.768680911646332,62.036050945499127],[23.768648055410733,62.036041820467084],[23.768614158371854,62.036033488646922],[23.768476132160494,62.036002763608188],[23.768442579583926,62.035994071444946],[23.768410772924394,62.035984252170714],[23.768405180650937,62.03598214460402],[23.768376969849644,62.035970172382846],[23.768352013437472,62.035956560324614],[23.768331379235722,62.035941522114804],[23.768330205226761,62.035940326628953],[23.768315382157152,62.035925154976091],[23.76830447941628,62.035908017675361],[23.768298148163534,62.035890349536004],[23.768296339802433,62.035872427941449],[23.768298089689655,62.035854508820762],[23.768303037170064,62.035836745449124],[23.768304334016037,62.035833541385642],[23.768316452233709,62.035801399976577],[23.768341198512626,62.035748889864685],[23.768372147219868,62.035697064081461],[23.768460605123582,62.035578581110578],[23.768464191535053,62.03557363375694],[23.768676994888882,62.035285505548416],[23.768736534508797,62.035219354029941],[23.768787072500299,62.035171131489243],[23.76884344174124,62.035124204486713],[23.768884356967686,62.03509399520189],[23.768928230316881,62.035064573937113],[23.768975215512391,62.035036294686286],[23.769025282049157,62.03500926454651],[23.769029870976173,62.03500694617172],[23.769083038879661,62.034981156622379],[23.769138641176532,62.034956583060023],[23.769171117537876,62.034943507284055],[23.768237930408727,62.035043727164428],[23.768226436358294,62.035057923078561],[23.768222343884187,62.035061510891552],[23.768219682352736,62.035063874382523],[23.768198140875811,62.035078643580604],[23.768151299004572,62.035107006797681],[23.768142903860024,62.035113279041866],[23.768125427459577,62.035129221586189],[23.768110308969248,62.035145659598186],[23.768069369631139,62.035195903639469],[23.768053305447847,62.03521223863504],[23.768038175212425,62.035224282922314],[23.768016777637431,62.035239136326673],[23.767948088260646,62.035282261483871],[23.767934674796503,62.035291650609089],[23.76789889029515,62.035319293431563],[23.76789307132773,62.035325446314076],[23.767888502100217,62.035330640169505],[23.767878603058318,62.035348009026066],[23.767865563946788,62.035366121924163],[23.76785174270179,62.035385474337346],[23.76783661441446,62.035402001939495],[23.767825662607834,62.035411089334914],[23.767784755469759,62.035441388364504],[23.767768861927379,62.035454492891496],[23.767732802346931,62.035486163294301],[23.767729434766924,62.035489049310996],[23.767671193704178,62.035535383992205],[23.767663762064959,62.035541588935139],[23.767645187758628,62.035557236171513],[23.767627071497085,62.035573073826399],[23.767612514522007,62.035585661589451],[23.767594102399634,62.035601402464415],[23.767575041352245,62.035616948444854],[23.767562067645574,62.035626877927811],[23.767521302152694,62.03565727903613],[23.767506800903465,62.035667900478714],[23.767485727228898,62.035682941088311],[23.767463555129709,62.035697515720138],[23.767451009153273,62.035704858679466],[23.767426366370668,62.035718557832688],[23.767402161594603,62.035732455918392],[23.767394223834827,62.035737481000382],[23.767372996386424,62.035752347285559],[23.767334884370307,62.035783520286522],[23.767324056387228,62.035792880083889],[23.76728878795485,62.035824658764042],[23.767281623475277,62.035831409020574],[23.767264776027908,62.035847545895074],[23.767246354001038,62.035863196651405],[23.767235164054881,62.035871460832162],[23.767212839022484,62.035886031844832],[23.767188805773408,62.035899933915346],[23.76718215576361,62.03590346178261],[23.767107728360983,62.03594438568522],[23.767085404165801,62.035958947714157],[23.76706307899704,62.035973518701546],[23.767040868020814,62.035986834524088],[23.766991561568013,62.036014241188177],[23.766965982156737,62.03602756792408],[23.76693963926493,62.036040517385331],[23.76691283923622,62.036053267455536],[23.766885408406509,62.036065832034588],[23.766862576329537,62.036075988685369],[23.766720259699223,62.036135716631989],[23.766708810141598,62.036140479700279],[23.766651362845394,62.036164191523532],[23.766622557568841,62.036176005083504],[23.766593446879195,62.03618763179022],[23.766563888575849,62.036198969481333],[23.76653343221091,62.03620975603377],[23.766501754262379,62.036219795190213],[23.766468892862139,62.036228908152331],[23.766449199751733,62.036233828424344],[23.766414849462858,62.036241648646993],[23.766379926507678,62.036248916368393],[23.766344860383363,62.036256090880606],[23.766315013691596,62.036262579088536],[23.766280949678929,62.036270765369778],[23.766247659616539,62.036279410023447],[23.76614816829634,62.036306098535029],[23.766114237819046,62.036314467597201],[23.766108790403262,62.036315678631269],[23.766074020004314,62.036323129544144],[23.766038801011945,62.036330120707468],[23.766003582003634,62.036337111861684],[23.765979355265571,62.03634220433748],[23.765945023820947,62.036350024888783],[23.765911560864613,62.03635867439673],[23.765878833720091,62.036367961076827],[23.765847155393981,62.036378000080362],[23.765835285610475,62.036382034466321],[23.765805277346619,62.036393100904363],[23.765776633763974,62.03640500793194],[23.765749518016367,62.036417660543854],[23.765724863378761,62.036431278275828],[23.765703462867243,62.036446140268595],[23.765685956788516,62.036462342392639],[23.765673049238927,62.036479200357213],[23.765663472031278,62.036496585608404],[23.76565612870462,62.036514193925612],[23.765649261533611,62.036531822387737],[23.76564644779635,62.036538494853758],[23.76563798797774,62.036555987155218],[23.765627943132763,62.03657327159798],[23.765616285601013,62.036590428394454],[23.765602329381835,62.036607971553735],[23.765572572932097,62.036640966167049],[23.765558549719245,62.036657699142197],[23.765547397844749,62.03667477794076],[23.765540358808909,62.036692402370377],[23.765538863358469,62.036701971808739],[23.765540498366608,62.036719889401127],[23.765545711728404,62.036737621332243],[23.765551555847544,62.036755359063136],[23.765555776842977,62.036773247424023],[23.765556598836984,62.036780634027771],[23.765554378719806,62.036798461257085],[23.76554735969474,62.036816077171743],[23.765536179142359,62.036833245143569],[23.76552247930816,62.036849994681027],[23.765507434747839,62.036865715411267],[23.765436098497709,62.03692917233478],[23.765425012046837,62.036939514241411],[23.765408936899917,62.036955749878437],[23.765393815062342,62.036972196535743],[23.765364841488232,62.037005380170541],[23.765361893477412,62.037008815044068],[23.765331019875983,62.037041693582424],[23.765316538268447,62.037058236101252],[23.7653042410045,62.03707528803497],[23.765298545831843,62.037084947700876],[23.765290734543722,62.037102455188368],[23.765285775554045,62.037120308058569],[23.765283555247667,62.037138135281559],[23.765282605063355,62.037156073138974],[23.765282474583131,62.037174039195861],[23.765282647626012,62.037181410589554],[23.76528365364527,62.037199304457324],[23.765285135840255,62.03721721847181],[23.76528643596458,62.037230725784944],[23.765288070843145,62.037248643378355],[23.765287594494289,62.037253124490967],[23.765282321507978,62.03727087117062],[23.765272600661266,62.037288163188606],[23.765264844705705,62.037300469913511],[23.7652426556179,62.037334800868159],[23.7652317141048,62.037351336520359],[23.765220227806417,62.037368497304833],[23.765210945391082,62.037383104229619],[23.765202321881404,62.03740051181277],[23.765197211057107,62.037418352137124],[23.765196315734375,62.037428214162858],[23.765198275016154,62.037446139362309],[23.765201380367937,62.037464082443009],[23.765202106220126,62.037467693281421],[23.765203435693287,62.037485603716817],[23.765201530228097,62.037503528165118],[23.76519976706253,62.037510935031904],[23.765192889858426,62.037528653088152],[23.765185172434865,62.037543656080544],[23.765175595549245,62.037561032329329],[23.765165225643464,62.037578309126616],[23.765162306408598,62.037583092355284],[23.765139181777712,62.037617221675589],[23.765127218158433,62.037634191573829],[23.765111303763678,62.037650529782411],[23.765074293997841,62.037681907762362],[23.765055239897023,62.03769754344345],[23.765044858834145,62.037705745567784],[23.765022847269229,62.037720404473276],[23.76499974680247,62.037734687450524],[23.76497740118506,62.037749248672611],[23.76495850920336,62.037764798296728],[23.764950256307191,62.037774218298765],[23.76494793802161,62.037777847619331],[23.764941327164141,62.037791618704254],[23.764939382154957,62.037796236092532],[23.764933163164454,62.037813879724183],[23.764929013739611,62.037824114689762],[23.764917212160011,62.03784117821715],[23.764904170876093,62.037857664622337],[23.764892369269056,62.037874728147344],[23.764883354047988,62.037891317921641],[23.76487521784702,62.037908817774493],[23.764866679515926,62.037923981198652],[23.764852196270571,62.037940532624738],[23.764834392990075,62.037956458155989],[23.764829603167204,62.037960478759807],[23.764811483984136,62.037976316021393],[23.764802734561261,62.037984466537104],[23.764785866450346,62.038000593678561],[23.76477601002135,62.038008538548382],[23.764750895561463,62.038021965661635],[23.76474098122004,62.038025776274047],[23.764708861760759,62.038035445325235],[23.764683575525197,62.03804292960568],[23.764654319144711,62.038054462682204],[23.764627343650169,62.038067217222505],[23.764617849270632,62.038071756437617],[23.764589661713707,62.038083853634198],[23.764562305272509,62.038095691790431],[23.764480109732439,62.038136890496254],[23.764428153951677,62.038163245916145],[23.764412199694167,62.038172395470582],[23.764389414474323,62.038186766608305],[23.764383364874469,62.03819057796855],[23.764358402802053,62.038204188279863],[23.764332514986908,62.038217327652454],[23.764307171957128,62.038229841890704],[23.764255883114352,62.038257659403371],[23.764206417758384,62.038285061443936],[23.764180672964063,62.038298293989413],[23.764169479934921,62.038303691800948],[23.764141883692233,62.038316162160505],[23.764084439802648,62.038339783246705],[23.764079038836126,62.038341992583497],[23.76402204340069,62.038365893698135],[23.764009199455362,62.038371702012007],[23.763982519250817,62.038384553205255],[23.763957241912156,62.038398066210732],[23.763943319902932,62.038406275070045],[23.763920849213306,62.038420743358188],[23.763900076257062,62.038435799514431],[23.76387945614805,62.038452296782374],[23.76384402829461,62.038484070947263],[23.763836118175782,62.038491702016849],[23.763819592813057,62.038507837090535],[23.763803677250152,62.038524175138974],[23.763790691123951,62.038538695126881],[23.763777132694155,62.038555537679024],[23.76376486351306,62.038572491326079],[23.763759720788396,62.038580007600387],[23.763738492885615,62.038614450739978],[23.763734695630578,62.038621369647664],[23.763726070907438,62.038638777128099],[23.763718075859689,62.038654941536208],[23.763708497771013,62.038672317672997],[23.763697315472825,62.038689485480617],[23.763688699531535,62.038700873507153],[23.763674683838243,62.038717516651502],[23.763660810331988,62.038734261959441],[23.763653940576123,62.038744343251466],[23.763638610086684,62.038779463760633],[23.763633028611043,62.038789485419464],[23.763619480464371,62.03880622937001],[23.763604671647311,62.038822773046711],[23.763602085871412,62.038826036692377],[23.763593107594804,62.038840650659594],[23.763591552381399,62.038843219709406],[23.763584684405263,62.038860839090198],[23.76358122159964,62.038872168275056],[23.763576919750442,62.03888994666854],[23.763574888584557,62.03890292665087],[23.763590221431574,62.038952692368753],[23.76359699804096,62.038961656171274],[23.763606906702595,62.038978950242658],[23.763615688358026,62.038996406557949],[23.763627285310914,62.039014557817325],[23.76364277660565,62.039030994509083],[23.763655727923794,62.039042528950894],[23.763674539191118,62.039058154027025],[23.763694438221474,62.039072367080045],[23.763718079105715,62.039086479206688],[23.763743398561921,62.039099920913316],[23.763753476713312,62.039105188615871],[23.763804460348961,62.039133149257147],[23.763829779881988,62.03914659094837],[23.763849468422581,62.039155408302676],[23.763879387476589,62.039166442168124],[23.763890190840005,62.039170828410143],[23.763915673617642,62.039184175082319],[23.763933167418312,62.039194019104343],[23.763959336342666,62.039207031460002],[23.763971876818307,62.039213255342624],[23.76399567920917,62.039227290343703],[23.764010663124715,62.03923644657997],[23.764035124948659,62.039250218515498],[23.764047331481532,62.0392567040968],[23.764071477471902,62.039270567449464],[23.764079876420123,62.039277952045445],[23.764087351976698,62.039295458558627],[23.764089854167853,62.039309712839717],[23.764095067081378,62.03932744481731],[23.764099926533319,62.03934238329218],[23.764103823471533,62.039360255117963],[23.764105762327389,62.039372250048537],[23.764113698643484,62.039409713090386],[23.764118902055028,62.03942753468916],[23.764125890021969,62.039445128595936],[23.764135818005094,62.039460805852784],[23.764150497678862,62.039477322277314],[23.764162180497177,62.039491612134469],[23.764172261423305,62.039508910195309],[23.764174428263267,62.039512824364898],[23.764185328946468,62.039529970939569],[23.764197880591031,62.039546886687944],[23.76420845736622,62.039560961930086],[23.764220341030796,62.03957804170448],[23.764231146255838,62.039594646962648],[23.764242199691715,62.03961179711338],[23.764249311591087,62.039620669909119],[23.764265804578805,62.039636869453965],[23.764282288028141,62.039652978927258],[23.764287977759714,62.039660111308201],[23.764296425988388,62.039677649596747],[23.764298020356499,62.039682269105903],[23.764303223917985,62.039700090698162],[23.764305926610334,62.039714080136847],[23.764308048651447,62.039731910337281],[23.764309787059883,62.039742912261289],[23.764315849862932,62.039763089984966],[23.764321207093879,62.039780906194537],[23.764325914429865,62.039798716150294],[23.764329819928644,62.039815069775656],[23.764340230600183,62.039868673174318],[23.764341634593951,62.039876702351741],[23.764346505133012,62.039894417302627],[23.764355573814452,62.039912239669782],[23.76436891874733,62.039929075167429],[23.764379895725799,62.039944067216169],[23.764387695130171,62.039961590283866],[23.764391590946548,62.039976595995341],[23.764399830595394,62.039996097002671],[23.764408441201571,62.040013549242644],[23.764414961181995,62.040026550030809],[23.764423725452875,62.040043996887782],[23.764485815247724,62.040166187135405],[23.76449312806222,62.040183788632035],[23.76449812221389,62.040197463421315],[23.764504433224037,62.040216748495553],[23.764542957794113,62.040377190518186],[23.764548820097033,62.040394937694082],[23.764587966004946,62.040500956822513],[23.764593389986317,62.040516528440698],[23.7645990805586,62.040534271587148],[23.764604447608228,62.04055199816387],[23.764657577369995,62.040729673509311],[23.764671708140519,62.040764855887964],[23.764680004180015,62.040782390574321],[23.764684443210822,62.04079067058894],[23.764706724175397,62.04082496588606],[23.764719095307335,62.040841967184654],[23.764732134483634,62.040858804451886],[23.764855646123177,62.041009468917117],[23.764867072314086,62.041024740982145],[23.764900904239617,62.041076197985838],[23.764910986085141,62.041093495995611],[23.764956839380975,62.041180544089428],[23.76496457317478,62.041195630758828],[23.764973680702223,62.041213094598788],[23.765052375246803,62.041351747104493],[23.765057482497863,62.041359863075982],[23.765069348225563,62.041376942333827],[23.765081891565593,62.0413939476284],[23.765148036469984,62.041478048167058],[23.765183682635183,62.041529188225972],[23.765193592041172,62.041546491151735],[23.765202214027795,62.041564024452136],[23.765210501019077,62.041581469038775],[23.765219274774651,62.041599014879658],[23.765225098279771,62.041609393770337],[23.765235504971489,62.04162669936354],[23.76524625427351,62.041643842279697],[23.765250101491162,62.04164995210617],[23.765260993983535,62.041667188222668],[23.765270159425523,62.041681050588416],[23.765283017933903,62.041697973401867],[23.765300352893512,62.041716887892356],[23.765317659691135,62.041732827832938],[23.765332665564038,62.041749351744272],[23.765335720401421,62.04175391562157],[23.765345715751813,62.041770591628982],[23.765367183563917,62.041785371252054],[23.765381166813398,62.041793335863275],[23.765402118361294,62.041808292055727],[23.765421428985572,62.041826803606234],[23.765436264120765,62.041843314518161],[23.765449294579948,62.041860241343286],[23.765451652560589,62.041863800584018],[23.765463031969514,62.041880958247575],[23.765471796307907,62.041892475212485],[23.765488787403267,62.041908506559011],[23.765508737038385,62.041923888478436],[23.765522300894791,62.041934358918823],[23.76554076271038,62.041950056360605],[23.765557677393499,62.041965367142375],[23.76557463995783,62.041981487653615],[23.765590477326782,62.041997752498375],[23.765595498526817,62.042003620290487],[23.765608032849904,62.042020535470009],[23.765620252248709,62.042037533113017],[23.765625664913021,62.042044218687913],[23.765641168314737,62.042060565544311],[23.765657978269925,62.042076682466984],[23.765668449995154,62.042087260115004],[23.765711179441634,62.042138566009847],[23.765727322374509,62.042154837997067],[23.765749028734962,62.04217205795625],[23.76577181309062,62.042186517963671],[23.7657920107625,62.042199569665776],[23.765811818512788,62.042214849380038],[23.765829897491439,62.04222821080706],[23.765854199326238,62.042242077442339],[23.76587801417892,62.042254584978359],[23.765902822797816,62.042268184959347],[23.765928623349641,62.042283254692791],[23.765952257216934,62.042297285347182],[23.765971224340891,62.042312913703604],[23.765979147053962,62.042318669780975],[23.766005769402067,62.042333570080515],[23.766016392900269,62.042338221452177],[23.766035988262804,62.042344879970884],[23.76613021383244,62.042375479100969],[23.766162905268871,62.042384771469372],[23.766195681474485,62.042393086500176],[23.766196635928239,62.042393288555729],[23.766204328859502,62.042395086033508],[23.766239156890141,62.042402460831113],[23.766274900963289,62.04240877893784],[23.766311398842777,62.042414126397212],[23.766348488256053,62.042418409561023],[23.766386006966581,62.042421714473058],[23.766423926356847,62.042424130308035],[23.766461950572221,62.04242573997923],[23.766500194177425,62.04242672586183],[23.766576556924058,62.042426807924201],[23.766619533999037,62.042425748383003],[23.7666575956382,62.042423765058381],[23.766695027047277,62.042420329430897],[23.766730090751409,62.042413424195495],[23.766757650624086,62.042401141102026],[23.76676883360502,62.042388465347649],[23.766775997441201,62.042370933624376],[23.766779829340912,62.042353063289802],[23.766785103377309,62.042335307601839],[23.76679516865552,62.042318023542506],[23.766808240773063,62.042307197937006],[23.766834274246946,62.042294151322466],[23.766865948946037,62.042284201760438],[23.766900162766678,62.04227610858397],[23.766935798075252,62.042269764747907],[23.766968838715549,62.042265148043896],[23.767006126673522,62.042261439438896],[23.767044073514459,62.042259273631373],[23.767082316566338,62.042258642124899],[23.767120407280597,62.04225962425722],[23.767151626458311,62.042261523559077],[23.767188925658012,62.042265272339769],[23.767225414010706,62.042270709179853],[23.767259698243002,62.042278520207191],[23.767289966091713,62.042289372751824],[23.767295645477375,62.042292111302721],[23.767318277957006,62.042306567483159],[23.767333781450695,62.042322923118071],[23.767343205596902,62.042340304342005],[23.767347438798744,62.042358094063253],[23.767348019808498,62.042429885185015],[23.767348020529699,62.042432939946458],[23.767353126410484,62.04250464837996],[23.767352825238962,62.042522610410877],[23.767350290715004,62.042540520129187],[23.767345017920871,62.042558266877982],[23.767336709054387,62.042575771805154],[23.767324591914821,62.042592738301757],[23.767318380272897,62.04259969059197],[23.767301214961599,62.04261572124728],[23.767261375021064,62.042646323790159],[23.767255793558377,62.042650406800909],[23.767212841882575,62.042680037987715],[23.767167094412315,62.042708786078713],[23.767142587970767,62.042722587292943],[23.767116697440287,62.042735727162949],[23.767089557434254,62.042748379547582],[23.767061223272837,62.042760384020269],[23.767049112707703,62.04276522151585],[23.767018936240682,62.042776194523746],[23.766987252501906,62.042786224777323],[23.766953944976208,62.0427949681333],[23.766918575421084,62.042801686575956],[23.766881019429565,62.042804849816591],[23.766843156988585,62.042803333904615],[23.766837105774318,62.042802653070687],[23.766801571016561,62.0427959806415],[23.766767458084942,62.042787993830792],[23.766732457686363,62.042780615138263],[23.766721681873058,62.042779015003468],[23.766684172209096,62.042775620557336],[23.766645995140426,62.042775444901245],[23.766608324547605,62.0427782460008],[23.766571551528497,62.04278304471957],[23.766535618660111,62.042789120949223],[23.766500697698643,62.042796299023699],[23.766466645457694,62.042804485743559],[23.766459840752475,62.042806213066548],[23.766426829938766,62.042815223801924],[23.766394534105473,62.042824889184637],[23.766363316887965,62.042835208750802],[23.766333140108006,62.04284618160662],[23.766303880622978,62.042857706037381],[23.766275517438402,62.042869799520957],[23.766221425453281,62.042895126344597],[23.766170426946665,62.042921774486253],[23.766153974363448,62.042930912594358],[23.766130097248421,62.042944908076421],[23.766084348360465,62.04297365579832],[23.766041701496565,62.043003464495314],[23.766002966963615,62.043034272297014],[23.765985333020353,62.043050201976833],[23.765969101182296,62.043066443031385],[23.765954606474786,62.043083084172729],[23.765941697108403,62.043099933168975],[23.765930686162314,62.043117105171596],[23.765921402792742,62.043134587192959],[23.765913304379993,62.043154783361707],[23.765908029679654,62.043172539010286],[23.765904673419843,62.043190429459969],[23.765902921573421,62.043208348522072],[23.765901914751907,62.043280102492588],[23.765902174527056,62.043291159575517],[23.765905140978706,62.0433269786108],[23.765911180725638,62.043362689972376],[23.765916042196874,62.043380503454429],[23.765922384005862,62.043398252795306],[23.765931807657733,62.043415634110147],[23.765945497560882,62.043432306786116],[23.765963491865396,62.043448092024796],[23.765985619693769,62.043462797144805],[23.766011115514054,62.043476062792891],[23.766068520588973,62.043499869298827],[23.766095029079807,62.043512790292795],[23.766113996981606,62.043528238940929],[23.766119183144717,62.043546239712178],[23.766117602246933,62.043564171764764],[23.766113607510267,62.043581948426862],[23.766110031916153,62.043600462658489],[23.766109740460646,62.043618326094908],[23.766114516655104,62.043638563396613],[23.766123119688821,62.043656105157339],[23.766135503199166,62.043673007751444],[23.766150997200342,62.043689453139088],[23.76616915400075,62.043705152308256],[23.76618978369936,62.043720271514573],[23.766212254449645,62.043734813921333],[23.766236376313536,62.043748766092577],[23.766414298447163,62.043842492785764],[23.766427223319337,62.043849803553357],[23.766568702434146,62.043934599082249],[23.766572654377637,62.043936847960161],[23.766623304760575,62.043963721413341],[23.766676464284604,62.043989494622821],[23.766732182559785,62.044014060933399],[23.766790314490823,62.044037345066577],[23.766850460190057,62.044059508357805],[23.76697529541482,62.044100877568034],[23.767330689276818,62.044206217359751],[23.767348529507764,62.044211217338578],[23.767544325023543,62.044267185791881],[23.7677066466109,62.0443181472737],[23.767828725141733,62.04436134684974],[23.767916222130474,62.044396090636432],[23.767940420746726,62.044406450469054],[23.768053243807334,62.044454814827496],[23.768082969193088,62.044466112663031],[23.768113763438144,62.044476716758034],[23.768146095121423,62.044486359563599],[23.768179494615563,62.044494958205405],[23.768214325527765,62.044502332521823],[23.76824645476324,62.04450775681471],[23.768283184397553,62.044512390366954],[23.768320858626613,62.044515698346657],[23.768358847484599,62.044517666002598],[23.76839695054845,62.044518378487069],[23.768435196472335,62.044517926316367],[23.768473232116083,62.044516391067319],[23.768511038434841,62.044513951984939],[23.768548605904972,62.044510698691887],[23.768585924051369,62.044506729773019],[23.76862284205761,62.044502023728413],[23.76865918716166,62.044496585498159],[23.768694997490609,62.044490236284666],[23.768730053585081,62.044483240486436],[23.768764555860177,62.044475512950832],[23.768788225288102,62.04446959823327],[23.768855605776551,62.04445267656331],[23.768890709439283,62.044445412303219],[23.768926920750367,62.044439791181425],[23.768964220677063,62.044435992442104],[23.768973956163276,62.044435321901787],[23.769012106322858,62.044434148568591],[23.769049102986511,62.044437889714395],[23.769062450182524,62.044450241444551],[23.769057339305384,62.04446791117384],[23.769018135311718,62.044518465794773],[23.769007297364933,62.044535642069818],[23.769004770971446,62.044542671722652],[23.769003019895756,62.044560599794877],[23.769007253387596,62.044578398431078],[23.769016193341081,62.044595849034721],[23.769038671812371,62.044630157098261],[23.769047449508655,62.044647514055484],[23.769050325679196,62.044658452670284],[23.769051476278452,62.044676448670224],[23.769050852473764,62.044694394147129],[23.769050408575175,62.044710645758954],[23.769051263256348,62.044728544986071],[23.769054991892695,62.044746412661851],[23.769065076310227,62.044763719346257],[23.76908015188938,62.044778177975004],[23.769102109425507,62.044792887549647],[23.769127446432297,62.044806229721516],[23.769210851108003,62.044843131958835],[23.769237867908423,62.044855794667868],[23.769264913240843,62.044871252228283],[23.769286221926986,62.044886126273113],[23.769304352444486,62.04490191421862],[23.76931887618986,62.044918507203626],[23.769329619390838,62.044935739440206],[23.769334376134893,62.044946991602295],[23.769338448581248,62.044964867314569],[23.769337833501101,62.044982732132951],[23.769331434132976,62.045000461555134],[23.769317914846013,62.045017116878867],[23.769294916289244,62.045033289761186],[23.769267945957367,62.045045955546939],[23.769238541271164,62.045057396354849],[23.769208221031299,62.045068267668711],[23.769360977540678,62.045066821025145],[23.769398975706103,62.045065464323542],[23.769426350310503,62.045064128483475],[23.76946416676028,62.045061599521752],[23.769501725296397,62.045058435595891],[23.769539044951749,62.045054457461013],[23.769575963485227,62.045049751165259],[23.769612318656257,62.045044402756965],[23.769648253610676,62.045038325741743],[23.76968375787725,62.045031618704627],[23.769718403802695,62.045024163822511],[23.769752457694416,62.045015976313465],[23.769785795493117,62.045007143119662],[23.769818226296646,62.044997659773763],[23.769845073550165,62.044989034042104],[23.770052353023011,62.044909717978939],[23.770082826478809,62.044898841088177],[23.770114062736322,62.044888530098234],[23.770146493312339,62.044879046673586],[23.770179955021327,62.044870485824383],[23.770214906084107,62.044863037963303],[23.770246555331521,62.044857848804639],[23.770283578665019,62.044853594004039],[23.770321260147465,62.044850890948595],[23.770359429817876,62.04484953800101],[23.770397609480256,62.04484953295556],[23.770435875318899,62.044850338523318],[23.770473912321929,62.044851857487771],[23.770511854121846,62.044854092976053],[23.7705333020563,62.044855583134641],[23.770608317851995,62.04486227989355],[23.770645592202193,62.044866476322731],[23.770682303623861,62.044871288487002],[23.770718767134944,62.044876813602691],[23.770754515063707,62.044883130572956],[23.770789529273834,62.044890229989441],[23.770823817440963,62.044898219846502],[23.77085563362477,62.044906601084968],[23.771013344330306,62.044957091262823],[23.771045676507164,62.04496674236043],[23.77107907742873,62.044975520001145],[23.771111991027009,62.044982758863938],[23.771147929936227,62.044988720815823],[23.771185013683318,62.044993092326735],[23.771222726895452,62.044996041029705],[23.77126077363863,62.04499747015619],[23.77129894398151,62.044997554485377],[23.771337094776101,62.044996380513844],[23.771375044760465,62.044994213537045],[23.771412755750749,62.04499105266197],[23.771449922368088,62.04498707043583],[23.771486678240258,62.044982269984935],[23.771777284379148,62.044937694047796],[23.771787583771147,62.04493621890586],[23.771861122929398,62.044926537598876],[23.771898461223131,62.044922559269551],[23.771935866564323,62.044919211414729],[23.771973835435315,62.044916865026941],[23.772011948067128,62.044916049359031],[23.772050042234959,62.044916850461917],[23.772092432507705,62.044919908313929],[23.77212933499403,62.044924365176087],[23.772165064262417,62.044930861028895],[23.772198818465622,62.044939197430189],[23.772230301676451,62.044949277615451],[23.772258340986038,62.044961514397336],[23.772281483575757,62.044975712080813],[23.772301067200011,62.044993150800813],[23.772312785646491,62.045010225892952],[23.772318491951488,62.045027870161405],[23.772316590069238,62.045045794715691],[23.772300552842687,62.04506328987177],[23.772270843675873,62.04507436480575],[23.772235195676117,62.04508080858745],[23.772160852955686,62.045089042766925],[23.772144827711561,62.045091093803002],[23.772109341967873,62.045097631192817],[23.772075871025912,62.045106282134022],[23.77204479749555,62.045116687211454],[23.772015823400036,62.045128408200867],[23.771988873189535,62.045141074971326],[23.771963585031958,62.045154490386551],[23.771865426972077,62.04520950683095],[23.771839221283368,62.045222550368763],[23.771821098413515,62.045230841469468],[23.771671139017741,62.045286353232243],[23.771643568939826,62.045298726920784],[23.771619673340588,62.045312722906019],[23.771601419473619,62.045328378221178],[23.771593302892644,62.045342644457726],[23.77159301365722,62.045360516885168],[23.771600331752282,62.045378118029255],[23.771611411403683,62.045395259103088],[23.771622727839176,62.04540998887876],[23.77163691809125,62.045426672622625],[23.771652426411205,62.045443018829737],[23.771669241386903,62.04545913504694],[23.771687554807635,62.045474837084832],[23.771707691211969,62.045490132533736],[23.771730491328075,62.045504493001793],[23.771756315905638,62.04551776520416],[23.771785213452919,62.045529492063281],[23.771806854949535,62.045536556943127],[23.771840953278495,62.045544721780345],[23.771876711740276,62.04555094884347],[23.771913386145695,62.04555611917764],[23.771950471648982,62.045560481525655],[23.772062373819633,62.045571993349718],[23.772099439393184,62.045576543865721],[23.772135951634969,62.045581800192181],[23.772171700692684,62.045588116802335],[23.772194992908712,62.04559333347548],[23.772227516902095,62.045602629383168],[23.772352203615757,62.045644079864537],[23.772385233503485,62.045653118028305],[23.772420429360167,62.04566014039623],[23.77245725614134,62.045663876622974],[23.772495274030991,62.045662519519745],[23.772532469865173,62.045658268138645],[23.772568529185087,62.045652462804412],[23.772674920086473,62.045632408435303],[23.772711275362763,62.045626879520455],[23.772748585815368,62.045622990142931],[23.772762359212663,62.045622323901469],[23.772800492396989,62.045622946003903],[23.772875939741827,62.045628663283331],[23.772911639606203,62.045630935517508],[23.772988030132808,62.045632272376892],[23.773026030230145,62.045634149136703],[23.773061063305718,62.045639640166236],[23.77308945561699,62.0456514447743],[23.77310629048554,62.045667381576166],[23.773113935016973,62.045684981270995],[23.773115574812635,62.045702898786274],[23.773113846111453,62.045720818407574],[23.773109052379624,62.045738585508602],[23.77310124225118,62.045756102396588],[23.7730907020803,62.045773375766004],[23.773083910786113,62.045782731583678],[23.7730692563009,62.045799279843557],[23.773051919376247,62.045815316160784],[23.773031318506408,62.045830368728581],[23.772986353492218,62.045859325696057],[23.772969635448582,62.045869527556782],[23.772924040249915,62.045898290081389],[23.772881080805007,62.045928003686392],[23.772861099308027,62.045943169542696],[23.772841881568372,62.045958712634757],[23.772824087130527,62.045974549554508],[23.772807551860161,62.045990784278899],[23.772793364882354,62.046007433289653],[23.772783321756766,62.0460247092769],[23.772778050509785,62.046042465204678],[23.772777905169029,62.046060430831446],[23.772783125144713,62.046078153544748],[23.772793059383009,62.046095456399797],[23.772800594516539,62.04610488663274],[23.772817420918997,62.046120904130127],[23.772838884941471,62.046135781212541],[23.772864901370262,62.046148877984976],[23.772896901349728,62.046158610694405],[23.772913702192707,62.046161159797812],[23.772951616099764,62.046160788423869],[23.772988258474978,62.046155625519582],[23.773023344143539,62.046148539462358],[23.773091891079112,62.046132721116543],[23.773127540143008,62.046126277121395],[23.773164841652648,62.046122477258137],[23.773170998331537,62.046122351660536],[23.773208598374431,62.046124758077219],[23.773244148035278,62.046131518958568],[23.773277550798589,62.046140116386738],[23.773284434805475,62.046142155085619],[23.773316081849792,62.046152148979978],[23.773346507485943,62.046163012763834],[23.773375406261319,62.046174739297257],[23.773402768592341,62.046187238512069],[23.773427917819898,62.046200755141498],[23.773450556094399,62.04621521034791],[23.773470207092288,62.046230584013067],[23.773480739975927,62.046240623353157],[23.773494579433805,62.046257379541089],[23.77350517273177,62.046274607898276],[23.773513637518455,62.046292056032556],[23.773520452014878,62.046309726138922],[23.773546159259006,62.046398635814548],[23.773552982352083,62.046416225258774],[23.773561610466853,62.046433758067266],[23.773568889250619,62.046445608077342],[23.773582422439688,62.046462366078906],[23.773598419105305,62.04647863360961],[23.773616724620883,62.046494425023077],[23.773636538114335,62.046509712613044],[23.773681721938534,62.046541127451512],[23.773727830544715,62.046569778692842],[23.773752148934005,62.046583554354008],[23.773777479016385,62.046596994277927],[23.773804317002607,62.046609750682336],[23.773832872815568,62.046621648782995],[23.773863299104089,62.046632512456682],[23.773896083682708,62.046642433964614],[23.773929659012047,62.046651035255437],[23.773964694149598,62.046658143291886],[23.774000998179453,62.04666375361068],[23.774038275142949,62.046667769448575],[23.774076295614716,62.046669466682197],[23.774114410404032,62.04666865044814],[23.774123001113566,62.046668132469023],[23.774160197966836,62.046663880656553],[23.774195541897239,62.046657249557576],[23.774228707479413,62.04664842024274],[23.774259792312201,62.046637916095918],[23.774289359003642,62.046626567857032],[23.774317264327752,62.046614282334708],[23.774338669095204,62.046603920307511],[23.774363939301484,62.046590495052236],[23.774388130627869,62.046576595354082],[23.774410937616576,62.046562214075081],[23.774432492955935,62.046547363301265],[23.774452483585979,62.046532107593222],[23.774470898970389,62.046516365844802],[23.774487910064028,62.046500330726296],[23.774503499678243,62.04648398386751],[23.774517370910829,62.046467237469955],[23.774529809263719,62.046450286880663],[23.774540501595304,62.04643301696813],[23.77454919919554,62.046416329355466],[23.774556539950957,62.046398720568583],[23.774562287505582,62.046380975720645],[23.774569934765314,62.04634531524411],[23.774573735132186,62.046309475025055],[23.774568913486288,62.046130058612086],[23.774569310511058,62.046121802146828],[23.774572958116227,62.04608595835753],[23.774580606229328,62.046050288916256],[23.774586352747779,62.046032553028311],[23.7745933697894,62.046014927691374],[23.774599986827642,62.046001255172676],[23.774651518222324,62.045914869466166],[23.774654426627393,62.045908738123799],[23.774682540246904,62.045838165950578],[23.774692754999926,62.045820884870039],[23.774706911310691,62.04580433379553],[23.774726910807711,62.045788988419268],[23.774745128259774,62.045779800704942],[23.774776794585993,62.045769938962103],[23.774812863130514,62.045764043416838],[23.774850546327457,62.045761330168062],[23.774888783232644,62.04576079511255],[23.774926888145306,62.045761685498107],[23.77496486953568,62.045763740972077],[23.774996179056558,62.045766269455648],[23.775145560514215,62.045781520539862],[23.775183408135049,62.045783213447478],[23.775221435487548,62.045781586278721],[23.775253073716062,62.045775057022297],[23.775277101755439,62.045761243214805],[23.775292222792956,62.045744795486343],[23.775302903982769,62.045727624094084],[23.7753282959067,62.045675127932718],[23.775337614137147,62.045660161835208],[23.775352095511561,62.045643609311547],[23.775370671247089,62.045627970034353],[23.775392999698717,62.045613397741135],[23.775418125386125,62.045599879091661],[23.775445723769124,62.045587406502314],[23.775565033833921,62.045542585015859],[23.77559322314173,62.045530494568446],[23.775613491908555,62.045520366373843],[23.775636440741778,62.045506078072485],[23.775657212874506,62.045491020156994],[23.775716395957488,62.045444892715565],[23.775738256346621,62.045430219591871],[23.775751653721102,62.045422446516589],[23.775779079992407,62.045409969844656],[23.775809541495939,62.04539919026584],[23.77584197088574,62.04538970549595],[23.775875746637318,62.045381240464344],[23.775910238676872,62.045373600761785],[23.775945609228835,62.045366700332202],[23.776125278743628,62.045336315854222],[23.776195723702251,62.045322418116811],[23.776230071327515,62.045314514413185],[23.776263092583541,62.045305582442111],[23.776272263854136,62.045302652082519],[23.776302458572648,62.045291497803881],[23.776330190042515,62.045279207846377],[23.776355285500557,62.045265787160808],[23.776378100065926,62.045251315918883],[23.776398241580868,62.045236063481717],[23.776416033729031,62.045220226084844],[23.776431478412512,62.045203785804524],[23.776445338487971,62.045187128823059],[23.776457612912214,62.045170084410962],[23.776468446907746,62.045152907526351],[23.776478192649225,62.045135525534342],[23.776493683596239,62.045100407563673],[23.776499744792876,62.045082759826037],[23.776500992947561,62.045078566264692],[23.77650959207665,62.045042927951044],[23.776512140557596,62.045025018482058],[23.776513389952271,62.045007087656771],[23.776513199034031,62.044989204052811],[23.776511566759652,62.044971196940274],[23.776508291879399,62.04495334013815],[23.776503089943283,62.044935609033836],[23.77649529090036,62.044918005946478],[23.776484362322783,62.044900859851296],[23.776470016913915,62.044884173021828],[23.776452368461253,62.044868316478833],[23.776431056251784,62.044853443517127],[23.776407186755318,62.044839948342258],[23.776379156405351,62.044827793499216],[23.776349074513579,62.044816758717239],[23.77625464871797,62.044786261026239],[23.776190477635197,62.044766793144973],[23.776159699321727,62.044756191277344],[23.776130475400592,62.044744646400389],[23.776103122710687,62.044732058102035],[23.776078804699434,62.044718282854539],[23.77605817033184,62.04470315612879],[23.776042659995795,62.044686810401984],[23.776037941035732,62.044679512573445],[23.776030801831009,62.044661826037547],[23.776028978097902,62.044644003115756],[23.776032481318389,62.044626115952646],[23.776041597162394,62.044608719275324],[23.776058435478305,62.04459267097149],[23.776080419946137,62.044581333952301],[23.776113736477434,62.044572678461137],[23.776151026230121,62.044568967398561],[23.776189090859141,62.044568598689516],[23.776227280564033,62.044570119635836],[23.776265776564102,62.044573264935167],[23.776302879577752,62.044577455826932],[23.776339553601868,62.044582624983249],[23.77637549310549,62.044588585578289],[23.776411051207006,62.044595256015192],[23.776445903283854,62.044602449022385],[23.776617885310738,62.044641496300009],[23.776629722252974,62.044643929028709],[23.776665099170231,62.044650685011533],[23.776701019827431,62.044656824769021],[23.776737512808939,62.044662259123498],[23.776774406205007,62.044666804369861],[23.77681188141646,62.044670554589125],[23.77684965179629,62.044672964017138],[23.776887755421232,62.04467385385307],[23.776926001385664,62.044673219638632],[23.776940251523232,62.044672564121925],[23.776977818356634,62.044669308530743],[23.777014582609816,62.044664596668767],[23.77705065891703,62.044658610903518],[23.777086037977991,62.044651800242981],[23.777120815339877,62.044644346608784],[23.777292561763677,62.04460506072877],[23.777317250597111,62.044600165655886],[23.777353174050766,62.044594176244665],[23.777389804325345,62.044589101777198],[23.777426988704256,62.044584938687109],[23.77746456487516,62.04458159333916],[23.777502513853072,62.044579244979573],[23.777540549190238,62.044577707230111],[23.777578642305997,62.044577069268207],[23.777616821787305,62.044577241916386],[23.777655068547258,62.044578224728802],[23.777693058059796,62.044580010128691],[23.777730819014462,62.044582688630861],[23.777768313131034,62.04458607965195],[23.777801283143905,62.044589724421144],[23.777837966942084,62.044594803557906],[23.778124495570584,62.044644788817813],[23.77816080750106,62.044650308410205],[23.77819751041875,62.044655208205718],[23.77823460432159,62.044659488204005],[23.778272108191015,62.044662969158182],[23.778310059990716,62.044665292574585],[23.778344431723148,62.044666364430206],[23.778382649185581,62.044665998681886],[23.778573179004507,62.044659314132069],[23.778611377584291,62.044659307259273],[23.778649424205582,62.044660554657021],[23.778691108841684,62.044664133076012],[23.778727058410301,62.044670003439201],[23.778761711914331,62.044677631455826],[23.778795286502827,62.044686231560334],[23.778925702152673,62.044723685847728],[23.778959448539162,62.04473211023037],[23.778971419450734,62.044734725570649],[23.779006997290157,62.044741216097016],[23.779043681480992,62.044746294915882],[23.779080986226216,62.044750031549768],[23.779118947691945,62.044752265121595],[23.779157032411007,62.044753153886852],[23.779195269069486,62.044752788359744],[23.779233322581138,62.044751079860397],[23.779271004050329,62.044748185701714],[23.779308035548667,62.044743838848611],[23.77934424537327,62.044738214984598],[23.779359859025462,62.044735344915715],[23.779394492711408,62.044727797518711],[23.779496224688344,62.04470304721805],[23.77953101102495,62.044695503349899],[23.779557313699396,62.044690726398237],[23.779594058509517,62.044686013401524],[23.779631519815446,62.04468230540602],[23.779744323864787,62.044672997042234],[23.779781670366379,62.044668926948709],[23.779820466544699,62.04466309377279],[23.779855100037089,62.044655546258895],[23.779887823464446,62.044646336966458],[23.77991844603908,62.044635641135223],[23.779947253393075,62.044623833794184],[23.779974056639173,62.04461107225832],[23.779999026755419,62.044597549191778],[23.780115320570697,62.044526338038729],[23.780120157820054,62.044523306322397],[23.780341886751149,62.04439992908511],[23.780390229130379,62.044369530279539],[23.780411313181869,62.044354568820154],[23.780450663984617,62.044323780554606],[23.780486100695288,62.04429200252752],[23.780517594747746,62.044259323920137],[23.780545624464771,62.044225926597711],[23.780581802077766,62.044174849209597],[23.780611144966183,62.044122893627851],[23.780619188552372,62.044106199424455],[23.780639797238369,62.044053231499973],[23.780658608712791,62.043981983166766],[23.78067081155022,62.043892530868931],[23.780681694994275,62.043730372372636],[23.780683051295501,62.043676506141097],[23.780681559830775,62.043658592245038],[23.78067779589939,62.04364081401539],[23.78066836372976,62.043623433652151],[23.780651029648276,62.043607486172483],[23.780640745965378,62.043601226694271],[23.780610977666083,62.043590119300433],[23.780576306894368,62.043582662036656],[23.780539623952674,62.04357776332413],[23.780501911395941,62.043574637478848],[23.780349947913219,62.043567229174883],[23.780312006793299,62.043564816703345],[23.78030339713489,62.043564076782552],[23.780266094509201,62.043560151832317],[23.780229421014173,62.043554983722039],[23.780193663112208,62.043548758824834],[23.780158649120224,62.043541652825553],[23.780124379040704,62.043533665724759],[23.780090977015387,62.043524890264045],[23.780058462252732,62.043515506581691],[23.779898997719648,62.043466153924967],[23.779876955354659,62.043459799725163],[23.779843743311055,62.043450857929471],[23.779809807306624,62.043442609007663],[23.779775337168108,62.043434886683251],[23.779740161206128,62.043427866639441],[23.779704575244747,62.043421465933449],[23.7796682929432,62.043415677883679],[23.779631600753287,62.043410688863254],[23.779594517647062,62.043406319624886],[23.779557196450714,62.043402753424026],[23.779519293555033,62.043399982242612],[23.779481477080658,62.043398021670669],[23.779443260192135,62.043396770503072],[23.779405110629892,62.043396329499359],[23.779366913742265,62.043396516294465],[23.779333642104021,62.043397177393302],[23.779181296516558,62.043402606676608],[23.779143203884971,62.043401627860099],[23.779105911217226,62.04339779266747],[23.779071603515671,62.043389984109382],[23.779052872750054,62.043382718766132],[23.779030567859834,62.04336818241984],[23.779016535822965,62.043351602006716],[23.77900873664953,62.043333990088769],[23.779006110430899,62.043316139518787],[23.779008656320261,62.043298238951671],[23.779011781831723,62.043290046170291],[23.779022145950783,62.043272768306394],[23.779037873714977,62.043256523052094],[23.779058346673992,62.043241367848232],[23.779103626542032,62.043212416404209],[23.779113958271733,62.043206107833321],[23.779229791420423,62.043134698046245],[23.779254283293277,62.043120984276925],[23.779280492548502,62.043107858634656],[23.779308364041757,62.043095661241892],[23.779338240427666,62.043084409078325],[23.77936960641614,62.043074269807576],[23.779402939348458,62.043065434257315],[23.779437722874764,62.043057899361372],[23.779473806411644,62.043052003014999],[23.779546785470743,62.043041397224556],[23.779582582403314,62.043035134783409],[23.779605180243809,62.043030091706797],[23.779637461756934,62.043020521793842],[23.779666545582533,62.043008981534449],[23.77969228777512,62.04299574609081],[23.779714926286641,62.042981279225515],[23.779734749581596,62.042965929081156],[23.77975192863002,62.042949888322234],[23.779767177685908,62.042932194306978],[23.779778801235974,62.042915125470728],[23.779825720384022,62.042828190282577],[23.779837821081948,62.042811132575537],[23.779852642220575,62.042794587566114],[23.779870898854384,62.042778850456365],[23.779875945473361,62.042775284568577],[23.7798996729774,62.042761193480274],[23.779978100547602,62.042722063094466],[23.780002916259527,62.042708356758595],[23.78000790593617,62.042705328606644],[23.780028206238168,62.042690169244011],[23.78004536493566,62.042674136962987],[23.78006048182813,62.042657688679114],[23.780087230502954,62.042624090867619],[23.78012404642914,62.042573118347555],[23.780138380471811,62.042556472102632],[23.780154431770583,62.042540234284289],[23.780173032638274,62.042524496185955],[23.780194888760033,62.042509822323524],[23.780206480943811,62.042503713789785],[23.780235142920837,62.0424918131854],[23.780266355171776,62.042481490449212],[23.780299076120393,62.042472281040681],[23.780401248550152,62.042447810015688],[23.780434027286798,62.042439500372353],[23.780466585826829,62.042430197292134],[23.780498265788999,62.042420154950975],[23.780709901836492,62.042343351054662],[23.780739462915886,62.042333438924381],[23.780771600936124,62.042323586897851],[23.780837337280502,62.042305453231144],[23.7810088254863,62.042263731186338],[23.781700740904064,62.042072991456834],[23.781768099573348,62.04205615302223],[23.781784627100453,62.04205222587909],[23.781853619648256,62.04203676419057],[23.781924178663147,62.042023135889394],[23.781960260376042,62.042017059188815],[23.781996742628568,62.042011899250078],[23.782034038043733,62.042008096948479],[23.782072002579934,62.042005747753926],[23.7821101018964,62.042005018896191],[23.782138400412087,62.04200558887009],[23.782176311183974,62.042008090007045],[23.782213621654048,62.042011924807426],[23.782360395022497,62.042031788432951],[23.782397476878927,62.042036156920773],[23.782434949467387,62.042039725905873],[23.782468278685652,62.042041581078536],[23.782506426487831,62.04204184153263],[23.782544592189478,62.042040485189276],[23.782582413368903,62.042037862978106],[23.782619699269624,62.042034150141731],[23.78276733199349,62.04201548999999],[23.782779251453267,62.042014060813585],[23.782966157008151,62.041995696041703],[23.783003356443157,62.041991352175138],[23.783039829967102,62.041986272620761],[23.783075911421992,62.04198019562682],[23.783110989027513,62.041973115918061],[23.783145035975618,62.041964925056838],[23.78316794638263,62.04195854103525],[23.783199491221357,62.041948315257649],[23.783228878232475,62.041936961041991],[23.783256154120203,62.04192439861805],[23.783280499978648,62.041910590931082],[23.783299996274671,62.041895232692951],[23.783311895793048,62.041880236456123],[23.783317311872285,62.041862492593893],[23.783313719332678,62.041844709465337],[23.783302481588926,62.041827565729335],[23.783285147112206,62.041811618574506],[23.783263518739581,62.041796829159253],[23.783238875254682,62.041783047598564],[23.783212694849922,62.041770047795985],[23.783185332349746,62.041757550518213],[23.783156615148059,62.041745740415053],[23.783126714903229,62.04173444179763],[23.783096089868909,62.041723845036081],[23.783064463061045,62.041713674139658],[23.783038382152302,62.041705887610888],[23.783005343662747,62.041696761929963],[23.782731946730756,62.041632627597416],[23.78269853652742,62.041623942397955],[23.78266583220713,62.04161473457809],[23.782633681065469,62.041605000578215],[23.782602722358305,62.041594485767781],[23.782591104224171,62.041590171901724],[23.782562052488366,62.041578452698211],[23.782534690429102,62.041565955294061],[23.78250901709853,62.041552688652679],[23.782485204289522,62.041538656780183],[23.782464071710923,62.041523708083453],[23.782446756933076,62.04150776127188],[23.78243470008967,62.041490769062442],[23.782430464637592,62.04148051786558],[23.782428646767688,62.041462605374399],[23.782433587025256,62.041444841460745],[23.782444587118025,62.041427677036189],[23.782460666095105,62.04141134079444],[23.782480324788434,62.04139607630065],[23.782502168424219,62.04138132095197],[23.782525282670786,62.041367035461882],[23.782574585063085,62.041339614270612],[23.782628849429745,62.041312497415994],[23.782766720213655,62.041250403447293],[23.782882823075536,62.041203794263772],[23.783034717438767,62.041149313353202],[23.783065784141755,62.041138896783885],[23.783090171961398,62.041130840174802],[23.783250030136223,62.041081746679581],[23.783349225545336,62.041054778389906],[23.783417326842052,62.041038486593969],[23.783451974405793,62.041030938586452],[23.783467299178994,62.041027701978528],[23.783715236817194,62.040980570974263],[23.783750026523769,62.040973125036004],[23.783784215546007,62.040965206882746],[23.783790503647733,62.040963646378252],[23.78382382352466,62.040954899358589],[23.783856226608211,62.040945412208977],[23.78388759742279,62.040935191223397],[23.783917928388249,62.04092430810163],[23.783946874835774,62.040912584107581],[23.783974446378849,62.040900109310705],[23.783999868945227,62.040886784813239],[23.784023278044398,62.040872595805212],[23.784044195536428,62.040857540129977],[23.784062458442257,62.04084189250905],[23.784072166315497,62.040832235823245],[23.784086172871728,62.040815581583757],[23.784096380535452,62.040798299750961],[23.784101967736177,62.04078055985449],[23.784099987684293,62.040762724480707],[23.784090737923638,62.040748133797848],[23.784071084026341,62.040732770584469],[23.784047452381458,62.040718653358816],[23.784022275224313,62.040705218870144],[23.78399864362331,62.040691101636412],[23.783979991697546,62.040675492224146],[23.783977755909625,62.040672205715836],[23.783975117483759,62.040654444840847],[23.783985171505446,62.040637168419885],[23.784003740654477,62.040621518960215],[23.784026834528518,62.040607232764188],[23.784053183730332,62.040594190404072],[23.784082138476126,62.040582565409807],[23.784115866319851,62.04057140202999],[23.784149166585308,62.040562654483161],[23.784184520235719,62.040555841513907],[23.784221421670154,62.040551220872814],[23.784259336872438,62.040549319182688],[23.784297368219079,62.040550663578834],[23.784313174513443,62.040552101037385],[23.784349482753758,62.040557618980259],[23.784420593079812,62.04057077601292],[23.784457111038336,62.040575939434909],[23.784480293823584,62.040577647576697],[23.78451827635568,62.040576376296073],[23.784554480277116,62.040570751023942],[23.784587340168819,62.040561642719112],[23.784616582087736,62.040550195012216],[23.784643093306638,62.040537246163858],[23.784666816852397,62.040523154226484],[23.78468774245291,62.040508197480477],[23.784705833829658,62.040492357112861],[23.784720031771514,62.040476965100062],[23.784732137434567,62.040460005966082],[23.78475366845915,62.040425558057599],[23.784766079481724,62.040408606035527],[23.784783569429489,62.040392661802507],[23.784807283325435,62.040378659463549],[23.784828271565868,62.040370532346238],[23.784861877101584,62.040362151124732],[23.784898357693635,62.040356801747016],[23.784936157652094,62.040354358123331],[23.784974303528234,62.040354797574409],[23.785010458812668,62.040360132092893],[23.785025398635366,62.040365241897213],[23.785044890469578,62.040380511351117],[23.785053513053683,62.040397962380226],[23.785061186685866,62.040433629749181],[23.785066592744105,62.040449469503002],[23.785078822456072,62.040466465493559],[23.785096987219912,62.040482162230582],[23.785120782293721,62.040496184249847],[23.785148487909236,62.040508509454845],[23.785178912264197,62.040519370629426],[23.785211606725635,62.040528667476444],[23.785221514944027,62.04053105455516],[23.785256173816524,62.040538420571245],[23.785292082921824,62.040544638737877],[23.785328590587543,62.040549900516467],[23.78536550040247,62.040554434927444],[23.78551461340011,62.040570396621931],[23.785551493765855,62.040575029125272],[23.78556164941385,62.040576523496611],[23.785597767344317,62.04058239605213],[23.785633151094661,62.040589060098469],[23.785667972455556,62.040596519637468],[23.785701725683204,62.040604852734674],[23.785734773292994,62.040613888145089],[23.785766925357137,62.040623612461161],[23.785798055837915,62.040633950872433],[23.785828146747111,62.04064507366521],[23.785942692406046,62.040692474999275],[23.786105276933959,62.040768397553819],[23.786121832588417,62.040776509731366],[23.786275470345153,62.040856347579982],[23.786347427780647,62.040898273560011],[23.786369553168761,62.040912894363302],[23.786390525099165,62.040927928541322],[23.786410332056153,62.040943303950861],[23.786428984451501,62.040958922005871],[23.786446473764233,62.040974863368582],[23.78646280756605,62.040991056340083],[23.786472818475392,62.041001531720205],[23.786570525752005,62.04111834058611],[23.786587681267434,62.04113436400003],[23.786607641159836,62.041149742938003],[23.786630625499345,62.04116402431606],[23.786657492777159,62.041176689054744],[23.786688434350015,62.041187193555956],[23.786728334692778,62.041195489824212],[23.786765654087834,62.0411990540753],[23.786803772510456,62.041199582207597],[23.78684183162019,62.04119777299212],[23.786879277383687,62.041194161581146],[23.786915911500717,62.041188994922933],[23.786951408682054,62.041182454118299],[23.78696739146941,62.041178962912923],[23.787001016260085,62.041170401925321],[23.787032969800972,62.041160634043081],[23.787063890988129,62.041150132348378],[23.787093762625293,62.041138878472601],[23.787236073044468,62.041079039827174],[23.787265467190064,62.041067595111606],[23.787295633829125,62.04105662657993],[23.787314801785907,62.041050514151102],[23.787347671803243,62.041041306601223],[23.787381735680224,62.041033115124307],[23.787416640373738,62.041026021345573],[23.787452586067911,62.041019760390895],[23.78748905660709,62.041014508917762],[23.787525967749065,62.041009977462465],[23.787563404526523,62.041006266832902],[23.787601109174602,62.041003281184089],[23.787639024594753,62.041001198875527],[23.787655687349741,62.041000508598266],[23.787693813706746,62.040999509317906],[23.787732036153077,62.040999231019057],[23.787770326141281,62.04099976288164],[23.787922630438082,62.041005464087064],[23.787948437773032,62.041006603812164],[23.788024713692266,62.041009097840139],[23.788062860458606,62.041009536443447],[23.788101063829302,62.041009257598269],[23.788139103711735,62.041007627271469],[23.788175555200997,62.041002554864519],[23.788205397904665,62.040991569617034],[23.78821148296338,62.040987398701581],[23.788221363860266,62.040970108997307],[23.788222921155008,62.04095227518718],[23.788218975125638,62.040916425278446],[23.788219262993842,62.040898472080833],[23.788224190315596,62.04088079756027],[23.788238815072628,62.04086424716855],[23.788262068550761,62.040850062837322],[23.788291786752367,62.040838805143359],[23.788325229384078,62.040830149761561],[23.788360439202076,62.04082324254113],[23.788396795607564,62.040817799505156],[23.788433944451498,62.040813731551182],[23.788469683074752,62.040811059296161],[23.788507569822499,62.040809245619833],[23.788545829868948,62.040808608597061],[23.788583938388395,62.040809225859164],[23.788621924101363,62.040811187918791],[23.788659452892155,62.040814397156964],[23.788696486758408,62.04081903237838],[23.78873243492913,62.040825070852264],[23.788767266800392,62.040832439991789],[23.788800658829039,62.040841123284928],[23.788832305612935,62.040851113626395],[23.788839790243347,62.040853623734634],[23.788869014426719,62.040865174896368],[23.789004452873783,62.040928423112881],[23.789032819695034,62.040940484371085],[23.78906239690491,62.040951774169883],[23.789089967684166,62.040960681326084],[23.789123388493021,62.040969275362343],[23.789158592411408,62.040976203832869],[23.789195064232977,62.04098163443858],[23.789232383847093,62.040985377715842],[23.789270303449218,62.040987787276265],[23.789308384012465,62.040988852905592],[23.789346577898321,62.04098866333981],[23.789384598783307,62.040987211917908],[23.789422408659885,62.040984677444463],[23.789460179142033,62.040980884223501],[23.789570355867323,62.040966026476426],[23.789607763987028,62.040962584163502],[23.789651540093995,62.040961536083067],[23.789689059729906,62.040964834667534],[23.78972481662656,62.040971057100286],[23.789759277134657,62.040978866565538],[23.789792670558466,62.040987540659025],[23.789857710518643,62.041006393509207],[23.789890769280209,62.041015338310828],[23.789924867562792,62.041023498684872],[23.789959881028675,62.041030602205467],[23.7899916469127,62.041034934849371],[23.790029423394756,62.041037251025834],[23.790067655341907,62.041036882456162],[23.790105321803736,62.041034074926849],[23.790141936294283,62.041029086656458],[23.790177442074668,62.041022455392067],[23.790211342853112,62.041014169591854],[23.790243322817712,62.041004320740591],[23.790272878114969,62.04099296899664],[23.790284697659967,62.04098776338968],[23.790310443012768,62.040974436297262],[23.790333380581675,62.040960154440278],[23.790353827299082,62.040944997066461],[23.790372250142845,62.040929253554779],[23.790388610172467,62.040913111673341],[23.790450320292184,62.040847442143587],[23.79045299953783,62.040844898968906],[23.790470467697457,62.040828953554538],[23.790489519541563,62.040813413330511],[23.790509794290763,62.040798251936984],[23.79055366590412,62.040768904843432],[23.790600629608051,62.04074053707285],[23.79060904227968,62.040735701433334],[23.790633670370692,62.040722078770877],[23.790659414399059,62.040708760572954],[23.790686209718455,62.040695996899593],[23.790714389509699,62.04068389432684],[23.790744248958983,62.040672738235664],[23.790777108098336,62.040663619483816],[23.790813043243702,62.040657447271045],[23.790848609702795,62.04065477040276],[23.790886746636001,62.040655297847628],[23.79092387537731,62.040659215920726],[23.790959422577792,62.04066579253643],[23.790992824701167,62.040674565370693],[23.791023613646377,62.040685074319114],[23.791051475504357,62.040697392944139],[23.791075167314883,62.040711150937902],[23.791094976520476,62.04072652569026],[23.791110464495187,62.04074295895402],[23.79112254500858,62.040759950880783],[23.791147928425243,62.040812462086684],[23.791152050192327,62.040820733751886],[23.791162651724719,62.040837960818401],[23.791175038654611,62.040854950879428],[23.791203579696798,62.040888227958952],[23.791252761397622,62.040936800260397],[23.791355705274171,62.041032973166722],[23.791371545632007,62.041049333728751],[23.791383393291824,62.041062367066893],[23.791440497249788,62.041128903656791],[23.791458818408952,62.041144603129744],[23.791481623800831,62.041158969345481],[23.791514105199187,62.041171943315085],[23.79154989202398,62.041177887442991],[23.791587972737581,62.041178772752779],[23.791625906093355,62.041176519062404],[23.791663093905743,62.041172262472031],[23.791699287823295,62.041166724947175],[23.791877799051221,62.041134766342402],[23.791914145591011,62.041129232310404],[23.791926713102313,62.041127637722575],[23.791964159161733,62.041124015965416],[23.792001940664928,62.041121749658963],[23.792040219959596,62.041120932420782],[23.79207831006995,62.041121727970406],[23.792116277526908,62.041123868321677],[23.792153788010797,62.041127076171037],[23.792191070392835,62.041131177150234],[23.792227771452211,62.041136073205053],[23.792249334359418,62.041139359570927],[23.7923213741085,62.041151366078793],[23.792357703472369,62.04115670268007],[23.79239500481723,62.041160624355427],[23.792422387528635,62.041162069386509],[23.792460466918605,62.041161696605855],[23.792498046768522,62.041158257502104],[23.792533810372451,62.041152080850608],[23.792567710671975,62.041143794468617],[23.79266586670289,62.041116076705407],[23.792697656254688,62.041106393575504],[23.792761005470677,62.041086303198732],[23.792791905555081,62.041075799764009],[23.792822071191196,62.041064821049382],[23.792849180982969,62.041052154118532],[23.792865053127983,62.041036090470719],[23.792865448369881,62.041030888693435],[23.792847747002913,62.04101529366568],[23.792820409694883,62.041002709094002],[23.792790640331312,62.04099159534794],[23.792760030559304,62.040980830425333],[23.792730117983314,62.040969623493062],[23.792701750592364,62.040957554022384],[23.792680685230611,62.040946462844708],[23.792661027780952,62.04093109186303],[23.792647991190272,62.040914266539801],[23.792641950225466,62.040896606527376],[23.792642388187719,62.040878656852421],[23.792647818675341,62.040860904066534],[23.792658164767609,62.040843714742707],[23.792673426649074,62.040827268572727],[23.792681568537184,62.04082027924273],[23.792703130928132,62.040805417002865],[23.792728846543216,62.040792178632266],[23.792757951867287,62.040780546384653],[23.792789462836019,62.0407704165289],[23.792822178228,62.040761204113743],[23.792856078012619,62.040752917657187],[23.792867308205874,62.040750393467128],[23.792902239677076,62.040743029416845],[23.792937725647505,62.040736576685532],[23.792974204389274,62.040731234130156],[23.793011534927977,62.040727250037556],[23.793049489019925,62.040726245282677],[23.793086989869003,62.040729722193589],[23.793106368101611,62.040733945948368],[23.793136299482367,62.040744973549558],[23.793158953622296,62.040759326981281],[23.79317561540006,62.040775526721781],[23.793187506205445,62.040792514039971],[23.793194178313193,62.040810179704984],[23.793195437260319,62.040818205089188],[23.793194349693099,62.040836148650342],[23.793188299073964,62.040853797198473],[23.793178097477906,62.040871070774394],[23.793164878642976,62.040887923846526],[23.793118455046901,62.040937148850517],[23.793104891202706,62.040952736082467],[23.793093105028078,62.040969793143745],[23.793083847345311,62.040987187476667],[23.793077167670418,62.041004812419203],[23.793072854150275,62.041022681017594],[23.793070487602687,62.041040594858558],[23.793070212038671,62.04105845845995],[23.793071548566093,62.041076458350716],[23.793074000092243,62.041092956800235],[23.793078400909742,62.041110749379861],[23.793084260927788,62.0411284950073],[23.793092077189133,62.041146016559516],[23.793101688490246,62.041163391149908],[23.79311358904074,62.041180468542564],[23.793127770147333,62.041197149706264],[23.793145444366729,62.041213004610896],[23.79316692447539,62.041227788959311],[23.793192421000519,62.041241139280466],[23.793222430235932,62.041253067104172],[23.793254956198666,62.041262358074832],[23.793289255814706,62.041270252743161],[23.793395177755318,62.041290853406792],[23.793429849168763,62.041298307456941],[23.79346342430761,62.041306904000628],[23.793494720297215,62.041317154620437],[23.793520521072981,62.041329254128222],[23.793540161067881,62.041344615585317],[23.793555344319387,62.041361050450831],[23.793594330334539,62.041411631059418],[23.79361065874647,62.041427912835402],[23.793621404500072,62.041435978933954],[23.793646740191761,62.041449406287704],[23.793675461252235,62.041461214233891],[23.793766078810634,62.04149413603924],[23.793793942525934,62.041506454121681],[23.793817941821231,62.041520398443758],[23.793835100454711,62.041536429945133],[23.793846009162831,62.041553663910847],[23.793851240735414,62.041571385911887],[23.793851756938288,62.041589366728736],[23.793847262738012,62.041607500678971],[23.793837385751999,62.041624781841513],[23.793821809024799,62.041641130976636],[23.793801202134922,62.041656186292698],[23.793776402880834,62.041669805531775],[23.793748213919212,62.041681998354726],[23.793717761468027,62.041692790924174],[23.79368548570595,62.041702364168913],[23.793651737981399,62.041710834063394],[23.793617092092656,62.041718384641484],[23.793581748569768,62.041725110405572],[23.793255993247261,62.041776829794536],[23.793184848326174,62.041789902133416],[23.79317693819478,62.041791605059274],[23.793142588263173,62.041799431931025],[23.793108983544109,62.041807994864101],[23.793076257655276,62.041817296963906],[23.793044583336368,62.041827333260649],[23.793013958696665,62.04183812167998],[23.792984709184612,62.04184966080085],[23.792956834799551,62.041861950624131],[23.792930651349874,62.041874899660804],[23.792906157139914,62.041888705529615],[23.792883353114586,62.041903359268929],[23.792862592874734,62.04191841089154],[23.792843540579419,62.041933960406787],[23.792826235352212,62.041949999740154],[23.792810811567168,62.04196634334221],[23.792797124269011,62.041983095657905],[23.792785479822715,62.042000254822923],[23.79277560210198,62.042017535903867],[23.792767632481141,62.042035049999555],[23.792741349697732,62.042123906037872],[23.79271996466181,62.042267042945518],[23.792719586731252,62.042270627929582],[23.792699746478188,62.042377872050146],[23.792678883366278,62.042448894180893],[23.792656874528806,62.04250174116023],[23.792628193350161,62.042553804164143],[23.792605410505779,62.042588035405323],[23.792597843669569,62.042598640853427],[23.792546100684664,62.042666160149238],[23.792535086707829,62.042683324966568],[23.792526811338512,62.042700831946618],[23.792521704934355,62.042718592263022],[23.792520465101273,62.042736523300029],[23.792523576441344,62.042754384756378],[23.792524926519654,62.042758459120826],[23.792534041661224,62.042775822213905],[23.792547755578319,62.042792582413917],[23.792565563074163,62.042808449461688],[23.792586881839625,62.042823319978446],[23.792611197416068,62.042837173022292],[23.7926378779737,62.042850011876922],[23.792666943355115,62.042861648329392],[23.792685609432411,62.042868101674912],[23.792717774629125,62.042877743737378],[23.792751552383535,62.042886066618912],[23.792786921521273,62.042892908106722],[23.792823243592046,62.042898334223111],[23.792860518591311,62.042902344967189],[23.79289846943135,62.042904664366937],[23.792936590145853,62.042905190820498],[23.79297460383815,62.042903828049369],[23.79299603866767,62.042902169871013],[23.793033084204495,62.042897828714295],[23.793069021561216,62.042891655930248],[23.793103640389589,62.04288419468147],[23.793136959775254,62.042875445412498],[23.793169084997679,62.042865680102985],[23.79329198790391,62.042823083632427],[23.793313235150311,62.042815760866816],[23.793600544005141,62.042726949759071],[23.793661469203403,62.042705374087824],[23.793690872007677,62.042693838376294],[23.793719214851677,62.042681828813478],[23.793746324791066,62.042669170678415],[23.793771898289918,62.042655838951418],[23.793780473159458,62.042650917042998],[23.793803248992365,62.042636532031736],[23.793824181072797,62.04262148426033],[23.793862581510442,62.042590481678019],[23.793984706927258,62.042478794411608],[23.793996712126962,62.042468920907453],[23.794017167516394,62.042453673363894],[23.794039169687164,62.042439000813438],[23.79406305184985,62.0424250098241],[23.794089245693009,62.042411961986303],[23.79411893478542,62.042400792217315],[23.794152233319835,62.042392051216488],[23.794176537694469,62.042387854038971],[23.79421383214709,62.042384048440404],[23.794252093900297,62.04238323015565],[23.794289919630039,62.042385097055288],[23.794327203853037,62.042389197468914],[23.794363134996427,62.042395243013971],[23.7943972454893,62.042403312675148],[23.794428381705984,62.042413640206554],[23.794457058579717,62.042427513356309],[23.79447837801672,62.042442383586007],[23.794494211129077,62.042458653734549],[23.794505293271875,62.042475882678588],[23.7945222938644,62.042511765949357],[23.794531581880495,62.042529132908314],[23.794543149792478,62.04254629227119],[23.794558515413126,62.042562641396891],[23.794581829824335,62.042576740361646],[23.794587540080258,62.042579208931684],[23.794620258561292,62.04258832433181],[23.794657180591827,62.042592595927431],[23.794695329492036,62.042593032711594],[23.794733274795529,62.042590679590575],[23.79477029213075,62.04258641818241],[23.794805932592407,62.04257996853044],[23.794839689677676,62.042571597389482],[23.794850518698418,62.042568344960728],[23.794880666011561,62.042557365359826],[23.794907002894398,62.042544410536813],[23.794928535980311,62.042529646097378],[23.794944752168952,62.042513401535381],[23.794955278800913,62.042496126403073],[23.794958637628962,62.04248713015474],[23.794960992817938,62.042469314865386],[23.794961369281577,62.042415426155678],[23.794965653385688,62.04239764667691],[23.794977287325278,62.042380576946606],[23.794989292866745,62.042372149859361],[23.795019592851173,62.04236135346553],[23.795055214114083,62.042355082996544],[23.795092527306213,62.042351097909972],[23.795130232946416,62.042348110211428],[23.795144815402452,62.042347191023985],[23.795639541969845,62.042326703004854],[23.795658838934113,62.042325533849009],[23.795809814151241,62.042314673037239],[23.795847874195296,62.042312861344854],[23.795885992556439,62.042311949436119],[23.795921783129454,62.042311881915076],[23.795959855985053,62.042312855653805],[23.795997834668643,62.042314905323899],[23.796035528295473,62.042318026493895],[23.796072631447405,62.042322212073692],[23.796109115600817,62.042327551245606],[23.796144875451962,62.042333772033501],[23.796179892127238,62.042341053687686],[23.796213822760492,62.042349199577089],[23.796246522618947,62.042358493843473],[23.796277658486343,62.042368829924165],[23.796306724827971,62.0423804656171],[23.79633340657103,62.042393303765863],[23.796357399236349,62.042407328319598],[23.796378204408967,62.042422365990959],[23.796381013264096,62.042424767135614],[23.796397353141604,62.042440958968342],[23.796410898195166,62.042457705847795],[23.796422467145444,62.042474865060129],[23.796463199406752,62.042543993144506],[23.796475264518527,62.04256098418012],[23.796489620843882,62.042577660037175],[23.796504908386556,62.042591671172389],[23.796526219294265,62.04260645102481],[23.796551051704153,62.042620135656051],[23.796578916636978,62.042632462151246],[23.796609013294685,62.042643402936967],[23.796641189178278,62.042653134160226],[23.796674594928689,62.042661725949607],[23.79670924041146,62.042669448065162],[23.796744620598787,62.042676189956026],[23.796780742309483,62.042682068577086],[23.796817446006145,62.04268696342789],[23.796854550663728,62.042691139838531],[23.796863322874454,62.042691972340549],[23.796900873786036,62.042695000108473],[23.797128701419851,62.042707205486067],[23.797166433397898,62.042709967851152],[23.797203927752751,62.042713533286936],[23.797215544918913,62.042714970851343],[23.797252201333983,62.042720134019262],[23.797287790303212,62.042726530221437],[23.797322445454313,62.042734162559526],[23.797355851490192,62.042742754185824],[23.797388018287112,62.042752574862156],[23.797478816263155,62.042785309607801],[23.797623295084129,62.042843996957728],[23.7976449050615,62.042853033553179],[23.797813329937668,62.042926022434486],[23.797866696620908,62.04295168919495],[23.797892377892289,62.042964953029241],[23.797917029031023,62.042978732021503],[23.797938178748552,62.042993597743433],[23.797953700081003,62.043009941084307],[23.797959744518113,62.043027600882517],[23.797952732058427,62.043045137437467],[23.797948376047625,62.043049798101293],[23.797926070583234,62.043064275541283],[23.797896821710673,62.043075815705578],[23.797864095876932,62.043085118939459],[23.797829899527265,62.043093121248241],[23.797724708057039,62.043114399378503],[23.7976969115375,62.043119594282238],[23.797625200445349,62.043132035869938],[23.797552218696371,62.043142731918351],[23.79751533489604,62.043147176863862],[23.797477734020703,62.043150616877263],[23.797439854250754,62.043152343374203],[23.797401636786024,62.043151097174885],[23.797364532433587,62.043146911944852],[23.797329333743356,62.043140075608051],[23.797302514881501,62.043133074344958],[23.797271558905852,62.043122473157872],[23.797184537018577,62.043087489976955],[23.797154773452341,62.043076287526105],[23.797122263220917,62.043066818205929],[23.797081780194652,62.043062554488927],[23.797049846449397,62.043071965759729],[23.797026909434809,62.043086257701525],[23.797008345389422,62.043101908941821],[23.796958296631221,62.043150332296243],[23.796949783377663,62.043157762472077],[23.796929806196644,62.043173021531082],[23.796864557438795,62.043217318643428],[23.796844580175435,62.043232577689452],[23.796829651300087,62.043247324992841],[23.796821360084845,62.04326482283868],[23.796821095372682,62.043282785487371],[23.796826787096578,62.043300518018242],[23.796836409674412,62.043317811699943],[23.79684896196423,62.043334724155812],[23.796863823668762,62.043351330832785],[23.796880317947767,62.043367517193218],[23.79698860139278,62.043462290998853],[23.797021608364538,62.043494673094727],[23.797036298432594,62.043511275766747],[23.797042981322885,62.043519777360999],[23.797053739815496,62.043537007541396],[23.797097227642627,62.043624338824706],[23.797107327714766,62.043641643563753],[23.797120214245464,62.043658473902347],[23.7971363939516,62.043674742770399],[23.797156704245118,62.043689948505055],[23.797182214008721,62.043703208485248],[23.797203020937413,62.043710789002482],[23.797236942989183,62.04371903323829],[23.797272323567224,62.043725783964256],[23.797343828176281,62.043738404200617],[23.797378313621952,62.043746023582067],[23.797393972085207,62.043750340063255],[23.797423574239453,62.043761628547735],[23.797449236898483,62.043774892023357],[23.797471722774745,62.043789429438803],[23.797491375766398,62.043804700727506],[23.797546515819676,62.043851890418772],[23.797560503557538,62.043862807578925],[23.797582321626091,62.043877509166798],[23.797606324514309,62.043891452849756],[23.797632168605357,62.043904630653842],[23.797659854843118,62.043917033615536],[23.797688913748715,62.043928758653401],[23.797718840493022,62.043939874913036],[23.797749625641107,62.043950472018906],[23.797781116472851,62.043960546427073],[23.797792832254785,62.043964142476135],[23.797924852596459,62.044000348900511],[23.798194223002202,62.044068132254473],[23.798216307445813,62.044074125056788],[23.798281160116506,62.044093229935356],[23.798343618039389,62.044113815560401],[23.798373888602619,62.044124759958663],[23.798403110136491,62.044136398766611],[23.798430986632894,62.044148635274546],[23.798457519035001,62.04416146052084],[23.798478569854723,62.044172730091034],[23.798502229991488,62.04418684534415],[23.798545353260071,62.044216407001215],[23.798665075798752,62.044308210306312],[23.79868639011308,62.04432316056733],[23.798710548398088,62.044338545149422],[23.798734867041048,62.044352406100714],[23.798760540428269,62.044365759406475],[23.798787407122674,62.044378502493345],[23.798815446147767,62.044390652842928],[23.798844515383717,62.044402288017608],[23.798967670157587,62.044444756521997],[23.799062632157526,62.044474900351346],[23.799086035905219,62.044482181417486],[23.799433165521418,62.044593444138435],[23.799554423913278,62.044637036085554],[23.7996706945837,62.044683656800842],[23.79970013797384,62.044696288742387],[23.799839355220143,62.044757636694058],[23.799868768594994,62.044769099931827],[23.799899545908115,62.044779786192784],[23.79993139113872,62.04478959876878],[23.799964782255891,62.044798360068988],[23.799999449870086,62.044805902127749],[23.800016043045492,62.04480898215386],[23.800052540317708,62.044814230680792],[23.80020175794581,62.044829639380616],[23.800238827047206,62.044834182364099],[23.800260880155367,62.044837388939115],[23.800296462815808,62.044843874009551],[23.800330749228849,62.044851766520551],[23.800363271798194,62.04486114547683],[23.800393201386058,62.044872252205337],[23.800419228761442,62.044885343857231],[23.800427826635914,62.044890933798584],[23.800444666083784,62.044906956983404],[23.800455102437368,62.044924179388083],[23.800461779609176,62.044941844726203],[23.800465716699136,62.04495972506016],[23.800467849848172,62.044977653419544],[23.800470729086122,62.04503142876839],[23.800474017108623,62.045049294055303],[23.800479557597402,62.045067031869877],[23.800488038526254,62.04508446948801],[23.800500918096905,62.04510138914948],[23.800510016209181,62.045109865680871],[23.800531674440549,62.045124652900384],[23.800578989393657,62.045152783687428],[23.800600132476966,62.045167738641162],[23.800615168684498,62.045184169219461],[23.800617121663183,62.045188526990572],[23.80061572406359,62.045206364517135],[23.800604731805855,62.045223539401462],[23.800588221105578,62.045239687927257],[23.800550753387625,62.045272591670432],[23.800534692327389,62.045288831473087],[23.800507323077561,62.045322337656522],[23.800502644714243,62.045328608114133],[23.800490496510498,62.045344399554068],[23.800177908157696,62.045413151885107],[23.800006329386939,62.045452739249342],[23.799988522961389,62.045456459226983],[23.799918251534162,62.045470453818062],[23.799882312453231,62.045476628372157],[23.79984610538358,62.045482257640849],[23.799809181339739,62.045487061682287],[23.799771740195826,62.045490595911296],[23.799733742608851,62.045491960977067],[23.799695665394399,62.04549080855972],[23.799655026043194,62.045486542033863],[23.799619642882941,62.045479791903176],[23.799586585811269,62.045470759760761],[23.799555979736635,62.045460077411235],[23.799526727978126,62.045448528020493],[23.799498667668665,62.04543638632861],[23.799488668141013,62.045431931796834],[23.799327875845773,62.045355169145957],[23.799299654488074,62.045343104535519],[23.799270412600194,62.045331645159521],[23.799238096169923,62.045320123461892],[23.799206288569085,62.045310131916899],[23.799173575210432,62.045300927953491],[23.799139831887342,62.045292418846699],[23.798997894771983,62.045261455206798],[23.7987213607129,62.045200344598719],[23.798620265383597,62.045174999719357],[23.798521983050506,62.045147294227938],[23.798489985187594,62.045137477785218],[23.798460182281865,62.045128080608883],[23.798398113012592,62.045107054870826],[23.798338418928548,62.045084736542393],[23.798309529550504,62.045073024582194],[23.798281327727068,62.04506078051741],[23.798254290005712,62.045048204075322],[23.798228272869725,62.045035022395702],[23.798211185437111,62.045025911148208],[23.79818686556295,62.045012059066352],[23.798163720165888,62.04499777602193],[23.798141719777941,62.044983160160108],[23.798024323444555,62.044890700624762],[23.798008462473483,62.044877574827744],[23.797929534373374,62.044816186199647],[23.797886563377318,62.044786448201066],[23.797840607198275,62.044757799915494],[23.797815611271471,62.04474419262386],[23.797788582513583,62.044731535430678],[23.797759503942746,62.044719989659704],[23.797728374614753,62.044709564272196],[23.797695309513173,62.044700621310241],[23.797660661696707,62.044693079120293],[23.79765498108917,62.044691959035291],[23.797618837015534,62.044686268840266],[23.797581568607963,62.044682169738415],[23.797543796188428,62.044679586278285],[23.797505748615887,62.04467834408203],[23.797467416010363,62.044678173388469],[23.797429323023785,62.044678816839586],[23.797391154552116,62.044680177280036],[23.797352882066647,62.044682343891708],[23.797277512998317,62.044688231716911],[23.7972030150252,62.04469620612592],[23.797129627597187,62.044706173848724],[23.797057769019734,62.044718342251436],[23.796883714901739,62.04475526281928],[23.796642442143241,62.044813892670206],[23.796404975840861,62.04487162218286],[23.796335545438708,62.044886712603784],[23.796264689761433,62.044900071856155],[23.796192266266026,62.044911418112498],[23.796155477159186,62.04491639501034],[23.796142431024901,62.044917978894873],[23.796067951298774,62.044925953128782],[23.795992552867645,62.044931929428493],[23.795878544159059,62.044937278891823],[23.795687783889392,62.044941646009946],[23.795662776364086,62.044941963866371],[23.795051400380938,62.044942143574268],[23.794898753776753,62.044939497340572],[23.794882202316323,62.044939112981616],[23.794386220318493,62.044925339249389],[23.79415702328669,62.044922890801693],[23.793966088379459,62.044925643276528],[23.793849615724593,62.044930035393492],[23.793735924317655,62.044936908828561],[23.793660955665597,62.044943522754949],[23.793623639108734,62.044947507431296],[23.793586733676936,62.04495213055754],[23.793550229921113,62.044957481758594],[23.79351429965326,62.044963565026364],[23.793479086147883,62.044970473534072],[23.793441947000122,62.044978765816879],[23.793408348273065,62.044987239172436],[23.793375790840415,62.044996545309587],[23.793343969056799,62.045006497439715],[23.793313035644964,62.045017099111632],[23.793253614653828,62.045039608095244],[23.793196179214213,62.045063250301439],[23.793178606521728,62.04507091899815],[23.792853391322637,62.045222629137513],[23.792849145870107,62.045224596902408],[23.792739154776356,62.045274411178482],[23.792712661860364,62.045287362013113],[23.792687373154369,62.045300870906772],[23.792663821307933,62.045314968206611],[23.792641969085608,62.045329644063848],[23.79262198830498,62.045344902472003],[23.792605091313465,62.045359954023077],[23.792589664682762,62.045376306543965],[23.792576615309294,62.045393163528253],[23.792566087226504,62.04541042949517],[23.792557639269994,62.045427932473714],[23.792544400442569,62.045463283963983],[23.792538608556498,62.045483184613495],[23.792524129841453,62.045554615654105],[23.792518823372852,62.045626358675527],[23.792522861597675,62.045698049324265],[23.792536130790594,62.045769496282794],[23.792551766216391,62.045822858692581],[23.79255582609504,62.045834812465898],[23.792570153768335,62.045870085808168],[23.792588240894723,62.045904916430977],[23.792599304060019,62.045922145078201],[23.792612360833029,62.045938979815567],[23.792627879797777,62.045955332702817],[23.792645871352487,62.045971105152105],[23.792660200772765,62.045981860055882],[23.792682533208627,62.045996394693972],[23.792707012555585,62.046010170619326],[23.792733525212991,62.046023176206567],[23.792788933563742,62.046047823201086],[23.792808519898706,62.046056094761262],[23.792954388153248,62.046114010560522],[23.79301458678804,62.046136064454714],[23.793019695524237,62.046137890194508],[23.793080751833113,62.04615943390592],[23.793097997414478,62.046165584621328],[23.793274461876582,62.04623427348384],[23.793296052268939,62.046241872777948],[23.79332752504876,62.046252127454096],[23.793337657339706,62.046255498413345],[23.793265311280145,62.046262981706136]],[[23.801853629133461,62.036989312906755],[23.805325788510693,62.039120006045167],[23.806755814522816,62.039994469449411],[23.813125510293478,62.043903917673049],[23.820945664805574,62.041537347347337],[23.822048129399985,62.041207832137019],[23.823477530825048,62.040769694274395],[23.827332766293356,62.039605315118443],[23.83348529656773,62.042148165163766],[23.839643891936429,62.040340188497979],[23.836904301841717,62.039652223879237],[23.838080158379828,62.038480147265801],[23.835552448255566,62.037121924181605],[23.83857486506983,62.036215065175739],[23.844863812778655,62.038808055719237],[23.855338371359526,62.043089138235082],[23.863507277649294,62.039329131864562],[23.867222472462334,62.037581685215514],[23.868113010299993,62.037166306451375],[23.872307737754834,62.035212828709049],[23.874037217951702,62.036006558439723],[23.876152605101687,62.037021338290678],[23.884447413657675,62.03411661210361],[23.884558511202851,62.034077803066097],[23.889699504556855,62.032280551604693],[23.89029910044697,62.031581224759314],[23.892056007057342,62.029578945882086],[23.895000916435009,62.026232053679031],[23.89629644748813,62.024712203519677],[23.901083548221028,62.024167177886156],[23.909122313476068,62.023229126892659],[23.908046593405881,62.019265141991184],[23.901098401639636,62.019625057479914],[23.900651466271672,62.019651931486472],[23.900722881369109,62.019530923531867],[23.900731736649131,62.019513424173113],[23.900735997078556,62.019504814479454],[23.900743898518197,62.019487293690034],[23.900750692678923,62.019469568344597],[23.900755730883571,62.019451812531685],[23.900757555193326,62.019433885688827],[23.900754687526629,62.019416033109231],[23.900751502411349,62.019407876025461],[23.90074116916303,62.019390673251294],[23.900725785751504,62.019374246420142],[23.900706420384051,62.019358808192344],[23.900684234980602,62.019344213977426],[23.900660565049986,62.019330116455457],[23.900635724025026,62.01931644181267],[23.900618295517457,62.019307335829446],[23.900538841751022,62.019268545877559],[23.900455506675435,62.019231636143665],[23.900338823772575,62.019185361450042],[23.90018570386831,62.019131709606931],[23.900122721398635,62.019111437045225],[23.900110859284407,62.019107756592156],[23.8999490904142,62.019060189873016],[23.899815466701948,62.019025392772164],[23.899712747479697,62.019001612639691],[23.899607540103528,62.018980300986925],[23.899500115096533,62.01896180527784],[23.899465871846054,62.018956543646148],[23.899392676052297,62.018946453540138],[23.899318543051947,62.0189378695949],[23.89924356904001,62.018930973649908],[23.899168116450873,62.018925773851024],[23.899129979174191,62.018924018170168],[23.899091930627407,62.018922893347856],[23.899053837275353,62.01892239638245],[23.899015660963457,62.018922526416219],[23.898977439841609,62.018923284306794],[23.898939450922391,62.018924766120719],[23.898923747090976,62.018925580999273],[23.898885829456351,62.018928052632738],[23.898810927169855,62.018934723789151],[23.89873679693325,62.018943388726164],[23.898482371568715,62.018981860431246],[23.898476663687539,62.018982711344009],[23.898109432880126,62.019031672719358],[23.897700448357352,62.019076639587276],[23.897678142265207,62.019079012791053],[23.897530159990861,62.01909678789891],[23.89745697107346,62.01910709043846],[23.897420822762953,62.019112835684034],[23.89738522095826,62.019119222087404],[23.897350339883179,62.019126603940975],[23.897316492059417,62.019134916403161],[23.897283696661155,62.019143971243523],[23.897251935423395,62.019153947730622],[23.897246269592433,62.019155886595129],[23.897216010283266,62.019166885089255],[23.897187424692071,62.019178720794265],[23.897160386590272,62.019191319000363],[23.897135021292605,62.019204763382682],[23.897111367052958,62.01921886613993],[23.89708958378807,62.019233558998771],[23.897069987577083,62.019248929925247],[23.897052434943966,62.019264885853559],[23.897037537245751,62.01928143155255],[23.897031999422708,62.01928849412991],[23.897020422501321,62.019305662545449],[23.897011250908403,62.01932305576117],[23.89700429205789,62.019340687413319],[23.896991775903583,62.01938621494336],[23.896886854220771,62.01939194028845],[23.894987264085387,62.019494789267156],[23.895092598438097,62.01993962829939],[23.891188876278754,62.020141827126544],[23.891188751753404,62.020141923143775],[23.891189424929077,62.020141884410883],[23.888142902056217,62.022591985306505],[23.888031246522964,62.022680312577506],[23.887751702575517,62.022901417733841],[23.88465136722068,62.022536765363931],[23.884468124962005,62.022515216220867],[23.877747039956173,62.021663948386795],[23.875038454485601,62.021324373685587],[23.875037963077826,62.021324317633599],[23.874955913679454,62.021314058880911],[23.86973855042617,62.020661782796658],[23.869678267147751,62.020629545614071],[23.868200802902276,62.019839444309071],[23.868200095803012,62.019839068892772],[23.865939379026315,62.020311577268693],[23.860856166233127,62.021763137489735],[23.861372111837209,62.022126604754462],[23.861464298267098,62.022191554888536],[23.855013586973079,62.023858000407643],[23.854939533238074,62.02384900809048],[23.854902064261573,62.023844811790163],[23.854864378257538,62.023841976119556],[23.854826260760987,62.023841466475282],[23.854788281337303,62.023843322794853],[23.85475138259018,62.023847306028927],[23.854715558031181,62.023853478919555],[23.854681927723419,62.023861920909198],[23.854651763993786,62.02387290357953],[23.85463055652016,62.023883452570658],[23.854608098483244,62.023897962000667],[23.854587657937927,62.023913119363058],[23.8545786236519,62.023920046781839],[23.854557719078663,62.023935067782524],[23.854532980425528,62.023948698662721],[23.854524448377312,62.023952430194242],[23.854490734165513,62.023960016734186],[23.854462554839301,62.023955861427346],[23.854427639015785,62.02394453590712],[23.854418230122331,62.023940835529579],[23.854387833336297,62.023930008340137],[23.854382138859627,62.023928485957043],[23.854346470054828,62.023922228265569],[23.854308978675427,62.0239188039289],[23.854271403788502,62.023916743266057],[23.854233257316316,62.023916142957226],[23.854217066597357,62.02391644757607],[23.854179129466697,62.023918448440554],[23.85414176414741,62.023922133382776],[23.854105056018653,62.023927046159443],[23.854068771685053,62.023932669353123],[23.85403291058725,62.023938823268786],[23.854021823440366,62.023940816470436],[23.853951086424448,62.023954323657208],[23.85384692132601,62.023976717434898],[23.85374548929374,62.024001715977398],[23.853739415298751,62.024003311391532],[23.853706288749652,62.024012240798214],[23.853545145622768,62.024059703323516],[23.853539297753407,62.024063181571165],[23.853533421351901,62.024067306025692],[23.853516665862717,62.024079366902328],[23.853431436959042,62.024138910437614],[23.853416084144218,62.024149610754499],[23.853394828390652,62.024164506786846],[23.853333004974377,62.02420981418819],[23.853313641430063,62.024225274448639],[23.853295003405794,62.024240930937957],[23.8532847645182,62.024249888169756],[23.853248847783128,62.024281555573545],[23.853229392461817,62.024296977793583],[23.853206050099484,62.024311152394553],[23.853178203337009,62.024323391482319],[23.853152478463638,62.024330827530655],[23.853145736796176,62.02433277604009],[23.853113413508893,62.024338183884673],[23.853075781951294,62.024341107807786],[23.853037631252146,62.024341468383085],[23.85296133751546,62.024339710054257],[23.852951260274416,62.024339516112526],[23.852913102192705,62.024339022991633],[23.852836732097668,62.024339113584674],[23.852798561944738,62.024339662316969],[23.852760400301445,62.024340498725358],[23.852722289956347,62.024341578865304],[23.852646133700372,62.024344225727333],[23.852628776336338,62.02434489885021],[23.85259076209443,62.024346529179091],[23.852552777289183,62.024348429693411],[23.852514871743338,62.024350673402971],[23.85247714880909,62.024353370475659],[23.852439645336677,62.024356719403436],[23.852402659338161,62.024361167208873],[23.852366360664593,62.024366735736017],[23.852330921020446,62.024373428903075],[23.852317170506719,62.024376394380624],[23.852283341149956,62.024384714469818],[23.852250886866049,62.024394161991125],[23.852219877861323,62.024404612769423],[23.852190214488054,62.024415920785742],[23.852161946022179,62.024427979355615],[23.852135133405994,62.024440753933852],[23.852116986038443,62.024450177491552],[23.852092536313776,62.024463958296934],[23.852069521888339,62.024478283945243],[23.852059664078478,62.024485030704994],[23.852047932024217,62.024493073334774],[23.852027750423716,62.024508299141893],[23.852008888181043,62.024523896449494],[23.851991087461581,62.024539769533241],[23.851974388277476,62.024555901338246],[23.851944151157152,62.024588848000896],[23.851934676044991,62.024600401018475],[23.851921499671828,62.024617233110583],[23.85189557735395,62.024650987971029],[23.851868453391891,62.024684526739684],[23.851853437797512,62.024701020379794],[23.851834742239376,62.024719442491723],[23.851817108388843,62.02473536428468],[23.851798600053471,62.024751050500598],[23.851665148196698,62.024859848714897],[23.851659874274713,62.02486461573514],[23.851626457021656,62.02489686985863],[23.851610747314577,62.024913230841591],[23.851595525303285,62.024929683810093],[23.851580641136703,62.024946198392136],[23.851521027990621,62.025012254961133],[23.851513251057984,62.025020513591173],[23.851497485841239,62.02503685532794],[23.851450715034538,62.025085982348457],[23.851422087952699,62.025119253149995],[23.851397012079477,62.02515313505868],[23.851385735277546,62.025170271000704],[23.851375382219079,62.025187535833972],[23.851372658314382,62.025192423931912],[23.851325139305185,62.025279294208588],[23.851311718896802,62.02529607576129],[23.851299215512022,62.025306948705442],[23.851293565044177,62.025311841881916],[23.851267859884395,62.025324991966464],[23.851232801784562,62.025331495929869],[23.851214516829682,62.025330961806034],[23.85117818569972,62.025325550673664],[23.85114374011852,62.025317810752881],[23.851110055566107,62.025309369461482],[23.851076330093115,62.025300954180004],[23.851041735252579,62.025293363556543],[23.851035936179496,62.025292296841094],[23.850999549744909,62.025286866429731],[23.850962017619253,62.025283637926293],[23.850923880652232,62.025282929136331],[23.850886052005357,62.025285156206053],[23.850849963296614,62.025290899847654],[23.850817263671601,62.025300116849863],[23.850800190733388,62.025307094133161],[23.850776790432942,62.025318481943948],[23.850747166438953,62.025332908070929],[23.850718537213986,62.025344742512445],[23.85068472674504,62.025352865013375],[23.850641716438599,62.025352862457694],[23.850604341396149,62.025349224172608],[23.850567474575666,62.025344555317766],[23.850530052122831,62.025341005771416],[23.850492006393907,62.025340523549687],[23.850485654221252,62.025341106252021],[23.850450196204427,62.025347591905657],[23.850418776460469,62.025357745434277],[23.850388390971624,62.025368623331673],[23.850365823355535,62.02537621182168],[23.850333773795334,62.025385982603034],[23.850300681060066,62.025394929971789],[23.85026660702556,62.025403010418977],[23.850258751707269,62.025404627907498],[23.850231628938356,62.025410216723365],[23.850195915732712,62.025416579693598],[23.850159667083457,62.025422202713564],[23.850122939303581,62.025427096052766],[23.8500858068581,62.025431279379205],[23.850048342357493,62.025434790286944],[23.850018178173048,62.025437057356449],[23.849980334438335,62.025439427583891],[23.849844608971889,62.025448852454872],[23.849829237164958,62.02544992095612],[23.849791901136527,62.025453668316601],[23.849754993066249,62.025458269949681],[23.849718793180497,62.025463974826771],[23.849697096593527,62.025468133185512],[23.849662568919538,62.025475789857538],[23.849628945247833,62.025484320658968],[23.849596188741824,62.025493527097893],[23.849564031758948,62.025503223380085],[23.849539191147638,62.025510966470002],[23.849532235011043,62.025513134516927],[23.849468297495356,62.025532769230367],[23.849465712773164,62.025533536747055],[23.849435546056476,62.025542110510777],[23.849402294163308,62.025550928258099],[23.849368425485959,62.025559237783632],[23.849334019125696,62.025567013940865],[23.849299076011409,62.025574247766485],[23.849263619861688,62.025580894880889],[23.849227636236602,62.025586910033176],[23.849191187014021,62.025592249715238],[23.849154312210068,62.025596896872273],[23.849117068137637,62.02560086177423],[23.849101043021513,62.025602328546398],[23.849063340648385,62.02560517791558],[23.849025386672491,62.025607132096532],[23.848987245756195,62.025608120692596],[23.848949077432426,62.025607895790813],[23.848911055676535,62.025606254729198],[23.84887347503334,62.025603123377877],[23.848842519733026,62.025599173055554],[23.848806316589453,62.025593449774682],[23.848770661875324,62.025587047230637],[23.848735247663189,62.025580353693378],[23.848664076908218,62.025567318137611],[23.84862787105406,62.025561621699232],[23.848591048948638,62.025556890447675],[23.848588356380453,62.025556667227328],[23.848553465618419,62.025553785898722],[23.848532983155337,62.025553048492462],[23.848527915996147,62.025553040552666],[23.84849481450399,62.025553012123673],[23.848456785979355,62.025554578125863],[23.848419108780057,62.025557553672293],[23.848381994105921,62.025561745936535],[23.848271656251793,62.025576241314084],[23.84826574519392,62.02557699570788],[23.848228840466351,62.025581561078489],[23.848191768130633,62.025585898006184],[23.848042416973183,62.025600939383125],[23.847778674174261,62.02562418389828],[23.847741523032745,62.025628357191323],[23.847704615384224,62.02563294930966],[23.847631683714653,62.025643573205727],[23.847598147844199,62.025649401297066],[23.847592012553349,62.025650473968682],[23.847556776145534,62.025657395197832],[23.847522194207148,62.025665014169668],[23.84748836306137,62.025673324101511],[23.847455339016577,62.025682335264847],[23.847423433428048,62.025692180553392],[23.847392761698806,62.025702853620899],[23.847363420152803,62.025714347685152],[23.84733554791379,62.025726612021266],[23.84732505530479,62.025731717825366],[23.847223463505639,62.025785295715551],[23.847196373508471,62.025797946252403],[23.847167252397224,62.025809526172587],[23.847135722191702,62.025819622549221],[23.847121122783083,62.025823017335696],[23.847101544451281,62.025827583071504],[23.847071446403739,62.025832159948713],[23.847033900023327,62.025835344750007],[23.846995788062269,62.025836234636941],[23.846957672290277,62.025835129941143],[23.846920065076354,62.025832069325062],[23.846904967226234,62.025830304769457],[23.846868583704808,62.025824846381092],[23.846833301763755,62.02581798467714],[23.846799195454366,62.025809927986799],[23.846766055933351,62.025801030904312],[23.846712521789822,62.025786115455467],[23.84670034686463,62.025782719675959],[23.846692662921026,62.025780648389734],[23.846659378767676,62.025771855784832],[23.846625779664251,62.025763334481987],[23.846578692789645,62.025752645155812],[23.846385092934245,62.025708716475393],[23.84637559370287,62.02570663062837],[23.846340743734167,62.025699293523417],[23.846305460203791,62.025692449612045],[23.846269436076863,62.025686478194665],[23.846232126777128,62.02568275936828],[23.846194035463046,62.025681789779505],[23.846180710301656,62.025682114057396],[23.846143059247062,62.025685017712526],[23.846124130540595,62.025687927105423],[23.84610679512269,62.025690594410051],[23.846072548376803,62.025698481228602],[23.846041213877768,62.025708716595823],[23.846010931905351,62.025722452892957],[23.845987860156594,62.025736740339894],[23.845969125764764,62.025752357773911],[23.845954557857834,62.025768923955084],[23.845943749183633,62.02578612411223],[23.845936190593179,62.025803704033493],[23.845930450622948,62.025821451309909],[23.84591228385182,62.025892693740552],[23.845907770127344,62.025906911318508],[23.84589377016793,62.025942177557496],[23.845885207719533,62.025959662653129],[23.845875474399342,62.025977004185499],[23.845864476664772,62.025994182047327],[23.845852103750602,62.026011157769432],[23.845837927966869,62.026027813763321],[23.84582193580292,62.026044095814569],[23.845807908363266,62.026056550604586],[23.845804075589029,62.026059948836249],[23.845784334743502,62.026075309650771],[23.8457627960831,62.026090117261653],[23.84574389332235,62.026101634037744],[23.845719512932281,62.02611544231781],[23.845694527035231,62.026129003161479],[23.84562079833135,62.026170189927996],[23.845598094648963,62.026184611511503],[23.845586782775761,62.02619263628349],[23.845567116195109,62.026208016736319],[23.845531526060029,62.026239752650213],[23.845525252546633,62.02624566454228],[23.845457615455281,62.026310007965279],[23.84544293826799,62.026323193552258],[23.845425096770121,62.026339046958242],[23.845407422328101,62.026354949102888],[23.845374407285163,62.026387300880494],[23.845369920464229,62.026392211455949],[23.845355913167054,62.026408898211955],[23.84534380505572,62.026425897918415],[23.845333937712713,62.026443236354666],[23.845318485485777,62.026479035343982],[23.845308600887918,62.026496355415979],[23.845294369192821,62.026512992114945],[23.845289073473253,62.026517587714054],[23.84526905422701,62.026532861239765],[23.845249183884793,62.026548174104448],[23.845233980409358,62.026564590925069],[23.845229321353063,62.026582237118234],[23.845233750843317,62.026600028245639],[23.845242381561729,62.026617511152011],[23.845250144685277,62.026632108267158],[23.845249412809661,62.026649691530196],[23.845216764226592,62.026661891168224],[23.845182339288982,62.026669638949436],[23.845152298724717,62.026680478710382],[23.845146699027513,62.026684869701867],[23.845140227460472,62.026690291904515],[23.845121509258913,62.026705927577218],[23.845104749856809,62.026722039280699],[23.845092227288635,62.026738975586284],[23.845085708099745,62.026754638657728],[23.845083642457606,62.026772541804213],[23.845085995451285,62.026790438183667],[23.84509186610633,62.026808163445914],[23.845098260694705,62.026821201965092],[23.845109217227829,62.026838387682005],[23.845135348732928,62.026872100905237],[23.845145219755214,62.026883520908306],[23.845162596731772,62.026899469873136],[23.845191826941626,62.026910479058088],[23.845214762351127,62.026911731229895],[23.845252891990508,62.026910869169008],[23.845290183844028,62.02691366246821],[23.845302315144728,62.026918404995612],[23.845320974226869,62.026933978967257],[23.845328899422451,62.026944429093056],[23.845337010479238,62.026961945028873],[23.845338693969584,62.02697984406079],[23.845334308690809,62.026998170329918],[23.845326371539265,62.027015705633588],[23.84531769489379,62.027033179107015],[23.845311060261565,62.027048480181115],[23.845303671765663,62.027066072950063],[23.84529476891538,62.027083514297587],[23.845282884810089,62.027100564045412],[23.845279300048453,62.027104704638539],[23.845261962947003,62.027120668390523],[23.845239852225461,62.027135265201842],[23.845212381803499,62.027147691061494],[23.845201281676616,62.027151453167612],[23.84513618690367,62.02717019702861],[23.845106650854419,62.027181515501205],[23.845091311145701,62.027191676210435],[23.845073357248744,62.02720750005814],[23.845055495948056,62.027223352973728],[23.84503312721629,62.027237854012846],[23.845005359266061,62.027250380840378],[23.844988974948034,62.027266006982522],[23.844996443345394,62.027277542750888],[23.845003783177837,62.02728847363899],[23.845010889878239,62.027306083421834],[23.845015893602984,62.027323869718337],[23.845028133711153,62.027360598419484],[23.845031916193641,62.027380018860569],[23.845032887971307,62.027397955527931],[23.845031757185339,62.027415880051507],[23.845029055411786,62.027432169467325],[23.845024436611556,62.027449978291891],[23.845011819386357,62.027485356941554],[23.845002861669901,62.027504432139459],[23.844991037258929,62.027521456279324],[23.844971022763115,62.027536675977075],[23.844955591452628,62.027543842849369],[23.844929759764387,62.027557060805457],[23.844909567413371,62.027572150649426],[23.844907536733817,62.027577719320881],[23.844901311782049,62.027595338681571],[23.84487490162574,62.027604356773935],[23.844837132085079,62.027606718352935],[23.844799113412336,62.027608346505964],[23.844792033744891,62.027608930286725],[23.844755737281574,62.027614425072471],[23.844721154284294,62.027622025395857],[23.844687740051068,62.027630712573213],[23.84466330108987,62.027637134359622],[23.844629622910592,62.027645599866716],[23.844595857670715,62.027653982517172],[23.844562269283365,62.027662503967058],[23.844538885705941,62.027668707296939],[23.84450538339954,62.027677320544043],[23.844470471183186,62.0276845898467],[23.844445772870721,62.027688346347659],[23.844408687662444,62.027692592172329],[23.844334128961055,62.027700401097903],[23.844259261334599,62.027711374332817],[23.844222304561992,62.027715856634622],[23.84419555772558,62.027717787367891],[23.844157428912077,62.027718631204017],[23.844119367655836,62.027717347324447],[23.844090275453919,62.027714965888507],[23.844015656623167,62.027707302511182],[23.843993522919938,62.027705691152491],[23.843955487705109,62.027704156266012],[23.843917316400322,62.02770411861389],[23.843885434886889,62.027705213094563],[23.843847699660049,62.027707979478976],[23.843810874106993,62.027712671309388],[23.843776070597528,62.027719996831522],[23.843771316058486,62.027721397406701],[23.843756756007892,62.027725691176002],[23.843724509646538,62.027735285293012],[23.843689194073932,62.027742015107776],[23.843675620127208,62.027743438521625],[23.843640016242382,62.027740404907235],[23.843639115769545,62.027726584603798],[23.843647734524719,62.027689757966684],[23.843653815939746,62.027672054509111],[23.843663833581871,62.027654755548149],[23.84367342374988,62.027644346658533],[23.843687901202522,62.027627751664483],[23.843695709490415,62.027617742234064],[23.843701046222527,62.027610910566608],[23.843710174465709,62.027593519382641],[23.843710650177783,62.027588562013236],[23.843707760902777,62.027570680283503],[23.843706835621667,62.027567245126868],[23.843701120143567,62.027549505377813],[23.84369372515463,62.027531915873723],[23.843684184362786,62.027514546804476],[23.84368246247524,62.027511785205391],[23.843670087625931,62.027494818476804],[23.843654867570539,62.027478361643304],[23.843636471935657,62.027462649718721],[23.843613492611134,62.027448351253391],[23.843596676015434,62.027441021752864],[23.843585531820143,62.027436166895036],[23.843579343387379,62.027434057779956],[23.843546348719869,62.027425046458468],[23.843511857179795,62.02741737546242],[23.843477137186568,62.027409878914348],[23.843443535343802,62.027401374758448],[23.843431798012404,62.02739762934003],[23.84340252276905,62.027386133603606],[23.843376094940609,62.027373184681338],[23.84336678246466,62.02736800336222],[23.84334257295826,62.027354134895624],[23.843317645912002,62.027340546485064],[23.843289729075728,62.027328309163622],[23.843266085082131,62.027320607787345],[23.843232038100197,62.027312524633132],[23.843196429123221,62.027306040851848],[23.843160312538494,62.027300210276081],[23.843136032557148,62.027296429397239],[23.843099852248884,62.027290660236488],[23.843064150275538,62.027284336007554],[23.843029342142589,62.027276954119969],[23.842996285922368,62.027267986173719],[23.842967289512504,62.027258230668195],[23.842940079181353,62.027248219548582],[23.842907157530036,62.027236110194423],[23.842875738860251,62.027225921904055],[23.842838956018955,62.027216742862443],[23.842803715291137,62.027209845146601],[23.842767731040428,62.027203846793633],[23.84273159465188,62.027198024633243],[23.842707803407762,62.027193958382981],[23.842671908529894,62.027187836271047],[23.842635359948293,62.027182669481654],[23.842597889704063,62.027179197569566],[23.842565404792115,62.027177816260625],[23.842527301482676,62.027176575887935],[23.842489601461228,62.027173844375056],[23.842460926168041,62.027169477636413],[23.842425118846649,62.027163249652553],[23.842390585894179,62.027158380485254],[23.842353714496735,62.027153745282902],[23.842317011068996,62.027148781499946],[23.842305693478686,62.027146707663384],[23.84228144436322,62.0271422625067],[23.842247935679161,62.027133050430237],[23.842216065966277,62.027123157123171],[23.842183760262209,62.027113595228407],[23.842149416002748,62.027105801472288],[23.842131713038754,62.027103150227298],[23.842057553580702,62.027094579884498],[23.842020998711455,62.027089475674153],[23.841987992799755,62.027080580502947],[23.841966610725407,62.02706601284347],[23.841962928402847,62.027058920886702],[23.841954339837695,62.027040495371907],[23.841945439129329,62.027023050972311],[23.841935259617483,62.027005765967864],[23.841923003213502,62.0269887748209],[23.841908233422561,62.02697222925476],[23.841891478507815,62.026956752285805],[23.841871745741081,62.026941404801505],[23.841849801643622,62.026926725429988],[23.841826151596862,62.026912635896984],[23.841800965462863,62.026899158058363],[23.84177738134008,62.026887567630503],[23.84175013144527,62.02687499486364],[23.84172241762742,62.026862654044145],[23.841704658930894,62.026854826571061],[23.841676421174743,62.02684274327347],[23.841646743216007,62.026831453545604],[23.841624631115373,62.026824110374029],[23.841592056489155,62.026814748812242],[23.841558139882789,62.026806524465378],[23.841523314518575,62.02679913280366],[23.841488031769689,62.026792278697471],[23.841452400052841,62.026785838849825],[23.841420827359332,62.026780462213317],[23.841384709888676,62.026774649104574],[23.841348256947292,62.026769304467905],[23.841311390835525,62.026764624176415],[23.841274097602259,62.026760742673332],[23.841257171714162,62.026759268063756],[23.841219412302554,62.026756561786009],[23.841181461231745,62.026754596797737],[23.841143416657463,62.026752980041657],[23.841067330792061,62.026749899304335],[23.841034129749133,62.026748420371213],[23.840957985287542,62.026745535883812],[23.840948585861078,62.026745437454913],[23.84091981704373,62.026745111131987],[23.840879894460087,62.026745742270535],[23.840841875753775,62.026747378302126],[23.84080404930609,62.026749926129604],[23.840766510965121,62.026753199279781],[23.840729234659559,62.026757080361484],[23.840695686855028,62.026761154623948],[23.840659097963499,62.026766336168507],[23.840623249985168,62.026772486995256],[23.840588459382548,62.02677987489357],[23.840518315171444,62.026796758042202],[23.840481970073746,62.02680216972891],[23.840444678632007,62.02680361567095],[23.840406690805313,62.026801820327641],[23.840368923981842,62.026799185520566],[23.840343236215222,62.026797366388898],[23.840267874752069,62.026791543652187],[23.840230748675481,62.026787342262494],[23.840216860697172,62.026785344143924],[23.840207796724947,62.026784040480692],[23.840171924720114,62.026777891272936],[23.840136686051437,62.026770983919967],[23.840101643305662,62.026763847455918],[23.840068735687687,62.026757146206123],[23.840034204849736,62.026749500365504],[23.840001940259057,62.026739920914828],[23.839988403517655,62.026734723458055],[23.839960971623604,62.026722253964913],[23.839908762278064,62.026696064068176],[23.839880502589317,62.026684015822944],[23.839857428188306,62.026676551491114],[23.839823785373671,62.026668090405281],[23.839788457568289,62.026661306696994],[23.839716319427978,62.026649493148959],[23.839685447093849,62.026644006371711],[23.83961388419727,62.02663144228849],[23.839577389869604,62.026626132164537],[23.839546094625543,62.026622324697534],[23.839509203389138,62.026617706230631],[23.839473414558157,62.026611495851441],[23.839458936123478,62.026608001734566],[23.83942675469887,62.026598361159508],[23.839365177045647,62.026577122346588],[23.839333118537027,62.026567403706736],[23.839301621340095,62.026560384195378],[23.839231533959126,62.026546137728353],[23.839198663485792,62.026537056300654],[23.839172630554774,62.026527143254377],[23.839142871011163,62.026515913987318],[23.839108762768831,62.026508439304173],[23.839108463075846,62.026508378532675],[23.839076175929279,62.026508231754477],[23.839040121787569,62.026513973157471],[23.83903213996372,62.026516063285349],[23.838999326623078,62.026525221054129],[23.838962603231995,62.026528934641689],[23.838954402639725,62.026527974107161],[23.838918043044629,62.026522657907513],[23.838896418728169,62.026526465875158],[23.83889590078644,62.026526849312845],[23.838875889981995,62.026541457325528],[23.838861485844333,62.026558062515022],[23.838849899433395,62.026572764724378],[23.838834146646985,62.026589096436432],[23.838805396721614,62.026600377696745],[23.838799045011239,62.026601319247604],[23.838761266503997,62.026601010635538],[23.838734541227737,62.026594819070993],[23.838710884981253,62.026580989375319],[23.838705618862942,62.026562082732056],[23.838716445392279,62.02654493738612],[23.838736980733316,62.026529883219808],[23.83876090762887,62.026519371913949],[23.838792227219063,62.0265091288219],[23.838823244767806,62.026498663181378],[23.838846317673525,62.026488087372954],[23.838869374237291,62.026473800709432],[23.838889284008921,62.026458507583705],[23.838897214117665,62.026451573792329],[23.838912292025238,62.026435109816738],[23.838917450425598,62.026426504344762],[23.838924065750362,62.026408840238211],[23.838929011360271,62.026391048032231],[23.838931014187004,62.026385020598774],[23.83893840617738,62.026367428192245],[23.838947992788327,62.026350065753299],[23.838959540407501,62.026332972850057],[23.838968224286301,62.026321725938821],[23.838981465785821,62.026304896449666],[23.838992655508363,62.026287750422945],[23.83899957230869,62.026270129157965],[23.83900111380537,62.026254729611772],[23.839004098797052,62.026236847561307],[23.839010957409023,62.026219233946968],[23.839020591052495,62.026209706808871],[23.839039944004767,62.026194248175806],[23.839055805365117,62.02617797283758],[23.839058783808184,62.026160521878253],[23.839055551154917,62.026142659086609],[23.839052626569252,62.026124776400522],[23.839056556186044,62.026107005834355],[23.839067929223674,62.026094724458204],[23.839088124809187,62.026077964447694],[23.839108592633931,62.026062818844572],[23.839129912039386,62.026047944307166],[23.839172276692302,62.026018072147579],[23.839192112482223,62.026002750337199],[23.839208078887161,62.025989145699583],[23.839224934509268,62.025973054839618],[23.839240257237307,62.025956623395722],[23.839254193195114,62.025939917605605],[23.839262510157752,62.025928886877942],[23.839299374470329,62.025877937505108],[23.839313272199863,62.025861230834202],[23.83932924957351,62.025844940158706],[23.839347653278384,62.025829226151885],[23.839368824418877,62.025814303264092],[23.839379909791351,62.025807738213373],[23.839405210451588,62.025794302477017],[23.839483198949086,62.025754896541024],[23.839506661370844,62.025740744860506],[23.839526682950115,62.025725472184511],[23.839540781982066,62.02570885096295],[23.839546890880509,62.025689243628619],[23.83954560844338,62.025677094559924],[23.839545000043071,62.025671348700762],[23.83953758787564,62.0256537675142],[23.839526808479931,62.02563656738338],[23.83951340595085,62.025619765353682],[23.839497778164436,62.025603397491629],[23.839493932892079,62.025599724704136],[23.839476070551321,62.025583880637498],[23.839456439929144,62.025568490189848],[23.839435111761595,62.025553608886106],[23.839412415978526,62.025539190378773],[23.83939821201205,62.025531030748326],[23.839364064447594,62.025511417549538],[23.839334985111574,62.025496223888403],[23.839308320536688,62.025483376515346],[23.839280407015579,62.025471138401478],[23.839269496919474,62.02546698930206],[23.83925074943042,62.02545985757088],[23.839218133256026,62.025450548364375],[23.839182559904511,62.025444118217116],[23.839166412907144,62.025442517435003],[23.839128324974272,62.025441887363328],[23.839090747594923,62.025444997424181],[23.83905475335667,62.025450910883272],[23.839020536751732,62.025458859556515],[23.838988005627499,62.025468257360473],[23.838956990124597,62.025478714083576],[23.838813866544903,62.025531352366855],[23.83877660275482,62.02554507089436],[23.838750361996851,62.025553561629771],[23.83871816713555,62.02556321863603],[23.838685176974938,62.025572246484963],[23.838651412456851,62.025580627687539],[23.838616917325211,62.025588309340257],[23.838581697165942,62.02559523766525],[23.838545861802881,62.025601460099757],[23.838509594584529,62.025607052718449],[23.838499176877797,62.025608476065763],[23.838472929948495,62.025612052246984],[23.838435886975901,62.02561645912229],[23.838398597361742,62.025620294330466],[23.838361057385043,62.025623593722813],[23.838321858443123,62.025626477749441],[23.838299069020945,62.025627698413835],[23.838245989712355,62.025630542827095],[23.838207910392036,62.025631853291536],[23.838169750569833,62.025632649800514],[23.838093389527852,62.025632615696153],[23.838055250203904,62.025631741580199],[23.838028427646574,62.025630731521794],[23.83801716952561,62.025630302792479],[23.837978998584951,62.025628259983293],[23.837941214364044,62.025625624084917],[23.837903667024104,62.025622364710642],[23.837866392863923,62.025618500661082],[23.837829394678327,62.025614005047828],[23.837792826033823,62.025608872406728],[23.837756669715169,62.025603084375106],[23.83772104019944,62.025596643577259],[23.837690865008692,62.025590534430044],[23.837551966276443,62.025560676418266],[23.837516579310041,62.025553926678505],[23.837480640901251,62.025547883025546],[23.837444010504857,62.02554279379514],[23.83743643425305,62.025541901382553],[23.837398962000897,62.025538472889473],[23.837360966643804,62.025536766347628],[23.837322874862625,62.025537645038455],[23.837285911864235,62.025542017502708],[23.837281624143017,62.02554279067629],[23.837256415694881,62.025548519693274],[23.837224972352402,62.025558669750623],[23.837197043653259,62.025570885887326],[23.837172036312623,62.025584435766973],[23.837124022050151,62.025612345033466],[23.837102044594285,62.025624158537106],[23.837075846369757,62.025637204934938],[23.837048551789835,62.02564975901339],[23.837020329773946,62.025661851597242],[23.836991275718322,62.025673484873039],[23.836960430056742,62.025685059098329],[23.836929805455963,62.02569579386914],[23.836898397218263,62.025705971613675],[23.836866076445922,62.025715544454968],[23.836834926066821,62.025723976175634],[23.836820063114171,62.025727687279044],[23.836801214396299,62.02573239408477],[23.836766924309085,62.025740304591885],[23.836732185636311,62.025747746610207],[23.836697238482916,62.02575498618701],[23.836627277122464,62.02576937393524],[23.836617990971067,62.025771317220681],[23.83658320057722,62.025778704111403],[23.836513944994035,62.025793844693027],[23.83614008131693,62.025883783359895],[23.83611253436467,62.025890662432474],[23.83607882138239,62.025899089125375],[23.836045160962428,62.025907561936883],[23.836011590331971,62.025916090705024],[23.835911661450275,62.025942422642096],[23.835808534633969,62.025972472505323],[23.835781851139846,62.025980242787455],[23.835766647201318,62.025985024067353],[23.835735271782688,62.025995247231869],[23.835674098330831,62.026016708999954],[23.835644391967396,62.026027985643701],[23.835615516656652,62.026039730554054],[23.835587693898596,62.026052020685931],[23.835561129840325,62.026064896705122],[23.835535898936417,62.026078378288659],[23.835512177560087,62.026092424561675],[23.835500448967206,62.026100016732713],[23.835441627862444,62.0261407945342],[23.835414733602779,62.026159421840184],[23.835391454176907,62.026173630963569],[23.835390077582304,62.026174363045868],[23.835372784975547,62.026183597470315],[23.835346786089652,62.026196737973805],[23.835320933295765,62.026209944713521],[23.835299401478657,62.02622150762766],[23.835177494492637,62.026290540037721],[23.835159811819487,62.02629947799435],[23.834997809107204,62.02637558642197],[23.834974464399764,62.026387844406173],[23.834950024506426,62.026401622548391],[23.834926632063343,62.026415811038383],[23.834904403412477,62.026430394577226],[23.834883359497816,62.026445355677531],[23.83486357663897,62.02646069609073],[23.834854766043293,62.026467995786938],[23.834835911048089,62.026483609041918],[23.834815570658705,62.026498792910502],[23.834795079304726,62.02651156554041],[23.83476977603036,62.026525000413379],[23.834742791016097,62.02653768694455],[23.83459884842831,62.026596609186683],[23.83458833575062,62.026601515947945],[23.834567863415661,62.026617047140618],[23.834557976407023,62.026634330550984],[23.834555124184014,62.026652197625928],[23.834556539287309,62.026688068174153],[23.834555763960971,62.026706009854081],[23.834553984303099,62.026713929046387],[23.834547100192722,62.026731577834369],[23.83453675614912,62.026748841773347],[23.834524415723468,62.02676580834801],[23.834511735574104,62.026782731190167],[23.834500162974582,62.026799670459127],[23.834489346542917,62.026816878635493],[23.834479266758944,62.02683417558702],[23.834469696528913,62.026851538134778],[23.834441153763294,62.026903665564888],[23.834435586225045,62.026913249768569],[23.834425506377166,62.026930546715548],[23.834397266873925,62.026982699065357],[23.83439578190907,62.026985944235726],[23.834381616412756,62.027021196747306],[23.834375984885217,62.027038937159162],[23.834370922023673,62.027056726555934],[23.834356553844316,62.027110113569826],[23.834351607302796,62.027127887666651],[23.83434041955125,62.027163379200729],[23.834339956323873,62.027164707221694],[23.834336837531499,62.027173916366756],[23.834324737626506,62.027209351033356],[23.834316794095837,62.027226885661896],[23.834306279888459,62.027244127714745],[23.834292848321478,62.027260916504595],[23.834279793322512,62.027273715952774],[23.834260065920336,62.027289066548747],[23.834237189002049,62.027303437466486],[23.83421184945211,62.027316844465872],[23.834184480521991,62.027329351392396],[23.834159861795769,62.027339504664226],[23.83413098559533,62.027351240287537],[23.834103545872669,62.027363691669237],[23.834082060693831,62.02737847183699],[23.83407104697821,62.02739554968052],[23.834073467510823,62.027432413608182],[23.834065011896378,62.027449720852829],[23.834046423000746,62.027465340121239],[23.834023473255062,62.027479673399021],[23.833998976669044,62.027493432123336],[23.83398926769533,62.027498698688987],[23.833978526900452,62.027504507582378],[23.833927861633185,62.0275313667291],[23.833899501910214,62.027544937958808],[23.833870429512409,62.02755653426636],[23.833836829482301,62.027564954058256],[23.833808358193092,62.027568379515031],[23.833770270320542,62.02756919446815],[23.83373231598285,62.027567254316779],[23.833729409742428,62.027567061840728],[23.833694521373125,62.027564697908716],[23.833664733863635,62.027563124849891],[23.833626626778479,62.027561917870507],[23.833588459477642,62.02756184151162],[23.833550452905477,62.027563529740263],[23.833513146836708,62.027567309393142],[23.833500643755585,62.027569097790483],[23.83346550997485,62.027576080752389],[23.833433565390028,62.02758586810932],[23.833407259675155,62.027598812567732],[23.833399655930663,62.027604064523317],[23.83337992693739,62.027619423951407],[23.833358366769712,62.027634184325208],[23.833326806059755,62.027643773832338],[23.833304069521642,62.027644285158779],[23.833266040602751,62.027642693553389],[23.833228753244757,62.027645188815761],[23.833219633912098,62.027649381772129],[23.833201658264279,62.027665167743457],[23.833181993831428,62.027680456753473],[23.833156072019182,62.027687318669237],[23.833119289116041,62.027692134429891],[23.833084415706946,62.027699186164604],[23.833061511020468,62.027713080099225],[23.833046972032477,62.027723958689002],[23.833024558172074,62.027738465828243],[23.832993463936852,62.027748533150358],[23.832963091073335,62.027750746836453],[23.832924995929321,62.027751812951884],[23.832912319719643,62.027753058269447],[23.832877487583843,62.027760263633127],[23.832847893897981,62.027771533319964],[23.832824173683516,62.027785543260165],[23.832820509677997,62.027788405978065],[23.832803537976751,62.027804466507199],[23.832787201006536,62.027820676369039],[23.832774375092033,62.027830713803191],[23.832749497485462,62.027844265919057],[23.832740825412575,62.027847651547916],[23.832707700763336,62.027856459325903],[23.832670761787458,62.027860750302878],[23.832632762763211,62.027859788109559],[23.832601191723349,62.027855685246664],[23.832563664773922,62.027853862401031],[23.832552871086143,62.027856866894027],[23.832529743527502,62.027871061093443],[23.832511858130264,62.027886893975698],[23.832497867239994,62.027899303431148],[23.832477748099706,62.027914545972443],[23.832455757759138,62.027929206496914],[23.832440171109894,62.027938937945471],[23.832417165808689,62.027953242745426],[23.832395322459686,62.027967960541325],[23.832375890551287,62.027983398532136],[23.832364436570778,62.027994770143941],[23.832334624380152,62.028027803514959],[23.832324254382868,62.02803849924112],[23.832308983174677,62.028054940158988],[23.832298280459632,62.028072141815713],[23.832296994338833,62.02807567902866],[23.832295380872264,62.028093574519772],[23.832300861750074,62.02811130047764],[23.832306182994699,62.028120083454986],[23.832322104612551,62.028136360089697],[23.832328898207429,62.028141286696034],[23.832354387837238,62.028154575629635],[23.832387661092021,62.028163092948262],[23.832418675368967,62.02816482920278],[23.832456578709458,62.028166714628398],[23.832477644406783,62.028171052499431],[23.832501911526482,62.028184510990691],[23.832506445353541,62.028195899278117],[23.832493913894655,62.028212295304364],[23.832467835263614,62.028216062923178],[23.832430204306977,62.028213213457803],[23.832414132192667,62.028211065584777],[23.832377723872924,62.028205656715151],[23.832341043697674,62.028200654868947],[23.83229937784682,62.028197982256152],[23.832262604180205,62.028201782793886],[23.832249659277185,62.028207262444482],[23.832231425921581,62.028222943558646],[23.832216004720298,62.028239354071715],[23.83219997062298,62.028251177534607],[23.83217338972122,62.028263998661537],[23.832142889745995,62.02827478021981],[23.83211102821712,62.028284677006653],[23.832009878531181,62.028313808298144],[23.831993169693163,62.028318330029045],[23.831960048474063,62.028327281465629],[23.831927018908594,62.028336270936116],[23.831894199638199,62.028345444912617],[23.831885033255119,62.0283480644649],[23.831852072506354,62.028357127372217],[23.831818339342785,62.028365525669912],[23.831783100040461,62.028372406974469],[23.831771606962864,62.028373859045431],[23.83173424804616,62.028377583117873],[23.83169703286352,62.028381580008187],[23.831661440392928,62.028387994976121],[23.83163676552612,62.028396098128688],[23.8316111144735,62.02840935378137],[23.831589993102021,62.028424294678175],[23.831571621978782,62.028440008485681],[23.831556036811108,62.02845504956241],[23.831538932365458,62.028471088935042],[23.831520727317738,62.02848686045597],[23.831516806657266,62.028489798106499],[23.831495703330997,62.028504748389039],[23.831475675890317,62.028520019856721],[23.831461477595539,62.028536620094997],[23.831458496310653,62.028554421281683],[23.831458734350754,62.028555441967491],[23.831457686958014,62.028568445061573],[23.83145135208817,62.028586124310266],[23.831433623161789,62.028621025218605],[23.831431310426503,62.028627809111839],[23.831428301636432,62.028645690524648],[23.831428845635863,62.028663617592578],[23.831433841086056,62.028699417717455],[23.831434611743038,62.028707449358073],[23.83143571002859,62.028725380171032],[23.831436848754489,62.028745495083001],[23.831440483933111,62.028800795705031],[23.831442163996396,62.028816628582128],[23.83145109898647,62.02888826746824],[23.83145146592112,62.028891357489229],[23.831453854264311,62.028927214533489],[23.831453116110026,62.028945148092411],[23.8314494222398,62.028962995803859],[23.83144242316688,62.028980623862232],[23.831437328607304,62.028989877425722],[23.831427246340901,62.029007174133802],[23.831419907514267,62.02902475845179],[23.831420358901674,62.029042656439437],[23.831422432023206,62.029047546554871],[23.831431442661671,62.029064985259872],[23.831432621095534,62.02906873179829],[23.831432402781004,62.029086632374209],[23.831424438920109,62.029104157417208],[23.831412359181677,62.029121165677481],[23.831401680540168,62.029133165955365],[23.831383959934143,62.029149056401209],[23.831361139359263,62.029163410210153],[23.831348503249412,62.029169408978412],[23.831320185892718,62.029181444387582],[23.831292705203467,62.029193894313046],[23.831270850657088,62.029208521853079],[23.831267205989434,62.029212849409781],[23.831260343117858,62.029230453636529],[23.831259872908795,62.029248384365388],[23.831259918828327,62.029266317963646],[23.831258356745426,62.029276730759477],[23.831255443185462,62.02929461435717],[23.831258040919888,62.029312471798185],[23.831272507282687,62.029330601819318],[23.831289700037576,62.029346611283394],[23.831300994253461,62.029356995907555],[23.831317186829683,62.029373242940359],[23.831331796508877,62.029389812987816],[23.831341978238118,62.029402984125802],[23.831352753330048,62.029420193829289],[23.831359485364562,62.029437840750184],[23.831360813461462,62.029444375840406],[23.831364558955364,62.02946223268426],[23.831376899782846,62.029479101005265],[23.831406264396247,62.029493206815197],[23.831441431133896,62.02949989910389],[23.831467005520292,62.029500252829443],[23.831503807570268,62.029495644547147],[23.83151641739957,62.029493023233378],[23.83155093873653,62.029485334874771],[23.83158758301623,62.029480588183958],[23.831594776314805,62.029480573686214],[23.83163100502971,62.02948570010318],[23.831661199853446,62.029496608564251],[23.831686645612368,62.02950995948774],[23.831707895413665,62.029524849185108],[23.831725730155913,62.029541493243372],[23.83173831461108,62.029558412043762],[23.83174651481993,62.02957592195434],[23.831750837665396,62.029593747119854],[23.83175112519579,62.029647587274013],[23.831752472679266,62.029665514817133],[23.831753259538168,62.02967026757873],[23.831757406000524,62.029688133614577],[23.831758850762633,62.029706045422799],[23.831750691944066,62.029723422258577],[23.831724564288976,62.02973610099712],[23.831697929026642,62.029741895132986],[23.831689652258497,62.029745703058296],[23.831689453752933,62.029763047063113],[23.831706356076538,62.029779094718918],[23.831724306464029,62.029793342638641],[23.831725808069063,62.029794536086442],[23.831743786042402,62.029810356878329],[23.8317572293825,62.029828948496494],[23.831759312241317,62.029846794098553],[23.831754249204799,62.029864565454574],[23.831746529643279,62.029882132061822],[23.831732815859468,62.029900504369884],[23.831707308622427,62.029891967600761],[23.83168560383163,62.02987722019212],[23.831662868563633,62.02986281747031],[23.831631624902254,62.029853529046598],[23.831598068354953,62.029865543036934],[23.831575569955969,62.029873489539717],[23.831539845443736,62.029879685850588],[23.831502455813496,62.029883319342908],[23.801853629133461,62.036989312906755]]],[[[23.926402764023976,62.03702307124729],[23.926328363222069,62.037031224493241],[23.926294767635859,62.037035219680924],[23.926291321094627,62.037035628042517],[23.926289189734586,62.037035895004372],[23.9260352611096,62.037071735260128],[23.925748592572326,62.037121462350221],[23.925678009253261,62.037135189380734],[23.925672426032502,62.037136295782659],[23.925663719007876,62.037138024347087],[23.924830299080583,62.037317494412591],[23.92480863130746,62.037321961657796],[23.924635383479359,62.037355249029908],[23.924631817888862,62.037355888276402],[23.924626890767176,62.037356748728158],[23.924523733478782,62.037373809966049],[23.924413938324694,62.037389160020211],[23.924341164891928,62.037397096938172],[23.92433950157049,62.037397275479798],[23.924329534260089,62.03739803257767],[23.924301808309824,62.037400163702763],[23.92426370546508,62.037401425705625],[23.924225613697022,62.037400495900933],[23.924188393538987,62.037396620861848],[23.92418829991022,62.037396600807561],[23.924153837221628,62.037389103863063],[23.924153800857283,62.037389085085003],[23.924147284645713,62.037386550166424],[23.924142479307491,62.037384691227892],[23.924124497907911,62.037377669410816],[23.924109804293089,62.037368214392686],[23.924102118370293,62.03736324574627],[23.924102046547723,62.037363199226547],[23.924102011995405,62.037363162521316],[23.924092535008153,62.037354147185766],[23.924092500455842,62.037354110480528],[23.924080906598476,62.037337079343466],[23.924075122528947,62.037319351186902],[23.924075106158806,62.037319323870669],[23.924074204893166,62.037301363159166],[23.924077610282104,62.037283570305796],[23.924085847723799,62.037266046858434],[23.924092762557642,62.037256498486904],[23.924101849144279,62.037247798076486],[23.924109555484662,62.037240450405839],[23.924109597284609,62.037240415402337],[23.924115720381888,62.037236239656103],[23.924131291663379,62.037225653438753],[23.924144088213747,62.037218670762407],[23.924144756168566,62.037218308330601],[23.924156196809726,62.037212059054902],[23.924183355540773,62.037199449207598],[23.924183415522634,62.037199423593108],[23.924212152447303,62.037187666439145],[23.924286755874967,62.037160482191119],[23.92433283911986,62.037143667431685],[23.924332898195594,62.037143650780692],[23.924348732563367,62.037137274816018],[23.924361796837097,62.037131996023014],[23.92437173100156,62.037127590768229],[23.924389559949944,62.037119651152977],[23.924416504135181,62.037104808502207],[23.924430504273829,62.037093297844507],[23.924435369369483,62.037089264741581],[23.924449622226479,62.037072603020988],[23.924460217303071,62.037055410594093],[23.924460220020645,62.03705538370329],[23.924468117218233,62.037037816719533],[23.924473868343661,62.03702009410366],[23.92447606375859,62.037010485459682],[23.924477928792403,62.037002252956],[23.924478488416927,62.03699879768611],[23.924480768517597,62.036984375620015],[23.92449030219662,62.036912753729652],[23.924494339908467,62.036894948010101],[23.924494362619633,62.036894912581111],[23.924499654687089,62.036877188718044],[23.924502376591516,62.036870888856257],[23.924507250937179,62.036859570107126],[23.924508413604027,62.036857341087284],[23.924509432757201,62.036855396350347],[23.924521640219048,62.036838338674279],[23.924536351985669,62.0368218668496],[23.924544647758481,62.036813795622876],[23.924552945338498,62.036805706468428],[23.924589494415311,62.036774188317331],[23.924634774179452,62.036738813029707],[23.924663728456036,62.036716190254154],[23.924668198250938,62.036712660411069],[23.924669347711166,62.036711697809551],[23.924703548459242,62.036681834220069],[23.924704389863276,62.036681080364374],[23.924720552183761,62.036664829506265],[23.924727027421774,62.036657166890507],[23.924734632891127,62.036648163925008],[23.924734635608399,62.036648137034234],[23.924741033821018,62.036638586106605],[23.924749591564037,62.036621105700014],[23.924751778537246,62.03661366195719],[23.924754791615815,62.036603343844227],[23.924756907616104,62.036585432410192],[23.924755827828626,62.036567530616217],[23.924751989462653,62.036549666172355],[23.924745434388026,62.036531992735689],[23.924736540738152,62.036514554667171],[23.924725559372682,62.036497330605108],[23.924712605792742,62.036480502798426],[23.924697666348134,62.036464017039677],[23.924680936445942,62.036447832763784],[23.924662548861825,62.036432150572097],[23.92464913127624,62.036421619035842],[23.924627931782464,62.036406691701288],[23.924518942711977,62.03634064867498],[23.924463565348422,62.03630765686264],[23.924442005629121,62.036294024117758],[23.924440781961049,62.036293260176379],[23.924419047368694,62.036278518524504],[23.924398835974003,62.03626328077209],[23.924380765819752,62.036247488823626],[23.924365534014566,62.036231059394581],[23.924354452085424,62.036213886958954],[23.924351551337043,62.036202080500402],[23.924349514305582,62.036193653227812],[23.924349517929013,62.036193617373414],[23.924352848477138,62.036175804880223],[23.924359111414525,62.03616399602403],[23.924362086202873,62.036158411520312],[23.924376481383959,62.036141851805624],[23.924395147843008,62.036126186838892],[23.924403970463366,62.036120283473025],[23.92440433939888,62.036120040149243],[23.924417156701548,62.036111521690138],[23.924418417111923,62.036110786158254],[23.924492402522535,62.0360709478798],[23.924572488818814,62.036032449352319],[23.924579500885081,62.03602931755249],[23.924655779386029,62.035995558415273],[23.924655859358133,62.035995524262304],[23.924673304977574,62.035987773722191],[23.924673345869358,62.035987747682064],[23.924733189804581,62.035960629618849],[23.924920778935846,62.035875636715247],[23.924978422364319,62.035852116935274],[23.925030573733817,62.035832589331378],[23.925038188414295,62.035829740450687],[23.925097942527277,62.035809753362201],[23.925100396274111,62.035808945592379],[23.925130777609855,62.035799830209577],[23.925130836682538,62.035799813558256],[23.925163761118391,62.035790709913343],[23.92517870482126,62.035786892367497],[23.925197301965902,62.035782132070814],[23.925231421957601,62.035774070216],[23.925261820501966,62.035767434713165],[23.925266065644553,62.035766505145524],[23.925336560478048,62.035752677578557],[23.925406810542754,62.035740704166315],[23.92540836739456,62.035740442387265],[23.92551794780945,62.035724691571815],[23.92552093159351,62.035724317841044],[23.925666405930336,62.035707749490868],[23.925666464097102,62.035707741802874],[23.925887314766484,62.035687534004524],[23.92619128832985,62.035659717422867],[23.926191346496378,62.035659709734688],[23.926206347276782,62.035658166247991],[23.926206424530385,62.035658158984901],[23.926243594223457,62.035654180563355],[23.926584105129987,62.035615947211163],[23.926615140773418,62.035612469928061],[23.926690114810253,62.03560561402908],[23.926716268399744,62.03560350133867],[23.926716345653094,62.035603494075339],[23.926797380835712,62.035598183553212],[23.926829771272669,62.035596065991825],[23.926831980765328,62.035595971454924],[23.926943949683746,62.035591412598492],[23.927096576371181,62.035589061641218],[23.927096690893499,62.035589064191313],[23.927207389639747,62.035589885071026],[23.927211173401648,62.035589924402984],[23.927211230662827,62.035589925677982],[23.927213961016736,62.03558997748933],[23.927223390022188,62.035590187438842],[23.927314331704924,62.03559229319891],[23.927376042061912,62.035593837898148],[23.927414202527117,62.035594633640777],[23.927425873771352,62.035594803661937],[23.927445181650647,62.035595125742184],[23.927451169475123,62.03559512430261],[23.927483327305524,62.035595310239323],[23.927518507963622,62.035595114280682],[23.927521530958948,62.035595109714933],[23.927597763089878,62.035593222411961],[23.92759782125594,62.035593214723193],[23.927635823318848,62.035591410567569],[23.927673585953833,62.035588756596638],[23.927711006398408,62.035585133733719],[23.927747880120446,62.035580483523148],[23.927749725060192,62.035580210164106],[23.92776930412581,62.035577277127196],[23.927805080865102,62.035570796742149],[23.927819988029736,62.035567526113752],[23.927839645540317,62.035563247247744],[23.927873342706615,62.035554815990764],[23.927906248796461,62.035545693332509],[23.927938354760538,62.035535968909926],[23.927938413831203,62.035535952257369],[23.927939027243859,62.035535750302145],[23.927998560805509,62.035515837940601],[23.928000581871856,62.035515146261758],[23.928001873194646,62.035514671916388],[23.928030820341249,62.035504212356656],[23.92823115985621,62.03542809643757],[23.928238717783728,62.035425237139521],[23.928265543114346,62.035416086852713],[23.928300968801864,62.035403983673717],[23.928320629045963,62.035398159594408],[23.92833332994859,62.035394381632507],[23.928364240277766,62.035386265548503],[23.928429068032752,62.035369237849615],[23.928433328404129,62.035368155801798],[23.928438443979029,62.035366940064577],[23.928741550783727,62.035296659341945],[23.92875811048814,62.035292365309289],[23.928775002805811,62.035287997823232],[23.928786332432441,62.035284916988324],[23.928787850062484,62.03528447462368],[23.928818880644805,62.035275543594864],[23.928850842385991,62.035265725921541],[23.928944004463315,62.035234442456066],[23.928944064437292,62.03523441683943],[23.928974321378895,62.035223483148165],[23.929256894543819,62.035114949681045],[23.929270026309265,62.035109932480665],[23.929281313458226,62.035105754642352],[23.929294861507561,62.035100782637798],[23.929698985826104,62.03496527958265],[23.929699064885636,62.034965254390343],[23.929699223908951,62.034965195042069],[23.929729208578799,62.03495430005465],[23.929788371200701,62.03493159373712],[23.929817161992716,62.034919827696449],[23.929845374539742,62.034907725370083],[23.929848358603664,62.034906399275201],[23.929849698895673,62.034905818197657],[23.929851166366305,62.034905114176837],[23.929876849599172,62.034893243053617],[23.929903217529137,62.034880273172028],[23.929945604723578,62.034857552933708],[23.929978768465396,62.034839793155349],[23.929979439915151,62.034839394839814],[23.930002950890273,62.034825921178346],[23.930118960143663,62.034754718300938],[23.930119020115733,62.034754692683755],[23.93033392095457,62.034616981716795],[23.930367435770169,62.03459554631992],[23.930369307442227,62.034594438032038],[23.930436220345054,62.034556137352709],[23.930440114562863,62.034553942098725],[23.930444782984136,62.034551467601553],[23.930450981527553,62.034548236568526],[23.930490268551079,62.034528744257351],[23.930491416141731,62.03452817685524],[23.930529832678097,62.034509159277967],[23.930532279643913,62.03450803683301],[23.930601444869787,62.034477368470583],[23.930640855499952,62.034459873263252],[23.930640915470981,62.03445984764587],[23.930753847164791,62.034414961126075],[23.930936427372909,62.034342381387262],[23.930937286950972,62.034342014202679],[23.93095394812859,62.034335377415253],[23.93098328247779,62.03432390173181],[23.931341241453136,62.034189424706533],[23.931370250038366,62.034177762026076],[23.931398897661865,62.034165884686807],[23.931411828441416,62.034160386685926],[23.931521974902292,62.034110658279545],[23.931534617317272,62.034104794505566],[23.931558213935531,62.034118920598658],[23.935006997165654,62.03618490415996],[23.935014430647083,62.036189354496166],[23.935054158674497,62.036213154340174],[23.93502829497859,62.036225687199718],[23.935001467984527,62.036238477156182],[23.934890811057929,62.036287936495711],[23.934861330765756,62.036299337902946],[23.934830659278134,62.036310030082895],[23.934798875654945,62.036319987839491],[23.934767260317958,62.036328844327109],[23.934766078946897,62.036329177437011],[23.934732452809747,62.036337674823898],[23.934698561103811,62.036345959678187],[23.934664512938671,62.036354088325609],[23.934045912708367,62.036488919770349],[23.933868157884632,62.036528362074087],[23.933841734142515,62.036534863172648],[23.933825064568897,62.036539299113102],[23.933244610723801,62.03669493648723],[23.93321100104691,62.036703451849469],[23.933177162177994,62.036711773451948],[23.933177103107838,62.036711790106743],[23.933108698598065,62.036727671485721],[23.933108639527838,62.036727688140502],[23.933038641577994,62.036742105659272],[23.933003140912419,62.036748692361527],[23.932967266368571,62.03675481257477],[23.932929146431228,62.036760433689437],[23.932894347421865,62.036765562623764],[23.932857389310904,62.03677009555544],[23.932840103404324,62.036771912396702],[23.93282010995808,62.036774019426716],[23.932782514785924,62.036777280455354],[23.93274472103441,62.036779854295517],[23.932706753214497,62.036781687589361],[23.932706675959459,62.036781694856053],[23.932668598565023,62.036782717166808],[23.932653764787922,62.036782791736819],[23.932630412502522,62.036782919530701],[23.932592217731838,62.036782259250707],[23.932554171476685,62.036780694902596],[23.932516332811097,62.036778209832022],[23.932478856248526,62.036774789506012],[23.9324418572231,62.03677042750698],[23.93244180086295,62.036770417270453],[23.932405355729461,62.036765115295857],[23.932405299369307,62.036765105059359],[23.932386090728631,62.036761893124741],[23.932368621685679,62.036758504245867],[23.932350777213784,62.036755044133216],[23.9323161068268,62.036747508695825],[23.932111150791453,62.036699399409457],[23.932111094431537,62.036699389172817],[23.932076040829113,62.03669224043918],[23.932039809667604,62.036685766250827],[23.932003288356775,62.036680462473768],[23.931966180523784,62.036676232681536],[23.931928622490602,62.036673052953127],[23.93189066790238,62.036670960415883],[23.931852578562541,62.036670014792499],[23.931852444947832,62.036670011821961],[23.931835974303148,62.036670193652199],[23.931814319112753,62.036670377004334],[23.93177627763027,62.03667199279306],[23.931776201278996,62.036671991095567],[23.931739532968749,62.036674787323854],[23.931702446392976,62.036678885870877],[23.931702388225798,62.03667889356138],[23.931665935920826,62.036684290877247],[23.931630456835073,62.036690850758532],[23.931630397764128,62.036690867412688],[23.931614967951862,62.036694387363035],[23.931595998287332,62.036698673079471],[23.931562791930357,62.036707547381376],[23.931530991368167,62.036717468096725],[23.931500823845429,62.036728458246806],[23.93147257567847,62.036740524198862],[23.931446479535968,62.036753635192412],[23.931422793502001,62.036767698146065],[23.931415909099012,62.036772225605333],[23.931395869469199,62.036787501586346],[23.931377971601595,62.036803355229374],[23.931297756177528,62.036884752152837],[23.931277138734391,62.036902342062582],[23.931255996044374,62.03691698260242],[23.931255687128708,62.036917200327089],[23.93125564624123,62.036917226369162],[23.931232002685828,62.036931245319039],[23.931231962702189,62.036931262397452],[23.931147819928473,62.036967554319922],[23.931147759048969,62.03696758890117],[23.931116050808502,62.036977538531332],[23.931116010824731,62.03697755560971],[23.931082786744394,62.036986411441298],[23.931048314962531,62.036994170452203],[23.931013006378862,62.037000931616603],[23.930976822820281,62.037006694084916],[23.930949680175839,62.037010258938032],[23.930940083362458,62.037011518854747],[23.930940025194467,62.037011526544916],[23.930865376204657,62.037019119705519],[23.930865318036631,62.037019127395659],[23.930826600589256,62.037022129363322],[23.930752229595736,62.037027913927254],[23.930750268153663,62.037028014044971],[23.930567091268134,62.037037110266191],[23.930562343076478,62.037037337059289],[23.930560904242327,62.037037376927763],[23.930333871397327,62.037042568714575],[23.930333506916661,62.037042578574976],[23.930333411476557,62.037042576452095],[23.930306636913866,62.037042870295792],[23.929924577262984,62.037042465917757],[23.929913273541818,62.037042250390456],[23.929862213205894,62.037041303150687],[23.929848350787889,62.037041039680055],[23.929848255347832,62.03704103755684],[23.929761548683825,62.037037680192348],[23.929696071713789,62.037035136467402],[23.929695976273763,62.037035134344087],[23.929582461117182,62.037027856447303],[23.929507240244618,62.037021583194203],[23.929498255841896,62.037020754436774],[23.929460881018585,62.037017084008674],[23.928978575608053,62.036961514226839],[23.928865764251302,62.036952005453408],[23.928789989191383,62.036947435370415],[23.928713812412823,62.036944760863648],[23.9286900889199,62.036944394608298],[23.928689992575638,62.036944401447954],[23.928677422857902,62.03694440918941],[23.928651746246597,62.03694443966527],[23.928575519824992,62.036946237892813],[23.928512209226984,62.036949527361507],[23.9284616879862,62.036952149170297],[23.928461552561341,62.03695216412374],[23.928273455581294,62.036967355582441],[23.928273378324821,62.03696736284661],[23.927910056815961,62.037000987212522],[23.927898624641472,62.037002044355567],[23.927831831407683,62.037006666441101],[23.927823065855645,62.037007270865097],[23.927792103506995,62.037008872463623],[23.927789123157002,62.037009021727194],[23.927789046805188,62.037009020027504],[23.927750088324416,62.037010236984088],[23.927712818629853,62.03701140168787],[23.927674631551383,62.03701198896475],[23.927560723971553,62.037012013449051],[23.927560054083326,62.037012016502779],[23.927445502194498,62.037010274712117],[23.927445387666793,62.037010272162284],[23.927437375252964,62.037010048855159],[23.927242688570047,62.037004474450114],[23.927071561085338,62.036999568096554],[23.927064156776364,62.036999385259492],[23.926873211027026,62.036997118804294],[23.926835073820101,62.036997401510924],[23.926835016556318,62.036997400235762],[23.9268190156785,62.036997663801472],[23.926818958414717,62.036997662526289],[23.926704606063414,62.037001144135864],[23.926704548799613,62.037001142860639],[23.926590750163715,62.03700728692106],[23.926440136356259,62.037019375757247],[23.926402764023976,62.03702307124729]]],[[[23.954807177052771,62.011584390173134],[23.955027153687553,62.012685927780019],[23.951907825573528,62.014377066249622],[23.948122879543142,62.012875288109505],[23.947538565249392,62.012644557217499],[23.948024682028692,62.012425754094458],[23.952554490309865,62.011765453168934],[23.95301113385538,62.011564659088357],[23.954764193646973,62.011369198645973],[23.954786169913081,62.011479212734521],[23.954788935543352,62.011478698841593],[23.954810451112433,62.011582423167262],[23.954807177052771,62.011584390173134]]],[[[23.934463247669544,62.031919438260424],[23.934427686544577,62.031925925073587],[23.934393874236541,62.031934229511151],[23.934393796091491,62.031934245742555],[23.934387941010829,62.031935975299945],[23.934380509487038,62.031938163940254],[23.934380430439205,62.03193818913536],[23.934349602291103,62.031948769860421],[23.934334175302716,62.031955137982919],[23.934320909684594,62.031960556926684],[23.934294377120231,62.031973496977287],[23.934294335339313,62.031973531984029],[23.934269921685299,62.031987273740341],[23.934247568784986,62.032001824895161],[23.934247507919057,62.032001859477852],[23.934226772955981,62.032016868811702],[23.93420671974005,62.0320321358505],[23.934166910481643,62.032062757376501],[23.934158587395611,62.032069049736037],[23.934158545614423,62.03206908474273],[23.934117942586436,62.032097900854922],[23.934095284272615,62.032113963454599],[23.934093010550061,62.03211545814063],[23.934073299879291,62.032128082567901],[23.93405019265882,62.032142904413718],[23.934002193866924,62.032170702715661],[23.934002092121712,62.032170763341192],[23.93397677099852,62.032184206390909],[23.933963347991867,62.032190996318846],[23.933909483923699,62.032216445283993],[23.933909423056942,62.032216479866499],[23.933892112581905,62.032223884142326],[23.93388129638334,62.032228530967409],[23.933852254258838,62.03224017542054],[23.933822472963886,62.032251372223577],[23.933812614771483,62.032254863459833],[23.933791871644061,62.032262164498157],[23.933774211956898,62.032267907990978],[23.933760449273358,62.032272372545989],[23.933743444418457,62.032277501723584],[23.93372831404281,62.032282061656844],[23.933708304935621,62.032287582244358],[23.933695419533528,62.032291122993776],[23.933677186521098,62.03229572178271],[23.93366170126788,62.032299626993392],[23.933645641528752,62.032303348745323],[23.933627450038621,62.032307535198228],[23.93361933557561,62.032309286387722],[23.9336192565262,62.032309311582367],[23.93333307606045,62.032359522559524],[23.93329790889387,62.03236645805206],[23.933297849832289,62.032366474706983],[23.933263307402111,62.03237404395373],[23.933263248340499,62.032374060608646],[23.933229455210128,62.032382356215876],[23.93322939614848,62.032382372870764],[23.933196646841299,62.032391509189807],[23.933196566888221,62.032391543347842],[23.93317662088727,62.032397954654542],[23.933165056889308,62.032401668464018],[23.933135380665981,62.03241295729778],[23.933118514270252,62.032420317448349],[23.933092550760581,62.032433485539059],[23.933076419138086,62.032443045066536],[23.933068830725784,62.032447547960096],[23.933068768954463,62.032447591505949],[23.93304697505333,62.032462280676661],[23.933026145563918,62.032477269775306],[23.933026104684011,62.032477295817955],[23.933011340877172,62.032488466879336],[23.932979904560728,62.032513425764748],[23.932894677999975,62.032581119611763],[23.932852883282514,62.032611112715323],[23.932852842402276,62.032611138757922],[23.9328305065469,62.032625699062912],[23.932807174386305,62.032639895836901],[23.932807133505989,62.032639921879472],[23.932782719548655,62.032653654400399],[23.932770786061727,62.032659704725205],[23.932764274657327,62.032663009752639],[23.932754881401294,62.032667768976822],[23.93272760118688,62.032680332777005],[23.932727521232511,62.032680366934784],[23.932698936402652,62.032692209981931],[23.932639261164208,62.032714564671529],[23.93263918211294,62.032714589865598],[23.932546604430435,62.032744936363713],[23.932545280545085,62.032745356122433],[23.932513251718081,62.032755119199187],[23.932353958333266,62.032804600219066],[23.932353898366955,62.032804625837208],[23.932334230973012,62.032811115092613],[23.932273738851546,62.032833029235583],[23.932270947644472,62.032834153039339],[23.932186825223916,62.032868092119408],[23.932186785246206,62.032868109198148],[23.932076666204438,62.032917811710952],[23.932050008192657,62.032930649746831],[23.931788448574206,62.033061396391972],[23.931772023505204,62.033069305226327],[23.931770858715424,62.033069854287987],[23.931592856524134,62.033149678869492],[23.931578638878221,62.033155992738912],[23.931576301946393,62.033156973906877],[23.931270477555653,62.033276880173077],[23.931146462525753,62.033325500364114],[23.931138857280942,62.033328457578463],[23.931118033147737,62.033336358346077],[23.931039781307074,62.033366115120508],[23.93100234811314,62.03338033040513],[23.931002307230283,62.033380356447147],[23.930887979091306,62.033421681432579],[23.930760149873869,62.033467898654038],[23.93075560015777,62.033469387585747],[23.930665915016583,62.033498512543495],[23.930601463600734,62.033517741621544],[23.930595062752261,62.033519566691609],[23.930590337528869,62.033520898990389],[23.93039315064458,62.033571062227573],[23.930220857398091,62.033614888423422],[23.930196570248054,62.033621274619804],[23.930065597823379,62.03365823989833],[23.930022546938684,62.033672006539057],[23.929940595946636,62.033698212692165],[23.929939329241996,62.03369863369916],[23.929935719082955,62.033699909930057],[23.929878202707165,62.033720164396904],[23.929848182148824,62.033731238274626],[23.929821727335455,62.033741286475454],[23.929618169296706,62.033822723123897],[23.929493794966053,62.033864236735205],[23.929493791349039,62.033864272589788],[23.929460693886213,62.033873229625591],[23.929444652898681,62.033877131001866],[23.929426822630958,62.033881513621068],[23.929392074824463,62.033889005500086],[23.929356625860319,62.033895673229779],[23.929352520938021,62.033896354491986],[23.929347618115134,62.033897170723392],[23.929347520876373,62.033897186527192],[23.929346396704787,62.033897332203935],[23.929163941310847,62.033921831517588],[23.929145894848563,62.033924753920303],[23.929127867468928,62.033927676745385],[23.929092602123301,62.033934609024165],[23.929057024279071,62.033943690444019],[23.929040664107482,62.033949237684851],[23.929026164945132,62.033954161540045],[23.929026084983285,62.033954195695642],[23.928998057539552,62.033966364852461],[23.92898882792716,62.0339713880064],[23.928973141758082,62.033979923866156],[23.92895138295378,62.033994613217672],[23.928951321173432,62.033994656761593],[23.928932567470738,62.034010275429445],[23.928920551995269,62.034022243919395],[23.928916296126083,62.03402650633312],[23.928916274326685,62.034026532799281],[23.928901579969629,62.034043059326379],[23.928901557265768,62.034043094756171],[23.928876922295906,62.034075292338322],[23.928875810615903,62.034076830773365],[23.928854094078748,62.034111195503918],[23.928854071374779,62.034111230933703],[23.928844438764894,62.034128588807519],[23.928843848553765,62.034129698643198],[23.928842645427409,62.034131953744335],[23.928842621818955,62.034131998137745],[23.928806602590669,62.034201755028839],[23.928800148923216,62.034211304884643],[23.928795084817512,62.034218837366637],[23.928788948982465,62.034225995629477],[23.928780817524448,62.034235490176627],[23.928768609578658,62.034246331400851],[23.928763016178443,62.034251336646825],[23.928762975292489,62.034251362688188],[23.928741456170897,62.034266138199115],[23.928727661572804,62.034273745886011],[23.928698786406976,62.034285402013971],[23.928678982408709,62.034291142081869],[23.928666290152801,62.03429483940652],[23.928654380878481,62.034297601877036],[23.928638885648315,62.034301209863244],[23.928632108129108,62.034302783901346],[23.928596812205559,62.034309634527425],[23.928560757879033,62.034315659725507],[23.928380100078847,62.034340701152246],[23.928377616326244,62.034341050137051],[23.928359993058717,62.034343945926651],[23.928341591862228,62.034346968138571],[23.928306001209339,62.034353515667306],[23.928292904910887,62.03435628762049],[23.928271114376777,62.034360860441723],[23.928256248102389,62.034364680029256],[23.928237669573477,62.034369459099388],[23.92822300445987,62.034373938976493],[23.928193054480364,62.034385059003164],[23.928144535800762,62.034406546206171],[23.928081827125379,62.034434248716558],[23.928052779784995,62.034445900882766],[23.928021767811931,62.034456359385551],[23.927988214649105,62.03446489268687],[23.927962940965099,62.034468911781765],[23.927947446158932,62.03446986050583],[23.927925095082976,62.034471267491902],[23.927903676473608,62.034470637949063],[23.927887025837652,62.034470150483124],[23.927849715221459,62.034466445058705],[23.927813368109582,62.034460964319607],[23.927777777616065,62.034454431346305],[23.927743128274031,62.034446913134012],[23.927714645904519,62.034440080220492],[23.927681290249051,62.034431306114314],[23.927648658733293,62.034421991127985],[23.927616732271968,62.034412134837005],[23.927616676822655,62.034412115634943],[23.927608054044271,62.034409228524332],[23.927602594592134,62.034407409040973],[23.927585625383962,62.034401739791605],[23.927585424482832,62.034401645480919],[23.927558189397089,62.034389279347707],[23.927535205125341,62.034374977518951],[23.927516231120283,62.034359417407885],[23.927500707710426,62.034343026760062],[23.92745997195448,62.034292717998525],[23.927456272804097,62.034288431229392],[23.927440730375583,62.034272040150142],[23.927423485837814,62.034256024424096],[23.927404551040006,62.03424045618457],[23.927383865105792,62.034225370010461],[23.927361418083006,62.034210864500956],[23.927337026433545,62.034197052357477],[23.927310756549176,62.034184033878873],[23.92728259666637,62.034171925591181],[23.927270633162859,62.034167266137516],[23.927240120863374,62.034156479977639],[23.927208194812952,62.034146623594452],[23.927175064052744,62.034137710625522],[23.927140844002569,62.034129734656403],[23.927020041366085,62.034105699154857],[23.927000163930749,62.034101743854556],[23.926979993049969,62.034098042546134],[23.926378918656852,62.03322271618223],[23.926188211473928,62.032944993000847],[23.930269132968871,62.03232405237641],[23.930562561435718,62.032279408144156],[23.933800282346347,62.031778001668016],[23.933951543713565,62.031753683776977],[23.935217445641499,62.031558505791736],[23.934765650301134,62.031628479706036],[23.935336158813616,62.031540749317806],[23.935408055590649,62.031529948533155],[23.935434895333991,62.031525917989406],[23.935437477317013,62.03153123980352],[23.935441400457432,62.03154907880085],[23.935444152217201,62.031566963652971],[23.935446518676368,62.031584875882864],[23.935446931278829,62.031602816589938],[23.935443679616004,62.031620675918376],[23.935435414848968,62.031638172367266],[23.935422258429647,62.031654859446149],[23.935422070423339,62.031655016978057],[23.935383846280363,62.031686060333449],[23.935320389339704,62.031730818434745],[23.935092716681531,62.031873661061503],[23.935091553933951,62.031874380886045],[23.935091492166698,62.031874424432822],[23.935068248954984,62.031890033987295],[23.935024547541747,62.031919428359494],[23.935024506664291,62.031919454402747],[23.935000278813881,62.031933254311916],[23.934990104799969,62.031937035077178],[23.934970262769593,62.031944320365021],[23.934965000894593,62.031945667838023],[23.934940423047706,62.031948886099634],[23.934928483517574,62.031950444595374],[23.934915220536222,62.031950329668355],[23.934890340389369,62.031950091449623],[23.934852847676233,62.031946698268676],[23.934816345184299,62.03194144947124],[23.934768794341988,62.031933278087124],[23.934708743432346,62.031922924458129],[23.934708687080303,62.031922914222569],[23.934684770741473,62.031919373391545],[23.93467235266699,62.031917516396234],[23.934651795018834,62.031915002446567],[23.93461412003867,62.03191209027279],[23.934604563928136,62.031911824084894],[23.934576032802525,62.031910992630266],[23.93455332888216,62.031911557329174],[23.934537856972195,62.031911914351262],[23.934500156834201,62.031914760166799],[23.93446330582691,62.031919430568685],[23.934463247669544,62.031919438260424]]],[[[23.96499539145271,62.006839304280959],[23.96499367477902,62.006821425024043],[23.96499759170662,62.006803588893554],[23.965004243059763,62.006785929726746],[23.965011319398361,62.006771487066239],[23.965021206653336,62.006754150652711],[23.965032525336071,62.006737025412299],[23.965045537955799,62.006720162039862],[23.965060633366672,62.00670368587938],[23.965113135747302,62.006655871537504],[23.965133650034073,62.006638715076896],[23.965170472884896,62.006607292159849],[23.965187793707472,62.006591305157002],[23.965203319541757,62.006574919307347],[23.965216068592738,62.006558014186581],[23.96522157135599,62.006549007916597],[23.965229642023228,62.006531487777686],[23.965234396044963,62.006513688030644],[23.965236085224074,62.006495766938414],[23.965235080243659,62.00647784046155],[23.965233117582059,62.006466459939176],[23.965228007629364,62.006448685687815],[23.965220606096338,62.006431085599012],[23.965210983015677,62.00641372409887],[23.965199382723132,62.00639664249816],[23.965186248282613,62.006379805628249],[23.965171733144615,62.006363207881883],[23.965160697034829,62.006351591752413],[23.965144152282221,62.006335416487119],[23.965126353180825,62.006319554993595],[23.96510720081416,62.006304041029004],[23.965086573625332,62.0062889437867],[23.965064405480113,62.006274351646816],[23.965040514934948,62.00626035943543],[23.965014131824073,62.006247408367308],[23.964984729418852,62.00623598993203],[23.964952384637598,62.006226483132778],[23.964917457757611,62.006219300159579],[23.964901259001866,62.006216922341437],[23.964863815150565,62.006213519968689],[23.964787949022444,62.00620963130384],[23.96475017693658,62.006207030202141],[23.964740940744061,62.006206126198002],[23.96470439923765,62.006200955899729],[23.964669561224333,62.006193649047503],[23.964636862944793,62.006184430851164],[23.964606729604004,62.006173445425468],[23.964580638532421,62.006161210404528],[23.964557143971042,62.00614708308207],[23.964537460166465,62.006131728023412],[23.964521792730913,62.006115383330226],[23.964510057664384,62.006098316663845],[23.964502037481264,62.006080792747092],[23.964497005183798,62.006063011185773],[23.964493778792928,62.006045134619782],[23.964492105941137,62.006027202412561],[23.964491809645377,62.006009264570338],[23.964494768386455,62.005973422136577],[23.964496889008238,62.005960191012463],[23.964500996792914,62.005942359092607],[23.964507894344305,62.005924723332939],[23.964523673836965,62.005906366743517],[23.964546598102793,62.005892066309364],[23.964573493059586,62.005879344551282],[23.964601391258917,62.005867103035087],[23.964630627588637,62.00585255522315],[23.964651462133777,62.005837552972849],[23.964666386576987,62.005821064110947],[23.964675704310135,62.005803688236149],[23.964681180475388,62.005785931348747],[23.964683822487199,62.005768040212779],[23.964684189544084,62.005752075403173],[23.964676613426732,62.005680398983344],[23.964676755606817,62.005662470793382],[23.964680463685681,62.00564462108877],[23.964688571654101,62.00562711078333],[23.964702090798529,62.005610339447045],[23.964714919066516,62.005599544982687],[23.964738269094962,62.005585379662932],[23.964788910559303,62.005558537205737],[23.964811468234956,62.005544075943057],[23.964818057367953,62.005538552295384],[23.964830558286227,62.005521641750754],[23.964836754460212,62.005503945623623],[23.96483912938735,62.005486048607743],[23.964841115140246,62.005450184757386],[23.964844909625388,62.005430890587782],[23.964853624963801,62.005413420593044],[23.964866504507409,62.005396545330029],[23.964882740217572,62.005380318882793],[23.964901662896203,62.005364744489469],[23.964962985716827,62.005319298392692],[23.964967187887506,62.005316057949187],[23.965059959284225,62.005237678221206],[23.965079904673644,62.005222386838383],[23.965089486115367,62.005215599455418],[23.965111822601241,62.005201052428951],[23.965135690884622,62.005187051175966],[23.965160973874532,62.005173620069762],[23.965187558051124,62.005160747627741],[23.965215346285511,62.005148449678956],[23.965273462866392,62.005125212288803],[23.965395242777461,62.005081949862515],[23.965414133817688,62.005075708694591],[23.965604076510377,62.00501559245032],[23.965635631435777,62.005005766945871],[23.965732189320438,62.004976853094625],[23.965765421152831,62.004968034689391],[23.965799722437989,62.004960183087107],[23.965822751134798,62.00495556910252],[23.965858687196491,62.00494953221164],[23.965895616532709,62.004945035397228],[23.965933388474202,62.00494263232811],[23.965971644712948,62.004943042793663],[23.966009068071241,62.00494644443782],[23.966044770368629,62.004952736868155],[23.966077945615698,62.004961569959946],[23.966105230423448,62.004971791685961],[23.966131192841953,62.004984930941674],[23.966155601003152,62.004998709770639],[23.966181341218249,62.005011969898433],[23.966196784822255,62.005018472411301],[23.966229029816073,62.005028012673193],[23.966264735824961,62.005034269191455],[23.966302379696852,62.005036992849597],[23.966330373143578,62.005036449773918],[23.966367624998728,62.005032552846338],[23.966404261991087,62.005027537398007],[23.966441642613653,62.005024074497065],[23.966456392706171,62.005023913846081],[23.966493161510662,62.005028325090464],[23.966525451884998,62.005037794410654],[23.966554245091285,62.005049567455941],[23.966580807490544,62.005062441328171],[23.966586129604071,62.005065226530519],[23.966728621687626,62.005149464877036],[23.966753465823075,62.005163091477861],[23.966773085973074,62.00517294683987],[23.966800611157648,62.005185365711149],[23.96682956697363,62.005197043451631],[23.96685981815498,62.005207995052565],[23.966891133199457,62.005218242372315],[23.966923394124787,62.005227818749724],[23.966960067426125,62.005237608950466],[23.967062456289309,62.00526166405151],[23.967095961359554,62.005270261584222],[23.967128324885994,62.00527976829926],[23.967147072749306,62.005286100810999],[23.967176231972029,62.005297657177699],[23.967202893762966,62.005310497173518],[23.967226866206797,62.005324436907038],[23.967248026525365,62.005339365876253],[23.967265963230599,62.00535519418078],[23.967280150419612,62.005371829404034],[23.967288200330536,62.005384844017179],[23.967295275976308,62.005402463766295],[23.967298409502089,62.005420329217259],[23.967298134494548,62.00543826344861],[23.96729598894926,62.005456174512069],[23.967291935183031,62.005476361384289],[23.967264071741926,62.005565081701867],[23.967213406674446,62.005688390574477],[23.967207706620602,62.005702459333264],[23.967173166065535,62.005790673452651],[23.96715583225458,62.005825624808821],[23.96714553235682,62.005842898376692],[23.967134083502533,62.005860002938235],[23.967121392128416,62.005876918468218],[23.967108244642358,62.005892656096357],[23.96709290641498,62.005909091184037],[23.96707612839133,62.005925207129948],[23.96705804494631,62.005940997905242],[23.967038657862773,62.005956445581333],[23.966996707553538,62.005986417629998],[23.966951609960248,62.006015368184649],[23.966928055313936,62.00602948444925],[23.96691337303054,62.006037983445509],[23.966765713182941,62.006120241866689],[23.966720283522243,62.006149068261202],[23.966699169082791,62.006164010752926],[23.966687983498787,62.006172514768117],[23.966669210198649,62.006188128618945],[23.966652394548284,62.006204234707546],[23.966637806198033,62.006220812014881],[23.966626168895168,62.006237885444428],[23.966618476929487,62.006255449915969],[23.966615341907811,62.006271201109456],[23.966616539283283,62.006289122812149],[23.966620958169738,62.006306935701318],[23.966641237672359,62.006359899984311],[23.96664680967363,62.006377648399159],[23.966650153559751,62.006395509510718],[23.966649542262871,62.006412978183846],[23.966643214345112,62.006430662495717],[23.966631991137426,62.006447798936421],[23.966616224475537,62.006464116751609],[23.966596576994675,62.006479486776982],[23.966552625794115,62.006508812793868],[23.96650597601565,62.006537217012124],[23.966485219456928,62.006549328525217],[23.966387813388494,62.006604573260752],[23.966362417987675,62.006617975176567],[23.966335725734087,62.006630773609004],[23.966307481254038,62.006642846152729],[23.966275122829597,62.006655160586909],[23.966244134997677,62.006665609620796],[23.966211910764823,62.006675231907195],[23.966178660791179,62.006684023095893],[23.966144513211571,62.006692039906596],[23.966074362285823,62.006706173068665],[23.966002589777496,62.006718357010577],[23.965969629910095,62.006723273608976],[23.965932910627863,62.00672813444227],[23.96589571953308,62.00673216737637],[23.965858097119185,62.006735157694855],[23.965820092806176,62.006736801041505],[23.965781972270698,62.006736348637062],[23.965744185159842,62.00673389122683],[23.965707061671939,62.006729759486426],[23.965698577609029,62.006728593605466],[23.965625781094861,62.00671785557293],[23.965587863214918,62.006719590593406],[23.96557658323222,62.00673633043013],[23.965575600706991,62.006754258087966],[23.965572546318732,62.006773415833045],[23.965560216904727,62.006790330217946],[23.965537498618698,62.006804671289188],[23.965508280135158,62.006816156277118],[23.965488486312214,62.0068218565591],[23.965453907182649,62.006829405543613],[23.965417601950325,62.006834904207111],[23.965380488155731,62.0068391183787],[23.965354845422844,62.006841563640229],[23.96531722103931,62.006844571737986],[23.965279339986097,62.006846702766119],[23.965236470464802,62.006846918302905],[23.965198451576473,62.006845443842884],[23.965167772581157,62.006845110107754],[23.96513013981949,62.006848010166948],[23.965055571143036,62.006855640282133],[23.965015042190348,62.006854038664486],[23.96499539145271,62.006839304280959]]],[[[23.780971308894184,62.038205214669539],[23.780832256444484,62.038234988907512],[23.78076386694643,62.038250976138904],[23.780730475695542,62.03825969376846],[23.780697877871841,62.038269049829111],[23.780685110333028,62.038273082496779],[23.780502436604699,62.0383380911518],[23.780471137085357,62.038348375899162],[23.780438983050573,62.038358056712092],[23.780405820744082,62.038366959297591],[23.780371555565356,62.038374892773582],[23.780336052726128,62.038381503599659],[23.780297790911295,62.038386522683517],[23.780260377521245,62.038390213879993],[23.780109369115824,62.038401146516982],[23.780071808451321,62.038404420940374],[23.780034604248648,62.038408485321305],[23.779998030585361,62.038413642543254],[23.779962735790598,62.038420455788454],[23.77994850391557,62.038424040935453],[23.779916456566838,62.038433795995935],[23.77988610667051,62.038444686765786],[23.779857001614065,62.038456289398184],[23.77974497724243,62.03850509349347],[23.779715779489234,62.03851666698128],[23.77968516116773,62.038527380740277],[23.77967200016619,62.038531332260426],[23.779638716178045,62.038540115030379],[23.779604018983481,62.038547606985276],[23.779568123276942,62.038553768211813],[23.779531371665691,62.038558615688942],[23.779493950273391,62.03856219868203],[23.779418218410463,62.038566918077592],[23.779342065489505,62.03856983070775],[23.779227548317873,62.038571856891146],[23.779211980948553,62.038571969736587],[23.778944761532941,62.038576334428633],[23.778906774056097,62.03857821496684],[23.778868978830147,62.038580809756823],[23.77883143405991,62.038584111172888],[23.778794197950241,62.038588111589441],[23.778756275279513,62.038592994418892],[23.778719914202366,62.03859848869768],[23.778684022058656,62.038604613843361],[23.778613574751041,62.038618512525794],[23.778408538499654,62.038666608776794],[23.778392572435866,62.038670306019526],[23.778323243043321,62.038685389655882],[23.778252371372272,62.038698775120956],[23.778216259366204,62.03870462548069],[23.778179649726201,62.038709754438145],[23.778142526108464,62.038713954967925],[23.778104655045436,62.038716179417605],[23.778066513169616,62.03871554046539],[23.778029295016893,62.038711598807161],[23.777994438712504,62.038704325129608],[23.777963066771093,62.03869414096107],[23.777935059829748,62.038680908749427],[23.777914222487713,62.038665921251628],[23.777903211310068,62.038648845181143],[23.777902611097357,62.038642407253803],[23.777910297260838,62.038624932186636],[23.777928272676146,62.038609125894858],[23.777950757901273,62.038594637805382],[23.777975911905191,62.038581146411573],[23.777994856140683,62.038572271807908],[23.778022966360538,62.038560134211174],[23.778169027033801,62.038502342002822],[23.778177146103069,62.03849902760664],[23.778205329680567,62.038486918641134],[23.778232530980315,62.038474328528288],[23.778258601108934,62.038461217854618],[23.778283150645105,62.03844746971528],[23.778305728165126,62.038433010680784],[23.778326104636939,62.038417835404935],[23.778340380961254,62.038405338843951],[23.77835641566751,62.038389064923379],[23.778370859353799,62.038372457369626],[23.778435341253562,62.038288035049071],[23.778449857939457,62.038272363579658],[23.778466528155377,62.038256230267194],[23.778484598490532,62.038240426126741],[23.778504008838873,62.038224976708236],[23.778524626546119,62.038209869929794],[23.778568932438056,62.038180653445366],[23.778616853845147,62.038152707301371],[23.778631713785213,62.03814463572283],[23.778657309045848,62.038131307252442],[23.778710452506619,62.038105540428738],[23.778794528924006,62.038068977532653],[23.778882444520718,62.038034462821948],[23.77889807870228,62.038028655411516],[23.779020413411544,62.037985654062261],[23.77940114469401,62.037865765581039],[23.779424764997728,62.03785843744479],[23.779522380647702,62.03783024021179],[23.779555928356501,62.037821670279421],[23.779590555974885,62.037814104850192],[23.779626811879595,62.037808509076086],[23.779664324078819,62.037805143809294],[23.779702434180464,62.037804083529089],[23.779729036974217,62.037804910979894],[23.779766810720226,62.037807571394154],[23.779879037451288,62.037818482929346],[23.779916872161927,62.037820929096981],[23.779955006214891,62.037821450574974],[23.779990638980028,62.037818849967813],[23.780027110689716,62.037813564597727],[23.780062202288288,62.037806495040826],[23.780096085897636,62.037798184383426],[23.78025855383159,62.037751069140207],[23.78029254046124,62.037742868653908],[23.780306386118923,62.037740217836728],[23.780342496589903,62.037734366919381],[23.780452484255296,62.037719242626103],[23.780488561244155,62.037713345967838],[23.780523772947429,62.037706404882009],[23.780557599064817,62.037698092773859],[23.780574632187534,62.037692982670613],[23.780668367197226,62.03766202572664],[23.780701208817202,62.037652890998231],[23.780736952446443,62.037646707981217],[23.780774590319844,62.037647577039976],[23.780791492607644,62.037652203035591],[23.780816491220722,62.0376656609725],[23.780834271498815,62.037681520075829],[23.780847998657507,62.037698254949142],[23.780858340444976,62.037715521791846],[23.780862424423603,62.037724844123488],[23.780880469827647,62.037777986011562],[23.780890211467717,62.037795319711151],[23.780905759193232,62.037811665791672],[23.780920552337161,62.037821399659677],[23.780947690979218,62.037833982089268],[23.78097901730499,62.037844236389795],[23.781012867302906,62.03785251905969],[23.781048194466088,62.037859317801036],[23.781084692469495,62.037864634451914],[23.781121973903915,62.037868513881619],[23.781241168988007,62.037875957110721],[23.781278311294074,62.037880066848892],[23.78130266256975,62.03788427354862],[23.781336681504914,62.037892407341047],[23.781368132966819,62.037902565639435],[23.781396864967991,62.037914376537032],[23.781422893499176,62.037927507982715],[23.78144650459517,62.037941607270376],[23.781467972914133,62.037956429241838],[23.781487226850683,62.037971927305676],[23.781504044955646,62.037988024422148],[23.781518338432242,62.038004655629848],[23.781530020379055,62.038021738042545],[23.781537081006526,62.038035118881361],[23.781543399388621,62.038052803941518],[23.781546272007816,62.038070687155425],[23.781545504079716,62.038088620228855],[23.781541056351067,62.038106431541323],[23.781533135790422,62.038123973183488],[23.781522172711234,62.038141156361895],[23.781508613670365,62.038157919615017],[23.781492823194213,62.038174253475134],[23.781485862435254,62.038180730656791],[23.781466991943713,62.038196336811922],[23.781445284692694,62.03821108616804],[23.781418986029522,62.038224021382341],[23.781384100027971,62.038230592951493],[23.781346977700927,62.038224300487414],[23.781316592336019,62.038213466266761],[23.781259413078434,62.03818968037745],[23.78122804149594,62.038179487984216],[23.78120373929471,62.03817481522703],[23.781166120488837,62.038172131876692],[23.78112839742144,62.038174594190068],[23.781091953202928,62.038179979325697],[23.781056263551484,62.038186370345784],[23.780987197239504,62.038201703998645],[23.780971308894184,62.038205214669539]]],[[[23.784390800158587,62.037304966811831],[23.784366826047822,62.037318918060592],[23.784338848343303,62.037331104900282],[23.784324648135293,62.037336029904907],[23.784291474656932,62.037344879220569],[23.784254475682623,62.03734792526248],[23.784248739834048,62.037346982995444],[23.784226378052608,62.037333003158835],[23.784217911338573,62.037315537713624],[23.784206816582358,62.037280033112047],[23.784201366985933,62.037268235296757],[23.78419016852397,62.037251092520656],[23.78417472041135,62.037234695248742],[23.784154555416546,62.037219481814233],[23.784129344783207,62.037206028543636],[23.784099121570613,62.037195108868524],[23.784084313303619,62.037191304746891],[23.784048541987811,62.037185089404623],[23.784011184791336,62.037181388681418],[23.78397321923255,62.037179461678221],[23.783935019959301,62.037178840949544],[23.783896831006299,62.037179208741968],[23.783706178013578,62.037184441490055],[23.78366797726617,62.037184377689982],[23.783629908193763,62.037183068107524],[23.783600116208699,62.037180379158059],[23.783563365994155,62.037175461588298],[23.783527383111892,62.037169438835768],[23.783492036139435,62.037162649247435],[23.783388093864371,62.037139984399452],[23.783317790974035,62.037125965032047],[23.78328187966758,62.037119809115083],[23.783245307842829,62.037114653036227],[23.783228048693271,62.037112678426233],[23.783190851680359,62.037108549957203],[23.783154675530742,62.037102908931729],[23.783125135922059,62.037091861219942],[23.78311773766195,62.03708438437922],[23.783117300486158,62.037066620876253],[23.783129294902981,62.037049623353688],[23.783147173142204,62.03703379620611],[23.783170152972474,62.037019480575239],[23.783197948521387,62.037007208862718],[23.783210938263437,62.037002875684294],[23.783244866969518,62.036994664162634],[23.783280939734066,62.036988793652057],[23.783354832577945,62.036979707813842],[23.783390738135466,62.036973608765848],[23.783405939163668,62.036969713446844],[23.783436642464697,62.036959072765157],[23.783463090907983,62.036946149673],[23.783485572273669,62.036931660653721],[23.783505034611622,62.036916229766824],[23.783521739572926,62.036900096708472],[23.783535765535269,62.036883425026957],[23.783539913951945,62.036877663849332],[23.783550423059229,62.036860416046736],[23.783559098887707,62.036842954807163],[23.78359956731618,62.036737027833432],[23.78360913250232,62.036719659196905],[23.783614987786983,62.036711143632751],[23.783628713930174,62.036694411048657],[23.78364525072428,62.036678238120587],[23.783664601147326,62.036662777652857],[23.783686676541702,62.036648144376059],[23.78371160685197,62.03663455694484],[23.783739711120145,62.03662243607922],[23.783770632554123,62.036611899243901],[23.783803771941063,62.036603004346787],[23.783838637808998,62.03659569500919],[23.783861608104562,62.036591962752418],[23.783971898587385,62.036577354922024],[23.784008207601953,62.036571777240596],[23.784042463186061,62.036563905577353],[23.784067604578308,62.036550853088293],[23.784064198248945,62.036533119228679],[23.78404953290103,62.036516560487598],[23.78403139954349,62.03650077444501],[23.783991865324705,62.036470069568573],[23.783973613725763,62.036454316699491],[23.783957833153142,62.036437992505121],[23.783948182754511,62.036420688121709],[23.783950266937396,62.036408751418563],[23.78396555800386,62.036392414656895],[23.783989401748315,62.036378424509522],[23.784017579166321,62.036366332251021],[23.784048176604724,62.036355599134467],[23.784111357243962,62.036335436985524],[23.784172911886031,62.036314185733353],[23.784201723994641,62.036302422686866],[23.784208016590782,62.0362993618782],[23.784232560751878,62.036285621610638],[23.784253987515438,62.036270784462062],[23.784272631083631,62.036255127756057],[23.784334902913201,62.036189608725408],[23.784353917236096,62.036173520410962],[23.784374584112776,62.036158449910737],[23.784396770463957,62.036143846070416],[23.784540378959218,62.036059962365627],[23.784590900479422,62.036029774853809],[23.784616233641657,62.036016349396505],[23.784649046309909,62.036009270543644],[23.784655757790489,62.036012203129012],[23.784663447624361,62.036029596542512],[23.784662377210523,62.036047513572598],[23.78465741729514,62.036065304034558],[23.784648535238041,62.03608273357159],[23.784639814592396,62.03609447071986],[23.784625093887719,62.036111027481098],[23.78461210150472,62.036127885063024],[23.784609646260527,62.036133739628589],[23.784607697908896,62.036151636201318],[23.784610149477231,62.036169536469949],[23.784619800665698,62.036205124202695],[23.784623116744232,62.03622299070836],[23.784623345013479,62.036240929015001],[23.784619545435365,62.036254074592996],[23.784611626210136,62.036271625393006],[23.784592478178354,62.036306362370766],[23.78458491964231,62.036323939543188],[23.784581655348429,62.036341796467589],[23.78458638166245,62.036359534114467],[23.784590857720541,62.036365154873913],[23.784610017799821,62.036380641323085],[23.784633429837427,62.036394816284648],[23.784684565722614,62.036421469771184],[23.784708895507045,62.036435288755648],[23.784730147825567,62.036450168071134],[23.78474504246492,62.036467819196751],[23.784752136233529,62.036485423324706],[23.784753323561883,62.036503339053397],[23.784749697675664,62.036521178570453],[23.784742328129635,62.036538778122974],[23.784704958610817,62.036608354560649],[23.78469691069542,62.036627303943185],[23.784690923887666,62.036645034541472],[23.784686250157989,62.036662831673084],[23.7846828131681,62.036680693559411],[23.784679408885129,62.036716534116287],[23.784680114534275,62.036752407546267],[23.784702812121385,62.036913497731113],[23.78470371897442,62.036926824849026],[23.784704139084042,62.036944758638825],[23.784701766341538,62.036980614246254],[23.784698709131945,62.036998502950823],[23.784694167996797,62.037016312156879],[23.784687500660439,62.037033964007783],[23.78467780427971,62.037051311684017],[23.784664905041851,62.037068189414825],[23.784648724561148,62.037084433652616],[23.784629280826447,62.037099874110645],[23.784625627134517,62.037102403454746],[23.784602572523145,62.037116708590602],[23.784553591976692,62.037144245686065],[23.784529911123837,62.037158320591402],[23.784508427546669,62.03717314748139],[23.784491791571455,62.037189174446503],[23.784477840431705,62.037205865930694],[23.784441622593988,62.037256925221598],[23.784427745842549,62.037273636403917],[23.784410967646469,62.037289740906814],[23.784390800158587,62.037304966811831]]],[[[23.749960214296358,62.046999553237178],[23.749938621276982,62.047002458939417],[23.749900715255041,62.047004351584079],[23.749862944344557,62.047001934779558],[23.749831256408811,62.046992383660005],[23.749819070095139,62.046982662837856],[23.749812240591538,62.046965080825338],[23.749817687630948,62.046947419533666],[23.749826386724443,62.046938370216537],[23.7498499585151,62.046924289330654],[23.749878780496857,62.046912479397093],[23.749909721114669,62.046901977194175],[23.749939745532668,62.046890914333098],[23.749967039465076,62.046878358615238],[23.749972577097001,62.046874715467901],[23.749991014774391,62.046859067141462],[23.75000709492576,62.046842734376717],[23.750025216639603,62.04682699774466],[23.75003234873369,62.046822224138367],[23.750058545952122,62.046809184364129],[23.750089171434581,62.046798584857093],[23.750121761931702,62.04678911875164],[23.750154935426345,62.046780286305079],[23.750172166466324,62.046775930172366],[23.750404579909763,62.046713846934843],[23.750410403179021,62.046712187113492],[23.750539860430592,62.046674004563791],[23.750606368253599,62.046656262394947],[23.750638443377326,62.046648571979183],[23.750740491774096,62.046624200233197],[23.750772929159055,62.046614730375808],[23.750803716498719,62.046604044681665],[23.750831907871792,62.046592040022297],[23.750836509457162,62.046589812346738],[23.750860549162201,62.046575823176951],[23.750882593105391,62.046561167082892],[23.750924306247558,62.046531152090161],[23.750946187884296,62.046516402319973],[23.750969778877682,62.046502312723923],[23.750996137663225,62.046489366432191],[23.751014123294031,62.046482422422088],[23.751046092804579,62.046472671952095],[23.751080601707791,62.046464948882416],[23.751116809009755,62.046459422091857],[23.751154371032317,62.046456263181689],[23.751194080017985,62.046455580644995],[23.751232098760234,62.046457284158876],[23.75126939142433,62.046461126880473],[23.75130609197041,62.046466033809047],[23.751378709961831,62.046477266743331],[23.751399918774712,62.046480820706556],[23.751508654956705,62.046497755372819],[23.751545536974366,62.046502576661219],[23.751572435954603,62.046505716458682],[23.751609871878017,62.046509652304408],[23.751647393897944,62.046512961242854],[23.751798532751401,62.046523705929545],[23.751820458122932,62.046525210228452],[23.752046622210791,62.046542571948322],[23.752076641822907,62.04654516514298],[23.752114545899897,62.046547943866422],[23.752152555295176,62.046549557057752],[23.752190698999033,62.046548657706872],[23.752228261029309,62.04654549850455],[23.752247524307311,62.046543076709305],[23.75232079656881,62.046532950137525],[23.752358358520379,62.046529970590775],[23.752390782410938,62.046537112596255],[23.752391924520975,62.046553662174226],[23.752380742405084,62.046570739365968],[23.752371261501786,62.046579590741743],[23.752348301036509,62.046593875095965],[23.752318736862431,62.04660511999905],[23.752284380782857,62.046613026663991],[23.752262625954891,62.046616018760361],[23.752225054271474,62.046619267592391],[23.752149434045215,62.046624136774362],[23.7521121103272,62.046628110180194],[23.752103729052358,62.046629530184866],[23.752069078013815,62.04663715133357],[23.752037556252418,62.046647191097428],[23.752008878505709,62.046659094704196],[23.751982519996044,62.046672041190831],[23.75195831943353,62.04668592793233],[23.751950548105192,62.046690776435774],[23.75186631291886,62.046750689135663],[23.75186126237536,62.046754253971535],[23.751838921916189,62.046768822376407],[23.751815322497063,62.046782992780649],[23.751790357278693,62.046796511100005],[23.751763368608568,62.046809263025715],[23.751734108456649,62.046820703642311],[23.751702549119624,62.04683091315794],[23.751687628358958,62.046834964465631],[23.751653252767923,62.046842870521161],[23.751617598480113,62.046849308935329],[23.751581247643205,62.04685474263902],[23.751544324273691,62.046859444089023],[23.751510380288131,62.046863308205616],[23.751324198778192,62.0468833642826],[23.751295742442178,62.046887276650054],[23.751113368266129,62.046913971850124],[23.751092796912204,62.046916452547947],[23.750869186659536,62.046940020462259],[23.750843842202997,62.046943466916453],[23.750807195295735,62.046948623912087],[23.750770290845686,62.046953145911807],[23.750732718597757,62.04695639433379],[23.750711011756501,62.046957320858859],[23.750596550628224,62.04695920835826],[23.750567531667798,62.046960861177048],[23.750529482578546,62.046962660778455],[23.750491204741426,62.046963376829289],[23.75048478067216,62.046963135739134],[23.750447001144444,62.046960799753144],[23.750408962675046,62.046959275260917],[23.750371848448946,62.046962893753999],[23.750364201798817,62.046964959875616],[23.75033509364691,62.046976583478006],[23.750307798817367,62.046989148230956],[23.750275703627054,62.046998455336904],[23.750250541519616,62.046998581666628],[23.750214795476552,62.046992439092222],[23.750180319563338,62.046984619335575],[23.750150453379206,62.046979154265806],[23.750113351262158,62.04697495635201],[23.750075283524239,62.046975317849856],[23.750063866603881,62.046976666255468],[23.750028765228969,62.046983836056441],[23.749994981644122,62.046992285741496],[23.749960214296358,62.046999553237178]]],[[[23.925712194797317,62.034159426485914],[23.925720404989885,62.034160714397956],[23.925754214903417,62.034168960085147],[23.925782843025008,62.034180782660954],[23.925806401548265,62.034194881979509],[23.925826082497615,62.034210251463371],[23.925830125790505,62.034214348303358],[23.925842172919509,62.034226511206214],[23.925850343916853,62.034236710148846],[23.92586099977154,62.03425393586074],[23.925867884034545,62.034271571660405],[23.925870247736285,62.034289457123471],[23.925867466381185,62.034307335776248],[23.925861035427083,62.034321575549747],[23.925849495064103,62.034338675132879],[23.92583558512807,62.034355371560679],[23.92579081123279,62.03440491688238],[23.925778423683997,62.034421880798355],[23.925769804419286,62.034439225126143],[23.92575581528283,62.034474507228424],[23.925747599592178,62.034492022253879],[23.925736286323886,62.03450914485601],[23.92572012843543,62.034525368957169],[23.925702662680841,62.034536928288375],[23.925677374111881,62.034550370626675],[23.925650601996789,62.034563160028817],[23.92562375532448,62.034575929797519],[23.925598652119664,62.034589430154739],[23.925582200505481,62.034600796454811],[23.925563052944934,62.034616316084758],[23.925545285164198,62.03463218986861],[23.925527461010891,62.034648053410777],[23.925516702357431,62.034656653759725],[23.925508088882228,62.034663523111817],[23.925485677101726,62.034678026710473],[23.925472336510264,62.034684727856614],[23.925443527014373,62.034696474629826],[23.925411992088446,62.034706606480434],[23.925378647956695,62.034715332479593],[23.925336481678869,62.034724850125968],[23.925275346980055,62.034738643646705],[23.925263113737167,62.034741578289434],[23.925229327678998,62.034749944039618],[23.925161264552383,62.034766233353821],[23.925126190101402,62.034773339593436],[23.92509179947789,62.034778978737066],[23.925090127248218,62.034779246924764],[23.925059494989409,62.034782903534591],[23.925021745895709,62.034785619966108],[23.924983600726691,62.034786387063953],[23.924945536584119,62.034785026799582],[23.924908255917931,62.034781213442123],[23.924872462220502,62.034774989619947],[23.924843742882967,62.034767854363032],[23.92481330811432,62.034757060406875],[23.924790533012199,62.034742780733943],[23.924782987161922,62.034731508618492],[23.924784234130989,62.034713676638603],[23.924796750525708,62.034696769575639],[23.924813342550909,62.03468060915074],[23.924831800635783,62.034664912545644],[23.92485148942464,62.034649530844611],[23.924897176365103,62.034613877110857],[23.924931983479759,62.034586695196076],[23.924949882438575,62.034570851360861],[23.92496600620947,62.034554590647652],[23.92498046206785,62.034537987317741],[23.924987354381244,62.034529031341123],[23.924999592440152,62.034512037206191],[23.92502532918785,62.034478256699749],[23.925026741024318,62.034476778883501],[23.925040984766373,62.03446189570851],[23.925059796182861,62.034446296787635],[23.925085485612151,62.03443002461534],[23.925111289736936,62.034416782530052],[23.925124160792368,62.034411131043633],[23.925139173685697,62.034404539064333],[23.925196635945436,62.034380889427055],[23.925213551720507,62.034373639104253],[23.92524138195208,62.034361358487061],[23.925324018017839,62.034324075324164],[23.925407125104631,62.034285535895769],[23.925432725357059,62.034272226325555],[23.925455951297881,62.034257992424578],[23.925476659365,62.034242929817161],[23.925485042714232,62.034235875665694],[23.925520266128526,62.034204184048548],[23.92552039332157,62.034204061109399],[23.925540171458852,62.034188735212979],[23.925564850764847,62.034175072702304],[23.925595478765505,62.034164444480034],[23.925636592821267,62.034157760168711],[23.925674617022899,62.034156478132545],[23.925712194797317,62.034159426485914]]],[[[23.794255425620417,62.05341267949931],[23.794225645077869,62.053412266448795],[23.794217444477354,62.053412156872056],[23.794206137426613,62.05341064546456],[23.79418072833078,62.053407261254762],[23.794131094496642,62.053397429691273],[23.794110298048423,62.053393326022338],[23.794074286351272,62.053387377591854],[23.794074191817245,62.053387366412053],[23.794040342072723,62.053384334204026],[23.794002283597621,62.053382911280885],[23.793925844005933,62.053381854790082],[23.793887986497545,62.053379978298132],[23.793858221739338,62.053376510837751],[23.793786065972775,62.053364781462477],[23.793785953288122,62.053364760876526],[23.793749618597069,62.053359334937682],[23.793740049696705,62.053358223237154],[23.793665665627856,62.053350017835591],[23.793630436018748,62.053343189011684],[23.793615569326914,62.053337857364987],[23.793596423630991,62.053330988824499],[23.793585686126104,62.053324621047445],[23.793572749359139,62.053316962339579],[23.793554094384231,62.053301264538021],[23.793549463386949,62.053295622580713],[23.793540384989594,62.053284594493178],[23.793534138432094,62.053273578274592],[23.793527940999645,62.05325592372256],[23.793526594430297,62.053238013482499],[23.793529049194078,62.053224899364778],[23.793529954845791,62.053220122729286],[23.793538232680476,62.053202615726654],[23.793551446467525,62.053185861264915],[23.793552189471271,62.053185168754972],[23.793564656619814,62.053173679778979],[23.793572509066689,62.053168013322164],[23.793585415856096,62.053158708781673],[23.793596692993766,62.053152151553306],[23.793609460496437,62.053144712531427],[23.793635298050219,62.053131503626211],[23.793635357227021,62.053131487031884],[23.793662468136791,62.053118909652703],[23.793683870136359,62.05310946100996],[23.793683930258066,62.053109435453138],[23.793741226991298,62.053085798578508],[23.79383085971212,62.053052131414908],[23.793845424463083,62.053046890370865],[23.793907676276543,62.053026000943376],[23.793907755493453,62.053025975829932],[23.793939783527748,62.053016324716175],[23.793939881840149,62.05301630004621],[23.793949322467089,62.053013725150933],[23.793972914952167,62.053007283206831],[23.794007095909954,62.05299936216116],[23.794021665665454,62.052996978255223],[23.794043188583995,62.052993462072841],[23.794069976789959,62.052990661136583],[23.794080505541416,62.052989566975711],[23.794118463728754,62.052987941844641],[23.79411856015124,62.052987935099459],[23.794128708182146,62.052987910221482],[23.794166756722287,62.052989422731244],[23.794174092092078,62.052990293862642],[23.794203673314122,62.052993864811363],[23.794227623751979,62.052999461249328],[23.794237824107377,62.053001845397581],[23.79425248920003,62.053007091437166],[23.794253650647995,62.053007513722186],[23.794253706045019,62.053007532977432],[23.794279682203413,62.053020606546433],[23.794300493442563,62.053035644551898],[23.794309892727806,62.05304399370241],[23.794318327737045,62.053051502879626],[23.794322817359923,62.053056126289427],[23.794328928128646,62.053062440474335],[23.794333613489485,62.053067930931434],[23.794343134346558,62.053079121972686],[23.794352333130714,62.053091734053623],[23.794355526897856,62.053096120729322],[23.794361493442583,62.053105800713183],[23.794366135268003,62.053113338601065],[23.794383723528924,62.053148238132145],[23.794386200832317,62.053153973798459],[23.794388002318112,62.053158130485933],[23.794394798811183,62.053175736011568],[23.794394829444357,62.053175808598105],[23.794396918682928,62.053182864943913],[23.794405276791533,62.053211261056973],[23.794408886616356,62.053229133990946],[23.794411017573534,62.053247053443584],[23.794411313541818,62.053257320499966],[23.79441147420874,62.053262696901413],[23.794410062068884,62.053280632908255],[23.794406397575727,62.053298507628902],[23.794399714805881,62.053316141558525],[23.794389508561494,62.053333424137122],[23.794382331956037,62.053342304778397],[23.794375970539193,62.053350171143101],[23.79437187049859,62.05335419977456],[23.794361769651601,62.053364126576064],[23.794342091006946,62.053379563014232],[23.794318829638211,62.053393757266015],[23.794302403912468,62.053400671166642],[23.794290486370127,62.053405677247888],[23.794290368960937,62.053405701474617],[23.794255425620417,62.05341267949931]]],[[[23.922712685107431,62.036330209561811],[23.922742018586977,62.036336200030462],[23.922747660585362,62.036337349990809],[23.92278120949015,62.036345922959228],[23.922812302366705,62.036354000948933],[23.922845683201476,62.036362722877968],[23.922878108090575,62.036372196089758],[23.922908989966075,62.036382739895366],[23.922937943621658,62.036394947621012],[23.922962180473238,62.036408775058952],[23.922968104763445,62.036414701698583],[23.922978354084798,62.036424965122464],[23.922981967371626,62.036432178818885],[23.922983087006916,62.036450054580868],[23.922974928235426,62.036467552773239],[23.922959386828978,62.036483898138968],[23.922952080412585,62.036488424769367],[23.922936384336847,62.036498163595802],[23.922902751423763,62.036510664776017],[23.922868079014897,62.036518120829456],[23.922831614472926,62.036523434706169],[23.922794394244569,62.036527518910944],[23.922782903007441,62.036528592280725],[23.922745318018169,62.036531743008148],[23.922707515644831,62.036534394769355],[23.922669577677699,62.036536495485265],[23.922631507744317,62.036538009301388],[23.922614856349128,62.036538464497553],[23.922576680629362,62.036538754143493],[23.922538549963672,62.036537652295245],[23.922501259319809,62.036533918949253],[23.922466159180932,62.0365268745024],[23.922450371708024,62.036522380905197],[23.922420772135837,62.036511075019035],[23.922395999241051,62.036497442156588],[23.922377513749964,62.036481793393868],[23.922369811245797,62.036464318827932],[23.922370117156728,62.03645959118932],[23.922379613356352,62.036442302529167],[23.922398945512601,62.036426877254257],[23.922423887122111,62.036413301960827],[23.922450186797306,62.036400295976563],[23.922476321914079,62.036387214447558],[23.922495667249983,62.036376955136973],[23.92250118811889,62.03637400579526],[23.92252088602315,62.036363475846024],[23.922548153741715,62.036350922654009],[23.922578915879992,62.036340324994548],[23.922617555300121,62.036331852470781],[23.922654677154622,62.036327793074818],[23.922692756428461,62.036328076223839],[23.922712685107431,62.036330209561811]]]]},"properties":{"OBJECTID":24,"KohdeId":841,"LsAlueTunn":"KPU040005","Nimi":"Helvetinjärven kansallispuisto","NimiRuotsi":" ","KohdeTyypp":202,"TyyppiLyhe":"KPU","TyyppiNimi":"Kansallispuisto","PaatPvm":371865600000,"PaatNimi":"Laki eräiden valtion omistamien alueiden muodostamisesta kansallispuistoiksi ja luonnonpuistoiksi","PaatURL":" ","ViimPaatPv":1106870400000,"ViimPaatNi":"Laki Helvetinjärven kansallispuiston laajentamisesta","Voimaantul":1109635200000,"LakiPerust":" ","LakkautusP":253402214400000,"CDDATunnus":7497,"IUCNKatego":"II","IUCNLuokka":"Kansallispuisto","LPAlue":"Järvi-Suomi, LP","ELY":"Pirkanmaan ELY-keskus","Olotila":"Voimassa","OlotilaMuu":253402214400000,"DigPohja":"SuMaVe-konversio/ KihtiGis_ei tuottamistietoa","MuutosPvm":1727740800000,"Lisatieto":" ","Shape_STAr":50482153.043499999,"Shape_STLe":119644.14214,"Shape_Length":119644.14214036011,"Shape_Area":50482153.043889053}}]}