{"type":"FeatureCollection","features":[{"type":"Feature","id":35,"geometry":{"type":"MultiPolygon","coordinates":[[[[24.53984539035171,60.29316959142558],[24.54378127916374,60.294467792924856],[24.543811320525535,60.29447769087735],[24.5436223549147,60.29456095453287],[24.543454150712016,60.294688520122214],[24.543309713482916,60.29485048110646],[24.54320459958505,60.2950507993928],[24.543061371507243,60.295281943096136],[24.54291082952375,60.29555165039039],[24.542790632814604,60.29578428889562],[24.54268561615721,60.29597527522206],[24.542587068642753,60.29610252057558],[24.54238815641437,60.29625322308185],[24.54222752541155,60.29637303127578],[24.542205747249753,60.29645381720757],[24.54219366276717,60.29666143472863],[24.542126863331045,60.29683461376843],[24.541967473173628,60.29703518442657],[24.541846331212888,60.29719712594536],[24.541833425957222,60.29735468360744],[24.541859665822614,60.29754288831327],[24.54177647690474,60.2976624224513],[24.54160948243658,60.29786679556506],[24.54151827451543,60.2979670472103],[24.54131928626565,60.29810625753649],[24.540912777156027,60.298346179654956],[24.540291492579335,60.29871000643877],[24.54013023995583,60.29879135326267],[24.539687189887307,60.29916217011953],[24.539381675379047,60.29942470038338],[24.53922201934292,60.299602176633265],[24.539086128867467,60.2998140490216],[24.53903469846357,60.299940458139595],[24.539063922045194,60.300093379393964],[24.525080684239875,60.303079893015315],[24.522735216981285,60.303565997857774],[24.522283830546186,60.303659537758],[24.522314190246508,60.303671952767736],[24.522326551038756,60.303672955867825],[24.522359117715528,60.30367559347649],[24.522376185307998,60.30367611842412],[24.522438009496028,60.30367799915102],[24.522537617409665,60.30368080012313],[24.522686840285658,60.3036836729056],[24.522694597035382,60.30368427570079],[24.5228793040378,60.303683534039415],[24.522904402241554,60.30368343612199],[24.5231435506804,60.303645324397685],[24.523353272612813,60.30362956159717],[24.523637881714553,60.30362103355773],[24.523848096535797,60.303635103123554],[24.524192345333777,60.30360397913979],[24.524417000130235,60.30358823247279],[24.524745806009,60.30352744448219],[24.525105259178325,60.30351115411369],[24.525404970605052,60.3035025443503],[24.52572037215366,60.303538512906385],[24.52602141037731,60.30361911079362],[24.526232664898444,60.303700111125835],[24.526294057300998,60.30378909123339],[24.52619072543308,60.30389368868823],[24.526117641025795,60.30400549687591],[24.52607422969454,60.30410985369248],[24.52595641200897,60.304236728815745],[24.525733216455734,60.304341788457904],[24.525524444121935,60.30440956700048],[24.525195416724713,60.30446289689479],[24.524866578021786,60.30452376633573],[24.524683263036177,60.30453930499953],[24.524990271360014,60.3046358356386],[24.52699976486908,60.30526936991604],[24.52976932017209,60.304976334232514],[24.53409098759884,60.3045189615636],[24.53469628084328,60.30524521334989],[24.534760316498573,60.305598745020774],[24.53483004233328,60.30557390715137],[24.537018848199683,60.30479305832946],[24.537268538477203,60.30470401203764],[24.537224645285296,60.3047685860822],[24.53721139356526,60.30483542598475],[24.537212261410584,60.30489266423875],[24.537237040341054,60.30493793117544],[24.537300303724788,60.30498060578287],[24.537353448660575,60.304999458323216],[24.537454393362506,60.30499899400075],[24.53754552944045,60.30498910420456],[24.537670176004074,60.30496958580631],[24.5377662066123,60.3049596069223],[24.537843029382206,60.30496165063555],[24.53788134634752,60.304979078301],[24.5379302662745,60.30499946925223],[24.537947332788413,60.30501493101008],[24.53794941733568,60.305016820156226],[24.537964365187165,60.30503036518403],[24.537941545213975,60.30510672952148],[24.53794026818398,60.305111188404844],[24.537933793680004,60.30513394828499],[24.537900723198504,60.305250043394466],[24.537896773578616,60.30530251216122],[24.537925586267416,60.305342068616106],[24.537926209105205,60.305342933550996],[24.53797773370684,60.30540352706541],[24.538012251907023,60.305459403677304],[24.538097331397836,60.30551989137507],[24.53820395400561,60.30556956737149],[24.53838478550075,60.305617555163835],[24.538384945509137,60.30561759406106],[24.538580425216132,60.30566941030445],[24.53872051636235,60.30571412750364],[24.538922791660188,60.30573242755643],[24.539114876308297,60.30572207119298],[24.53930168961871,60.30569274349603],[24.53940195271481,60.305644573959974],[24.539472895175603,60.305575119391534],[24.539524221407124,60.30548437093241],[24.53955583005986,60.30536019959188],[24.539597861602193,60.30528374168984],[24.539673077323943,60.30518562037112],[24.53976772711206,60.30509459622715],[24.539843388124797,60.305022794457436],[24.539890811021685,60.30498199127692],[24.539976781422684,60.30494352785338],[24.54004798482292,60.30489078633279],[24.54009472775615,60.30481665231769],[24.540201114011367,60.30473082183368],[24.540420784151763,60.30462172959329],[24.540563699743917,60.30454483060605],[24.5407018909111,60.30447273079409],[24.540864244339286,60.30440768068271],[24.541116607059507,60.30428338235368],[24.541144456853683,60.30429484819673],[24.54254045620223,60.304870425294595],[24.54273230957942,60.304750044052824],[24.542989215899446,60.30458881609822],[24.543316348421346,60.30438508505064],[24.543271401865624,60.304360448746955],[24.54201804439996,60.3038361888085],[24.542038198434167,60.303819493916784],[24.54253016994894,60.30402519915479],[24.542772629069557,60.30407477920153],[24.543340265870704,60.30437106464926],[24.54493584260184,60.30520352071732],[24.545145144563513,60.30514170460048],[24.545145605754794,60.3051420724447],[24.546492729999983,60.304750694351945],[24.5481199781936,60.30427876641853],[24.54844838627859,60.304515736360685],[24.548355690558825,60.30486990650235],[24.548224947673884,60.30536934868521],[24.548201127069294,60.30600011981923],[24.54675521933984,60.30642230881387],[24.546540228546423,60.30647662942019],[24.547622616144146,60.30706748654423],[24.547589865033185,60.30708293464108],[24.54683591325049,60.307438450826744],[24.546444685212023,60.30712638662223],[24.545872518391192,60.30668969876356],[24.545841685954233,60.30666581819923],[24.545779363433162,60.30661861981245],[24.544229208261534,60.30541704804845],[24.542394372304358,60.305982447825514],[24.54147715079038,60.305597467536636],[24.541465356239048,60.305681159983465],[24.541462064337644,60.30570448195548],[24.541455973128492,60.305747703488265],[24.541421778768534,60.305807858995074],[24.54071390561075,60.3061483655691],[24.54036480373098,60.30632166244491],[24.540307839196522,60.30634993743327],[24.540271730615995,60.30636786380239],[24.540271705790342,60.306367953173336],[24.540271480069418,60.30636806577376],[24.540093431824307,60.30689053849553],[24.540214520579063,60.307173806604574],[24.540344858251437,60.30723469953046],[24.542142712807674,60.30805709006015],[24.542204471106874,60.30808526261977],[24.542218440693166,60.308102229534285],[24.539806185215223,60.309120168493024],[24.541243079115134,60.30935918228979],[24.54119545209456,60.31019322165703],[24.54284919457864,60.31048715524799],[24.54297134328666,60.31051726170992],[24.542941537183054,60.31055488842888],[24.544162665982377,60.31055590677363],[24.5440886422595,60.311496697758685],[24.544083664773257,60.31152246792435],[24.54257621836087,60.31109482204148],[24.542554989905927,60.31111949209039],[24.542309482440306,60.31107750052119],[24.54229518427342,60.311229193250696],[24.540472443860455,60.31118719857415],[24.540386001685636,60.31118694577538],[24.540468205070905,60.31074065336589],[24.540378507581288,60.31072327248135],[24.540418036160467,60.31047746435104],[24.53909054578416,60.309865848199344],[24.539800992797318,60.3096411795053],[24.53894817422415,60.309488859904036],[24.537343783676057,60.31017225966871],[24.53675850748869,60.310416016707215],[24.53617604550275,60.3106585927767],[24.535161873085904,60.31108320375452],[24.535122429611242,60.311098902023964],[24.535082967340852,60.3111146089165],[24.534891368710035,60.311194938022524],[24.534145161833635,60.311504867626],[24.53485892114562,60.31245039398979],[24.53490145059068,60.31250427302091],[24.53548855580033,60.31324813810595],[24.535793679140962,60.313636907285435],[24.53584886251246,60.31370721711963],[24.53610248953835,60.3140321130203],[24.536139995321218,60.314080858934915],[24.536159830561413,60.3141067296723],[24.536171093219373,60.314121401255136],[24.536883521086477,60.31504620230582],[24.537221845654305,60.315485322366314],[24.538606448247577,60.315032990345074],[24.53906453476816,60.31530971843681],[24.53929527790193,60.31544911494128],[24.53894324336997,60.31597123872944],[24.538943276162616,60.315971284252086],[24.53915341870742,60.3161852090512],[24.53915336445355,60.3161852080464],[24.53850118636518,60.31623653040658],[24.53815050735379,60.31637553214918],[24.53800872568168,60.31648445678214],[24.537894573636198,60.316680022780105],[24.537894735724542,60.31668003476657],[24.538072727957314,60.316691498340724],[24.538132346282662,60.31663907291578],[24.53813239648417,60.316639127744224],[24.539638738721194,60.3186027584429],[24.539638665027038,60.31860277504449],[24.536490329130476,60.31921725756699],[24.53386925197989,60.319728760550795],[24.533641125956837,60.31977326877798],[24.534129691791573,60.319683252593414],[24.535566162422704,60.32145875887148],[24.53948499259839,60.320250295093935],[24.541843571789002,60.32070902500841],[24.54238021216267,60.320341294942885],[24.542221484779734,60.32013090504742],[24.546304886938028,60.319397373643916],[24.550292150526058,60.31991014493159],[24.549732711447117,60.31832894424468],[24.549765395247174,60.3166457976614],[24.545407649190476,60.31749390903656],[24.54539895676059,60.317463026505095],[24.54683340781602,60.31719259188551],[24.54801017630157,60.31696978522487],[24.54960056667389,60.316636982039775],[24.54949805234347,60.31651294943552],[24.549420777238222,60.31641944837937],[24.549420386094702,60.31641935133547],[24.549420104203122,60.316419004782006],[24.549329190582984,60.316390522735844],[24.54935545560508,60.31635734778473],[24.54939956555631,60.316301613215145],[24.549512977886227,60.31622756477007],[24.54961121741689,60.316228370376045],[24.549632555518826,60.316228548284876],[24.549673151935313,60.31622185898669],[24.549699409043857,60.316217537274326],[24.549752732375197,60.316194473048164],[24.549835204326268,60.31621042055088],[24.549835361710986,60.31621049531712],[24.54988320232417,60.31623207433979],[24.54994424020903,60.3162220608815],[24.549995197973654,60.31618778705415],[24.549997814471798,60.31616229658669],[24.54997527394941,60.31615037373036],[24.54993972161245,60.31613156351597],[24.549895167076016,60.31610794307917],[24.549903476413675,60.31607729353693],[24.54994773708969,60.31604611215982],[24.549992421275594,60.31602377786475],[24.549992382619855,60.31598852780034],[24.549969253460215,60.31595691230105],[24.54995827530325,60.315905488723466],[24.549981348240383,60.31585544757919],[24.55004127473047,60.3158310138189],[24.550097830573755,60.3158244928984],[24.550226455224948,60.31583522758029],[24.550239398470403,60.31583529553493],[24.55029766919465,60.31583561527145],[24.550355243210227,60.31579520213471],[24.550326685697158,60.31574587991476],[24.550293294049084,60.315718054747194],[24.55022741738165,60.31570468618439],[24.550217134167305,60.31565824305037],[24.55025723872491,60.31561363619303],[24.549962092768325,60.31513150162067],[24.549910863444357,60.31504786832104],[24.549891022549488,60.31501539716147],[24.549879877685278,60.31501405081011],[24.54987493958236,60.315015666525724],[24.549857954864795,60.31503135208258],[24.549842668561723,60.3150475720052],[24.54983498287736,60.31505202060227],[24.549803097517454,60.315059930563436],[24.549767135481783,60.31505941113504],[24.549732534404136,60.31505426359125],[24.549700309224345,60.31504616850775],[24.549673044166997,60.31503447286741],[24.5496548209365,60.31501908126849],[24.549653120434616,60.31501639991858],[24.54964911275672,60.3149985935345],[24.549648917388293,60.31498356134335],[24.54964888136632,60.3149806591644],[24.549640140836953,60.31496342125905],[24.549608938519945,60.314950619947844],[24.549574269211778,60.31494565974608],[24.549538218231167,60.314945120647714],[24.549505037922014,60.31495170411746],[24.549500240310344,60.31495386139139],[24.54948078613377,60.3149689084794],[24.54946984651195,60.31497835448325],[24.549465896481657,60.31498176704432],[24.54946279728434,60.31498445868966],[24.549452248548697,60.3149901390336],[24.54944814693423,60.314991949821284],[24.549446443457636,60.31499269094357],[24.54944584325069,60.3149929673305],[24.54942522397612,60.315002055147886],[24.549402743315177,60.3150159235298],[24.549403667916536,60.315031130866515],[24.549418359642427,60.315047490416035],[24.54943789095562,60.31506258278495],[24.54945886983039,60.315077207782],[24.549478270556605,60.315092351634156],[24.54949013307894,60.31510900933415],[24.549464014415445,60.31511705251777],[24.549457619387752,60.31511901863519],[24.54942150696282,60.31511953837043],[24.54938550367374,60.31511787723528],[24.549349950968757,60.315114553559376],[24.549315106667596,60.31510975175858],[24.549296397802813,60.31510639737994],[24.54919730118817,60.315084456612645],[24.549162741725283,60.315079237823085],[24.54912677317454,60.31507808030691],[24.549105757329933,60.315080136040415],[24.549070789065365,60.31508471914327],[24.549035160856576,60.315087718035244],[24.549007466772206,60.315086820914495],[24.54897186586859,60.31508365794171],[24.548935994088346,60.31508145114565],[24.548921753648933,60.31508178133288],[24.54888633893003,60.31508531412147],[24.5488177532555,60.31509675087873],[24.548781131280677,60.31510116865352],[24.548745353797937,60.31510374251254],[24.548709296680094,60.315105215274606],[24.548673142639082,60.31510604844433],[24.548654942429597,60.31510629656693],[24.548582616485778,60.31510723491278],[24.548546520575467,60.31510850030561],[24.54851072700149,60.31511104685581],[24.548475398517127,60.315114877566515],[24.548440717305226,60.3151199778335],[24.548411749927876,60.31512543504104],[24.548347315422813,60.315138744755096],[24.548311557079337,60.31514613375106],[24.548277038488802,60.31515147951822],[24.548241315167086,60.315154054242015],[24.548205894359626,60.315151145911734],[24.54819973746929,60.31514969383231],[24.548171879298437,60.31513842710209],[24.548166504266288,60.3151342765756],[24.548152363922892,60.31512337076666],[24.54813798830386,60.31510690910663],[24.54812513991908,60.31509012528893],[24.54810182776086,60.31505615250174],[24.548091709875404,60.31504014669139],[24.548091531805017,60.3150398649317],[24.548081763308506,60.315022580995546],[24.54807404176804,60.315005047375],[24.548073155505477,60.314987163787954],[24.548081702994534,60.31496977767417],[24.548093203822148,60.31495768316099],[24.548094698630372,60.31495610278395],[24.548110806854602,60.31494004194741],[24.548119043518337,60.314922695010964],[24.548116655881525,60.31491613826014],[24.54810174382302,60.31489982838984],[24.548084010626006,60.31488564034979],[24.548294384410756,60.31476198133315],[24.548425393791046,60.31454208679886],[24.548578216310883,60.31405562816949],[24.549886846133266,60.313315984742225],[24.549938840412096,60.31336472420022],[24.548658998006086,60.31409259251622],[24.549710874512293,60.31473169722624],[24.551151616426605,60.31456736931632],[24.551196602502255,60.31456224268072],[24.55123708097345,60.314557095837344],[24.55121791146909,60.314542001423675],[24.551207652662555,60.31453559611008],[24.551205490271144,60.31453424473744],[24.55119540290198,60.31452796834458],[24.55118468424665,60.31451464661721],[24.551204111838928,60.31449994015646],[24.551224589496922,60.314491523188444],[24.55122617701381,60.31449087872017],[24.551231969112497,60.314488497172896],[24.55125808382395,60.31447614173381],[24.55126698874973,60.31446628978863],[24.55125246845228,60.3144500503892],[24.551245900726663,60.314443928695745],[24.551245697157878,60.3144437452838],[24.551235524152904,60.31443426037989],[24.551234166639876,60.31443086673144],[24.551246918268532,60.31441438435405],[24.551268602160174,60.31440001590709],[24.551282308224987,60.31438626398623],[24.55127002575282,60.31436964362847],[24.55125127299579,60.3143543053742],[24.55124271597209,60.314339927561456],[24.551250216776594,60.314322468077236],[24.55126425767446,60.31430593759532],[24.551270480448316,60.31428885879211],[24.551198593948868,60.314288791557296],[24.551191435646242,60.31428789607271],[24.551166884075613,60.31427551413956],[24.55116081203677,60.314257939252045],[24.551161320133126,60.314253331347714],[24.551170150420052,60.3142360131496],[24.55119127776695,60.314223996991146],[24.551226456947678,60.31422601076341],[24.551259401868457,60.31423343603846],[24.551293371192866,60.31423951476637],[24.551304465130354,60.31424008752419],[24.551336935849996,60.314233050373126],[24.551358957740646,60.31421900254757],[24.551360754675184,60.31421338534826],[24.551374449366335,60.3141990582966],[24.551374783661597,60.31419870513678],[24.55137638727595,60.31419494385822],[24.55137502764353,60.3141773120973],[24.551360082552257,60.314167954850326],[24.55133200978788,60.31415664889786],[24.55131754928395,60.31414880073945],[24.551301854948836,60.314132764281986],[24.551299893951164,60.3141149417766],[24.55130867457767,60.314097559774076],[24.551320554773085,60.31408062116341],[24.55133420373564,60.31406400260517],[24.5513497594137,60.31404779647118],[24.55138321677672,60.31401597539613],[24.551388151340237,60.314011260422475],[24.55140573221673,60.31399557668709],[24.551426441986255,60.313980911792775],[24.5514569953833,60.313971665393275],[24.551466483482052,60.31397070838274],[24.55150261807661,60.313970116652094],[24.55153877859878,60.31397038775858],[24.55156648678835,60.31396721531806],[24.5515737010022,60.31396639605823],[24.55158850364623,60.31395951835416],[24.55160312686426,60.31394318721361],[24.551612321187992,60.31392583976554],[24.55161589884376,60.31391772216752],[24.551623155582135,60.313900132405415],[24.551631793995654,60.3138827118313],[24.55164108649862,60.31386647110112],[24.55164167008596,60.31386544880848],[24.55164151334695,60.313862463560305],[24.55164366517796,60.313862988294574],[24.551645216808083,60.3138608879125],[24.552374167653536,60.31404262388173],[24.552822185606725,60.31451280042734],[24.552823579141126,60.314514263374306],[24.55307944577798,60.31478299515649],[24.553120236984757,60.31482787087552],[24.553545239216277,60.31527846906319],[24.553972999442447,60.315243342682564],[24.554328855418163,60.3152134310982],[24.554490838085854,60.31519895850914],[24.554823680526003,60.315646975744535],[24.554364078735112,60.31573706972948],[24.552952844016627,60.316016994712314],[24.55239740134055,60.31612321110751],[24.552610910860093,60.316399535550666],[24.55605049809781,60.31571124536444],[24.560227420030003,60.31617575606524],[24.560569065638635,60.314995853197885],[24.560914365415385,60.31483738146819],[24.5609304752399,60.31482995182816],[24.561171105195378,60.314721210171335],[24.56118356407876,60.31471586940441],[24.56121110529612,60.31470424789172],[24.561347543810783,60.314645407326424],[24.5613737821325,60.314633043230444],[24.561394990541654,60.31462256306999],[24.561470461468062,60.3145838032508],[24.561497125032794,60.31457180625493],[24.56152571091695,60.314560742830494],[24.561546650948067,60.314553859895526],[24.561578532998137,60.31454546201485],[24.56161182704679,60.3145385273154],[24.561646118482457,60.31453278768112],[24.561681078430123,60.31452803945052],[24.56178660872196,60.31451551340572],[24.561815556803463,60.31451173277806],[24.561849966759432,60.31450634560286],[24.561986675281936,60.31448271364165],[24.56202147170383,60.31447797130517],[24.56205670354101,60.31447394660391],[24.56207973759259,60.31447176417281],[24.562115590462025,60.314469367786415],[24.562151670490287,60.314468053515256],[24.562187819631973,60.31446799811894],[24.56222400643034,60.31446938067969],[24.562258716051478,60.31447405982998],[24.562286017211346,60.31448435215602],[24.5622948084989,60.314501482284626],[24.56229042133359,60.31451927791584],[24.56228089557399,60.3145365301231],[24.56224675364583,60.31458762770368],[24.562237558882952,60.31460651189937],[24.562234395368318,60.31462441082595],[24.56223779099561,60.31464225941529],[24.562245397657087,60.314654876325086],[24.562262046702426,60.31467081215579],[24.562282587063272,60.314685561759546],[24.56229200890548,60.31469229218797],[24.56231178844832,60.314707288334866],[24.56232998337195,60.31472289319823],[24.562346173701002,60.314738910431444],[24.562360190656445,60.31475541778561],[24.562371870140566,60.31477243021692],[24.56238018870974,60.31478983013758],[24.56238251077724,60.31480774885623],[24.5623770820887,60.31482542656948],[24.562362582381045,60.31484186889402],[24.562356282914823,60.31484669396116],[24.562332250493956,60.314860077862086],[24.562306901198813,60.31487290760377],[24.562285242554868,60.314887242326805],[24.56228244248262,60.314890065507555],[24.562275508026982,60.314907535932434],[24.56228134705564,60.31492515985778],[24.562294301123757,60.3149418363603],[24.56231155447347,60.31495768445611],[24.562323702672526,60.31496671064261],[24.562345809140602,60.31498086015703],[24.562370606710385,60.314993891250936],[24.56239826012131,60.3150055374558],[24.562427998436515,60.31501569479712],[24.562459676979557,60.31502436061944],[24.562471961862673,60.31502718206414],[24.56250547608913,60.31503381546668],[24.56253998148535,60.31503929925645],[24.562575030649512,60.31504380488494],[24.56261028468602,60.315047505794624],[24.56264586622643,60.31505094321326],[24.562680055282243,60.31505435507949],[24.562857098581816,60.315072693913564],[24.562892885032824,60.3150753265563],[24.56292885628462,60.315077423600506],[24.562965364599815,60.31507863218808],[24.563001487674516,60.31507893540277],[24.563037697673206,60.315078072415524],[24.56307365570143,60.315076216670306],[24.563109404610802,60.31507327912362],[24.563144618879896,60.31506925380561],[24.563179167202737,60.31506395864924],[24.56321276022642,60.31505738834857],[24.563245361778918,60.31504954224096],[24.563276537833506,60.31504041236771],[24.563300150782588,60.315032410389385],[24.5633288744614,60.315021438936796],[24.563358179559742,60.31501092728891],[24.563390898295832,60.31500345159731],[24.563414521431064,60.31500163006982],[24.563450314538198,60.315004172855176],[24.563473466725632,60.315006483830544],[24.56350937820351,60.31500768132494],[24.5635453561855,60.315005556330114],[24.56358005309886,60.31500045243813],[24.56361292250105,60.314993141148754],[24.56364409773246,60.31498402015895],[24.563762888951235,60.31494299916933],[24.563772431585782,60.314939850436275],[24.563803320011193,60.314930445679565],[24.563834921168596,60.314921682791436],[24.563899691640444,60.3149057128488],[24.563932722298762,60.31489842240465],[24.564099392007616,60.31486348903623],[24.564110382779035,60.31486107648229],[24.564142995325543,60.31485332019053],[24.564175308405293,60.31484520806532],[24.56420705877394,60.314836627485526],[24.56423809570209,60.31482741399502],[24.564268396426257,60.31481763005778],[24.56427951084431,60.314813800447865],[24.564366687094335,60.31478171234856],[24.564396849078936,60.31477184499309],[24.56441677948699,60.31476611089052],[24.564435631017766,60.31476124632281],[24.564448888100248,60.314757824276285],[24.564449030100683,60.31475786281102],[24.56444897985761,60.314757807992265],[24.564436177643806,60.31475390827528],[24.5624869252039,60.314159943800846],[24.561727717231236,60.31430354835291],[24.560896910046708,60.31369183889837],[24.56062851556579,60.31349417278686],[24.55925969406351,60.31248628728561],[24.557698536600768,60.31134353767973],[24.556446108123644,60.31042882988659],[24.556154045828325,60.31021664232241],[24.553029014787544,60.30789496331351],[24.5530283013532,60.30789651321733],[24.551065744778303,60.30854659966575],[24.550904954612875,60.3085931949969],[24.550880833188053,60.30856714872001],[24.55080801984457,60.308497185112834],[24.55080476061738,60.30849452893506],[24.550796795752724,60.30848628839844],[24.55067299400126,60.30837624568724],[24.550479341875604,60.30824590690259],[24.550414207069068,60.30820712097541],[24.550485986215485,60.30818402859054],[24.551000285495004,60.30801914073655],[24.551464252676016,60.30787038206595],[24.55139492760475,60.30780703168285],[24.551090672925213,60.307528950596925],[24.550938093336917,60.307414712533344],[24.550841214525963,60.30734217628517],[24.550699899742124,60.30723637404413],[24.550608578543173,60.307114784973145],[24.550561067799688,60.30712934182851],[24.54928079667373,60.30752140207306],[24.549267688323507,60.30747815850965],[24.550325966200933,60.307157776969376],[24.550139674642633,60.30677919265064],[24.5501157191061,60.30673548863647],[24.550110256973195,60.30672550658065],[24.549243652956083,60.30672036503947],[24.54915794589777,60.306631217348915],[24.549072110264433,60.30663752987168],[24.54906483780185,60.30662078608104],[24.548951480471224,60.306477598247795],[24.548951717520108,60.306477575672254],[24.54895153545348,60.306477347737385],[24.548599420460313,60.30588196814434],[24.548600918481284,60.305881546635646],[24.548773921917157,60.30521408380887],[24.54877392527857,60.30521403895571],[24.54878210969676,60.3051558002691],[24.54883341924196,60.304790248313076],[24.54883344605972,60.3047901320285],[24.549804046244482,60.30553203369077],[24.549804098465106,60.305532061603024],[24.549882136041557,60.30559210617235],[24.550108907147795,60.30576658861215],[24.55134552604191,60.30480959182367],[24.55231656335376,60.30405474069578],[24.550811924011942,60.30363510580009],[24.55148321969164,60.303112146503324],[24.55176131126897,60.302815846702686],[24.55184681033263,60.30229264317424],[24.55173854298857,60.302175323713385],[24.55175758737449,60.30165214402308],[24.553468041747234,60.301763867291044],[24.55394623338819,60.301514546650964],[24.554662022819215,60.301141168342824],[24.56044526368045,60.30179125577503],[24.56384031882748,60.302172764492525],[24.564409551501278,60.303145747066324],[24.56751170493188,60.30319693784866],[24.569981918077524,60.303237755230114],[24.570225691549062,60.300838607246504],[24.570243795175138,60.30066066250436],[24.576912567019917,60.2985215168337],[24.58019549895502,60.297468316225455],[24.580556830020875,60.297573333421184],[24.58453669240981,60.298729457922526],[24.585696342203256,60.29863414920905],[24.588003181266483,60.29707262754302],[24.590585828271376,60.29532405325957],[24.59075993064685,60.29317914820336],[24.590893557061808,60.2915318799333],[24.59089403182061,60.291527397093226],[24.59089650575913,60.29149600180541],[24.591139824981543,60.2915291515923],[24.591417952187438,60.291590698345985],[24.591683460825198,60.29161643441305],[24.59185150708591,60.291591733406605],[24.591965085688585,60.291543407713725],[24.592131568424342,60.291426073295746],[24.59224977597397,60.29130005734938],[24.592344841931123,60.291227860527634],[24.592517227050973,60.29112151095127],[24.592701835526334,60.291538537734105],[24.592704182289776,60.29154378136924],[24.592964913819703,60.291526957139666],[24.59326153284885,60.291533949638406],[24.593558425043145,60.29155765460729],[24.59383311906922,60.29159532038356],[24.59408576570739,60.29164686898691],[24.594322081716086,60.29171527861727],[24.594479111797842,60.29174515243361],[24.594608055874446,60.291752886582515],[24.594758655249294,60.29173558222835],[24.594925781404857,60.291690379698885],[24.595114712494755,60.29162006039673],[24.5952979905415,60.291549827119816],[24.59544702796277,60.29144367091494],[24.595549302404564,60.29134789654984],[24.595615042764084,60.29129717462046],[24.59571504720349,60.29126332300353],[24.59588246192242,60.29123483270763],[24.596122446507135,60.29121807590682],[24.596339687353957,60.29131190856914],[24.596548162824657,60.291394272780686],[24.596729202472382,60.29150182225316],[24.596887992920514,60.291626027376196],[24.59693136812824,60.291699474760264],[24.596961315154545,60.29181039828897],[24.59693616999772,60.2919660388805],[24.59687659861431,60.29211315161789],[24.597075292201136,60.29205082130384],[24.59993931841679,60.29115266965047],[24.596898384764824,60.29080605113356],[24.597147156855478,60.2905058978139],[24.596924183571318,60.29043620750727],[24.597001331316925,60.29033801019232],[24.5974188765277,60.29018542672088],[24.5978351595224,60.290120743602536],[24.59841510111928,60.28969860767009],[24.598411652836116,60.289199627112666],[24.598507988343655,60.28900800368611],[24.60087087298004,60.28925962561021],[24.602251896940913,60.28940662610979],[24.603850542152745,60.29273448922189],[24.605003216372733,60.29513316733465],[24.60532473959978,60.29572471837116],[24.60532527989572,60.29572524911762],[24.608813890845862,60.29417915664891],[24.608820781498824,60.294176244504236],[24.61033137540553,60.2935385312152],[24.611524518301298,60.293661975314954],[24.614518658042645,60.29689724945899],[24.614292020041358,60.29694847720418],[24.613992380465714,60.297016206167534],[24.61445297706073,60.297966184044974],[24.61446389466032,60.29799294231263],[24.614551216482592,60.29804020613152],[24.614613013507345,60.29809076632724],[24.614652244257154,60.298135073434295],[24.614782443709217,60.298248879264754],[24.615002285084415,60.29836226441494],[24.615182842486032,60.298431332320185],[24.61533816408966,60.29851960131981],[24.615609462804752,60.29864545211638],[24.61579027229949,60.29872724334687],[24.615855875884865,60.29880956260776],[24.615998908954396,60.298838000284036],[24.616102971178208,60.29885106947573],[24.616184949443497,60.29885249578426],[24.616275840873673,60.29884213485505],[24.61636855379996,60.29885670690183],[24.618424885489965,60.30102383609415],[24.621077555594375,60.30384006172859],[24.621396223418625,60.30379684761091],[24.621701869326998,60.303706401666815],[24.62187956717181,60.30362291690904],[24.621980418577134,60.30353347511453],[24.622002509435458,60.30334912158082],[24.622024605889678,60.30316468729725],[24.622099100095564,60.303043603346474],[24.622314640513192,60.30292181912552],[24.622708164035426,60.30273566925353],[24.62308870014846,60.302549573334055],[24.6234699920832,60.30238889320432],[24.62373719228054,60.302298653267094],[24.623825223050943,60.30221562808973],[24.62394044145249,60.302137841044946],[24.62397698867151,60.302113163297896],[24.62424462337831,60.30204206347574],[24.62452506406835,60.30197083281585],[24.62480578649358,60.301918641124395],[24.625072163954584,60.30178078413318],[24.625357455943035,60.301636428856355],[24.62561153515522,60.30152080793163],[24.62580781959095,60.301411869808916],[24.625831674170808,60.301316378066225],[24.625887818794943,60.30123986912593],[24.626002421142086,60.30120437824818],[24.626327761776775,60.301136102187584],[24.62658284908094,60.30108407757535],[24.626895664743124,60.30103497017453],[24.627080917643216,60.30100864535651],[24.62732941078651,60.30094069186371],[24.627576911341553,60.3008314982535],[24.627754214292985,60.30072582046068],[24.627835387925025,60.30061733891231],[24.627884239257693,60.30049005408968],[24.627848215742464,60.30032684061209],[24.627992738694616,60.300324220361716],[24.63541870203768,60.300186566885294],[24.63552705201426,60.30018454314158],[24.63557641100484,60.30025016934788],[24.63556549837822,60.30034230874855],[24.635465582049974,60.300476322409786],[24.6354037890454,60.30059099209017],[24.63545900062604,60.3007972845111],[24.635487448849446,60.30094337424147],[24.63545218436239,60.30110872071086],[24.635339545171476,60.301245921272496],[24.63529070483637,60.30136692974704],[24.635287445801765,60.30153221712067],[24.635233337892647,60.30171356771637],[24.63519172289623,60.30187583677135],[24.635213936920678,60.302028283139855],[24.635209864954255,60.30208461330589],[24.635193713762686,60.30230804104053],[24.63512761627898,60.3025307682698],[24.635073499218354,60.30271220847257],[24.63508959515706,60.30288367917414],[24.635214709377806,60.303061042977035],[24.635313907717634,60.303225818628455],[24.635432089087374,60.30337466433266],[24.635627070971204,60.303519864458345],[24.635733113110533,60.30370370615125],[24.635742292050377,60.30385296504317],[24.635727517965503,60.304078662953096],[24.635675417541947,60.304364949863206],[24.635636765046062,60.30454957588623],[24.635565246715082,60.30457479312335],[24.635636760506877,60.30454963868466],[24.635639690801373,60.3045576854754],[24.63565453176528,60.30459279365563],[24.63566485251469,60.304610044543466],[24.63566916137108,60.30461604983771],[24.63568318607447,60.30463264802464],[24.635700035968362,60.30464847906035],[24.635719987436328,60.30466347600062],[24.63572756260563,60.30466837166639],[24.635751269915914,60.304681998204934],[24.635776875255985,60.3046946614329],[24.635803434445943,60.30470690147633],[24.635859328938324,60.30473079317491],[24.635887944526406,60.30474163255741],[24.63591818630052,60.30475151277062],[24.63593446566025,60.30475620400761],[24.635998176052038,60.30477314734925],[24.63602920453768,60.30478241274397],[24.636059108640968,60.304792457587475],[24.63609063964938,60.304801282772424],[24.636102937519343,60.30480420540399],[24.636136268673386,60.30481116725156],[24.63617060042231,60.30481680846649],[24.636205662216348,60.304821115251436],[24.636241227874418,60.30482471237311],[24.636276833806658,60.304827501755355],[24.63631279759256,60.304829848358125],[24.63634865052842,60.3048314743598],[24.636565419639236,60.30483766645169],[24.636601462608844,60.30483866697404],[24.63663781156893,60.304839942412244],[24.636709779485287,60.30484382768292],[24.636745554679685,60.30484653012244],[24.636780944748182,60.3048503036297],[24.636815660419543,60.304855143059285],[24.636849670654605,60.30486122751426],[24.636882674583614,60.30486846181591],[24.636914533337517,60.304877014166735],[24.63694476395271,60.30488680411498],[24.6369732405214,60.3048978204394],[24.636999631129598,60.304910147064675],[24.637021022172505,60.30492201646559],[24.637042851663384,60.30493633696543],[24.637062176900304,60.30495149322734],[24.63707918969568,60.3049673359577],[24.63709492973111,60.30498350637457],[24.637109287230583,60.30500002049141],[24.637122565077735,60.305016695058406],[24.637133525949157,60.305031612711744],[24.637144807203928,60.305048611074106],[24.637154670405007,60.305065943523445],[24.637162568037887,60.30508342066742],[24.637167222200567,60.30510119045],[24.637168511513547,60.30511917885084],[24.637165034563594,60.30513573506995],[24.637158262282007,60.30515330162442],[24.6371499951988,60.305170760747664],[24.63710965691902,60.305239740330684],[24.637100474841606,60.30525708436691],[24.637095750620084,60.30526759996802],[24.63706947212269,60.30533816803751],[24.63706278128756,60.30535260106193],[24.637053598504203,60.30536995406557],[24.637043217315583,60.305387106098465],[24.637031469167468,60.305404135006896],[24.637018817723046,60.305420887348404],[24.637005424986118,60.30543762650358],[24.63694761119724,60.305503420732784],[24.636935728536407,60.305516045700834],[24.636891782527123,60.305565288863484],[24.636878378065983,60.30558193797112],[24.636872303515403,60.30559009403481],[24.636860717923977,60.3056071258212],[24.63685061935628,60.305624372695206],[24.636842051752442,60.305641727645906],[24.6368352901371,60.30565939318592],[24.636831107489044,60.30567719442784],[24.636829956463707,60.305695130440974],[24.63683201145413,60.305713042638246],[24.636834130922313,60.30572179359249],[24.636840937891282,60.305739332198186],[24.636850819210633,60.30575666499031],[24.636863324893415,60.30577350549905],[24.636877519891126,60.30579001674601],[24.636893284774217,60.305806097796186],[24.636910279841814,60.30582194022675],[24.636921734864202,60.30583202498964],[24.636940757669855,60.30584736451984],[24.63696086220036,60.30586226516827],[24.636982844053566,60.30587648956906],[24.637006873730073,60.30588993296105],[24.637033446659945,60.30590200231191],[24.63706255830605,60.30591276041854],[24.637093116723246,60.30592228666804],[24.6371014711485,60.305924671960305],[24.637165511225902,60.30594135108665],[24.637194793457294,60.30594949822173],[24.637225043221672,60.30595928843253],[24.637254312585537,60.30596986964601],[24.637265736987878,60.305974115055854],[24.63719810147298,60.305981894896675],[24.636696831113905,60.306039801332865],[24.635969644213993,60.306781009160055],[24.630885278380635,60.307950306776696],[24.625902228657736,60.309096261327056],[24.62656662026002,60.309906825322244],[24.625611647739454,60.3103582227001],[24.62642517671014,60.31055094976767],[24.62631195143022,60.31131062046194],[24.62811066444986,60.31172462666581],[24.6288472813303,60.31281264173354],[24.630205065289932,60.31251301016821],[24.63021586285805,60.31262061846286],[24.63021602303599,60.312624654574066],[24.63021616305204,60.31269642923692],[24.630215976794375,60.312700998134254],[24.630208091609152,60.31286252003358],[24.630196032022482,60.31293397830034],[24.630190903815137,60.312954268694035],[24.630174099336404,60.313007497179086],[24.630151973764075,60.31306019060254],[24.63011478618864,60.31312957480906],[24.630104236707837,60.313146714371776],[24.630102163132968,60.31315009083214],[24.630078520888162,60.313183983248216],[24.630064201122067,60.31320042676821],[24.630049459470712,60.31321444640238],[24.63003023881772,60.313229553902765],[24.63000830328125,60.313243894356134],[24.629984462219667,60.31325729355987],[24.629934251214923,60.31328325636504],[24.629925383831893,60.31328767939752],[24.629640346148197,60.31342539357496],[24.629629310796396,60.31343049653333],[24.629497405549145,60.31349181308589],[24.629474499368506,60.313502552021376],[24.629423122108403,60.313527856059956],[24.62939854056856,60.313540972470065],[24.629375130986872,60.313554657732944],[24.62935380330897,60.31356909875624],[24.629336317434394,60.313583249010314],[24.629320051284974,60.313599307401915],[24.62930710393885,60.313616044815085],[24.629297914629653,60.313633397225416],[24.629294242184756,60.31364608720859],[24.629293104728703,60.31366402343359],[24.6292960667128,60.31368186212801],[24.629302116715404,60.31369956728049],[24.629305904907355,60.31370825830963],[24.629314855716434,60.313725664889574],[24.62932520111808,60.31374281788531],[24.62937597530958,60.31381000748719],[24.629380048287455,60.313815020666894],[24.629095181585882,60.313927055112686],[24.628947485737026,60.31397884614289],[24.628921238980055,60.31398745036231],[24.62882922749579,60.31401598148813],[24.6287033162085,60.31405127343058],[24.6285736776926,60.31408327392805],[24.628440947677134,60.31411170686783],[24.6284192874998,60.31411599130354],[24.628113794491387,60.31417179181669],[24.627980356232666,60.31419949304212],[24.627915329831062,60.314215219780436],[24.627882227717432,60.31422396191722],[24.627819624623868,60.31424197756028],[24.627758756898643,60.31426128174234],[24.62769961867955,60.314281955206006],[24.627614265645196,60.314315275422715],[24.62734131882384,60.314433088355116],[24.62732508593239,60.31444043383753],[24.62692565004181,60.31462262133672],[24.626906381577385,60.314631619280505],[24.62656934267602,60.3147943496047],[24.62654717281141,60.31478668655262],[24.624724520718313,60.314160994481234],[24.624680032839603,60.31414573694918],[24.62466092385719,60.3141652472589],[24.62465271063943,60.31417336457865],[24.624636159717753,60.31418931852561],[24.624618981681987,60.31420518041489],[24.624582736772354,60.314236232643864],[24.624574647348194,60.31424264544668],[24.62455493528244,60.3142577434055],[24.624534664040482,60.31427256188195],[24.624513628824435,60.3142871780593],[24.624492136422138,60.314301606404705],[24.624424577048,60.314343695505926],[24.62441151848303,60.314351456702006],[24.624199889388308,60.314475291109005],[24.62417750486752,60.314489532782666],[24.62416677050347,60.3144967067193],[24.624001699304447,60.3146152650041],[24.62398163745906,60.31462918886872],[24.623981310458394,60.314629452504455],[24.623963199035583,60.31464170451722],[24.62387613593028,60.31470023338652],[24.623856002916128,60.314715135082295],[24.62383756564463,60.31472962694395],[24.623819011003345,60.31474573360256],[24.62380263013955,60.31476133118328],[24.623785672608804,60.314778634158344],[24.623771249283912,60.31479445538025],[24.623664233849997,60.314928423907276],[24.623651230504723,60.31494364171831],[24.62365074577741,60.31494408218787],[24.623647592013093,60.314947609910654],[24.62363253261665,60.314963958709505],[24.623616877872905,60.31498002737647],[24.623566456376473,60.31502771341445],[24.623549347623825,60.31504285779294],[24.62329103493796,60.31525899824167],[24.623272597493184,60.315275726737056],[24.623255089725085,60.315292121531016],[24.62325605920083,60.31529124059488],[24.62323897811415,60.315307993346885],[24.6230667063654,60.315485887687466],[24.62304874624562,60.31550227436466],[24.623041409919445,60.315508781397085],[24.623023044774637,60.315524262548884],[24.623003812994703,60.31553945871238],[24.622983059115956,60.315554169523544],[24.622960842611246,60.3155683241835],[24.62294176759822,60.315579121585685],[24.6229165613287,60.31559205499445],[24.622890207710654,60.31560433009655],[24.622862687354495,60.31561596451],[24.622834421918096,60.3156271364501],[24.622805430139607,60.31563783726881],[24.622687585273674,60.31567956488641],[24.622676312381895,60.3156836749334],[24.62242040585291,60.315784895342986],[24.622393409078384,60.31579555092631],[24.622383832596963,60.31579924216481],[24.622355291171296,60.31581022043006],[24.622268325081475,60.31584243052367],[24.62208871561955,60.31590298516747],[24.6220615562187,60.315911392082334],[24.621936788477157,60.315947686348295],[24.621934294720752,60.315948360340634],[24.621804576079395,60.31598151173895],[24.621776642771515,60.315988108191505],[24.621710746246062,60.31600300794521],[24.62144270483723,60.316057128242086],[24.62146849734265,60.316027686274026],[24.621679503066076,60.31578698793432],[24.621737209839324,60.31572110810384],[24.621474783585377,60.31567716517787],[24.62128023840795,60.31561817809486],[24.621115488693693,60.31556259863237],[24.620906570303294,60.31545602341216],[24.620678735636698,60.31533717101696],[24.6205727765533,60.31526979818162],[24.620539911680456,60.31523368277778],[24.620539663973116,60.315234100532585],[24.61735901875447,60.31585788429464],[24.617064229261405,60.31744196773414],[24.61572163080777,60.319097450917624],[24.617787983470155,60.31927383256422],[24.61998176959871,60.31948800902247],[24.624386145425575,60.31986419208322],[24.626045292127923,60.32000773391142],[24.628253877806028,60.32019150452595],[24.631103569849135,60.32043040483701],[24.630592073629366,60.3213582844882],[24.629198131982577,60.321949622364166],[24.628724018705565,60.32194691250531],[24.628963339302192,60.32136434889109],[24.62821532762091,60.32124178887895],[24.628358997524924,60.32099782145259],[24.627965979208383,60.32095201049223],[24.627413450806543,60.32176086180536],[24.626381790530083,60.322114801487835],[24.62413008476076,60.32115057176396],[24.62406287470494,60.32112485621194],[24.62398907632872,60.32127549813695],[24.62376826734278,60.32157529316688],[24.62373122487003,60.32165680511337],[24.623673856253212,60.32193195427303],[24.623631915946344,60.322257215643766],[24.623633369927603,60.32234409594989],[24.62359871798744,60.322346620288826],[24.622952744889403,60.32211502594562],[24.622745237604097,60.32214355333372],[24.622552010160067,60.32217297363873],[24.62245970171726,60.3222196315567],[24.622367229556467,60.322266295467195],[24.62217562609753,60.32237396620804],[24.622025709393238,60.32241377224925],[24.62181805286121,60.32243609744183],[24.62143833251313,60.32246279855459],[24.621188548290153,60.322531618131016],[24.621017770818927,60.322610645698276],[24.62085013001985,60.32284987400998],[24.62068387152263,60.32316015363415],[24.620707840334802,60.32329171320916],[24.62079880484909,60.323575885707065],[24.620922400369984,60.32400255200745],[24.623004078064017,60.324827094030546],[24.624228289408936,60.324943832485914],[24.627492517299192,60.325308221273694],[24.627310096670545,60.326705131935235],[24.62033696172497,60.32793265781919],[24.616899666155405,60.32792027932433],[24.61685676127154,60.32789577753913],[24.616757630931698,60.327839151230776],[24.616757543742406,60.32783910475348],[24.61661321347242,60.3277529409193],[24.616544073317257,60.327719057653304],[24.61639998696555,60.327661355388],[24.616313107195467,60.327628779738575],[24.616288957457197,60.32761936384443],[24.616208012842375,60.32758464887382],[24.616190317989524,60.32757689376913],[24.616133532064,60.327553211724656],[24.61610318595341,60.32754157370467],[24.616074927973866,60.327531607996775],[24.616042661690873,60.327521211076274],[24.616009370036405,60.32751146048144],[24.61594347152828,60.32749424419277],[24.615929783990556,60.32749090859787],[24.615798185095315,60.327460467814376],[24.615788993674382,60.32745832672263],[24.615690451933265,60.32743489252692],[24.615655625784562,60.3274273061118],[24.615620140674363,60.32742030971206],[24.6155936154717,60.327415647876705],[24.615556309549845,60.327410020108076],[24.615518113577174,60.3274054183634],[24.615479240070574,60.32740190933421],[24.615440455192942,60.32739966845583],[24.61542918159253,60.327399250607144],[24.61539106600584,60.32739851286395],[24.615348462276984,60.32739845812071],[24.615090161395784,60.32739362585176],[24.615089057139073,60.327393615019986],[24.61507427789761,60.32739282882189],[24.616154364727105,60.3265054566889],[24.616262699614406,60.326416449105565],[24.614664627765823,60.325946435312034],[24.615191837694457,60.32571160957377],[24.615404950840322,60.325612868009415],[24.615440181100695,60.325581620210436],[24.615519496649167,60.32551469325495],[24.615544980087666,60.325443485812116],[24.615497688431088,60.32535775901709],[24.616560592994663,60.32466838888315],[24.616600178001843,60.32367819919531],[24.61482168457899,60.32378648647554],[24.614713988874435,60.32379308724757],[24.614660414181195,60.32367437929085],[24.614597585914296,60.32360751556077],[24.61454154313202,60.323577234732575],[24.61447971332359,60.32355923726951],[24.614337961397784,60.32355372845044],[24.61417852184881,60.3235880460395],[24.6140746009863,60.32362830070644],[24.6139711426298,60.32369596111003],[24.613795023543226,60.323824998756834],[24.61357724821694,60.32403978349215],[24.61346750819648,60.32409520396301],[24.613412723309413,60.32412906441575],[24.613394761843328,60.3241597235184],[24.613340675314458,60.32423015644826],[24.613230327392984,60.32425816830089],[24.613033360035587,60.324259131201224],[24.61289177553137,60.32425972319737],[24.612756723691934,60.32428173059072],[24.61266425928492,60.324282135705715],[24.61255924183665,60.324258241364106],[24.612435953865695,60.3242588112239],[24.612313174123244,60.32427771500287],[24.61204929810919,60.32434481838018],[24.611769321909172,60.324571507749624],[24.611635037997534,60.324684855926755],[24.611535005316227,60.32480367922338],[24.611422887769326,60.32488312026075],[24.61107175675167,60.3249523454982],[24.61094673807215,60.32494731356311],[24.6109109764421,60.324862870173924],[24.61085208203307,60.324750442710325],[24.610680643820462,60.32470047946893],[24.610531924113353,60.32465047532119],[24.610371107075295,60.32455534846169],[24.61023286409495,60.324460178171904],[24.610072290285014,60.324376364648906],[24.60988852523839,60.324275794128866],[24.609749959769363,60.324158070663785],[24.609714586763484,60.324084961202],[24.609621832001647,60.323989530410415],[24.609449809600584,60.32390577964901],[24.609293559381065,60.32384216437816],[24.60919780880605,60.323799848604466],[24.609060300892487,60.323738546428274],[24.608866192867858,60.323694272222355],[24.60859330326644,60.32368425087579],[24.608354199279354,60.323662791027246],[24.60815969818122,60.32359049131322],[24.607953472880254,60.3235011914063],[24.607768661862448,60.32334428573147],[24.60778895343009,60.3232088488403],[24.6077296240715,60.32307953326948],[24.607785237226008,60.32301164515732],[24.607863326268124,60.32293240308909],[24.60799899816329,60.32289793472896],[24.608100011777136,60.32282421636533],[24.608235436276907,60.322778514805705],[24.608438437797485,60.32269298676218],[24.608732650923532,60.32262410095738],[24.60882276136914,60.32257856257929],[24.608865763805834,60.322443094043436],[24.60890943361858,60.32235272222177],[24.60895225187427,60.322211591178565],[24.609074924310676,60.322081409606625],[24.60924264600204,60.32193408173569],[24.6093065482991,60.321802070166456],[24.609306365444045,60.321802093825426],[24.60933002592675,60.32175323079373],[24.609353557738597,60.321706126074126],[24.609382717240155,60.32162838341747],[24.60940694758147,60.3215590947364],[24.609415706371248,60.321481434228346],[24.609390488716024,60.321406468195946],[24.60935206005123,60.32135265256807],[24.609303736013164,60.32131576218115],[24.609250412250688,60.3212830935782],[24.60918886656298,60.3212665089721],[24.609176240899988,60.321264548146765],[24.609130861010648,60.32125748867319],[24.60908497032789,60.3212593938209],[24.60901046919363,60.32127829169625],[24.60892407040832,60.32131226420543],[24.608919296723474,60.32131413656735],[24.608824375616834,60.321333134038106],[24.608680053650115,60.321347299061486],[24.608557926309725,60.32136557323059],[24.608444366322097,60.32139968545743],[24.608309361887862,60.321451610830856],[24.608171568700207,60.32150302775626],[24.60802416700105,60.321558026414166],[24.607834204912876,60.32163004477824],[24.60754127757147,60.32168566608168],[24.607240999570653,60.321720943067945],[24.607010715196182,60.32183553144867],[24.606732317050323,60.321938563433996],[24.606556040456287,60.32201729411521],[24.6064745639432,60.322044832208014],[24.606310555115716,60.32204556114818],[24.60604354247443,60.322026468782816],[24.60580426404216,60.32202414341942],[24.605612463073957,60.322004698420656],[24.60554339648464,60.3219711158611],[24.60539843041493,60.32188695776959],[24.60526658654636,60.321785878781604],[24.605163010936643,60.32173210058992],[24.605094547052662,60.321725656768244],[24.60496540901507,60.32176688718892],[24.604877671148543,60.32182152942263],[24.60481055987653,60.321896485230006],[24.604729765393262,60.321964627938875],[24.60462162523143,60.322029493032915],[24.604513163702,60.32207748250743],[24.604410589572733,60.3220745465997],[24.60437563306107,60.322037464158946],[24.604387931886336,60.3219593646165],[24.60445521596896,60.32190480313627],[24.604446451262252,60.32179974371948],[24.604384179945495,60.32175254828944],[24.604273956295227,60.32171239326644],[24.604170862268063,60.321679004991026],[24.604081425346358,60.32164882718846],[24.604032959273123,60.32161518404109],[24.603964155964846,60.32154863840296],[24.60386236131389,60.32152273803392],[24.6035188474325,60.32163384160282],[24.603442354469355,60.32173493827596],[24.60344504059497,60.32188111037766],[24.603467158133164,60.32198730897843],[24.60346075545348,60.32200398242115],[24.603436651521417,60.32215363282612],[24.603392331219457,60.322289974395275],[24.60339265256412,60.32230658943838],[24.603368437883717,60.32244959054234],[24.603369737685533,60.322519311740415],[24.60325165991879,60.32265269722159],[24.603245862035447,60.32270261802477],[24.603267116538436,60.322762288004334],[24.60322880794754,60.32286874428486],[24.60309673767504,60.32297234175467],[24.602990991761615,60.32304596211862],[24.602972206638132,60.32311909384852],[24.602900737637324,60.32323904599716],[24.602768426604587,60.32332934423802],[24.602643462367745,60.32345282271125],[24.602531938457265,60.3235861641482],[24.602433389802425,60.323686323456975],[24.602300628235973,60.32376000388509],[24.602234094265434,60.32378349729457],[24.602040902988964,60.32384090620475],[24.60182105515594,60.32390833475471],[24.601580982114555,60.32396256148528],[24.60139447818556,60.32402655780558],[24.601255459963227,60.324116823395855],[24.60109633860041,60.32420061765419],[24.600984132574627,60.32429747527184],[24.6008993093562,60.324414140205974],[24.60081432271308,60.324530802141396],[24.600722224649303,60.324624159934245],[24.600595651971837,60.32466130050814],[24.600441666204745,60.32466867096177],[24.60031466436901,60.32468253798228],[24.60004150166827,60.32476347237278],[24.599875812717713,60.32486384573339],[24.599829699505804,60.32490397468509],[24.59979655451444,60.32492735128367],[24.599630226268506,60.324984613157525],[24.599444084270925,60.32506845647466],[24.599278318079534,60.32515725783702],[24.599153397289218,60.32528405768034],[24.59914117485514,60.32535057039196],[24.59910822001539,60.325383921214716],[24.59905564237769,60.325437308582565],[24.59891655882244,60.32552434584222],[24.59887068801166,60.325577665670394],[24.59869014793182,60.32560171162388],[24.598656683926286,60.32559859179662],[24.598530048099843,60.32563231585266],[24.59841033110865,60.32568601689246],[24.598324789211535,60.32577284430151],[24.5982662828637,60.32586941255099],[24.598240132583722,60.32589938283126],[24.598153325051353,60.32591640855988],[24.59782608742986,60.32597102971187],[24.5976188559313,60.32598676775513],[24.597618703665027,60.325986621277295],[24.597593400785062,60.325999386646224],[24.597581591063754,60.326008488379735],[24.597572566192067,60.32602578789041],[24.597569720863685,60.32604478008422],[24.597564647609303,60.326062537287186],[24.597558168536395,60.32608019721518],[24.59755577166653,60.32608742100832],[24.597551707530542,60.32610525034912],[24.597550179412572,60.32611396303228],[24.597540969627957,60.32613131309563],[24.59753949511677,60.32614915331598],[24.59754159900886,60.32615601830743],[24.597554871509452,60.32617260700021],[24.59757450476049,60.32618768477528],[24.597596652188418,60.326201828863695],[24.597620358842843,60.32621546216193],[24.59764297243181,60.32622942602865],[24.597663239974118,60.3262442547524],[24.59767805824262,60.32626248828363],[24.597676601230162,60.32628033780352],[24.59766303067444,60.32629688144182],[24.59764197502089,60.32631150219557],[24.597618988687884,60.326325279591806],[24.597594678482018,60.32633858391188],[24.597569178294147,60.326351318764004],[24.59754907399191,60.32636137545098],[24.597423813807616,60.32642610519108],[24.597398011212757,60.32643876268242],[24.597390426078693,60.32644238937368],[24.597309986762294,60.326478474510594],[24.597283313164173,60.32649065810958],[24.59725767394354,60.32650330954554],[24.597233501591276,60.32651670612324],[24.59721127373204,60.3265307576671],[24.597191240627343,60.32654575615347],[24.597182126080284,60.32655367593094],[24.59713508023895,60.326602222037565],[24.59713004183855,60.326606442711444],[24.59710942483308,60.32662125097295],[24.597085553945856,60.32663473382127],[24.597059187686394,60.3266469229342],[24.597030759865316,60.32665807767318],[24.596907964949214,60.32669762769652],[24.596848351714563,60.32671801881317],[24.596819196912993,60.326728711221335],[24.596790618652523,60.32673969251646],[24.596734795725983,60.326762487659394],[24.59670739483532,60.326774208854424],[24.59665391581213,60.32679838479219],[24.596631467180323,60.32680902775345],[24.596455356288256,60.32689933646943],[24.596431045841072,60.326912631599434],[24.59635884095003,60.32695273670738],[24.596350561297026,60.326957428723],[24.596204676410576,60.32703724384286],[24.596179018252197,60.327049894737634],[24.59615294567662,60.32706226864692],[24.59612849900135,60.32707322572029],[24.596072962801575,60.32709629526817],[24.596015234498513,60.3271178878884],[24.595985653180076,60.32712821309228],[24.5959556140043,60.32713835933394],[24.59594483230174,60.32714184728102],[24.595822992295133,60.32718068599935],[24.595793416799506,60.327190930421494],[24.59576453749663,60.32720180724749],[24.59573713589074,60.32721352823757],[24.595711357373137,60.327226087039925],[24.59568732264406,60.32723956668464],[24.59566538666241,60.32725382088545],[24.595656994630165,60.327260037910996],[24.595638935519617,60.32727552102852],[24.59557574144192,60.3273401232746],[24.595558567684414,60.32735588290143],[24.59553929804869,60.32737107462146],[24.59552122829077,60.32738251524992],[24.59549529333286,60.327394981354075],[24.59546614408734,60.32740558374927],[24.595434389460152,60.32741417175831],[24.595400801452723,60.32742084019208],[24.595365977092523,60.32742559985075],[24.59533020413883,60.32742872542511],[24.5952943722619,60.32743068215345],[24.595258279033178,60.32743200534408],[24.595222062586043,60.32743278732454],[24.59518587914513,60.327433120749916],[24.59514974746366,60.327432996976654],[24.595113478705116,60.32743252038214],[24.595077381088,60.327431687560434],[24.595041158545996,60.327430582982906],[24.595026722509882,60.32743006126218],[24.594738748796793,60.32741513962717],[24.594559747879966,60.32740184829948],[24.594527142528086,60.327399102304916],[24.594420470237775,60.327389356551855],[24.59438504778651,60.327385751077315],[24.594349651758538,60.327381786757414],[24.59431456501599,60.32737755854056],[24.594279528733924,60.32737289106793],[24.59424572572884,60.327367958458],[24.594211006009203,60.327362928400134],[24.59417579438619,60.32735842840012],[24.594139925088143,60.32735671015288],[24.594123060708107,60.327357922981264],[24.59409045510289,60.32736551613774],[24.594066011829604,60.327378628788765],[24.594049137619514,60.3273944924634],[24.59403448587115,60.32741092635631],[24.594021677065594,60.32742767207804],[24.594010350034086,60.32744471410821],[24.594000903652912,60.327459095326304],[24.593963772015798,60.32750970625004],[24.593935257079316,60.32754268710417],[24.593920177611263,60.32755902341409],[24.593904495561326,60.3275751781395],[24.59388836780923,60.32759123496597],[24.59387651494564,60.327602868771635],[24.593844397498398,60.32763507474441],[24.593829462014497,60.32765142263442],[24.593815755687736,60.32766805327827],[24.593805634663113,60.32768519797197],[24.593800357440088,60.32770298729441],[24.593799683762807,60.32771410485373],[24.593803260659424,60.32773195566004],[24.59381249224068,60.32774928003866],[24.593826548679008,60.32776578449677],[24.593844458309356,60.32778137957922],[24.593865190564976,60.327796037644674],[24.59388811711679,60.327809926974],[24.59391325117632,60.3278228681481],[24.59394307485116,60.32783633437286],[24.593971877283387,60.32784718605888],[24.59400274593407,60.327856548057106],[24.59403611529015,60.32786344011756],[24.59407174239416,60.32786624092694],[24.59410881232333,60.327864208121085],[24.594141124473666,60.32785617846567],[24.594174908465572,60.32785104097453],[24.594179190779695,60.32785291505981],[24.594179935491713,60.32786568418997],[24.594157698796153,60.327879824916444],[24.594133091673015,60.3278929436003],[24.59410935675959,60.327906518228026],[24.594084303905344,60.32791953900627],[24.59405850544464,60.32793210612327],[24.594045547178474,60.32793833022276],[24.593965526373236,60.32797478030833],[24.593937967254533,60.32798640826214],[24.593909844109806,60.32799757685716],[24.59382251610978,60.32802968161874],[24.593793209537743,60.328040190982875],[24.59378255776883,60.32804412127269],[24.59352729069132,60.32814441040956],[24.5935061255547,60.32815211176176],[24.593296680888923,60.3282227692703],[24.59328617480549,60.32822644165693],[24.593256296616886,60.32823659022463],[24.593226131327594,60.32824645511848],[24.59319511361604,60.328255594924144],[24.593161793946948,60.32826253715223],[24.593126182706936,60.32826566507505],[24.59312068100001,60.328265834930626],[24.593084641994494,60.32826419418269],[24.59305041279759,60.32825864272609],[24.593018489834307,60.32824908175796],[24.59299224212633,60.328236749046745],[24.59297166133449,60.32822200375899],[24.59295715837656,60.32820566179622],[24.592949303188593,60.328188101779226],[24.592949243165698,60.32817022480895],[24.592950082960446,60.32816718584684],[24.59295959672951,60.328149931403104],[24.592984932470408,60.32811635419569],[24.592993038814676,60.3280975471758],[24.592989020851167,60.32807978716725],[24.592975128194666,60.32806327660091],[24.592954692253215,60.32804853393205],[24.592930362128588,60.32803525680269],[24.59290285621162,60.32802353008415],[24.59288381571365,60.32801689724674],[24.592852450418007,60.32800788530617],[24.592819270431537,60.32800063706283],[24.592784726314004,60.32799543016146],[24.592749120746365,60.327992090426044],[24.592713068846496,60.32799062899696],[24.5926769226962,60.32799069293664],[24.592640828098688,60.32799202438311],[24.59260508798541,60.327994691703424],[24.5925697069783,60.32799863210167],[24.592556921971838,60.32800028692358],[24.5925223578948,60.32800567936388],[24.59248834944858,60.32801189031711],[24.592455179491857,60.32801901473597],[24.592422709896564,60.32802696029056],[24.592391110097097,60.328035640221984],[24.592359923582592,60.32804485762123],[24.59226854965694,60.328073824935736],[24.592239450988338,60.32808371791277],[24.591971963692792,60.328175958674954],[24.591942368010557,60.328186201898646],[24.59191967614279,60.32819396517048],[24.591829326773663,60.328223768195464],[24.591798572389763,60.328233262782334],[24.59176752959644,60.32824249163365],[24.591735922805736,60.32825126111558],[24.591703460080154,60.32825910781215],[24.591670140099573,60.328266049664435],[24.59163600632292,60.328271988647835],[24.59160670868974,60.32827621868328],[24.591571490091173,60.32828016176368],[24.591535729085333,60.3282831068913],[24.591499739851564,60.32828496993031],[24.591463678609546,60.32828584354006],[24.59139128896107,60.32828507068765],[24.591246861148857,60.32828047706139],[24.591232251161856,60.328279852968315],[24.591015564304428,60.32827296139162],[24.590979452664044,60.32827230686989],[24.5908347273602,60.328271749690536],[24.59079852974652,60.32827226133338],[24.59076233699615,60.32827295271181],[24.590735131105063,60.3282736273276],[24.59069905001789,60.328274769856094],[24.59066307397938,60.32827645325087],[24.590627058251734,60.328278674888345],[24.590591467272365,60.32828152403354],[24.590555960831338,60.328285192142424],[24.590521277856418,60.32829022259974],[24.590487957599944,60.32829716415401],[24.590456776261366,60.32830630036397],[24.590433533101496,60.328315391839645],[24.59040862321834,60.32832841453789],[24.590388146823937,60.32834322435302],[24.59037201762801,60.328359271767866],[24.590359796993845,60.32837611765409],[24.590350883688018,60.328393562472364],[24.590344261450543,60.32841113865543],[24.59033957396676,60.328429010418084],[24.590336737824572,60.32844683489942],[24.59033570427413,60.328464781890105],[24.590336437397678,60.328483829871125],[24.590338630858287,60.32850174553826],[24.59034235067528,60.328519599049216],[24.59034776034194,60.32853738438499],[24.59035516124261,60.32855494531784],[24.59036440996608,60.328572261281664],[24.59037596411141,60.328589268709216],[24.590390145140503,60.32860578478756],[24.590407129116365,60.328621633050474],[24.59042676048874,60.32863671186535],[24.59044234053768,60.32864678563848],[24.590475281715097,60.32865924020486],[24.590513481531346,60.32867089180743],[24.59053938470088,60.328679535794926],[24.59055741640478,60.32868731845353],[24.59049780289372,60.32870760799228],[24.587856366523155,60.329606679620916],[24.58784147693368,60.32961179912506],[24.58773765048933,60.329565638243785],[24.58770724278033,60.329555923840736],[24.587700092285033,60.32955363817511],[24.587669054426943,60.32954436146988],[24.5876375064406,60.329535614470764],[24.58760516368927,60.32952757166875],[24.587571976077932,60.32952042079435],[24.587537609085146,60.32951476661053],[24.587502356373097,60.32951080308695],[24.587493410692087,60.32951001191416],[24.58745739601351,60.329508271283544],[24.587421229453685,60.32950834242659],[24.587385263377325,60.329510114961934],[24.587349619581897,60.32951341144323],[24.58731478457677,60.329518267650585],[24.58728075616174,60.329524467955835],[24.5872478959779,60.32953177638679],[24.587216137159132,60.32954036240518],[24.587185823463063,60.32955023225207],[24.587157396397956,60.32956129513174],[24.58715313216292,60.32956310412485],[24.58712689135082,60.32957547327145],[24.58710257447073,60.329588775627165],[24.587079876389993,60.329602727184586],[24.587058675097506,60.329617262849396],[24.586961837877613,60.329693098889294],[24.586949260194842,60.329702482218806],[24.586928042011206,60.329716999591696],[24.58690563743092,60.32973114509004],[24.58688206036564,60.32974473032537],[24.586857147980204,60.329757752340804],[24.58683107039694,60.3297701154126],[24.586803362503865,60.32978173923253],[24.586774346454188,60.32979243202542],[24.586754318366143,60.32979917384423],[24.58666149433344,60.329827033143886],[24.586633222397612,60.32983819754449],[24.586608749573603,60.32985139817113],[24.586595681437515,60.329861042049856],[24.586580741303322,60.329877389093],[24.58655704160561,60.32991127334531],[24.58654375822359,60.329928000799775],[24.586525073322385,60.329943291723836],[24.586493834155036,60.32995538135082],[24.58645822888307,60.32995814830969],[24.586421950880624,60.329957759036596],[24.586385901978783,60.32995647562623],[24.586349735590247,60.32995653750399],[24.586328053264154,60.329958937440246],[24.586307037233144,60.3299729194174],[24.586301002924152,60.329990595931356],[24.586300897116367,60.33000846095081],[24.586305117602983,60.33004428045787],[24.586305619666977,60.33006225532754],[24.586303537269625,60.33007793754527],[24.58629509173594,60.33009539061456],[24.586280158631624,60.33011163894259],[24.586259240174325,60.33012626046946],[24.58623432062221,60.330139372072715],[24.586206913157422,60.330151091058745],[24.586185739048602,60.330158871963],[24.586155430433145,60.33016866083129],[24.586123664746253,60.33017732732014],[24.58609077893034,60.330184724838844],[24.58605663553455,60.330190752078614],[24.586021546384877,60.330194866746204],[24.585985534882152,60.3301969974028],[24.58596568327934,60.33019717582954],[24.585929627506836,60.33019598200242],[24.58589420234934,60.33019238322512],[24.58586016487128,60.330186186642386],[24.585836263528066,60.33017938366163],[24.58580890314963,60.330167658112074],[24.585786310736584,60.33015368361142],[24.585767926659408,60.3301381686274],[24.58572178989158,60.33008730495966],[24.58570558061707,60.33007129049647],[24.585687528261964,60.33005570067966],[24.58566741524678,60.33004078307687],[24.58564448405211,60.330026982053816],[24.585617293334277,60.33001516971523],[24.585581251671595,60.3300054512954],[24.58554635928991,60.33000077517185],[24.585510272401546,60.32999976032042],[24.58547427434186,60.33000171142289],[24.585438908434902,60.33000565023287],[24.58540461732721,60.33001122547708],[24.58536835185226,60.33001900158185],[24.585336453297035,60.33002750377783],[24.585306134416932,60.33003718447317],[24.585277266570802,60.330048068280504],[24.585249720731085,60.3300596947298],[24.58522173052959,60.330072921036084],[24.58519653437951,60.330085847766625],[24.585102474317672,60.330140452529236],[24.58509072213416,60.33014895240116],[24.584939159830714,60.33033147951374],[24.58493515361856,60.33033616764825],[24.584905434737802,60.33036885533286],[24.58488810949672,60.33038461090464],[24.584867628647338,60.33039942881363],[24.584840557817156,60.33041491746995],[24.584813883013577,60.33042700880529],[24.58478485845141,60.3304377998349],[24.5847545564574,60.33044748970028],[24.584723509596216,60.33045671687963],[24.584659994329037,60.330474058456474],[24.584631353147273,60.33048162258308],[24.584504604548588,60.33051640955662],[24.584474146192836,60.3305260066895],[24.58444469629288,60.33053642161921],[24.584416122039492,60.33054749024095],[24.58439502984364,60.33055635928524],[24.584368486242035,60.33056863257651],[24.58434327791038,60.33058146910307],[24.584318803607704,60.33059466929804],[24.584272078498994,60.33062211616938],[24.584264882920266,60.33062656666156],[24.584242494658238,60.33064071202763],[24.584178412980975,60.33068408446375],[24.584119534665625,60.330729365988695],[24.584109788007616,60.33073744410403],[24.584074214067968,60.33076868674513],[24.584009979584803,60.33083298644529],[24.583909707570346,60.330949001264585],[24.583906017161446,60.33095333579557],[24.583809410738127,60.331069507005886],[24.583800957540177,60.33108067177622],[24.583788733145376,60.33109750805517],[24.583766675012367,60.33113168219532],[24.58375731170728,60.33114902860858],[24.58374976256863,60.33116658765772],[24.58374431775886,60.331184355634804],[24.583741170157705,60.33120217435442],[24.58374076005131,60.33120576005268],[24.583740500778408,60.33122372110657],[24.58374176202663,60.33124170081829],[24.58375186822876,60.33131328947369],[24.583752521471887,60.331329201052164],[24.583744876247554,60.33143674887958],[24.583744548867475,60.33145146587401],[24.583744521037413,60.33155915217185],[24.583743530137685,60.33156838652852],[24.58373936393879,60.331604143514625],[24.58373848946881,60.33162209338437],[24.58373975072604,60.33164007309521],[24.58374377484387,60.331657932355384],[24.583748903876142,60.33167114060164],[24.58375829468078,60.331688459633426],[24.58376984643715,60.331705467613986],[24.583811025261213,60.33175525371705],[24.583816600614053,60.33176218205525],[24.583844059496048,60.331795369902004],[24.583861500878264,60.331811137499514],[24.58388240061043,60.33182571035415],[24.583898964418722,60.33183472483271],[24.583950980401056,60.331859735462196],[24.583975164233472,60.331873020562945],[24.583994649117763,60.33188810665467],[24.583998006246816,60.331892200988904],[24.58400678138788,60.33190951779267],[24.584007752633788,60.33192750120995],[24.58400337537001,60.331945288599734],[24.583996278517844,60.331962855882615],[24.58398691508552,60.331980202309374],[24.58392935246922,60.33206743978227],[24.58392059753315,60.332084887094226],[24.583914237015563,60.332100581352364],[24.583907296955847,60.33211823232709],[24.583899139760724,60.332135681520064],[24.583885860063486,60.332152327953],[24.58386507733436,60.33216704142439],[24.583857664823256,60.33217049983827],[24.58382721136165,60.332180007102274],[24.583793047374687,60.33218603341532],[24.5836862990568,60.33219576169351],[24.583678306843357,60.33219652367761],[24.583643070496844,60.33220063507038],[24.58360822611898,60.33220557102191],[24.583574068700823,60.332211507570044],[24.58354047339124,60.33221817295914],[24.58350757830613,60.332225659529364],[24.583476794243854,60.33223326531622],[24.58344504990752,60.332241850738065],[24.583413862849262,60.33225098525718],[24.583383534032645,60.332260764174535],[24.58335394409662,60.332271086508925],[24.583327734067623,60.33228103012647],[24.583214139783518,60.33232549613577],[24.583196279024076,60.33233180974073],[24.583165961526262,60.33234167864468],[24.583134912412948,60.332350905437345],[24.583103011662292,60.33235939810698],[24.583070535510195,60.33236734133352],[24.583037508688292,60.33237464573734],[24.583003895673453,60.33238130168924],[24.58298008726419,60.33238571952199],[24.58294621723834,60.332391930624766],[24.582912746461908,60.33239886760992],[24.582881836004308,60.33240817771225],[24.582854882607002,60.33242008395643],[24.582835310994916,60.332433112549666],[24.58281945891575,60.332449253978005],[24.582807834090797,60.33246629870297],[24.582800221490785,60.332482500135534],[24.582794800660363,60.33250017868705],[24.582792550473325,60.33251810353763],[24.582792743007932,60.332536072809425],[24.58279448019188,60.33255398034197],[24.58280067600801,60.33258974608483],[24.58281771481104,60.33266262866391],[24.582820962400667,60.33267848861572],[24.582824081412767,60.33269633144677],[24.58282782127179,60.33273223218351],[24.582828183310447,60.33275011470805],[24.582827521338203,60.33276518493394],[24.582822423838582,60.33280102377637],[24.58281368519133,60.33283660776422],[24.58281089117567,60.33284571949792],[24.582783420969317,60.33293440203354],[24.582775597162883,60.33297206871919],[24.58277045844286,60.33298985121175],[24.582762462600503,60.333007312260236],[24.582750820773327,60.3330243387069],[24.58274075509433,60.33303475546353],[24.582722806673942,60.33305032877036],[24.58266332737566,60.33309532031525],[24.58265697420075,60.33310086399445],[24.582640838826467,60.33311691042436],[24.582626942864653,60.33313354553481],[24.582615324988986,60.33315049156034],[24.582585544447753,60.33320231119872],[24.58257696708696,60.3332193035346],[24.5825609503367,60.33325431498385],[24.58255491335683,60.33327199130422],[24.582550407169144,60.33329175254512],[24.582548464392758,60.333309682982915],[24.582548664088918,60.33332755357337],[24.582551161148043,60.333345474928066],[24.582556096176294,60.33336326096338],[24.58256334981607,60.3333808106965],[24.5825674769579,60.3333887008649],[24.582578569665724,60.333405790426006],[24.582592767524122,60.33342229867246],[24.58261115189341,60.333437814090516],[24.582634852588903,60.333451270296216],[24.58265710707382,60.33346002909688],[24.582688822796467,60.333468501824925],[24.582723167666053,60.333474255628666],[24.5827586008235,60.33347803501364],[24.582794415762393,60.333480572710755],[24.582830479841913,60.333481947153736],[24.582861561187308,60.333482341674106],[24.58287546528418,60.333531721901146],[24.583002806405972,60.33399217345384],[24.58170152870742,60.33522902050705],[24.581234739891574,60.33551825652094],[24.58118084065921,60.335438603645144],[24.58059003643575,60.33551119519345],[24.579496480848682,60.33550969325617],[24.578589401994694,60.33550377311322],[24.57815271466117,60.33548773322984],[24.577552358253232,60.335530682407814],[24.57653320125952,60.33564107344367],[24.57522518254722,60.33579926795484],[24.574069883477417,60.33599633023284],[24.573262117981443,60.33629422775096],[24.572062177805844,60.33673018508086],[24.571202198845288,60.33715123384713],[24.570306152629165,60.337777919875215],[24.56992336138514,60.33815657780974],[24.56981096384948,60.338352740316644],[24.569780912371126,60.33849822632558],[24.568553171296884,60.33836205259657],[24.567984835471478,60.338670864785456],[24.567385483620267,60.339003738309],[24.566855027279086,60.339299549065196],[24.565606000064264,60.339993386234944],[24.567195327077126,60.340695723692036],[24.566381579264192,60.34096930786674],[24.564810860905933,60.34166084246909],[24.56390249760524,60.3419132847054],[24.563506567747392,60.342053142763305],[24.56330607552255,60.34218777857108],[24.562713223093763,60.3423939032618],[24.56255492788542,60.342453863834265],[24.560036692815373,60.343408183210165],[24.558582237145508,60.34401520301404],[24.55798735894905,60.34451684535262],[24.557263561238276,60.34487079937895],[24.556901672349305,60.3450957756068],[24.55619347670952,60.345410216258585],[24.55560423421167,60.3456909264022],[24.55487568753396,60.34598559195245],[24.553300461775954,60.34664915584538],[24.552794295297392,60.346926792498664],[24.551469623866588,60.34752292151707],[24.5508411938206,60.34731458414377],[24.55043411753385,60.346851109096555],[24.550454384182924,60.346085845151684],[24.551418002519945,60.345641007519696],[24.548927441352475,60.34432828219091],[24.54836440036765,60.34459257379575],[24.549356751443952,60.346598012827734],[24.54700070085175,60.34769570239164],[24.5463839115305,60.34736148209452],[24.54549803475391,60.34689447249737],[24.544492625914856,60.34641533192111],[24.543246053545158,60.34703702318192],[24.544163034006246,60.34750538618816],[24.54509455251596,60.34797457686097],[24.545205794520854,60.348888710157944],[24.545407223150317,60.35011786181433],[24.54528470295346,60.350361239985524],[24.54493450024733,60.35054217771941],[24.54435441784866,60.350840741732426],[24.543576154287006,60.351314233389346],[24.54074813335507,60.351505256101326],[24.53901770212457,60.350644216911896],[24.539164209456313,60.350361034971776],[24.540055846784234,60.34863506265411],[24.540854350756128,60.3470880469537],[24.541926557931586,60.34501218238677],[24.542651266151697,60.34361076402222],[24.543891233992476,60.34401419695413],[24.54424422731472,60.3430242329338],[24.541938458863815,60.34116785265691],[24.537120476262107,60.341407470744464],[24.533637459410564,60.34105939468396],[24.531644832398353,60.340093960066994],[24.530048080978553,60.33932027207495],[24.529145169759786,60.33926949219015],[24.528290942365636,60.339218183019966],[24.526830973366874,60.33914142514043],[24.526812976690433,60.33914047947823],[24.526651059584992,60.33913198735999],[24.526550717731464,60.33920924329508],[24.526450641495355,60.33929447208531],[24.526449346290853,60.339296020022815],[24.526445842567178,60.3393001678892],[24.526428374830324,60.33932095308187],[24.526410889653057,60.339341728964875],[24.526407385240123,60.33934588580056],[24.52632864225635,60.33943944350901],[24.526299829271046,60.339491817645786],[24.526291742971207,60.33955455765279],[24.526302928159257,60.339603328265376],[24.526332442059385,60.33965177518508],[24.52635809937116,60.33967887842549],[24.526401954261704,60.339716722661265],[24.52641750057844,60.33972968704427],[24.52598672872731,60.34044898531364],[24.525979472243968,60.340465109628305],[24.525477360296684,60.34140954201471],[24.525158873009616,60.34222482796015],[24.525155074711225,60.342234530834595],[24.525039406016248,60.34253059756358],[24.524982311573574,60.34267674924265],[24.525143121942104,60.342718010781425],[24.52665307481454,60.3431491628144],[24.52765466740294,60.34383180250193],[24.528528723016922,60.343791541228214],[24.52919870774466,60.344681926196046],[24.529866678025904,60.345557959802896],[24.530601187737577,60.34651360244839],[24.533044389808445,60.34640331708541],[24.533087483924763,60.346491997743264],[24.530665938338426,60.346597709583776],[24.531363629889366,60.34751489879735],[24.531330454298683,60.347813912266886],[24.531273981122084,60.34835175652449],[24.53111634239985,60.350019100651586],[24.521172332744786,60.34877492353435],[24.52133249635379,60.346779084554356],[24.521461239375025,60.34495691319822],[24.5215342567269,60.34391081114546],[24.52152404932908,60.34390989322747],[24.52124874213121,60.34388507866434],[24.51984908952227,60.343989329298104],[24.51979537009352,60.34399333074096],[24.519830204430345,60.34388286876284],[24.51975780242115,60.34377798798936],[24.51959989568225,60.34374290055936],[24.51931652885251,60.34376003533298],[24.519038462555358,60.34370620318666],[24.518732031469675,60.3436993616247],[24.518578274247005,60.34373181343148],[24.518296763415524,60.34373238890394],[24.518118930375895,60.34377873677214],[24.51772944996382,60.34372156431048],[24.517655458275257,60.34367417138237],[24.51757551812848,60.34349306174914],[24.51758423783523,60.34347563566179],[24.51758098324719,60.343471954704],[24.517581004074174,60.3434719191605],[24.51756590283628,60.343461944426764],[24.517523695967764,60.343432769738854],[24.517504567880938,60.34341759045781],[24.517487448416695,60.34340173901578],[24.5174720650882,60.343385461852215],[24.517455567854043,60.343369532193535],[24.517437838202916,60.34335384002916],[24.517418843716346,60.34333857339833],[24.517412933585806,60.34333406131852],[24.517392377179622,60.34331931348612],[24.517370423107458,60.34330506955331],[24.517347367096924,60.34329125419397],[24.51732319104921,60.343277867069524],[24.51729792366181,60.343265007529375],[24.517271851427623,60.343252483294805],[24.517245165937343,60.343240396757324],[24.517217819712517,60.34322865719902],[24.517189999883747,60.34321718726621],[24.517161538101394,60.34320605567943],[24.51713927887908,60.343197734852026],[24.517110016041446,60.34318712727952],[24.51705037246439,60.34316678954607],[24.51701982201054,60.34315714604598],[24.51695788764417,60.34313857108856],[24.516862162833437,60.34311315765785],[24.516763450722223,60.34309056295013],[24.516692506055648,60.34307631111696],[24.516658479384787,60.343070195839154],[24.516623934398194,60.34306469968763],[24.51658904972082,60.34306009549165],[24.516553250356903,60.34305727082015],[24.51651711756476,60.34305668568551],[24.51650732117479,60.343057041671884],[24.51647155817114,60.34305969734886],[24.516436841715066,60.34306479800391],[24.516403633467775,60.34307199293831],[24.516371712739815,60.343080370737226],[24.516340928915763,60.34308976689208],[24.516317276721164,60.34309785897543],[24.516288370166276,60.343108547823356],[24.5162601947842,60.343119870159114],[24.51620560239328,60.34314346394074],[24.51619107061994,60.343149839943905],[24.516135727835074,60.343173051371444],[24.516106832431017,60.343183830220724],[24.516075467174115,60.343192766297975],[24.516041578056395,60.343199139944176],[24.516006067964433,60.343202518871834],[24.515969922885,60.34320399947426],[24.51593384811767,60.34320503222557],[24.515926176796686,60.343205329061675],[24.515890029339978,60.34320707909115],[24.51585394943271,60.34320794104586],[24.51582207277081,60.34320572846131],[24.515789033663825,60.3431985444583],[24.515757826560478,60.34318943636315],[24.515723580166995,60.34318025350146],[24.51568903217264,60.3431750355265],[24.515653035753267,60.343172656086026],[24.5156367669138,60.343172082580374],[24.515600489223374,60.34317149449023],[24.51556440320784,60.34317243709972],[24.515528868857544,60.34317589629472],[24.515515584518308,60.343178262123885],[24.515483506712215,60.34318655593018],[24.51545416097789,60.34319705673152],[24.515398679626788,60.34322017543905],[24.51537196811115,60.34323035714555],[24.515340751855966,60.34323947549923],[24.515307699263836,60.343246762905004],[24.5152736562527,60.34325277415761],[24.515268241889842,60.3432536611069],[24.515233382628985,60.34325848929039],[24.51519811865356,60.343262681083324],[24.51505735907789,60.34327936387025],[24.515031892212445,60.34328319076944],[24.514997835462317,60.34328938135779],[24.514897261697545,60.34330959987262],[24.51488208026541,60.34331236136759],[24.514847767317455,60.34331810695703],[24.514812901784357,60.34332301576256],[24.51474238723579,60.3433312197075],[24.514706870047327,60.34333468798991],[24.51456429507751,60.34334711426469],[24.514538918556664,60.34334951444572],[24.51439723893225,60.34336446356847],[24.514365878013923,60.343367380649134],[24.514330107682188,60.34337012545037],[24.51425869575546,60.34337606658653],[24.514223555844456,60.3433805299369],[24.51418952001159,60.34338644223603],[24.514181310462142,60.343388094341016],[24.51414925021714,60.34339638816031],[24.514119022457386,60.34340632421266],[24.514090558188748,60.343417380189],[24.514077940303853,60.34342289344349],[24.514051661609194,60.343435238930866],[24.513974463240064,60.34347314141641],[24.513957544175522,60.343480631362944],[24.51392922902438,60.34349186975673],[24.513899744555918,60.34350227779886],[24.513869246836787,60.343511948238145],[24.513838323931257,60.34352125139513],[24.51380807102213,60.34352984842568],[24.513680467279368,60.34356392455387],[24.513648127047947,60.34357184471223],[24.513641136916636,60.34357342975882],[24.51360834657061,60.343581071996496],[24.51344332401749,60.34361787065642],[24.51343398195977,60.343620112386404],[24.513401346901084,60.343627856292784],[24.51324041978863,60.343668944384724],[24.513226728009716,60.34367237135882],[24.513130789841426,60.34369761598398],[24.51309957252377,60.34370673380439],[24.513071552652292,60.34371599227706],[24.513042354908507,60.34372667499155],[24.51298672105059,60.34374961919171],[24.512959714977868,60.343761510691984],[24.512878557647745,60.34379734425482],[24.512850800543486,60.34380886235953],[24.51283321103968,60.34381562995989],[24.512803863897528,60.34382613016682],[24.512773210174693,60.34383569862938],[24.512741574298477,60.343844359382395],[24.512708651658787,60.34385182824982],[24.512701064136987,60.34385340207186],[24.512666882746664,60.34385931126725],[24.512631877672902,60.34386413605302],[24.512596608290593,60.343868147404486],[24.51256830556626,60.34387112128619],[24.512532932369425,60.34387459169178],[24.512391230813144,60.343889547288306],[24.512372292741134,60.343891887870406],[24.5123374330708,60.343896706317175],[24.512164336557376,60.34392310261663],[24.512135951740788,60.343927152844955],[24.511960040156442,60.34394838481147],[24.511939864412454,60.343950792001785],[24.5119048615418,60.34395534714641],[24.511834625969705,60.34396390513702],[24.51179882061308,60.34396709776799],[24.511772599952717,60.34396867315043],[24.5117004880792,60.343971644388866],[24.511665354711322,60.343976008383265],[24.511657145572663,60.34397765136027],[24.511626515628585,60.343987139161214],[24.511600967719545,60.343999866166385],[24.511582615275533,60.34401235953724],[24.511565536425053,60.344028119648925],[24.511552816783674,60.34404494949409],[24.511542967667,60.34406406986282],[24.51153748748642,60.34408175385932],[24.511534908362435,60.3440996628351],[24.511534753911935,60.3441176261775],[24.511536760162464,60.344135540131376],[24.511538529301664,60.344144197036925],[24.51154353597943,60.34416269715445],[24.511562698658015,60.344215687906164],[24.51156943821042,60.34423333112814],[24.51159734588315,60.34430381398487],[24.51159875746718,60.34430717314139],[24.511624993990164,60.344359388985865],[24.51168843010523,60.344462435829925],[24.511694842034043,60.3444722486179],[24.511687540038338,60.34446412596331],[24.511632680590075,60.344521121142556],[24.51119486289381,60.34497690400878],[24.51161081445999,60.345476704008945],[24.5114523431012,60.3455855507563],[24.51075096008749,60.34575654777339],[24.50968477212933,60.345857916642],[24.509103794497282,60.346256951153926],[24.509151661068515,60.346479686128],[24.508089336784018,60.34690984343851],[24.507920101735,60.34697753936763],[24.507863055912015,60.34695877335853],[24.507848421211033,60.34695481596412],[24.507813078462405,60.346951898728676],[24.507777413581387,60.346955101937866],[24.507759912437685,60.34695853781524],[24.50772883532204,60.34696765705708],[24.507698743998194,60.34697787274589],[24.507666809714834,60.34698634708699],[24.50763360927516,60.34699336038541],[24.507614998354814,60.3469973234114],[24.507548438912547,60.34701152666483],[24.507524305333266,60.347015646659656],[24.507454061384376,60.34702421125617],[24.50741958788227,60.34702985316688],[24.507395130735333,60.34703631166899],[24.507368551895283,60.34704847959194],[24.507346402687556,60.34706269786068],[24.507325895106945,60.347077494873844],[24.50730275108617,60.34709287127482],[24.50727733770025,60.34710568086633],[24.507249299884386,60.347117012931754],[24.507220122149253,60.34712760496921],[24.507194357218346,60.347137183011405],[24.50716645730888,60.34714860747689],[24.50708718222607,60.34718547009331],[24.50707924211585,60.347189273795166],[24.50702742363005,60.34721434429254],[24.507002514237065,60.347226723110474],[24.506804071930564,60.34733311731106],[24.506778658162098,60.34734592680452],[24.50675253577842,60.34735828283194],[24.506722745632747,60.34737048024403],[24.506693255374913,60.34738088664741],[24.50663240517993,60.34740030792041],[24.506609679947545,60.34740805640004],[24.506524269697902,60.347441210389285],[24.506499018507164,60.34744998945492],[24.506467519841003,60.347458920843295],[24.50633735165751,60.347490426825686],[24.506306135681935,60.34749945331005],[24.506290770328917,60.3475048244978],[24.50623201641406,60.34752859681308],[24.506202093874126,60.34753872550926],[24.506140349091158,60.3475575099489],[24.50612110082857,60.347563877279846],[24.506092768197067,60.347575023918296],[24.506012169966635,60.34761114245121],[24.5060060202485,60.347613811867966],[24.50597724869912,60.34762477058707],[24.505947332844688,60.34763480952195],[24.505916534903758,60.34764429291594],[24.50589106543008,60.34765189098498],[24.50557241237268,60.347737172798524],[24.50556322466462,60.347739506722974],[24.505240447822924,60.34782084764761],[24.50522675347348,60.3478242737803],[24.504774712020424,60.34789320782155],[24.504533368894894,60.34793151893796],[24.504498482538438,60.34793661337208],[24.504393625376792,60.34795045560017],[24.504358355000104,60.3479546444763],[24.50432480921468,60.3479583267259],[24.50400430730754,60.347987784872934],[24.503968908214834,60.34799152207363],[24.503948113947324,60.3479939164773],[24.503738657344616,60.348022485180195],[24.50370351036373,60.34802695467863],[24.50363285436099,60.34803470107613],[24.503597057501384,60.348037712059515],[24.503561164517556,60.3480400834256],[24.503523642248513,60.34804171452223],[24.503487566773323,60.34804220496572],[24.503451288360182,60.34804179327489],[24.503415183987883,60.34804076500538],[24.503379129003875,60.34803909086731],[24.503343132595013,60.348036887814],[24.50312879987973,60.34801921760593],[24.50309315994638,60.34801638337568],[24.50305975392546,60.348013968379924],[24.502987701952566,60.34801009996681],[24.502843133965182,60.34800629790705],[24.502806851224054,60.34800570629556],[24.50273445552296,60.348004436400274],[24.50262598365991,60.348001770201726],[24.502589748272115,60.34800055958341],[24.502481793182792,60.347994929552925],[24.502445982872985,60.3479921907623],[24.502409906010836,60.34798890796621],[24.502374498823453,60.3479849280716],[24.502339586045835,60.34798040948317],[24.50202854337237,60.347932165695376],[24.50199621924162,60.34792769564955],[24.50192589583194,60.34791900823377],[24.501890475055944,60.347915207616076],[24.501819390312797,60.34790865281085],[24.50178358015739,60.347905913842716],[24.50167568413369,60.34789975425587],[24.501494908370756,60.34789439001823],[24.50145863265181,60.34789370833731],[24.501241490856906,60.347890975147735],[24.501224244355132,60.34789083068866],[24.50064484257522,60.347890890860924],[24.500608615563024,60.347891467504404],[24.500596688450162,60.34789169245321],[24.499945732339985,60.34790908941781],[24.499934880083106,60.347909244686534],[24.499609073401874,60.34791039441226],[24.499572777108675,60.34790998132411],[24.49953663936903,60.34790939154474],[24.49950036368759,60.34790870932978],[24.499319600224318,60.34790342320943],[24.49928353120161,60.34790193633799],[24.499259811854284,60.34790086139745],[24.49907918893465,60.347895397929385],[24.498835337758333,60.34789488928775],[24.498499719915067,60.34789419882832],[24.49848232174711,60.34789414099142],[24.498446140299926,60.34789435857702],[24.498409885768996,60.347895293430376],[24.498374247174517,60.34789812632598],[24.49834513939246,60.34790349856071],[24.498314214838373,60.347912708347124],[24.498286654203913,60.347923203130605],[24.498285441170705,60.347923656413975],[24.498274605443548,60.34792785427973],[24.498250772557192,60.34793654171622],[24.49824555082703,60.34793844670878],[24.498217665243814,60.347949869612776],[24.498208619043808,60.347954370640174],[24.498193070269938,60.347964480567796],[24.498186602514252,60.34796868875063],[24.49816920005237,60.34798264452055],[24.49813946607006,60.34797229338334],[24.496105067461187,60.34728030093938],[24.49305596560829,60.346223546400175],[24.49300539791317,60.346291934058556],[24.49190039964838,60.34613456710311],[24.49030757903659,60.34590771511342],[24.490152712085248,60.34588710376913],[24.489493916303218,60.34672360409307],[24.48941714416974,60.34673732704168],[24.489397299735458,60.34673938676393],[24.489362298458357,60.34674383726324],[24.489328389393204,60.34675011399978],[24.489299782911218,60.34676098245666],[24.489293859544958,60.34676446387744],[24.489275714381826,60.34678002147467],[24.489260881474095,60.34679635129071],[24.489250446503725,60.346807113729184],[24.489237558287968,60.34682384857759],[24.489236527055,60.34683136600128],[24.48924017527582,60.346849221614505],[24.48924661363367,60.346866860421194],[24.489254272347786,60.34688442345768],[24.489256694067397,60.34690054910238],[24.489254101785196,60.34691846653242],[24.489246787742186,60.34693602530035],[24.489237678079558,60.346953361512114],[24.48922793418316,60.3469706947295],[24.489206374924173,60.34700495373313],[24.489193034080248,60.34702168003048],[24.48918690112782,60.34702812194241],[24.489169803720554,60.34704395982616],[24.489133230913577,60.347074970839174],[24.489115085498252,60.34709052841231],[24.489107859556608,60.34709703951163],[24.48909138802324,60.34711298802092],[24.489076391269112,60.347129323707755],[24.4890635035231,60.34714604956704],[24.48905300612743,60.347163278711044],[24.48904542730035,60.347180742636944],[24.489040934122656,60.34719744736637],[24.489038776121156,60.34721537299499],[24.489038320311966,60.347233321787314],[24.48903862405957,60.34725129390743],[24.489038676432187,60.347258391618084],[24.489038673150297,60.34727634895652],[24.48903714868157,60.34729428654967],[24.48903151094269,60.34731196679738],[24.48902159511254,60.34732964709905],[24.4890084057455,60.347346286408936],[24.488988817560976,60.34736669459238],[24.48897721293613,60.34737875545135],[24.48896290111605,60.34739419676037],[24.48894867561903,60.34741063683261],[24.4889350274419,60.34742734831951],[24.488922283622426,60.34744408586839],[24.488876602193418,60.34751220503623],[24.488869256103573,60.34752428343396],[24.488840538379623,60.34757618492251],[24.488811771201934,60.34763909886533],[24.48877648773847,60.34771626283502],[24.488769192041243,60.34773381294385],[24.488765585203947,60.347742997507964],[24.488684285971797,60.34795459717188],[24.488679293719464,60.347967887834805],[24.488678503107167,60.34797227466594],[24.488665823572564,60.34804379291435],[24.488642342617844,60.34813271419928],[24.488635328786405,60.34815036844101],[24.488627115937263,60.348167820371174],[24.488617553045827,60.34818514798568],[24.488606772341395,60.348202281916315],[24.488594937427152,60.348219216269875],[24.488581741263342,60.348235936263336],[24.488577027680822,60.348241596473216],[24.488565500465015,60.34825853663646],[24.488556527279076,60.34827597420106],[24.488550129516412,60.348293631092574],[24.488546167887314,60.348311432814775],[24.48854433604648,60.348329355614965],[24.488544371739323,60.34834067511157],[24.488545587196853,60.348358574622935],[24.488546795755525,60.34837656383591],[24.488546491357855,60.34839442565569],[24.488543037457067,60.348411518312794],[24.488534071805102,60.34842885720341],[24.488521338579183,60.34844568475143],[24.488506202998593,60.34846192792846],[24.488455068974933,60.34850946229871],[24.488439024628683,60.34852549965564],[24.488426463133255,60.348540093624415],[24.48841582771191,60.34855722130277],[24.488407307596617,60.348574658433925],[24.488386460905737,60.348627436159404],[24.488378240897145,60.348644977773084],[24.488366717636055,60.34866398413039],[24.48835291950673,60.34868051306896],[24.48833672951908,60.348696556646935],[24.488300755011004,60.34872776740742],[24.488294859370313,60.34873276747205],[24.48819380613689,60.34882804764391],[24.488180295093546,60.34884107854437],[24.488163503274123,60.34885693106969],[24.488109990758918,60.34890379156228],[24.488071019359257,60.34893412817785],[24.488054368184056,60.348946030742454],[24.488011253120796,60.3489748517472],[24.487988491880856,60.3489888846671],[24.487965298774384,60.34900263992829],[24.48794166689965,60.34901620723204],[24.48792364498627,60.34902636809374],[24.48789971224314,60.34903983987409],[24.487875924987318,60.349053305415985],[24.48785273109728,60.34906706962698],[24.48783057208286,60.349081284580365],[24.487810938844326,60.34909636472325],[24.487797468258517,60.34910886634369],[24.487782777655767,60.34912520768498],[24.487756383731384,60.34915864749554],[24.48774184841212,60.34917509058192],[24.487725741394275,60.34919004869264],[24.487704767477187,60.34920464534643],[24.487680834512236,60.34921811708572],[24.487654841396235,60.349230561742566],[24.4876279595612,60.34924254044209],[24.487603774162096,60.349253402271906],[24.487577643073728,60.34926575447535],[24.4875526702819,60.349278838233374],[24.487530517204796,60.349292972403305],[24.4875202836439,60.349300863903586],[24.48750394880681,60.34931689566776],[24.48749105867759,60.34933363032961],[24.487470550209633,60.34936808860502],[24.487468967340774,60.34937075365275],[24.487458330447367,60.349387890218],[24.48742478688503,60.34943908040578],[24.487417775852194,60.34945079675337],[24.48740805453021,60.349468049431714],[24.487388143954995,60.34950251001122],[24.487377711471044,60.34951722497087],[24.48733437180117,60.349566613044075],[24.487330650063843,60.34957139363796],[24.48731850623594,60.349588322052114],[24.487308032111837,60.34960546168274],[24.48729800432362,60.34962269059612],[24.487295029068594,60.349627664959854],[24.48728363169514,60.34964478714142],[24.487272857386674,60.34966182228163],[24.487265697648002,60.34967947370411],[24.487263977711567,60.349691927842365],[24.48726702775166,60.34970977220875],[24.487272373204814,60.3497274713064],[24.48727589391696,60.349745324567124],[24.48727402952967,60.349761539934406],[24.48726385616318,60.34977877507783],[24.487251266562083,60.34979560523069],[24.487242443957808,60.34981295573138],[24.4872431228178,60.34982580554662],[24.487258374130516,60.34984199402201],[24.487278750325586,60.34985684203329],[24.487296646256578,60.34987235284243],[24.487300600726243,60.349878446313284],[24.48729785797901,60.349896181208024],[24.487282721793342,60.3499124152646],[24.487263827391413,60.34992777879295],[24.48725142016702,60.34993823432422],[24.48723552984274,60.34995437327542],[24.487222339166877,60.34997100341996],[24.487199413070446,60.3500050656262],[24.487188852623003,60.35001932001203],[24.48717400957102,60.35003574824427],[24.487157518168715,60.35005168718045],[24.4871405622948,60.3500675364881],[24.487128228144833,60.3500791612053],[24.487112174765606,60.350095297061586],[24.487097646980292,60.35011163242913],[24.487084586491218,60.35012845366891],[24.487073666401354,60.35014549502338],[24.487067887989692,60.35015697413797],[24.487061043366474,60.35017453269143],[24.487056012611827,60.350192314172666],[24.48705159734464,60.35021010728609],[24.487046875016087,60.35022788561289],[24.48704395867225,60.35023798150669],[24.48703725124516,60.35025564146722],[24.48701154866391,60.35030786909145],[24.487006351348725,60.350317921875],[24.48699752156192,60.350335362058],[24.486989470877123,60.35035280798216],[24.486982455647414,60.35037046212295],[24.48697763886672,60.350385462855165],[24.486960097987804,60.35045671841982],[24.486956044475964,60.35046769113912],[24.48694707739217,60.35048502990926],[24.48693645864174,60.35050215779823],[24.486924596993735,60.350519181346684],[24.486900478007907,60.350552951466234],[24.486893563209936,60.350563411961495],[24.4868835342065,60.35058064980841],[24.486874422228187,60.35059798583569],[24.48685753386805,60.35063297059461],[24.486851520698167,60.35064561307953],[24.48683190894375,60.35068017805051],[24.48682083680143,60.35069730634512],[24.48680853625532,60.350714141924996],[24.486795048492638,60.35073085624901],[24.486786833060965,60.35074031298762],[24.48675519665455,60.35077258453309],[24.486738396225476,60.35078852656539],[24.48672145786098,60.3508043761566],[24.48671274926337,60.35081246710681],[24.486696093617322,60.35082841187084],[24.48666280106966,60.35086029276431],[24.486647652421716,60.35087455920084],[24.486612583306165,60.350905966325186],[24.48659606617228,60.35092199454473],[24.486584744335854,60.35093435700787],[24.4865715460157,60.3509510767826],[24.48655881076709,60.350967904124644],[24.486551224525705,60.350977193079586],[24.486535779011966,60.350993430196134],[24.486518823028444,60.351009270447484],[24.486501739615395,60.351025117271206],[24.486486062269552,60.35104036184846],[24.48642862937345,60.35110627284586],[24.486418872347787,60.35111596991791],[24.48640058543547,60.35113143465119],[24.486380512208193,60.35114631763852],[24.486339310038048,60.35117590194958],[24.48632423369364,60.35118710644908],[24.48630401488007,60.35120199565659],[24.48627919134632,60.35121311469922],[24.486243863037537,60.351213973963425],[24.486211347816266,60.35120608286712],[24.486181272490025,60.35119617175481],[24.48615841420045,60.35118765472655],[24.486129482981035,60.35117677708047],[24.48610804537851,60.35116982302945],[24.48607568196815,60.35116184493711],[24.486041324363015,60.351155985100746],[24.48601925506839,60.351153232211765],[24.485948023794876,60.35114640568749],[24.485932615554404,60.35114449738232],[24.485864380659432,60.3511324273793],[24.48582982303309,60.35112728236129],[24.48579394793855,60.35112535535767],[24.485784595211232,60.35112579835213],[24.485750712829567,60.351131895080115],[24.48572063161033,60.35114183661965],[24.48566239873181,60.351164442142554],[24.485631747683502,60.35117401355954],[24.48556870954305,60.35119168623216],[24.485538621304876,60.3512017174311],[24.4855121946212,60.35121387501844],[24.485495023949643,60.35122684544592],[24.485484240568923,60.35124397910006],[24.485477087097557,60.351261531742885],[24.485472711674003,60.351270791527895],[24.485461181745773,60.35128773139857],[24.485457217414513,60.351291653953325],[24.485444970918024,60.35130377425979],[24.485426375683726,60.351319233035234],[24.485406602745858,60.351334211393144],[24.48540092369911,60.3513385057628],[24.485381150046816,60.35135349308687],[24.48536150807502,60.35136865357932],[24.48532300113958,60.35139900721723],[24.485315356126893,60.35140505206014],[24.485296622855437,60.35142041837622],[24.485278617985855,60.351435978129565],[24.485262117339087,60.35145201548912],[24.485249388817817,60.35146874402785],[24.485241529132242,60.35148746010277],[24.48523924889006,60.351505293546666],[24.485238772770447,60.35152324195983],[24.485236014924077,60.35154115620298],[24.485226518024675,60.35155947300211],[24.485208531147066,60.35157503308738],[24.485188155563076,60.35158982933711],[24.485170314169135,60.35160538318592],[24.485163560828248,60.351615855636624],[24.48516491933682,60.35163375789939],[24.485172432075633,60.35165131841375],[24.48517789346397,60.35166750163366],[24.485177126958536,60.35168545353787],[24.48517467682265,60.35170337359968],[24.485176215979077,60.35171704819118],[24.485188667009492,60.351733812764586],[24.48520435265097,60.35175000968784],[24.48521543821995,60.35176072968958],[24.48522819773859,60.35177749110987],[24.48523692970241,60.35179499382916],[24.485241965914,60.35181269614836],[24.48524593899233,60.35183054904171],[24.485248438233743,60.35184164564432],[24.485253033061095,60.3518594294472],[24.485257302027712,60.3518772070871],[24.48526020009617,60.35189512948082],[24.485260711668552,60.351910141099765],[24.485258262249566,60.35192805219261],[24.485253230220835,60.3519458335937],[24.485239385791132,60.35198104642063],[24.48523446058387,60.351993439921415],[24.485206111101817,60.35208208897269],[24.485203971381818,60.35208797741714],[24.48519634617503,60.352105530108815],[24.48518737077799,60.35212295844923],[24.48517705071689,60.35214019067703],[24.485165212553152,60.35215712469656],[24.485151711454385,60.35217375776821],[24.485141553498114,60.352184884483414],[24.485072559933194,60.352248061003074],[24.485056072586758,60.35226391892952],[24.485041072086016,60.352280245152734],[24.485027426040894,60.35229687547151],[24.484989026068433,60.35234959023623],[24.484950041008062,60.35239977862842],[24.48493981643039,60.35241153289363],[24.48492481580219,60.352427859102605],[24.48490877826088,60.35244399501638],[24.484891374343405,60.35245974575572],[24.484881438055815,60.352467993038324],[24.48486180139055,60.35248307271797],[24.484840986296955,60.35249768094476],[24.48481882361833,60.352511895367314],[24.48479576457126,60.352525742486336],[24.484771827950542,60.35253921367374],[24.48475287909413,60.35254936558808],[24.484728648493384,60.3525626515432],[24.484706347801012,60.35257677350542],[24.484689396314867,60.35259253277844],[24.4846816439793,60.35261008303974],[24.484681060431782,60.3526136562985],[24.484681357714045,60.352619680666805],[24.48468197038286,60.35263172974587],[24.4846796716357,60.35264956283256],[24.484661472882163,60.352663861196675],[24.484654400812648,60.35266434725919],[24.484652112097205,60.352664402779986],[24.48463974878961,60.35267826355202],[24.484649707463213,60.35269560985002],[24.484654958698446,60.35270487205011],[24.48466044801566,60.352722573979534],[24.484658782892943,60.352740419051784],[24.48464830632538,60.35275755845077],[24.48463419677143,60.35277408115016],[24.48462644398382,60.35278363635112],[24.484615659614505,60.35280076992526],[24.484608033916242,60.35281832257851],[24.484602694305163,60.35283608915767],[24.484598585080448,60.35285388799483],[24.484595720122396,60.35286918608991],[24.484589768956365,60.3529050063177],[24.484588306870158,60.35291386304565],[24.484589680808778,60.35297532514931],[24.484583669947938,60.35299192019694],[24.484537371940586,60.353115344931574],[24.484532083213722,60.35312845018952],[24.484497663463724,60.35321654410514],[24.484487906607193,60.35325210368789],[24.484481944742043,60.35328782489399],[24.48448154381764,60.353293027566174],[24.484480426462927,60.35340069704396],[24.484476738811896,60.353436551103954],[24.484472912194345,60.353454445116014],[24.484469673832383,60.353464705552206],[24.484463127250297,60.35348236844493],[24.484454910765127,60.353499820082774],[24.48444518040252,60.35351715324907],[24.48443395067686,60.35353417957093],[24.484421202099014,60.35355091664566],[24.48433676743704,60.353650182679814],[24.484278509802266,60.3537167958947],[24.48420008139841,60.35381716363457],[24.48419183378631,60.353829134916396],[24.484180440183902,60.35384616710197],[24.48410962419627,60.3539667922066],[24.484107663903377,60.35397034839843],[24.483985832697023,60.35421414709191],[24.483979845714746,60.354228308120675],[24.48393599392003,60.35433382154253],[24.483910137487737,60.35438605471765],[24.483878372814104,60.35443754727103],[24.483853324337367,60.35447129931134],[24.483840141255165,60.35448801913214],[24.483830406350222,60.35450328603684],[24.483821882162278,60.354520722835446],[24.48380757052178,60.35455584584648],[24.4838062119033,60.354559593083486],[24.483798303260933,60.354577041528216],[24.483789024843695,60.35459438320457],[24.483757277874002,60.35464587606773],[24.483748619063768,60.35465917804188],[24.48376827755304,60.35470922713621],[24.483770700589947,60.35471519291591],[24.483789364313647,60.35476826848817],[24.483792720646562,60.35478611873712],[24.48379363705104,60.35480410248137],[24.483793277112213,60.35481065340799],[24.48379068109798,60.35482857068983],[24.483786101107903,60.35484635161533],[24.48375943084015,60.354916895098654],[24.48375745360899,60.35492278659814],[24.48375196832056,60.35494055039232],[24.483736836919114,60.355011941038136],[24.48373492576178,60.35502285539752],[24.483715480823303,60.35518406830278],[24.483711860662837,60.35525666491939],[24.48370803338836,60.3552745589011],[24.48370193933705,60.3552922213422],[24.483693124484333,60.35530966161743],[24.48368159215784,60.35532660131005],[24.483671550570143,60.35533808047448],[24.483622638342148,60.35538619420807],[24.483610849966432,60.35539845778495],[24.483596618891905,60.355414888258615],[24.483583554417777,60.35543170911825],[24.48357156935008,60.35544864023495],[24.4835609290504,60.35546576747937],[24.483551342447683,60.3554831033101],[24.483505824404755,60.355588315585635],[24.483503957737383,60.35559277186192],[24.483432422373195,60.35575039384015],[24.48337864477055,60.35589146342865],[24.483376138287895,60.35590021953212],[24.48335614891883,60.3559713385423],[24.4833497467379,60.35598899513849],[24.483341974726056,60.35600654496154],[24.483332695641963,60.356023886598656],[24.483321765327695,60.35604100833819],[24.483309153102184,60.35605783773348],[24.4832999727063,60.35606825518734],[24.48323591697383,60.35613261129165],[24.483221213935227,60.35614904178105],[24.483208312610873,60.35616585671311],[24.48319814194242,60.35618300180384],[24.483191594092116,60.35620066461985],[24.483190563476775,60.35620603503587],[24.483189325645103,60.356223969030424],[24.483192660235503,60.35627784152404],[24.483192204413832,60.356283752827544],[24.483189137175053,60.356301661181725],[24.483170070542837,60.35637279763256],[24.483168539130805,60.356380664883716],[24.48315522017574,60.356470146015035],[24.48315096549844,60.356487933079414],[24.483144852105575,60.356505604116215],[24.483136790846714,60.35652313947155],[24.48312631221952,60.356540278729426],[24.483112946842756,60.356556995039135],[24.483106496136642,60.356563520519266],[24.48305385429,60.35661058431251],[24.48304939899936,60.35661498260543],[24.48303439475532,60.35663131754425],[24.483021354514083,60.35664804898272],[24.483010405713728,60.356665170350205],[24.48300142714722,60.35668260748748],[24.4829874145097,60.356717825915695],[24.48297246544347,60.356771064889436],[24.48296873868378,60.35678788277217],[24.482959706993043,60.35684151222515],[24.4829557019287,60.3568953266516],[24.482957523379362,60.35693119512235],[24.48296330586979,60.35696695890149],[24.482966227027376,60.35697869235489],[24.48299313069695,60.35706740763448],[24.483000144489136,60.35710319471571],[24.483001502655757,60.35712108801116],[24.48300072783325,60.35713912958241],[24.482987716560764,60.357228607538836],[24.48298678568506,60.3572465563242],[24.482987539413053,60.35726452801118],[24.48299044286449,60.357282369705466],[24.482996257212438,60.35730008683048],[24.483003897174154,60.357315763389],[24.482900386926076,60.35732549135037],[24.478431050970578,60.35775060087793],[24.480693153905154,60.35588057120349],[24.481631512051013,60.355104642670796],[24.4817961921185,60.35347301481339],[24.482600449518774,60.35154085417358],[24.48264319809175,60.35141085898258],[24.482839753088115,60.350813028403444],[24.482917704069703,60.35020033099057],[24.48336742469325,60.34910707103777],[24.48211135166013,60.34769742317807],[24.48207952774038,60.34739384358102],[24.482004490741097,60.34667840949268],[24.481797272740206,60.34620276710427],[24.481595027016688,60.34593371574239],[24.480772096356176,60.34598862543735],[24.476688913272643,60.34672958387918],[24.47498534647298,60.347483760028204],[24.474652655571553,60.347346106368015],[24.474478547154398,60.34727406846635],[24.474180165795882,60.347150603029164],[24.470195725269583,60.345514276900346],[24.469558880550842,60.34584623428991],[24.46940311611153,60.34563808285528],[24.469331781791674,60.34554273316975],[24.469117846923176,60.34527244178629],[24.468784047775742,60.34485715081723],[24.468501777609543,60.3444971888384],[24.468484489597913,60.344475156076584],[24.46846126374102,60.34444554515055],[24.468461629899167,60.34444549822321],[24.468443367268048,60.34442224313893],[24.468798188212393,60.344290764592394],[24.469948151747094,60.343853968586195],[24.47113955690251,60.343390462533904],[24.471033313985558,60.34280920993663],[24.471028079617348,60.342780372914106],[24.470958741844512,60.34240649111461],[24.470863008176615,60.34192037326585],[24.4708003781784,60.341590277565096],[24.47056955145682,60.3403749778164],[24.47080374890178,60.34028015972944],[24.472626800188262,60.339542056207115],[24.472814458004773,60.33946861938421],[24.47364460703689,60.340057215828224],[24.472531040374964,60.34097997328914],[24.472035004962407,60.34087434881364],[24.471810525805545,60.34123156624887],[24.472334384715094,60.341296469411205],[24.47213358507152,60.34175941239397],[24.474431051367933,60.341875331240985],[24.4745517700317,60.341649503942676],[24.474670764684873,60.34144313745041],[24.475183723123344,60.34117440897992],[24.475630372527473,60.34100326215434],[24.47596697330871,60.34086558915157],[24.476485706058835,60.34067972814513],[24.477939125008355,60.339952232885445],[24.47878435710677,60.34048435286699],[24.47880706202768,60.34047571939027],[24.481012347535653,60.33963670150771],[24.481062292973665,60.339617696165824],[24.48155427640411,60.339434471199915],[24.48163669319377,60.33940377379625],[24.482436057162445,60.339091431446725],[24.48175659116956,60.338776231135085],[24.481679078484536,60.33873817404678],[24.481998252701516,60.33855297631468],[24.48238598351256,60.33832071958131],[24.482538167043423,60.33822443591239],[24.482575853025285,60.33820150576075],[24.4825940113551,60.338190458909985],[24.482823874069226,60.33805056815504],[24.48310602836964,60.337859501545275],[24.4833232604771,60.337698610603006],[24.483373472092815,60.337679151338165],[24.483395290052243,60.33767069795398],[24.483433323059987,60.33765594887545],[24.484020658662597,60.33742823887105],[24.48431603533675,60.337270271732706],[24.48510286848777,60.33684944730793],[24.485102081383328,60.33684366519106],[24.485070112843385,60.3366109070777],[24.485214278522534,60.33641518631558],[24.48546283844659,60.33629221902865],[24.485929892672317,60.33587977653559],[24.486285718975164,60.33548957366302],[24.486486173480507,60.335298563302246],[24.48670174162352,60.33509314189626],[24.486070175111642,60.33492957105812],[24.48508559949428,60.334674561900954],[24.48497534263919,60.33464600221296],[24.485343509900762,60.33449845648442],[24.486730772317088,60.33395220279014],[24.488825882083198,60.333121983930646],[24.48814924340591,60.332699654070026],[24.48913274886252,60.33245863099047],[24.48908165835383,60.331877647035775],[24.48901786571414,60.33101897659914],[24.48867341958004,60.33116485104226],[24.488398604568438,60.331286860501216],[24.487737788475794,60.33155637267607],[24.487119434754597,60.33181972250739],[24.48707325601036,60.331792079456314],[24.487691254777925,60.33152886686307],[24.488321514372526,60.331272899099304],[24.488625762181726,60.331137818402816],[24.48893841044407,60.331005617659855],[24.489569347374367,60.330728780035265],[24.490175146066598,60.330485403396644],[24.48871476789542,60.32955102578167],[24.488716961106118,60.32955007008571],[24.4887366999966,60.32954146882061],[24.48881575596039,60.32950457727936],[24.488890938871105,60.32946574400891],[24.4890097718172,60.32939808179526],[24.48901473920377,60.32939521118326],[24.489022460792675,60.32939068579525],[24.48904916968316,60.329378613900126],[24.48905340253946,60.3293770499417],[24.489078032254696,60.32936775050536],[24.489107253354153,60.329357172357454],[24.489124056737623,60.32935093206331],[24.48915192941866,60.329339510959436],[24.489178500382934,60.329327346601616],[24.48920288762685,60.32931577879315],[24.489228852932104,60.3293032436555],[24.489255723806547,60.32929118376387],[24.489281787946876,60.32928160595979],[24.48934433117755,60.32926366218206],[24.489365310087138,60.32925660241456],[24.48939158645043,60.329244261769766],[24.489414170998263,60.32923021643801],[24.489477683453938,60.32918409261132],[24.48950114422202,60.32917043212856],[24.489527126699386,60.329157906242926],[24.489554135870687,60.32914592975482],[24.48957668324182,60.32913637529976],[24.48966077419185,60.329102309278284],[24.489689515881775,60.32909136262393],[24.489719006009665,60.329081049941216],[24.489748090367307,60.32907153807712],[24.489873214902413,60.32903537230951],[24.489906217167228,60.32902485642209],[24.489935409091512,60.329014178732635],[24.490023523304583,60.328979379984375],[24.49005285298795,60.32896879470376],[24.490083205411473,60.328959046203224],[24.490114683610457,60.32895020829349],[24.49014745144812,60.328942742211815],[24.490179314758056,60.32893714551464],[24.49028454047726,60.32892369044078],[24.49031799486397,60.328916955938816],[24.49033549302904,60.32891180660151],[24.490363364914714,60.32890038523804],[24.490389779143626,60.32888812785595],[24.49041667065846,60.32887767612258],[24.49044915078824,60.32886994402261],[24.490483725734556,60.32886465896854],[24.490513940265924,60.328860477356955],[24.49054810356314,60.32885465450455],[24.490581153774546,60.32884728348199],[24.490611786609538,60.32883789050358],[24.490629110602516,60.32883076153472],[24.49065362096133,60.328817578817905],[24.49069790241724,60.32878922843612],[24.490710045472394,60.32878209147133],[24.490736304235323,60.328769732272534],[24.490766231553163,60.32875961626642],[24.490791258791088,60.328753620865726],[24.490860264788033,60.32874279632868],[24.490884006021602,60.32873750427191],[24.490912182540526,60.32872635804476],[24.490936675304997,60.328713165962675],[24.490960160105395,60.32869941585522],[24.490985265347664,60.32868650482338],[24.490996600356063,60.32868186787663],[24.491028364237717,60.328673313629196],[24.491062403185783,60.32866721880448],[24.491096853068274,60.32866167072086],[24.49111200531574,60.328658992297065],[24.491144917364917,60.32865152869807],[24.491175831733965,60.32864223972357],[24.491204446568897,60.32863128137468],[24.49122708451936,60.32862030002992],[24.491250123747264,60.328606451630606],[24.491296697514947,60.32857607819198],[24.491343796860576,60.32854876894808],[24.491355234965443,60.32854089996437],[24.491371551087564,60.328524948338284],[24.491375253420394,60.32852061645102],[24.491400555479416,60.32848696684074],[24.491413079378223,60.328470853799125],[24.491428065487117,60.328454526717685],[24.49144435141547,60.32843920333786],[24.491463068373676,60.32842383600919],[24.491475787235284,60.32841320639657],[24.49152717417098,60.328365675977835],[24.491547393637674,60.3283507951403],[24.49156983811307,60.32833666596769],[24.491574302892793,60.32833396544245],[24.491597641737215,60.32832022145702],[24.491619184891665,60.32830579678595],[24.49162605034529,60.32829990761505],[24.49163756799447,60.328282976057615],[24.491639358602644,60.3282773504343],[24.49163830404991,60.328259462939236],[24.491634413945167,60.32825255330146],[24.491615432633672,60.32823738175356],[24.49159102076071,60.328225692005624],[24.49156193814047,60.32821490224956],[24.491543033088117,60.328208886014764],[24.49151118381183,60.32820038864501],[24.491481603437236,60.32819443142298],[24.491446905553328,60.32818929388855],[24.491420200918206,60.32818339991511],[24.49139207544556,60.32817217902668],[24.491372240835535,60.328164348580145],[24.49133922600954,60.32815734732928],[24.49130343151901,60.32815469537147],[24.491288191669742,60.3281545065181],[24.491215912660277,60.328152055182095],[24.491179748758928,60.328152091179106],[24.491172421063503,60.3281524379474],[24.491143001736848,60.32815382296763],[24.491107640890814,60.328157557218795],[24.491092084501453,60.32816007529555],[24.49107333626829,60.328163108040926],[24.491040887110646,60.32817021204362],[24.49103674096535,60.3281711219253],[24.491019796174026,60.328175913484166],[24.490973888205524,60.328188889939184],[24.490944109746593,60.32819731096961],[24.490921094101278,60.3282028323276],[24.49091839983642,60.32820347316974],[24.490911478101854,60.32820513913604],[24.490897748826853,60.32820769168453],[24.49087773337458,60.32821141913546],[24.490856560768613,60.3282141725172],[24.490844611215564,60.328215725591555],[24.49083078676215,60.328216686308785],[24.490808876347796,60.32821819505425],[24.490804234129385,60.32821825114168],[24.49077268413391,60.32821859871833],[24.490753057521463,60.328217734090146],[24.490740310346034,60.32821717002558],[24.49071732830962,60.328214939475856],[24.490704721874312,60.328213722290975],[24.490634448911273,60.328205199934004],[24.490610815629214,60.328202957069436],[24.490589609966552,60.3282016583582],[24.490574823204785,60.328200759321575],[24.490538165537036,60.32819755186689],[24.490523658525646,60.32819489739799],[24.490470311682216,60.32818513147091],[24.490464038531957,60.328184249446664],[24.490460651099845,60.32818377225645],[24.490456277641133,60.32818315966588],[24.490422484902478,60.328181335790326],[24.490420428086637,60.328181225086524],[24.490384344301663,60.32818234036525],[24.490376316060054,60.32818284454244],[24.49036564814838,60.32818351447107],[24.49032964916968,60.32818635611238],[24.49029412329615,60.32818917074513],[24.490274922332798,60.32819078446606],[24.490263563018022,60.328191728792945],[24.49021891569495,60.32819489218351],[24.49015619985344,60.32819931335398],[24.490145886165315,60.32820008876978],[24.490132274652968,60.32820110733509],[24.490061268343034,60.32820803092667],[24.490044973919364,60.328210013917975],[24.490014744936925,60.328213683100486],[24.489990897782842,60.328216583465064],[24.48998163713705,60.32821780096672],[24.489967013929906,60.32821972567903],[24.489915424105472,60.328226710464016],[24.489897171404962,60.3282291864619],[24.48988437774593,60.32823064265938],[24.489861935084903,60.328233183249296],[24.489842908091198,60.32823489002622],[24.489826289039666,60.328236381766466],[24.48981718102741,60.32823702721417],[24.48981525101906,60.328237152459494],[24.489807293914698,60.32823790947606],[24.489778987991276,60.32824059982411],[24.489774712071366,60.328242019258816],[24.489755416499865,60.32824840120314],[24.489748984870737,60.328250525527196],[24.48974892922069,60.32825054244251],[24.489734592189087,60.328256523962615],[24.489718120464385,60.328263408398435],[24.489718046034554,60.32826343394225],[24.48970297019531,60.328267712660974],[24.489686858535933,60.32827226825926],[24.48966370960801,60.3282748044594],[24.489652564751918,60.3282760222817],[24.489628138608726,60.3282751386975],[24.48959925028383,60.32827408997464],[24.489580442748526,60.32827341132567],[24.48957307900253,60.32827399088886],[24.48954156547912,60.328282351887154],[24.48954147295847,60.328282377089145],[24.48951453152553,60.32829560351274],[24.489508163102226,60.32829949871197],[24.489491792441395,60.328309547119915],[24.489477496506492,60.328322302730655],[24.48947424862703,60.328325196855616],[24.489471876334264,60.328328484814946],[24.48946804902797,60.328336326727054],[24.48946336232399,60.32834592209782],[24.489456342260485,60.32835782699297],[24.489445534010716,60.32836645332284],[24.48943733133577,60.32837299985016],[24.489423508485636,60.32837912579908],[24.489410492476285,60.32838488969311],[24.489396580719614,60.328389343082605],[24.489390005692506,60.32839144671464],[24.48937999497869,60.32839464427914],[24.48936005004328,60.328400986951635],[24.489352789114545,60.32840329322191],[24.489262561769642,60.32843400915205],[24.489253697126774,60.32843643783545],[24.48919913813358,60.32845140623152],[24.489194029987893,60.328452809925984],[24.489188012650715,60.32845449288993],[24.489187920129297,60.32845451809166],[24.48913731604243,60.32847059424787],[24.489127084055458,60.32847384151283],[24.489117366189138,60.328476999674635],[24.489102205742213,60.32848190555379],[24.48908836937374,60.32848584829314],[24.48907086556258,60.328490835661576],[24.489043447652932,60.328497055069484],[24.489037953215334,60.328498298745316],[24.489030512727865,60.32849964040239],[24.48902759149427,60.328500169120254],[24.489017631398312,60.328501292492525],[24.48901207528773,60.32850192414364],[24.48899233668986,60.328504165332774],[24.488961490738557,60.32850477731479],[24.488957354329486,60.32850485187796],[24.488933750578106,60.32850316623361],[24.48892155208562,60.32850229794981],[24.488906064878464,60.328500846501775],[24.488891422422924,60.32849948287839],[24.488855197544975,60.32849747790615],[24.488819566908678,60.328495520084815],[24.488814551302827,60.32849501208902],[24.48880518393404,60.3284940805057],[24.48877512997564,60.328489101883676],[24.488757670579883,60.32848620278927],[24.48873663302514,60.32848271505603],[24.488723369284052,60.32848085643868],[24.488712416998194,60.32848003863261],[24.48870050935119,60.32847915785755],[24.488687556578967,60.32847820343386],[24.488662988322286,60.32847822429311],[24.48865141042183,60.32847823908263],[24.488619015058507,60.32847897442202],[24.488582795655855,60.3284797273252],[24.48854670465274,60.32847904533058],[24.488525952053003,60.32847703619547],[24.488521467125768,60.32847622380416],[24.488491945968008,60.3284709138234],[24.488457733179978,60.32846370955061],[24.488456103471744,60.32846346315628],[24.488423194710943,60.328458385589265],[24.488409338470255,60.328456928971256],[24.488387790427463,60.32845466223543],[24.48831637983229,60.32844891991586],[24.488310173702683,60.32844834448576],[24.48827476445372,60.32844445032657],[24.488256232423378,60.32844183632326],[24.488240065614463,60.32843956346376],[24.488183859695233,60.328430227675234],[24.48816686522691,60.32842740915467],[24.488144074884318,60.32842362768614],[24.488132661969114,60.32842173212344],[24.488122147546044,60.32842016795365],[24.48809798317331,60.32841658508843],[24.48807117460396,60.3284136978497],[24.48806258586992,60.328412771946645],[24.488045096111247,60.32841309715794],[24.488026680969067,60.328413440809484],[24.488015848656328,60.328416011885565],[24.48800352203365,60.32841893201222],[24.4879927556973,60.32842535813321],[24.487983356018727,60.3284309746454],[24.48798050725449,60.328432681511494],[24.487963280700956,60.328448435869404],[24.487947458768563,60.32846194402053],[24.48794742120793,60.328461961277036],[24.487941141480164,60.328465642483124],[24.48792410503895,60.32847562422157],[24.487908660549923,60.32848257277138],[24.487897251759016,60.32848769315857],[24.48788245581363,60.32849374665907],[24.487869379379966,60.32849911400248],[24.487869284788562,60.32849916611382],[24.487839374037502,60.32851306372352],[24.487839317006763,60.32851309857836],[24.487833271907164,60.32851702676142],[24.487817461599057,60.32852731912621],[24.487796998210857,60.32854322787811],[24.487778539689526,60.32855756652812],[24.487778444408164,60.328557627609584],[24.487774172927875,60.3285606370948],[24.487751752348345,60.32857466728504],[24.487728273199835,60.32858832711635],[24.4877207931725,60.3285930097103],[24.487705833801034,60.32860236592673],[24.487705203011163,60.328602794180576],[24.487702332837454,60.32860477911607],[24.487702293897183,60.32860481431285],[24.487684106979334,60.32861962521203],[24.487664682919778,60.32863544579284],[24.487664605728778,60.328635507216205],[24.487660458794327,60.328638546001976],[24.487650823390446,60.328645577384336],[24.487650785139756,60.32864560361091],[24.487626924452588,60.3286590406158],[24.487626886201877,60.32865906684238],[24.48760370738112,60.328670468559466],[24.487575520506386,60.328684326834754],[24.487572835047516,60.328685794232825],[24.48756755941119,60.32868866794749],[24.48755937893969,60.32869374153651],[24.487554260758866,60.328696923656636],[24.48754495774623,60.32870269468161],[24.487531441561032,60.3287123656247],[24.48752429018699,60.328717485615655],[24.487512088472243,60.3287263190171],[24.487504643657886,60.32873172092268],[24.48750458662639,60.32873175577742],[24.48750046327346,60.32873472313854],[24.487484089435192,60.328746451110895],[24.487476485340853,60.328752981889345],[24.487472742048453,60.32875618999824],[24.4874659536353,60.32876200855564],[24.487462243128647,60.328772565556186],[24.487460365300162,60.32877790202055],[24.487459920870666,60.3287792051685],[24.487459900710547,60.32877923173705],[24.487462143757345,60.32878823040928],[24.487464697897067,60.328798366848005],[24.487453643284443,60.328815136145],[24.48745358763224,60.32881515305933],[24.487442949132493,60.32882062035093],[24.487440892384747,60.328821686404204],[24.487428537253322,60.328828037530236],[24.487401972667833,60.32883658142579],[24.487398201576895,60.32883779473288],[24.487392747498163,60.328839218769495],[24.48735927451612,60.328845952190086],[24.48729012575169,60.328856493747345],[24.48728121024754,60.32885816675043],[24.487266266417734,60.32886095648145],[24.487266137711877,60.32886098099779],[24.48726276859617,60.32886191443796],[24.48723450292572,60.32886972544882],[24.48722029769954,60.32887516122216],[24.487205886570212,60.32888068293327],[24.487203969554077,60.32888158094372],[24.487179608998293,60.32889303211351],[24.487165464942713,60.328900499245144],[24.48715479654909,60.328906118664115],[24.487147818308294,60.32891016392315],[24.487144424815746,60.32891212098645],[24.48714432953216,60.32891218206744],[24.487125542016084,60.328923253503675],[24.487121101090302,60.328925873487016],[24.487106361849985,60.328934012084005],[24.487096882300058,60.32893924973158],[24.487086388653598,60.32894401006035],[24.48707902933181,60.328947356402814],[24.487067258500463,60.3289515266389],[24.4870496951172,60.328957752305755],[24.487030548916408,60.328963121586455],[24.487013680329962,60.32896785120506],[24.48694893084594,60.328983847736026],[24.48694883832134,60.32898387293619],[24.486917903668953,60.32899316954595],[24.486911967756708,60.32899520429468],[24.486903250354885,60.32899877647826],[24.486884076510243,60.32900662458434],[24.486858530941312,60.32901934687391],[24.48684462401069,60.32902679150712],[24.4868421492206,60.329028110159996],[24.48679490762352,60.329055325341194],[24.486782139780868,60.32906397729294],[24.486773500375715,60.32906983268113],[24.486770556512724,60.32907206773432],[24.486770267898667,60.32907228685717],[24.48675905494935,60.32908168686716],[24.486751849709503,60.32908774005516],[24.486751772515717,60.329087801477954],[24.486745322957255,60.32909392285481],[24.486735060691604,60.3291036822027],[24.486732243764713,60.329106386782904],[24.486727627229357,60.32911081804336],[24.486724446948056,60.329113300155065],[24.486708313262394,60.32912590395092],[24.486690803382817,60.329131196329136],[24.486687371670204,60.32913223637012],[24.486687075313522,60.329132320598106],[24.486653086830444,60.32912808456929],[24.486650541442405,60.329126787766654],[24.486646184272214,60.32912454939663],[24.486642429030844,60.329109539287],[24.486641405613614,60.329105414601734],[24.486645727350215,60.329099163158816],[24.486653082048342,60.329088576276455],[24.48665312099032,60.329088541080004],[24.486656641402675,60.32908587675442],[24.4866591603629,60.329083984014055],[24.486659237556854,60.32908392259131],[24.486682698727705,60.32907027158275],[24.48669064933491,60.329060181061344],[24.48667709687722,60.32904464432049],[24.48667663034693,60.329044114471394],[24.48667368351226,60.32904285499366],[24.486672192003997,60.32904222491265],[24.486638395952934,60.3290373726756],[24.48660839843203,60.3290391949311],[24.48660237373805,60.32903955710838],[24.486601388543583,60.3290396462759],[24.4865950021805,60.32904023517704],[24.48658348226105,60.32904090666047],[24.486559149678975,60.32904233297544],[24.486535251064108,60.32904235712733],[24.486523002910012,60.32904236804158],[24.48651833044823,60.32904210899615],[24.48651614833599,60.329041977896416],[24.48650886095789,60.32904156159938],[24.48647908786025,60.32903858204688],[24.48646296027927,60.329036974473716],[24.48643802330934,60.32903448163512],[24.486402194478526,60.32903226789273],[24.48636137390681,60.32903535864837],[24.486330814122397,60.329044725096516],[24.48633075777919,60.32904475098054],[24.486304780394015,60.32905719550311],[24.48629639796678,60.329061357892805],[24.486287054941187,60.32906599619095],[24.48628699928798,60.3290660131048],[24.48626838469935,60.329073889668265],[24.48625956364031,60.32907763053141],[24.48623952033482,60.32908406071968],[24.486229228078066,60.3290873784932],[24.486221687525237,60.329089310996075],[24.48621198546422,60.32909178652515],[24.486210340857294,60.32909220458012],[24.48621024833184,60.32909222977974],[24.486191901862895,60.32909614980327],[24.486177054796528,60.32909932752306],[24.48614469747763,60.32910733041386],[24.486133874896005,60.32911377329385],[24.486121895616705,60.32912088600252],[24.48612183927318,60.329120911886484],[24.48612007808214,60.32912402270182],[24.486119731837555,60.32912993609604],[24.48611947294274,60.3291342431457],[24.486119005384033,60.32914196885615],[24.486118367809066,60.32914601721296],[24.48611811142834,60.329147701209344],[24.486118053704544,60.32914774503361],[24.48609985832212,60.3291628879471],[24.486066421709534,60.32917526320079],[24.486041899006775,60.329184339531785],[24.486039673702475,60.32918524067791],[24.486037018500163,60.329186313356786],[24.48602556904144,60.3291928970857],[24.486019370983445,60.329196453984885],[24.486013418460605,60.329199880779875],[24.485975215108503,60.3292304107711],[24.485973583501767,60.32923160162629],[24.48597197136635,60.32923277488334],[24.485953344123345,60.3292429329038],[24.485947652306002,60.329246032248264],[24.485947614053238,60.32924605847437],[24.485942258624583,60.32924855332258],[24.485894976563564,60.3292706290279],[24.485894920219614,60.32927065491175],[24.485890813322506,60.32927246370105],[24.48587269421579,60.32928190368184],[24.485865861554032,60.3292854665362],[24.485861058801568,60.32928831319852],[24.48584268244514,60.32929921257442],[24.485836908181426,60.32930291223067],[24.485832620948706,60.32930565186207],[24.485818939914008,60.329314394249494],[24.485774946598468,60.32934293716501],[24.4857573663393,60.329354085153525],[24.485753785048782,60.32935636202625],[24.485725829584506,60.329373080968196],[24.485684521644064,60.32939780288706],[24.48567506523392,60.32940391224796],[24.485631811484776,60.329432729623434],[24.485619588107802,60.32944042158107],[24.485609363702668,60.329446857770876],[24.485603146769513,60.32945042327785],[24.485599163164935,60.329452512871],[24.485578339480142,60.329463428795236],[24.48556698224365,60.32947093052037],[24.48555663768,60.32947775071172],[24.485556597355796,60.329477803848164],[24.48555462532401,60.32947988658046],[24.48555148788773,60.32948322288239],[24.485547953218514,60.32949007309274],[24.485542519194436,60.329500651340034],[24.485539835069723,60.329506807966894],[24.485538277234603,60.32951033585092],[24.485538257072474,60.32951036241915],[24.48552462798028,60.32952690319902],[24.48552456956471,60.329526955993195],[24.485504861620118,60.329541971399024],[24.485481681486018,60.32955572634192],[24.48548038984129,60.32955650141179],[24.48546649743776,60.32956469178959],[24.485449323102443,60.329575506057274],[24.485444106527957,60.32957878505403],[24.485444067584083,60.32957882025014],[24.48542370607031,60.32959361666527],[24.48541996247949,60.32959682471417],[24.48541258798546,60.329603189044356],[24.48540024665668,60.329616178853676],[24.485397152277276,60.32961942613467],[24.48538456974514,60.32963625619901],[24.485376694332448,60.32964959999832],[24.485364216675332,60.32967071704311],[24.485362276681418,60.32967403108064],[24.485361401557125,60.32967551472156],[24.485358924081613,60.329679456398736],[24.485352421741013,60.32968978984584],[24.485350645663118,60.32969262189047],[24.485350625500708,60.32969264845864],[24.48534348607875,60.32970231407626],[24.485338206428214,60.329709472628615],[24.485328030714484,60.329720688794815],[24.48529360570213,60.329752251296796],[24.485293567448238,60.329752277522665],[24.485290403441006,60.32975548755115],[24.485290088435175,60.32975581397029],[24.485282525531584,60.32976368391075],[24.485274508551687,60.329772039336646],[24.485267862477823,60.32977835455923],[24.48526543757531,60.329780671265986],[24.48525444267411,60.32978817083892],[24.4852441926846,60.329795172461665],[24.485207423079018,60.32981600054382],[24.48519569702701,60.32982264185473],[24.485188279335716,60.329827918385966],[24.485175053378548,60.329837334080885],[24.485171759400178,60.32984082012744],[24.485159769075135,60.32985348417864],[24.48515972805941,60.32985354628513],[24.485155527757435,60.329861039666845],[24.48515416255575,60.329867948884335],[24.48515201905315,60.329878849893255],[24.485153586592865,60.32989708855001],[24.48515379253048,60.32989935621928],[24.485153787697612,60.32989941901042],[24.48515576553805,60.32991727016877],[24.485155460881963,60.32992899649543],[24.485155308074628,60.32993521897869],[24.48515482032231,60.32993755437122],[24.48515432704663,60.329939961525014],[24.485147643894084,60.329957585920326],[24.485147641132432,60.32995762180095],[24.485139202467757,60.329968394711216],[24.485134602457375,60.32997425456555],[24.48513313084436,60.32997548437143],[24.485126242185313,60.329981184138255],[24.485125507068915,60.32998179007099],[24.485125468814648,60.32998181629683],[24.48510161301539,60.32999516313199],[24.48510155666956,60.329995189015456],[24.48507532628673,60.33000666731958],[24.485074407351597,60.33000707214284],[24.48507408874872,60.330007209845775],[24.485062475832112,60.33001238003795],[24.48506240070424,60.33001241454921],[24.485050386738248,60.33001832275925],[24.485036715811063,60.33002504403753],[24.485024614690445,60.330030672116166],[24.48501741773676,60.33003402142223],[24.485004109860093,60.33003932123442],[24.484989249977403,60.3300452474524],[24.484972529854275,60.33005415683111],[24.484967806041556,60.330056681560954],[24.48496776847754,60.330056698816584],[24.484954238569568,60.3300724149636],[24.484953700383677,60.330073051571645],[24.48495366005773,60.330073104707914],[24.48495325086288,60.33007418393491],[24.48494668868404,60.33009070567407],[24.48494601571639,60.33009285789666],[24.48494567405398,60.330094001284145],[24.484943083403202,60.330100824428],[24.484938976806866,60.330111571504375],[24.484930871855166,60.33012789336738],[24.484930314473697,60.33012901470627],[24.484930252603682,60.33012911235097],[24.48492378621304,60.3301382696572],[24.484919190009244,60.3301447853522],[24.484903787628586,60.33016058284319],[24.484903453142323,60.33016092685933],[24.484888433003917,60.33017246455003],[24.48488386909489,60.33017597147466],[24.4848838308402,60.330175997700444],[24.484872130004977,60.33018325032151],[24.484850355315505,60.330194507472235],[24.484847072034253,60.33019620605211],[24.48484701637836,60.33019622296531],[24.48484001395767,60.330199162715395],[24.484791079701917,60.330219607772285],[24.484770955858373,60.33022801253625],[24.48476337462941,60.33023117489268],[24.48473294916335,60.3302408938798],[24.484700689935156,60.330249015075054],[24.484667674572908,60.330256367361706],[24.48463465850542,60.330263728610255],[24.484606533251,60.33027086799971],[24.484576314443316,60.330280725611516],[24.484548385791726,60.33029213574238],[24.48452261278376,60.330304727535626],[24.484512399221668,60.330310310445235],[24.484489603016844,60.33032424317374],[24.484469255240324,60.330339084628854],[24.48445218534986,60.33035488644358],[24.484439818450657,60.33037172949126],[24.48443788687862,60.33037540300524],[24.484431995138078,60.330393096247974],[24.484430089924814,60.33041101765809],[24.48443036213607,60.330448428965546],[24.484428674019178,60.330466354484535],[24.48442384483668,60.33048413072052],[24.48441654812351,60.33050171652183],[24.484411469449004,60.33051284943089],[24.484411483397015,60.33051290359425],[24.484315024531302,60.33052369931428],[24.479371295767603,60.33107632405456],[24.47527582400031,60.331533975350254],[24.469652140459246,60.33216216926949],[24.470241124739022,60.33264956619147],[24.470859535744946,60.33316128992101],[24.47264813125281,60.334655648768354],[24.47526873023586,60.33684165950925],[24.472713308953654,60.33791885398446],[24.472325812365387,60.3380875222289],[24.470787273357434,60.338613836943246],[24.468790736282056,60.33929677843974],[24.4687906430192,60.33929681259696],[24.46830079037426,60.33945840006396],[24.46593270452192,60.34026863122211],[24.465024818834383,60.34056723682038],[24.46448311998909,60.3407457526472],[24.462387726653432,60.34144770959386],[24.46186229428838,60.3416280617384],[24.461037579302307,60.34186790607842],[24.458925977739753,60.34002686610753],[24.458682663216955,60.34014921188026],[24.458637939645037,60.34017173145617],[24.458596725800547,60.34019246755432],[24.458423480198697,60.34007742999347],[24.458353110267453,60.340036387333456],[24.458328657541074,60.34002316350846],[24.458315325996615,60.34001608129789],[24.458315291199348,60.34001606266593],[24.45813491245836,60.339928431142134],[24.458056676699044,60.33989042698568],[24.458041881002426,60.33988259808405],[24.458031855397937,60.339876818756075],[24.45797103861004,60.33984181567403],[24.45782545310174,60.339743080897726],[24.45780014774025,60.339725914957285],[24.45779217475687,60.339720309613526],[24.457788996561824,60.33971806588957],[24.457788962463372,60.33971803828754],[24.457692020134697,60.33965074989802],[24.457599634263634,60.339586629852015],[24.457588618118624,60.339579142681174],[24.45737873075451,60.33943294943493],[24.457367311183898,60.339424825696],[24.45724075199619,60.33933735090497],[24.45721819780112,60.33932326484613],[24.457194370478913,60.33930970241221],[24.45716959715974,60.33929665189346],[24.457143714278832,60.33928411914386],[24.457124990910522,60.33927576583517],[24.45711316416251,60.33927077844348],[24.457097348290358,60.33926418757829],[24.457068599538484,60.33925331580403],[24.457038558104585,60.3392432188095],[24.45700752394153,60.339234001148434],[24.456975363389994,60.33922575009629],[24.456946711626998,60.33921945265691],[24.456912852289282,60.33921323525295],[24.456878167207826,60.3392080800406],[24.456842934807362,60.33920390251275],[24.45680732423701,60.33920062505524],[24.45673567598054,60.33919583165272],[24.45670633249314,60.33919446174966],[24.45663401050227,60.339192269546615],[24.456561580885282,60.33919169224161],[24.456489308089235,60.33919282472766],[24.456417182256736,60.33919602614924],[24.456381295208157,60.33919839379245],[24.456351343712576,60.33920087500271],[24.456280416579208,60.33920823161308],[24.45621056626269,60.33921758512162],[24.456141796312462,60.33922865711532],[24.456107758121185,60.33923474322605],[24.456090873310988,60.33923792359777],[24.456023879443258,60.33925155383237],[24.455991104732973,60.33925910142432],[24.455958722396513,60.33926719551661],[24.455927501418437,60.339276201175906],[24.455897277533342,60.33928613322587],[24.45587244093609,60.33929553954177],[24.455845117445556,60.33930732375312],[24.45581911405276,60.339319842906434],[24.45571996824378,60.33937210575172],[24.455706484359695,60.339378854662556],[24.455679892834116,60.33939101218383],[24.455513657094187,60.33946021792165],[24.455509225629665,60.33946219926154],[24.455457680439864,60.33948735407343],[24.455333166161953,60.33955583103957],[24.455232678475394,60.33960761868629],[24.455152913859674,60.33964418098736],[24.455125459724336,60.33965577390661],[24.455115218493123,60.33965997967482],[24.454883579054034,60.33974607885506],[24.454876340925665,60.33974872510459],[24.454675505332478,60.339825352378675],[24.454658195685496,60.33983211776801],[24.454458065376144,60.33990921637976],[24.454440168320932,60.339915611160635],[24.45416730570927,60.34000388424241],[24.45414914984723,60.34000964519637],[24.453940482543278,60.34008091108538],[24.453920556815188,60.34008798560989],[24.45377463059109,60.340141147744724],[24.453718549273432,60.3401637805452],[24.453712700295437,60.3401662736755],[24.453605771137546,60.34021461293266],[24.45359960461973,60.340217459308626],[24.451821203577875,60.33530583555611],[24.451297139608673,60.334896640178336],[24.450592232318282,60.334325534850144],[24.44937129772745,60.33335857246503],[24.44890103259146,60.33298587437538],[24.44814864576738,60.33238527649084],[24.448086685114525,60.332354091448906],[24.44688040337278,60.33165036419713],[24.445102098952187,60.33067130395731],[24.44445663300934,60.33032792029679],[24.44299348858535,60.32951249380365],[24.44244737836769,60.3292081216042],[24.440562065427926,60.32815732528334],[24.435365779194225,60.32740927765479],[24.432510156321168,60.32704587389196],[24.429881383407903,60.326064360683496],[24.429841545165807,60.32598122119398],[24.429828679927777,60.32596444287737],[24.42981378898785,60.32594808353657],[24.429797199352436,60.3259321315284],[24.429779521347722,60.325916427971144],[24.42974150748267,60.325885876769945],[24.429700974141433,60.3258562650043],[24.429690120758217,60.32584868867841],[24.42962456786706,60.32580573769535],[24.429554409476147,60.325764682934256],[24.42950460828145,60.325738664882095],[24.429451927459617,60.32571401947448],[24.42942819385461,60.325703678623206],[24.4293716751406,60.325681303619525],[24.429342305077345,60.32567076388826],[24.429312277693093,60.325660750440655],[24.42928161813154,60.32565117392836],[24.429250117283758,60.32564238964293],[24.429217970144062,60.32563422168741],[24.429184981009474,60.325626854927364],[24.429151187466093,60.32562027212253],[24.429113050554175,60.32561432395817],[24.42907803458095,60.32560969383998],[24.42883060431287,60.32558280761982],[24.42881033789901,60.32558043915446],[24.42877531494934,60.325575898654726],[24.42870594997989,60.32556576177412],[24.428603632834914,60.32554779152631],[24.428436901700984,60.325512943586325],[24.42842072770956,60.325509216902944],[24.428355447397777,60.32549367898452],[24.428259826415587,60.325468202129166],[24.42819815447402,60.325449401107555],[24.428168600325094,60.325439136032735],[24.428139881166924,60.325428159452656],[24.428112423351777,60.3254165784369],[24.428085933499453,60.32540420763971],[24.42806102351848,60.325391328407235],[24.42804466455565,60.32538212718644],[24.428022125489786,60.32536812598605],[24.42800115526495,60.325353526304774],[24.427981591086887,60.325338324992586],[24.427963754744145,60.32532280676457],[24.427947318091828,60.32530676763483],[24.42793244718426,60.32529039946989],[24.427919267930246,60.32527371369069],[24.42790748527022,60.32525677645441],[24.42790491592712,60.32525259434597],[24.4278949884177,60.32523533367717],[24.427886430937804,60.325217928839145],[24.427872735182223,60.32518271820162],[24.427846941397778,60.325093839939136],[24.42784311704253,60.3250823569568],[24.427790918169908,60.324941142166374],[24.427787669981708,60.32493200602674],[24.427737337712344,60.3247905578332],[24.427728961604892,60.324771081318865],[24.427633154842677,60.32457953260585],[24.427630118871686,60.32457345493671],[24.427613797130025,60.32453847191727],[24.427558695886102,60.32439756015702],[24.42750719804325,60.32423803257477],[24.42750354723582,60.32422825979095],[24.427407411633755,60.32399996224448],[24.427404231153066,60.323990198562015],[24.427360480837642,60.323848248749435],[24.427359473754706,60.323845624056176],[24.42726012751611,60.32365445563782],[24.427247036280885,60.32361917576451],[24.427244587299004,60.32360978557633],[24.42724064969589,60.323591922136515],[24.427218100584064,60.32343079882603],[24.427208546611357,60.32339522809278],[24.427201693939853,60.32337757771567],[24.42719711001045,60.323368155174805],[24.42718733518053,60.323350807558455],[24.427107173040987,60.32323168027532],[24.42709664153477,60.32321244046174],[24.42708902224656,60.32319486506845],[24.42708402866915,60.3231770710101],[24.427085433197693,60.323159230145585],[24.427099527018488,60.32314288366669],[24.427110187029584,60.32313725082803],[24.427141810754915,60.32312878984047],[24.42717733269333,60.32312534521059],[24.427213292183136,60.323123705730296],[24.427285557574653,60.32312223911828],[24.427312726333593,60.32312204643781],[24.427348852782515,60.32312219785737],[24.42738489070319,60.32312370405225],[24.42741973789418,60.32312860089169],[24.427432020168506,60.32313135403046],[24.427495496491147,60.32314857338793],[24.42752898363635,60.323155330391],[24.42754151652893,60.3231567408555],[24.4275774521632,60.32315770601124],[24.427613072458563,60.32315462250652],[24.42764737818361,60.32314890834883],[24.427680577970634,60.32314182525894],[24.427712801685985,60.323133564403726],[24.427739496338564,60.3231258163723],[24.427769706487076,60.32311598035958],[24.427798619667346,60.32310513105749],[24.427825639010315,60.32309325691375],[24.42785090144531,60.32308045939765],[24.427861773505082,60.32307420176456],[24.427883778346196,60.3230599846896],[24.427903430119233,60.32304482372229],[24.42792009198899,60.32302898502382],[24.42793314644888,60.32301225900749],[24.4279404695775,60.32299470338259],[24.427940668869624,60.32297674935255],[24.427935551307357,60.322962366637086],[24.427923002735955,60.322945504396344],[24.42790577868088,60.32292981832113],[24.427867293372838,60.32289933823003],[24.427851455654604,60.322887443040685],[24.427771516331237,60.322827611160726],[24.427728162378383,60.322798923305704],[24.427704996134352,60.32278508955042],[24.427694780048572,60.322779331046455],[24.427670345544584,60.322766191409364],[24.427644808645415,60.32275347959941],[24.427618483885134,60.3227411118703],[24.42756356844224,60.32271777886426],[24.42741992059438,60.32266326237065],[24.427407454145257,60.322658708975155],[24.4271122665398,60.32255491273504],[24.42709357095823,60.322548262344334],[24.427035463026577,60.32252683467027],[24.426951037219887,60.322492958384466],[24.426924232522357,60.322480940555714],[24.42689884789109,60.32246814170923],[24.426875371662533,60.32245457130181],[24.4268536222645,60.32244023480202],[24.426833908579322,60.32242512022505],[24.42683090500139,60.32242254670034],[24.426814004043887,60.32240667807634],[24.426799442459675,60.32239031574397],[24.426786731204555,60.322373459217395],[24.42677557214316,60.32235644409463],[24.42676579712034,60.32233910541793],[24.42671624576084,60.322234315259635],[24.42671262347877,60.32222786687116],[24.426702390010288,60.32221060016174],[24.42669077182452,60.32219366597366],[24.426677908946285,60.32217689633271],[24.426663488259244,60.32216035704242],[24.426647675798016,60.32214423996993],[24.42662952726685,60.322128805314364],[24.42660888130342,60.32211403198302],[24.42658587879299,60.3221002011897],[24.426560494587694,60.32208740228062],[24.42654219160463,60.32207968139714],[24.426513135538876,60.32206888654277],[24.426483282157637,60.32205878593221],[24.42639159447522,60.32202997003864],[24.426361734104333,60.32201995909879],[24.426332678151784,60.32200916420557],[24.42630507913718,60.3219975800308],[24.42628016140512,60.3219846104314],[24.426265370921275,60.32197507101662],[24.42624627907487,60.32195988753746],[24.42623030413889,60.32194376726401],[24.426217605075482,60.321926991763064],[24.426206598211305,60.321909889699214],[24.42617896495634,60.32185779848878],[24.426176349585752,60.3218523667487],[24.426132723839444,60.32176528967234],[24.426111790818293,60.321730935773836],[24.42608667063522,60.32169730927601],[24.426077487571863,60.32168626143325],[24.42606260112051,60.32166989271694],[24.42604664449983,60.321653772772585],[24.4260295808325,60.32163790986882],[24.426011433576715,60.321622466161664],[24.42599219806894,60.32160727087484],[24.42597170376543,60.32159241952222],[24.42595010072612,60.32157807671197],[24.425927250621047,60.321564158912956],[24.425903146386727,60.321550755822116],[24.425877762873228,60.321537956786045],[24.425851117460258,60.321525771124094],[24.425840351747148,60.32152125051875],[24.42581209204938,60.32151001277227],[24.425636826028235,60.32144652711494],[24.425612467659043,60.32143635308536],[24.425585967115726,60.321424170174375],[24.425560905416194,60.32141119764049],[24.425538836397944,60.32139702540014],[24.42552038204591,60.32138157567092],[24.425505470726208,60.32136368820194],[24.42549631228989,60.32134635237968],[24.425491464524725,60.321328561067524],[24.425489668616294,60.32131065819822],[24.42548939969437,60.32129268609579],[24.425491935738417,60.32125681042974],[24.42549667194822,60.32118495377178],[24.425495346273596,60.321167060012826],[24.425490643219355,60.321149271503614],[24.425481484848085,60.321131935680235],[24.425468001015528,60.32111524371003],[24.425448183087248,60.321097791190354],[24.425426580601115,60.32108344829755],[24.425401833746502,60.3210703919946],[24.425375195955617,60.3210581165424],[24.425292214463695,60.32102344961498],[24.425280233295748,60.32101872574089],[24.425169010370507,60.3209728301957],[24.425089222459054,60.320936257642906],[24.424984907241672,60.320883848040346],[24.424958433237,60.32087156669077],[24.424930817581153,60.320859981887445],[24.424902248196577,60.32084900743696],[24.42487521945536,60.32083985952667],[24.424844211189786,60.32083064347223],[24.424812228698187,60.32082229789133],[24.424779271272083,60.32081483175301],[24.424745628278956,60.320808250664655],[24.424711306783816,60.32080246492818],[24.42464211274612,60.320792140431145],[24.424501812849737,60.32077460746271],[24.42440414124942,60.320763641041815],[24.424189878925983,60.32073837670354],[24.424121215091475,60.320727074029264],[24.423982696810526,60.32070050175541],[24.423948354359972,60.320694984915825],[24.42391333026567,60.3206905328666],[24.423900766256647,60.320689301110775],[24.42386497880628,60.32068672077462],[24.42372074737745,60.32068024124683],[24.42368493874215,60.32067792995474],[24.423649352568273,60.32067463478629],[24.423642855108522,60.3206738799667],[24.423608162870178,60.32066889526324],[24.423574184534885,60.32066266670922],[24.42354122048891,60.320655289963966],[24.42350940834831,60.32064685753109],[24.423477928015778,60.32063789251692],[24.423386087456144,60.32060926014533],[24.42336273708297,60.32060171043249],[24.423152294014844,60.32053169999615],[24.42309246405215,60.32051105461119],[24.423003839925205,60.32047816329986],[24.42300282279659,60.32047773931843],[24.422949423020633,60.320454568451915],[24.422924902440467,60.320441417237724],[24.422901499219602,60.32042489194286],[24.42288521002929,60.320408881922866],[24.422885175980277,60.32040885431213],[24.42287322708138,60.32039201215614],[24.42287319373961,60.32039197557565],[24.422864149010906,60.320374596836075],[24.42285691312557,60.320357019608096],[24.422855730803523,60.32035363686437],[24.422839314605937,60.32030041489693],[24.42283379503132,60.320282664335544],[24.422830086928677,60.32027180328503],[24.422815160992094,60.32023666696508],[24.422806004287594,60.32021933096575],[24.422801065800225,60.32021052122899],[24.42276973663888,60.32015898636733],[24.42276557068043,60.32015094622299],[24.42276245942319,60.32014492086258],[24.422756265104635,60.32012722907731],[24.422746681405393,60.32009164837273],[24.422742336535094,60.32007783737767],[24.422741862887044,60.32007672322564],[24.422735428431448,60.320060239547985],[24.42272694399619,60.32004379695972],[24.42272645903305,60.320042826323466],[24.422719768768356,60.320028897968506],[24.42271258799523,60.32001131281542],[24.422706866769087,60.3199935942692],[24.42270254800329,60.319975777156564],[24.422700499668995,60.31996224427342],[24.422697146603706,60.319939990096366],[24.422695608303325,60.319922056228066],[24.42269495110621,60.31991017633335],[24.422694337974825,60.319892224475936],[24.42268819687269,60.31983848310213],[24.422686230485287,60.31982666764824],[24.42268566450378,60.319823278890134],[24.42268190923391,60.31980543677195],[24.422677044417775,60.31978765398345],[24.422673293784243,60.31977641479631],[24.42266666058841,60.31975877737602],[24.422664302792874,60.319752155751736],[24.422659292606514,60.319734379126004],[24.422656442497527,60.319722286009835],[24.42265337871985,60.319706011441134],[24.422810925067004,60.31966186813419],[24.42267747659795,60.31954465084427],[24.422519895181107,60.31958878432479],[24.42250223235502,60.31957044783746],[24.422496895234875,60.31956554714172],[24.422462064361753,60.31953408517803],[24.42245251775784,60.31952583284495],[24.42243404570217,60.31951040925746],[24.422426630067648,60.31950453395903],[24.422369916965348,60.31945863328934],[24.42236509241318,60.31945435340623],[24.422361915987825,60.319451453013784],[24.422312000042393,60.31940365391253],[24.422293789088737,60.3193881365507],[24.422287830474374,60.31938353821007],[24.422267055232584,60.31936884249378],[24.422244450407167,60.319354838940534],[24.422220253222868,60.3193415052012],[24.42214431749967,60.31930302914845],[24.422137180862453,60.31929981834941],[24.42199932679281,60.31924172484089],[24.421988753514082,60.31923730645694],[24.421906828662465,60.31920197505719],[24.421849437018256,60.3191761749521],[24.421821636683674,60.319164666734665],[24.4217926904471,60.31915390885452],[24.421788033546523,60.31915232724023],[24.421696937500315,60.31912305227495],[24.421668487012393,60.31911198058158],[24.421657271490247,60.319106750179614],[24.421607995465603,60.319080478601336],[24.42158274638521,60.319067627401424],[24.42156077515688,60.31905822656913],[24.42153276335847,60.31904687588726],[24.42150570109158,60.31903496868383],[24.42148218316775,60.319021755785464],[24.421481840580917,60.31902150658377],[24.42144398847499,60.318990937948385],[24.42144069871564,60.31898809821695],[24.42144064799992,60.31898805231545],[24.421407456510938,60.31895787056709],[24.42140598646514,60.3189565304532],[24.421374376160593,60.31892421436597],[24.42137304898376,60.31892267040462],[24.421345872434948,60.31889132073324],[24.42134583909638,60.318891284152386],[24.421332688754656,60.31887453530587],[24.421327301195245,60.3188675224661],[24.421269807290297,60.318782420265514],[24.421258912628108,60.31876577807162],[24.421189183013244,60.318663818955166],[24.42118310673681,60.31865382819853],[24.421164199134672,60.31861914440079],[24.42114865375929,60.31858408566562],[24.421136807833,60.31854873939042],[24.42113478789759,60.318541513414594],[24.42111345102518,60.31845245046318],[24.421107991174303,60.31843464706813],[24.421102153130008,60.31841980087585],[24.421092997113387,60.318402473732874],[24.42102402436757,60.318300349529046],[24.421015673549793,60.31828636189022],[24.421007140259665,60.31826894800866],[24.420961848163184,60.31814537272236],[24.420958495653963,60.318137590852864],[24.420949636918266,60.31812017064948],[24.42092855985098,60.3180859028558],[24.420891992808244,60.318035164150174],[24.420884808024727,60.31802568188412],[24.42076737479467,60.31787322576208],[24.42070260958681,60.317789419470316],[24.420689815139927,60.31777390819147],[24.420630304575425,60.317708440301715],[24.42058040902678,60.317660676801424],[24.42052566950841,60.317614166761935],[24.420506276127362,60.317598967544164],[24.42049678071762,60.31759168626312],[24.420263422080254,60.31743185845995],[24.42025865672952,60.31742844205421],[24.420045971739235,60.31726164878128],[24.420033509350162,60.317251345308314],[24.419866179722252,60.31711274214339],[24.419858733489797,60.31710657862146],[24.419730343071524,60.31699827804924],[24.419695941964846,60.31696671582402],[24.419686009081587,60.31695718011601],[24.419558318954884,60.316828320808625],[24.419541416584774,60.316812549955195],[24.419524320709762,60.31679739520086],[24.419486623300475,60.316766757078334],[24.419425327116926,60.31672235608314],[24.419336791393718,60.31666557678869],[24.41931975761165,60.31665537310534],[24.419130056187736,60.31654695905607],[24.419107134581164,60.31653402678455],[24.418918308257773,60.31642257502985],[24.418759826397565,60.316324558875145],[24.418750681501013,60.316318811458636],[24.418595507569986,60.31621951183665],[24.418580301337727,60.31620933457518],[24.418434373804093,60.31610671084004],[24.418431075050286,60.316104221206714],[24.418313016188602,60.316013808346725],[24.418277045012456,60.3159826643848],[24.418244030907214,60.31595076935912],[24.418231916500446,60.315938136758945],[24.41820341456432,60.31590506272964],[24.418178324958227,60.31587143514147],[24.418145629636246,60.31582014196925],[24.418141490921272,60.3158126950925],[24.418072288604577,60.31567330119979],[24.418067977116106,60.31566414410166],[24.418051210689043,60.315629240870514],[24.41804483464146,60.31561159918052],[24.418043845882842,60.315608525583045],[24.418040069116074,60.315590763718525],[24.418033936295934,60.315537022151624],[24.418031904367297,60.315524226124346],[24.418027658177355,60.3155064461532],[24.41802190334729,60.31548873568233],[24.41800698535154,60.31545358987623],[24.417980758835377,60.31540134434505],[24.417978138944026,60.31539599317817],[24.41793028568766,60.315289444435216],[24.417887149424317,60.315202283856905],[24.417880468912156,60.31518849913525],[24.417846297697984,60.315118761052126],[24.417838648633136,60.31510577500093],[24.417827359056886,60.31508866664663],[24.417822702929335,60.31508226975193],[24.41781512533172,60.315071818429544],[24.417806732280162,60.31506160279573],[24.417801478735658,60.31505520327281],[24.41777131232039,60.31502258189],[24.417771278989694,60.315022545308274],[24.417737526031956,60.314990851377495],[24.41773749270131,60.314990814795785],[24.4176933032533,60.31488329506882],[24.417751784188848,60.314792449828616],[24.417887073039772,60.31466096479458],[24.418129735812144,60.31442511202002],[24.419081131597626,60.31240768937407],[24.41922713482392,60.31168646622908],[24.419305622869224,60.311723313930564],[24.42118222470213,60.31241975152547],[24.421283940305237,60.31245442568939],[24.422705589282977,60.31298490652332],[24.422397975130558,60.31423882489892],[24.42388472020181,60.314457355309344],[24.424444939644395,60.313497643713085],[24.424601521543817,60.31324991481911],[24.425056295617217,60.312463720661206],[24.424735099698786,60.312247883987],[24.42433349370807,60.31197083740548],[24.423762484668256,60.31157690874845],[24.424114524090843,60.31133555776444],[24.424715646615308,60.31092341685255],[24.425091769592374,60.3106085245583],[24.42479423885285,60.31049524344791],[24.424999916252208,60.31043277055197],[24.426101023590704,60.310708672597265],[24.42664646242625,60.30975953657948],[24.428045705664264,60.307381601856335],[24.4283889553686,60.30684602391771],[24.429938779952863,60.30704693633145],[24.43007402544464,60.30701748193595],[24.430509638332147,60.306922616878126],[24.43076673561018,60.30686661892844],[24.431313863801854,60.306747442803704],[24.432230736415438,60.30654776064614],[24.432230791353135,60.30654775272463],[24.433882200896587,60.30618832751471],[24.436223907024925,60.305676507444666],[24.436789306167785,60.30578384650601],[24.43675810253219,60.30582923952971],[24.436425944369894,60.30631230062617],[24.436955481278392,60.30675125246568],[24.437909778863094,60.306708933409126],[24.43792604965529,60.30680052772485],[24.437926064219784,60.30680057292285],[24.4379310795111,60.306818366983364],[24.437936475859562,60.306833608118986],[24.437937320091418,60.30683600500695],[24.437938788556394,60.30683944702721],[24.437944779638315,60.306853567722214],[24.43795395891035,60.306870903085276],[24.437953973474908,60.30687094828326],[24.43796557068508,60.306887926025105],[24.437973696032227,60.306897452437525],[24.437979665878792,60.30690444887124],[24.43799641984604,60.30692031330329],[24.43799876705883,60.3069222450895],[24.438000382588356,60.30692357884229],[24.438000433309213,60.306923624737564],[24.438020301714694,60.306938561055794],[24.43802035313827,60.30693859798121],[24.43804251122275,60.306952734013315],[24.438055843617903,60.306960043120554],[24.4380667108125,60.30696600208809],[24.43806676223618,60.30696603901346],[24.43814346779586,60.30700403589171],[24.43814351992234,60.30700406384718],[24.438263918439304,60.30704385550664],[24.43829503168388,60.307052998721836],[24.438326881802045,60.307061518316594],[24.438350045437137,60.30706721130761],[24.43838301948534,60.30707455776747],[24.438416706893417,60.307081118450675],[24.43845094425303,60.30708689918912],[24.438485698918434,60.3070918544359],[24.438520881901347,60.307095964507916],[24.438556457745335,60.30709921973776],[24.438568463922696,60.30710011601133],[24.438604365419526,60.30710221864689],[24.43864045669561,60.30710351642458],[24.438676610498323,60.307104015874124],[24.438712768375378,60.30710376976897],[24.438784927832515,60.307101343081776],[24.438892579411522,60.30709468669721],[24.438922659047467,60.307092293099124],[24.439100956703534,60.30707733236844],[24.439172883568162,60.307073481608526],[24.43918885841004,60.30707294511738],[24.439225013809317,60.30707226762168],[24.43926116233749,60.30707237154062],[24.439297282407225,60.30707330137504],[24.4393332376412,60.30707518026388],[24.439368932032895,60.30707807822399],[24.439379153920413,60.30707910173199],[24.439414332091776,60.307083274357105],[24.439483484538062,60.30709381527681],[24.439507419489956,60.307097753198],[24.43948019333577,60.30712544531473],[24.43947867770816,60.30712699718157],[24.43945549465018,60.30715045518644],[24.439455436903945,60.30715049899043],[24.439413894382028,60.30719269285705],[24.4390265190241,60.30758606536809],[24.43870954087841,60.30783944014522],[24.43833671054934,60.308077893787726],[24.438104059732957,60.30823166817444],[24.438064486326883,60.30826001126805],[24.43802928851443,60.308285195722675],[24.43785274482993,60.308411484471954],[24.437723388046148,60.30846170423783],[24.437444309592546,60.30841742299563],[24.43724550682976,60.30834043602503],[24.437070616748837,60.30825036308819],[24.437056386554932,60.30825589183857],[24.435537620661425,60.30884677067606],[24.43549983878667,60.308861465871175],[24.43650625785425,60.30931064798183],[24.43672749610929,60.30940938653719],[24.436790862194474,60.30943766720947],[24.437698991027357,60.30919919434198],[24.43774644387134,60.30898411233834],[24.43780597185429,60.30869671314758],[24.437843038033968,60.3085219729426],[24.438072277745565,60.308497296733485],[24.438072514880368,60.30849727435638],[24.438119446153124,60.308438340889275],[24.438162882990543,60.3083837957933],[24.438183505381804,60.30835791699242],[24.43866393504926,60.30905051306915],[24.438698516663816,60.30909353659534],[24.43870663418079,60.30909207608658],[24.43873238183157,60.30908745195218],[24.43919970539217,60.30900315930451],[24.43940590032301,60.30896596284257],[24.438389769048356,60.30820053437197],[24.438403440823876,60.308192191889],[24.438582782327646,60.30808284521042],[24.438728049391244,60.307994275769374],[24.43900975013689,60.30779626836541],[24.439326250821285,60.30751773913383],[24.43955048603085,60.30728260846118],[24.439990786513356,60.3069200614273],[24.439999297360114,60.30691079286032],[24.44012380106694,60.306774874565484],[24.440220619909322,60.30669679688789],[24.440303108783322,60.3066303909572],[24.440459993990366,60.30643347912618],[24.44047743285455,60.30641145542916],[24.441259606139315,60.306474216666906],[24.442148806010124,60.30652511880837],[24.44286022243689,60.306459689442406],[24.443660518990633,60.30638608497415],[24.444112469706017,60.306344465395185],[24.444407551044282,60.30631729024021],[24.44527292482366,60.3062363040337],[24.446067741865377,60.30616455616371],[24.446067774518667,60.30616460170844],[24.44661625552087,60.306771579447236],[24.446616385569467,60.30677153702999],[24.447318619618994,60.30651518110571],[24.44742061510004,60.30647794651291],[24.44742450961601,60.30647653010543],[24.448039921329293,60.306247967663616],[24.448294433735864,60.306158953503335],[24.448673654067342,60.306026500868676],[24.449120751199462,60.305857306017124],[24.44926485765449,60.305804007913615],[24.448437282405067,60.30522766830822],[24.448221155554048,60.30508259442078],[24.447830677904392,60.3048137392521],[24.447738923795665,60.30476086988672],[24.447737669267674,60.304760010328],[24.447677345394087,60.30471918963256],[24.44732543237572,60.30448102444382],[24.44678681633565,60.30410861536583],[24.446385211683015,60.30383440323801],[24.446040086175458,60.30360043433297],[24.445700558363576,60.30337088413004],[24.44549236367301,60.303227934330415],[24.44556704576735,60.30303568855442],[24.445765011345685,60.302526040559464],[24.445989900097363,60.301910528645905],[24.44598990359916,60.30191048379624],[24.44606193116635,60.30170787381077],[24.44632936612589,60.3009555538741],[24.446414681282555,60.30087995487512],[24.446499305322245,60.30071766177736],[24.446538641207574,60.300600313314106],[24.4465478136556,60.30057255129428],[24.446597488402094,60.30042431903183],[24.446665864712447,60.30026306100801],[24.44667260277356,60.30000882575318],[24.44685431636854,60.299506553767806],[24.447414777477363,60.298014045100416],[24.44783051665476,60.296906692379814],[24.44786419485089,60.296816966605626],[24.448867523290406,60.29663630825288],[24.449093727815157,60.29659713753127],[24.449273201742315,60.296566052353214],[24.452093172098287,60.296077512742634],[24.452942679498424,60.29592664449479],[24.453639135374132,60.2958029488588],[24.45519693709481,60.29553453214396],[24.457297974395722,60.29517239081715],[24.460229150097327,60.294681929649165],[24.462119048876684,60.294354528497664],[24.465551486025774,60.29376956543296],[24.465714082889875,60.293741693744494],[24.465994101688334,60.293693684883294],[24.473617182007796,60.292389837575165],[24.474332737137246,60.29226515894602],[24.47552308761791,60.2920645926665],[24.475911044651806,60.290754979200585],[24.47601261775396,60.290411717449615],[24.47611732056928,60.29005787888803],[24.476373203890716,60.28919393994965],[24.476411089510083,60.289065884309395],[24.4765019907577,60.28875880180774],[24.47667399015226,60.28817807486345],[24.47670185689109,60.288083947349435],[24.47689274769636,60.287439267691894],[24.4770789524165,60.286810210564575],[24.477148332861603,60.28657582490655],[24.477187133103694,60.286444741119595],[24.477196746025598,60.28641227843971],[24.4772089696719,60.28637106172519],[24.477208974511484,60.286370998934046],[24.477311420136562,60.28602496810757],[24.477398399040766,60.28573122264435],[24.477436488684766,60.28560252383822],[24.477607801237852,60.28502392086166],[24.477697446780933,60.28472108987429],[24.47769793459658,60.28471945519667],[24.477706692699904,60.28471638757401],[24.477766163306008,60.28469596630179],[24.477785694435102,60.284689509988645],[24.477846338856686,60.28466982065898],[24.477855027818528,60.28466765004355],[24.47801543108814,60.28462641803973],[24.47810920904532,60.2845993717509],[24.478129647611933,60.28459311228924],[24.478279627750382,60.28454296821395],[24.478289793343418,60.28453947811921],[24.47837841884419,60.28450838114299],[24.47843527455948,60.284486194112326],[24.47846582708144,60.28447311969342],[24.47857138067777,60.28442401812791],[24.47865545991965,60.284386636168584],[24.478711721021288,60.28436417721782],[24.478738230692475,60.28435425995961],[24.478767541682686,60.284343677223255],[24.478918504682078,60.28429436859406],[24.479129305743236,60.28422759143383],[24.479149613171224,60.28422114966473],[24.479300988592183,60.28417210895973],[24.47932101645748,60.284165302526276],[24.479409053354857,60.28413383438036],[24.479465487953522,60.284111459264764],[24.479471457552343,60.28410888657764],[24.479525407964072,60.28408493712136],[24.479627715849414,60.284034245979264],[24.47963312871764,60.28403138423558],[24.479781017762885,60.28395264093939],[24.479803428943814,60.283940489695446],[24.47992596029682,60.28387456022799],[24.479947885193898,60.283862848896334],[24.480068516520625,60.28379597593082],[24.480085952327,60.28378499686254],[24.480107625704566,60.28377067557752],[24.480128405321725,60.28375597799594],[24.48014816471766,60.2837409017183],[24.48016655373633,60.28372552993294],[24.480180299208527,60.283713133326096],[24.480196315702358,60.283697087682235],[24.480210686578403,60.28368056164293],[24.480223108284942,60.28366373809731],[24.480232974871395,60.2836464977473],[24.48023458528166,60.28364320448965],[24.48024188915493,60.28362564600781],[24.480247218897976,60.28360787938032],[24.48025544707715,60.28357220117014],[24.48025723815953,60.28356468020991],[24.480261050356923,60.283546884783775],[24.480263333862922,60.28352897051502],[24.480261510221673,60.28351105915546],[24.48025885160281,60.283502115243465],[24.480249077992454,60.28348477168172],[24.480236419145964,60.28347106549941],[24.48021746929703,60.2834558834534],[24.48020110352887,60.283444972591035],[24.48017746995805,60.28343140848022],[24.4801520934611,60.283418628768],[24.480125300602122,60.28340662168427],[24.48010432926279,60.283397959061546],[24.480075452541087,60.28338717008077],[24.480045447126184,60.28337717715235],[24.48001414984747,60.28336821972766],[24.479989332606795,60.28336227790014],[24.47988949111331,60.283341248564184],[24.479853860667944,60.2833331161713],[24.479820396023204,60.283326462203064],[24.47978520670331,60.283322470479526],[24.47974637138618,60.28332236219261],[24.47967507377177,60.28332819552769],[24.479649042247114,60.28333003707019],[24.479613096922684,60.283331870092695],[24.479541006995667,60.28333436449746],[24.479522515204746,60.28333509147514],[24.479378642602665,60.283341963489256],[24.47936029198386,60.28334297160656],[24.479216639294716,60.28335074595038],[24.479195208629427,60.28335204591965],[24.47919197083637,60.283352271915966],[24.47901619319111,60.28336418831485],[24.478987557488477,60.283366249783846],[24.478808414544485,60.28337793133166],[24.47879249159951,60.28337889563411],[24.478576531226853,60.28338799128678],[24.47856052395693,60.28338840597903],[24.478452191419574,60.283390481054184],[24.478343749473257,60.28339021830539],[24.478313778511357,60.283389649114625],[24.47816981322398,60.28338386059437],[24.478139925195542,60.28338221494329],[24.47806827793256,60.28337708115292],[24.47803289855032,60.28337344468496],[24.477998064900977,60.28336883040996],[24.477969771030622,60.28336434034321],[24.477936003876742,60.28335785981559],[24.47790304653757,60.283350496331195],[24.477870776799275,60.28334242723517],[24.47784497279385,60.28333520859582],[24.47781416167571,60.283325819697026],[24.4777841507994,60.28331590699376],[24.477754802551985,60.283305378039486],[24.477748873397605,60.28330319925105],[24.477636588387103,60.283257955390276],[24.4776306868959,60.28325541778976],[24.477574056541766,60.28323314139227],[24.477544373674245,60.283222965364814],[24.477512906356413,60.28321411190888],[24.477478908368138,60.28320663871308],[24.47744460956237,60.28320095645398],[24.477409604009218,60.28319669808731],[24.477374045812756,60.2831935072082],[24.477336428616056,60.28319144503003],[24.47730021833015,60.28319084689999],[24.477264307606415,60.283192230778404],[24.477229110840902,60.283196323203356],[24.477218914310132,60.283198105797986],[24.47718619458756,60.28320573978037],[24.47715560100821,60.283215129963395],[24.47712572201366,60.28322534221447],[24.477117260221437,60.283228325592],[24.477057654295212,60.28324865414394],[24.477026485214875,60.28325776386387],[24.476993874654998,60.283265858022915],[24.476960588286133,60.28327286133599],[24.47692660113204,60.28327886316105],[24.47689206619664,60.28328422573709],[24.47685682780515,60.28328885627247],[24.476821475210677,60.28329285579704],[24.476785903389345,60.28329594383252],[24.47675009980977,60.283298048274055],[24.476710404762574,60.28329900075731],[24.476601983912413,60.2832984674832],[24.476453517419703,60.28329780186711],[24.476438109017522,60.28329795818581],[24.476185418154746,60.28330357601407],[24.476169223331365,60.28330407668594],[24.475916656136416,60.283311843365084],[24.475905803799645,60.28331227488063],[24.475617608508983,60.283323855362525],[24.475605998101187,60.28332426345799],[24.475317560450492,60.28333476068613],[24.475304587505377,60.283335241664254],[24.475124341144056,60.283341507287524],[24.475111199376688,60.283342065886394],[24.474967297570494,60.28334930089182],[24.474931738671586,60.28335221799621],[24.474897958651106,60.2833555282531],[24.474862768348792,60.283359530346324],[24.4747580936591,60.283373520960694],[24.4746525218284,60.28338741358096],[24.474581875494522,60.28339487357681],[24.47455670119084,60.283397089761586],[24.47452086969145,60.28339955240654],[24.47448493518375,60.28340147408387],[24.474448868458673,60.28340276440472],[24.474423392054593,60.28340326798869],[24.474315057286162,60.283405600165054],[24.474295634392305,60.28340666803796],[24.474188648682556,60.283414963743716],[24.474169035504016,60.283416387311114],[24.47413321087823,60.28341876014969],[24.474097127581327,60.283420499225855],[24.474061120417172,60.283421251575966],[24.47402701401831,60.283421051911546],[24.473990996538546,60.28341982771712],[24.473919276459704,60.283415408959975],[24.473886140705783,60.28341271239716],[24.473779508070553,60.28340259869466],[24.473754115571083,60.28340013925243],[24.473612484707242,60.28338567637732],[24.47358226990193,60.28338240648255],[24.473546929876512,60.28337850006196],[24.473511371885543,60.283375308149786],[24.473475606376923,60.28337292976116],[24.47344202852293,60.283371742854726],[24.473405811212306,60.283371233363475],[24.473261374634358,60.2833734346755],[24.473252538543075,60.28337352704387],[24.473216431140607,60.28337346875835],[24.47314419996893,60.283371923498734],[24.473108210970917,60.283370331289625],[24.473072294743236,60.28336803077347],[24.473036722272106,60.283365027107514],[24.473001344187892,60.28336138033251],[24.47299351184485,60.28336042277162],[24.472958678952843,60.283355807179305],[24.472924038375105,60.283350575388845],[24.47288991667885,60.28334471564916],[24.47282235258563,60.283331931073725],[24.472815132977722,60.28333053599836],[24.472748587238126,60.28331651310224],[24.472650917939713,60.28329318394146],[24.472637472875174,60.28328970301204],[24.47257437692588,60.28327224219615],[24.47248245276003,60.283243632273404],[24.47246773933443,60.28323877070091],[24.472406271200228,60.283219912441126],[24.472374337795795,60.28321148905942],[24.47234019135416,60.28320571853733],[24.472304419889905,60.28320342056615],[24.472271131185213,60.28320458351207],[24.47223632582896,60.2832092210719],[24.472203742561895,60.28321694627211],[24.472176356304978,60.283226486219064],[24.472151003853064,60.28323920904285],[24.472131410629725,60.28325419750468],[24.4721220116277,60.28326532856636],[24.472114107333837,60.28328287522598],[24.47211227726583,60.28330071719481],[24.472114071445045,60.283318717996394],[24.472118344015637,60.28333648749919],[24.47212192080065,60.28334733558093],[24.472129248483792,60.28336490273076],[24.472138584862247,60.28338222963885],[24.47215006193957,60.2833992469512],[24.472163867994258,60.28341585943515],[24.472179536037594,60.28343178869985],[24.472197068262325,60.28344747496912],[24.472234463059575,60.28347819116454],[24.47223933268718,60.283482137713904],[24.47227811711984,60.283512431184725],[24.472299226151346,60.28352701769903],[24.47232450196778,60.28354106368217],[24.472332002799057,60.28354444046794],[24.47236024626548,60.283555668275135],[24.472393335570914,60.28356716798842],[24.472423968884936,60.28357673444399],[24.47245544206828,60.28358549939756],[24.472487880194095,60.28359348319597],[24.47252473260357,60.28360147016275],[24.47255852458568,60.28360785373337],[24.472627293526415,60.283618864706185],[24.47265712515191,60.28362311568833],[24.472727270768004,60.28363199681564],[24.47283337176883,60.28364290973795],[24.472864242519098,60.283645653286136],[24.4728998353592,60.283648396865914],[24.472971700322198,60.28365281892635],[24.473007699947228,60.28365404305471],[24.473043759186965,60.28365472930873],[24.47304969167789,60.2836547523776],[24.473085957763562,60.283654634058024],[24.47312197212439,60.28365379227268],[24.47326587984635,60.283646739024555],[24.47327169550508,60.28364640052755],[24.4734867910639,60.283632616701794],[24.473495831355127,60.28363198920339],[24.473710096220177,60.28361513488455],[24.47371914411739,60.28361440869932],[24.473826515711966,60.28360674953594],[24.473934334676052,60.28360126377621],[24.473952361927086,60.28360069941899],[24.47398838936349,60.28359968696537],[24.47413287114768,60.28359902185682],[24.474150986858177,60.2835991868039],[24.47418720512969,60.28359968712339],[24.474259394649003,60.28360177899813],[24.474295193689706,60.28360372661032],[24.47433093875269,60.283606373884545],[24.47436695294744,60.28360975391664],[24.47440211620008,60.28361384540156],[24.474437105942002,60.28361854444206],[24.474506199215046,60.28362911143642],[24.474574924665106,60.28364092906215],[24.474675771332446,60.28366062506391],[24.47469749680464,60.28366535922879],[24.47482892932683,60.28369524895469],[24.4748506736024,60.2836999744682],[24.4749177142046,60.283713466700384],[24.474951854725298,60.28371932626696],[24.474986484190335,60.28372447645767],[24.474995693911374,60.2837256397581],[24.475031020655134,60.28372972519942],[24.475066579188535,60.28373291670784],[24.4751380967199,60.28373786099781],[24.47514766130773,60.28373841118703],[24.4752913522551,60.28374589560088],[24.475306059384433,60.28374662440949],[24.47548523845145,60.283758215005115],[24.47550098449716,60.283759313893654],[24.47567994647094,60.283771609778555],[24.475686483624195,60.28377200355698],[24.47583033252529,60.28377931970392],[24.475836727839493,60.283779441279286],[24.47587291798948,60.28378030891698],[24.475908987048015,60.28378063524444],[24.475981246287084,60.283779951659476],[24.475995440962603,60.283779583669855],[24.476175486909547,60.28377195654658],[24.476189249989115,60.28377131981685],[24.476369587756007,60.28376577312192],[24.47637799106048,60.28376566333597],[24.47652256548068,60.28376544654352],[24.476530943804132,60.28376542610621],[24.476675502396134,60.28376377151755],[24.476683731955333,60.283763568577385],[24.476719780939504,60.28376227730829],[24.47682748311968,60.28375642764683],[24.47683621764997,60.28375577614449],[24.47687192559617,60.28375304102493],[24.476907381727308,60.283749582446525],[24.476942175185414,60.28374486258751],[24.47697587220526,60.283738406074455],[24.476996069126287,60.28373339986176],[24.477026952292025,60.283724015211746],[24.47705595613725,60.283713427016565],[24.477073414589793,60.28370639243223],[24.477101407135038,60.283695075331025],[24.477131417269703,60.283685045238215],[24.477145094397137,60.283681532119815],[24.477178815600304,60.283674995166315],[24.477213596498284,60.283670436698436],[24.477228638364974,60.283668934811296],[24.47726447066561,60.28366646246624],[24.477300619210787,60.283665990413176],[24.47732854164001,60.2836673204239],[24.47736390319024,60.28367095673765],[24.477398550374065,60.283676115614874],[24.477432515590102,60.2836821418905],[24.477458329296752,60.283687123949385],[24.47749160357212,60.283694134229776],[24.477524063799997,60.28370184770107],[24.477555851838524,60.2837105365578],[24.4775786160766,60.28371752682109],[24.47760846890403,60.283727616230074],[24.477666542942963,60.283749012711425],[24.477687865108944,60.28375687389148],[24.47777481484398,60.28378906879296],[24.477788125112063,60.28379407379287],[24.477816673568817,60.283805126539356],[24.47784444678655,60.28381661371892],[24.477856804711468,60.283822238436365],[24.477882331357723,60.283834940596556],[24.477905964945645,60.28384849614079],[24.47791683930579,60.283855530001006],[24.47793703752318,60.283870466598096],[24.47795501946855,60.28388598992701],[24.477963089872667,60.28389395868769],[24.477977672377524,60.283910396624016],[24.47798946671304,60.28392732958202],[24.477999843314528,60.28394693060097],[24.47800609526163,60.28396464763347],[24.47801749846728,60.28401812620795],[24.47802426902878,60.28406292875598],[24.47803131908204,60.28410973988759],[24.478036717602205,60.284199828139165],[24.478037704161686,60.284254186858064],[24.478035102422766,60.28429007064183],[24.478034621928316,60.28429419383358],[24.478027457036735,60.284329892131616],[24.47801056601807,60.28438310279778],[24.478009019611594,60.284387205744125],[24.47799383167924,60.284422302490384],[24.477984733611702,60.28443964712035],[24.477973807288723,60.28445676837518],[24.477960794153606,60.28447349964419],[24.47795310715036,60.28448215727277],[24.477937101016465,60.284498283709894],[24.477919285969694,60.28451393560498],[24.477900432639075,60.284529208444496],[24.47789006597344,60.28453718634073],[24.477869867912386,60.284552065318735],[24.477848511321653,60.284566482106385],[24.477825798162208,60.284580423958175],[24.477804296731147,60.2845924933466],[24.477779082296177,60.284605318666614],[24.477752693337,60.284617654540064],[24.477742293279842,60.284622307970004],[24.47765874337904,60.284656555271035],[24.477628732504957,60.28466658547717],[24.47760119089234,60.28467603375275],[24.477571748524714,60.284686434078026],[24.4775502363389,60.28469464938678],[24.477540953202404,60.28469842568937],[24.476705502385876,60.28458641281367],[24.467025451260536,60.28328820930596],[24.466972985873184,60.28328117162534],[24.45993753668711,60.28233717007892],[24.45886172492456,60.282192785058214],[24.45878960350196,60.28218310409535],[24.46570987504003,60.276253228649985],[24.471445792779907,60.2713916355803],[24.484151035332726,60.26662746336617],[24.48415166814457,60.26662769994299],[24.493676919017062,60.270125975506424],[24.4964617299361,60.27114774668407],[24.493694874957225,60.27132778960977],[24.487454744469716,60.27173416353276],[24.4872984202319,60.27187833284454],[24.48729351964143,60.27188280359143],[24.487289455480287,60.27188650862497],[24.48727012313831,60.27190417213944],[24.48720112041478,60.271967186298475],[24.485301903809393,60.27370170254183],[24.484625775984767,60.27431950203235],[24.484594899171885,60.27431694066759],[24.484559108897425,60.274315004858515],[24.484522949581866,60.274313870542954],[24.48448688391197,60.27431363632076],[24.484451091298137,60.27431573393452],[24.484416711519888,60.27432110127771],[24.484382800185102,60.27433025945328],[24.484355704848323,60.27434204413465],[24.48435040143128,60.274345626785724],[24.48433905727718,60.274362390234145],[24.48434319026836,60.27438016563127],[24.484356836994007,60.27439676483224],[24.484391256460544,60.274428319570795],[24.484399778377345,60.274436287531636],[24.484415138576356,60.27445247901357],[24.484429091713167,60.27446909299558],[24.48448013676415,60.274536159266546],[24.484485461476513,60.27454218913176],[24.484501763543435,60.27455812895055],[24.484538677351185,60.27458900326352],[24.4846171910372,60.2746493224691],[24.48463613105809,60.274664593589094],[24.484654111256237,60.274680116018835],[24.484663778078154,60.27468919263123],[24.48467928370074,60.27470537785095],[24.484693237076772,60.274721991806125],[24.48472986362844,60.27477262384905],[24.48473535766489,60.27478045356842],[24.48481060735299,60.27488139611064],[24.484820375314726,60.27489316062893],[24.484847650241264,60.27492637653301],[24.484860066681314,60.274943221865094],[24.484870316784978,60.27496048430134],[24.484877635590426,60.27498011668949],[24.48488038251796,60.274998045470106],[24.48487945683358,60.27501598552149],[24.484875954602213,60.2750337959098],[24.484871242268227,60.27505158337221],[24.48486793661483,60.275062830702495],[24.48485563660009,60.275098162503035],[24.484848192720587,60.27511571854868],[24.484839690110732,60.27513316470289],[24.484829239486942,60.275150304451735],[24.48481682278525,60.27516713745254],[24.484802321153037,60.27518356263692],[24.484785259335588,60.2751994093009],[24.484765670549127,60.27521448044057],[24.484742684799944,60.27522832837398],[24.484716484324487,60.27524022890597],[24.48468647379082,60.27525016177174],[24.48465503925555,60.2752590884723],[24.484623593532284,60.27526792512078],[24.484593923750165,60.27527742424147],[24.484566527544548,60.27528911344002],[24.484545006294777,60.27530343825382],[24.484540020742433,60.27530900325968],[24.484534845479192,60.27532669210806],[24.484541877998883,60.27534416310206],[24.48455583225793,60.27536076810126],[24.484573679471776,60.27537637784931],[24.484580890544553,60.275381634954],[24.484602465269155,60.27539604868104],[24.484626415801085,60.275409438407735],[24.484652277515238,60.27542196601214],[24.484678889265147,60.27543414849039],[24.48470350995462,60.27544493676334],[24.484732356337414,60.27545581407584],[24.484762027609364,60.27546607818012],[24.48478652664466,60.275474447628206],[24.484816356221536,60.2754845350534],[24.484845397070632,60.275495236358914],[24.484870757498726,60.27550793408731],[24.48488123142724,60.27551639713984],[24.484892575586247,60.275533311982976],[24.484896684059052,60.27555117672295],[24.484898050372685,60.27556306054434],[24.484914938875036,60.275652386885],[24.485014040662357,60.275916881653856],[24.4850208905178,60.275932732164726],[24.48212115775974,60.277723592575065],[24.48284168379352,60.27963814634157],[24.493804607145382,60.27860717812526],[24.494052041257042,60.27859218426885],[24.496392619651463,60.27836366401848],[24.496514684009774,60.278707445706154],[24.49479952861757,60.278871880475656],[24.495359160799016,60.280321033686846],[24.497075702806658,60.28015526943946],[24.498129012865615,60.28285390349589],[24.502119337975223,60.282497386736544],[24.505827479103814,60.28216596666265],[24.509625547742885,60.28182639286761],[24.51235940674644,60.281581887623645],[24.512436035268525,60.281575040779984],[24.51380996816777,60.28145205766057],[24.513837526823465,60.2814495912675],[24.514083595600425,60.281420790092234],[24.51410612656489,60.28142735642062],[24.514114888286592,60.28142990100255],[24.514125485187577,60.28143305486586],[24.514136789709813,60.281436419606386],[24.514167282143884,60.2814460634953],[24.514196968184297,60.28145632110231],[24.514225534595123,60.281467267412275],[24.5142523559412,60.2814792769936],[24.51427615439951,60.28149273915121],[24.514290242132393,60.281502812516536],[24.514293212114854,60.281504916281655],[24.514293329716793,60.28150503526458],[24.514310449722917,60.28152068106484],[24.51432488627741,60.281537121045204],[24.514338591352068,60.281553188003],[24.51434990475524,60.28156549115104],[24.514353648961166,60.28156954977454],[24.514358782892437,60.28157460459719],[24.51436994419471,60.28158557538585],[24.514405511992425,60.28161677503681],[24.514419815063373,60.281643076033724],[24.51442435447099,60.281651434515936],[24.51442533937935,60.281653950276194],[24.514432286898668,60.28167133701335],[24.51443686995708,60.28168912864665],[24.514438906507575,60.28170233610593],[24.51443961617131,60.28170704759155],[24.51444208628397,60.281724790687456],[24.514444021650636,60.281738616091566],[24.51444528108257,60.28174752402842],[24.51444712641291,60.28176062909291],[24.514448010238798,60.28176971864517],[24.514448248669122,60.28177205873414],[24.51444885569911,60.28179003644867],[24.51445083114235,60.281806431790876],[24.51445100577193,60.28180794423338],[24.51445244217322,60.2818130915323],[24.51446087177571,60.281830497027876],[24.51446755518538,60.28183873394549],[24.514476322095938,60.28184955210334],[24.51448237369316,60.28185491156005],[24.514494035798144,60.28186524492224],[24.514509156958027,60.281876244906734],[24.514512791355706,60.28187889111085],[24.514515632526965,60.28188078584603],[24.514521778798965,60.2818848984116],[24.514512405794434,60.281896122606696],[24.514135730204412,60.28234883897458],[24.514227995755423,60.28251514707952],[24.51439943289892,60.282824152701046],[24.514590474099354,60.28281159500275],[24.514590528296925,60.28281159601723],[24.51471971297717,60.282803108485],[24.51468221880149,60.28263283132303],[24.515190914380806,60.28240137829712],[24.514810066048497,60.28351300600418],[24.514661977803165,60.28394655594191],[24.514307576838974,60.28499651390255],[24.511458571990147,60.285491925005076],[24.51059793499775,60.285640688551844],[24.509747774333764,60.285787675765796],[24.508896841175098,60.2859347239857],[24.507802447769514,60.2861239103887],[24.499302200800887,60.287592529026455],[24.505038592929733,60.28945869424919],[24.50512501894746,60.2894866656849],[24.5071269122552,60.290134353554485],[24.508480907290313,60.29057589147882],[24.510746703698018,60.29131394874952],[24.51074834536211,60.29131449156178],[24.51104009437713,60.29140941421716],[24.511740520596927,60.29164016586659],[24.512036465457886,60.29173400604047],[24.512034995223082,60.29173763464846],[24.51172438769519,60.29259990433474],[24.511832425337207,60.292599682690934],[24.512244842205178,60.29139983689544],[24.512775864207242,60.28985471538207],[24.513025336924038,60.28970957520359],[24.51401706634599,60.28937302130716],[24.514267362370138,60.289242887221576],[24.515067748986816,60.288743050320186],[24.516357848966017,60.2888385020824],[24.51780680013428,60.28920609074914],[24.520516971287687,60.289856416944986],[24.52177075513402,60.289657711958405],[24.523896368025728,60.29280310017871],[24.526134396150017,60.292833848016784],[24.526079232702635,60.292986144404374],[24.526048326944363,60.29305814335046],[24.526017609223537,60.293130046978824],[24.525550345464705,60.294418280458565],[24.525358265111862,60.29495323093077],[24.525196918176317,60.29538995744813],[24.52449206257912,60.29733377749325],[24.524186094366605,60.29817709654549],[24.524311023729137,60.29818781539394],[24.526226038844353,60.29835031906676],[24.52798249450764,60.29850158852212],[24.531448209198366,60.29879813147296],[24.531579873759437,60.298711484020224],[24.533308398024072,60.297556147541954],[24.534081691731338,60.29703419793502],[24.534871074715966,60.296501834875905],[24.536032775852963,60.29571830889125],[24.537791622963713,60.29453237170728],[24.537855983445695,60.29448901775637],[24.53818367823253,60.294275680522496],[24.538506884113193,60.294058926610134],[24.538842337010717,60.293837368386],[24.539149126454845,60.29363207662166],[24.53984539035171,60.29316959142558]],[[24.556268049875882,60.310140721943476],[24.556290782176458,60.310125581511564],[24.556290731283706,60.31012553566048],[24.556268512657716,60.31014034418664],[24.556268049875882,60.310140721943476]],[[24.517581811182744,60.34347036218905],[24.517596878889734,60.34344119694418],[24.517596703350687,60.343441121801725],[24.517581811182744,60.34347036218905]],[[24.563530715368575,60.33550752567379],[24.56354328870966,60.33549905165534],[24.563517932499064,60.33551273504075],[24.563530715368575,60.33550752567379]],[[24.621490829674173,60.304278788291924],[24.621792592461528,60.30459910928669],[24.621792571773216,60.3045991448475],[24.621793696990782,60.304600350718665],[24.62179376865582,60.30460036098437],[24.62179376474232,60.30460041481103],[24.622109965294417,60.304938114646866],[24.622152939391217,60.304831566516924],[24.6221916820341,60.30470328514353],[24.62221206437823,60.30454019022658],[24.622185986204215,60.30442926215321],[24.622093284478588,60.30433958054921],[24.622024789360783,60.30429219195941],[24.621871106963386,60.30424848840965],[24.6216568422288,60.304237556211966],[24.62156758746246,60.304255352096554],[24.621490829674173,60.304278788291924]],[[24.583948020476107,60.32148220936646],[24.58395236877465,60.32149076827283],[24.583956859976624,60.32149959926388],[24.58396261929432,60.321505731492955],[24.58397897915056,60.32151670059994],[24.58399113620707,60.32151665213239],[24.584003210464193,60.321512577822155],[24.58402115358876,60.321498450554785],[24.584034061188316,60.32148383649228],[24.584046193532366,60.32146990900026],[24.58404841036323,60.32146736222867],[24.58405486843423,60.32145864945117],[24.58406210820724,60.321441075785884],[24.584067512929323,60.32142333401613],[24.584068341425247,60.32142045658629],[24.584075815664495,60.32140289616581],[24.584085640871866,60.321385630005686],[24.584093790832913,60.321372160102285],[24.584114929248674,60.32133783448796],[24.5841174103008,60.32133391813607],[24.584129008281458,60.321316926739186],[24.584143142265898,60.32130042160582],[24.584147079161824,60.32129665748],[24.584166227102344,60.32128142025292],[24.584175211631127,60.321274792515574],[24.58418800783782,60.321265359543986],[24.584225575939698,60.32123468320549],[24.58423389251283,60.32122802535614],[24.584254136635312,60.321213149394204],[24.584273806764852,60.321196726920505],[24.584288689711173,60.32118037911401],[24.58429559485538,60.32116953652444],[24.584302114890342,60.32115189586698],[24.58430512630475,60.32113737137347],[24.58430856588324,60.321119504043985],[24.58431084265733,60.321110508641],[24.584347118670873,60.321057117996155],[24.584360556282924,60.32104047442281],[24.58436321077069,60.321037396628505],[24.584447326195562,60.3209579538295],[24.584450397541122,60.32095511716606],[24.584450436368574,60.320955081940234],[24.58451944831602,60.32089202782781],[24.58452369393757,60.32088825133757],[24.583718651673205,60.32064854061219],[24.58369922268517,60.32071536143241],[24.5836960978225,60.32072455699598],[24.583650081260423,60.32084355210426],[24.583646012580896,60.32085644942403],[24.583643773374234,60.32086395434043],[24.5836434941679,60.320865036193936],[24.58362956688263,60.32093632273083],[24.583629020536225,60.32094738870654],[24.583619933035177,60.32103699852278],[24.583620472431445,60.321054938189846],[24.583622970629026,60.321072841611056],[24.583627887787316,60.32109060935865],[24.583631193300523,60.321098816949316],[24.583640434446984,60.32111616027779],[24.583652385778162,60.321133103739975],[24.583666781946683,60.32114956166426],[24.58369841093801,60.32118183740238],[24.58371070015456,60.32119372064944],[24.583722321986894,60.32121071201064],[24.583731581963196,60.321228046691],[24.583739068180428,60.32124560962355],[24.58374538682463,60.321263286069886],[24.583749006062696,60.3212743559216],[24.583754522875324,60.3212920986343],[24.58376025940287,60.32130980940995],[24.583766998074406,60.32132743959443],[24.583775196398353,60.32134492564282],[24.583785719768727,60.32136207668273],[24.583800704868523,60.32137841055442],[24.583815378324392,60.32139013951611],[24.58381830693836,60.32139242052092],[24.583837541853082,60.321407618965765],[24.583857611970224,60.32142254514006],[24.58386586933153,60.321427716707355],[24.58389248542163,60.32144107310581],[24.583918496591597,60.32145354715996],[24.583939296190298,60.32146742660215],[24.583948020476107,60.32148220936646]],[[24.43495066290557,60.30767779853933],[24.43521609801657,60.30778649342703],[24.435567796904326,60.30793414322487],[24.436005573587348,60.30752711004506],[24.436176792016372,60.307513121518134],[24.43596973593087,60.30731796697883],[24.43554478904927,60.30691745809226],[24.43495066290557,60.30767779853933]],[[24.581912145811067,60.32072561396914],[24.582006825887447,60.320696363713935],[24.582036526318806,60.320686124644745],[24.582065331958578,60.32067524946815],[24.58207446150675,60.32067156191644],[24.582156942260752,60.32063656510593],[24.582185607760543,60.32062562447412],[24.582215842248125,60.32061575439902],[24.582247897306754,60.320607471482035],[24.582281242772236,60.32060133199908],[24.58231618031303,60.32059668568561],[24.582422809067495,60.320586597463254],[24.5824362134435,60.320585107621326],[24.582470892726228,60.32058003437306],[24.582494333781693,60.320575080055896],[24.58252569291602,60.320566164592925],[24.582584698416685,60.32054539157781],[24.58258950235099,60.32054361950709],[24.58267715890079,60.320511851569535],[24.58269532387641,60.32050525618421],[24.582883428717615,60.320436994228395],[24.58289481966962,60.320432359636044],[24.58291415140073,60.32042468054739],[24.582937288579767,60.320415750185894],[24.582903476025447,60.320405676185196],[24.58156350201201,60.320006682753295],[24.581491820264993,60.319985328346526],[24.581444305901215,60.32002190433456],[24.58140912233011,60.32005191365587],[24.581369552927725,60.32008195992175],[24.58136376050034,60.32008607646102],[24.58125301115824,60.32015701087471],[24.581241749665224,60.3201640551028],[24.581219793513057,60.32017831556594],[24.581198842435644,60.32019294465313],[24.581179340653296,60.32020805824538],[24.581162872722878,60.32022402653588],[24.581150880995263,60.320240938660035],[24.58114773474052,60.32024723230487],[24.581142672307987,60.32026498020596],[24.58114255852998,60.320282916995374],[24.58114309565478,60.32028667264342],[24.581143752260374,60.32028979268007],[24.581145942440546,60.32030009102313],[24.58114851158406,60.32031799580126],[24.581149158146463,60.32033593744745],[24.581148902695933,60.32034746684705],[24.58113738719128,60.320438469651535],[24.58114177505137,60.32045627279043],[24.581148985738427,60.320473866806275],[24.58115873782153,60.320491138781044],[24.581170431095337,60.320508122703785],[24.58118390609332,60.320524770756855],[24.58119896252664,60.32054109725988],[24.581217120580984,60.3205583425741],[24.581236002165735,60.32057364278177],[24.58125737189745,60.3205881169322],[24.581282668161187,60.32060092884551],[24.581312033834365,60.32061137147057],[24.58131874683537,60.32061317345542],[24.581351767396804,60.32062048467943],[24.58138543995736,60.32062706218062],[24.581418243662675,60.32063461197928],[24.581448070063264,60.32064470364242],[24.581456866984734,60.32064918452046],[24.581478814838416,60.320663435599506],[24.581498622229198,60.320678465163724],[24.58151963918746,60.320693058609905],[24.58153487453403,60.320700360510294],[24.581559010682735,60.320706333232266],[24.58157284280682,60.32070910017388],[24.581590056668812,60.32071193764013],[24.58161697415246,60.32071287664508],[24.581653109045437,60.32071212392435],[24.581689216220937,60.320711011373334],[24.581725389119516,60.32071096897387],[24.581734323283776,60.32071139205856],[24.58176996039517,60.320714430015215],[24.58180515081287,60.32071860964516],[24.581840362645664,60.32072274474081],[24.581876063997452,60.32072564909416],[24.581912145811067,60.32072561396914]],[[24.508011950103405,60.335325335697995],[24.50799872584539,60.3353086576169],[24.507996323051348,60.33530618712315],[24.507979061466976,60.33529041251221],[24.507957879260157,60.33527591186675],[24.507932784566623,60.33526305364608],[24.50792419627209,60.33525947903991],[24.507894470624954,60.33524913011745],[24.50787002856303,60.33524149434078],[24.507840618087666,60.33523105250028],[24.507825642029342,60.33522332469562],[24.507778277918348,60.33519620589977],[24.50774933972718,60.335185512382],[24.507724630845363,60.33518137499928],[24.50768900445988,60.33517854207845],[24.507670634398824,60.3351772993275],[24.507634837642282,60.335174562012114],[24.507599232872955,60.33517120845015],[24.507564150287994,60.335166948389606],[24.5075255661946,60.33516084400088],[24.507491892020308,60.335154274713666],[24.507458875214468,60.33514692722804],[24.5074263774807,60.33513895166454],[24.507413955171153,60.335135754286405],[24.507349774497204,60.33511909975681],[24.507316776538673,60.335111743605296],[24.507282753095478,60.335105715685735],[24.50727278145107,60.33510436087946],[24.507237526160868,60.33510046580129],[24.507130525346806,60.33509119178119],[24.507095463447676,60.33508666248872],[24.507066867299905,60.33508146393281],[24.50703319946306,60.335074813797675],[24.50699884112118,60.335069138849],[24.5069764458173,60.33506674253004],[24.50694041108952,60.33506498870772],[24.50690435437946,60.335065659911855],[24.506877516839655,60.335067573015266],[24.50684187856731,60.335070596651036],[24.50681259756057,60.33507247289425],[24.5068020503505,60.335072724222435],[24.506729718986534,60.33507288566636],[24.506719637149633,60.33507297503736],[24.50669642634114,60.335073428997205],[24.506660431532477,60.33507518825681],[24.50662477406262,60.33507846300263],[24.506616463247706,60.33507956474913],[24.50658134498756,60.33508384672687],[24.506569190576307,60.33508497518593],[24.5065341047775,60.33508906911424],[24.506500649223124,60.33509958063033],[24.506476879844772,60.33511304963313],[24.506436919349728,60.335143022362104],[24.506421828337796,60.33515271055492],[24.506375177326184,60.33518012332412],[24.506349702318474,60.33519599474048],[24.506328600347153,60.335210600719066],[24.506309146926952,60.3352256867789],[24.506295581837552,60.33523746072502],[24.506279852953604,60.33525360480025],[24.50626939352302,60.33527074604593],[24.50626582840243,60.335285402536734],[24.50626614168002,60.335303374703486],[24.50627318376451,60.33533907108625],[24.506274737744143,60.33535859366351],[24.506274914716325,60.335364346196165],[24.50628195114745,60.335382076182654],[24.506284573366568,60.3353876050946],[24.506291018841925,60.3354052431456],[24.506292929015743,60.33541012987901],[24.506297803520866,60.335414164926384],[24.506324338227,60.335426430639984],[24.506329642921155,60.335428865773586],[24.506353501073896,60.33544224907767],[24.506378909049293,60.335455032631174],[24.506403857379386,60.33546196851324],[24.506437360865416,60.33546887623221],[24.506470042073033,60.33547658598357],[24.50649579053566,60.335481111408676],[24.506565200900212,60.33549121691988],[24.506586679000925,60.33549566222279],[24.506618520571323,60.335504164669814],[24.50664810127829,60.3355145111608],[24.506675910174568,60.33552599221915],[24.506702773951616,60.33553798554909],[24.506728817904598,60.33555051146771],[24.50674411006793,60.33555789498361],[24.50677289664591,60.33556867570745],[24.506810752189686,60.33557459596547],[24.50684686522222,60.33557509364453],[24.506882949879756,60.33557406364741],[24.506912038652008,60.335572812597675],[24.506948272467817,60.33557196504323],[24.50698429650542,60.33557362882427],[24.50701043487981,60.33557708348352],[24.507078969252998,60.33558869942668],[24.507091822532466,60.33559028795119],[24.50712760912951,60.33559292640246],[24.507163677992075,60.33559424063262],[24.507193835383603,60.335594896021256],[24.507230077075775,60.33559584516566],[24.507265942706482,60.33559768556204],[24.507287036720317,60.335599329790064],[24.50732245716309,60.33560296743391],[24.507463056611293,60.33562006679692],[24.507484865165228,60.33562208371742],[24.507520469727826,60.33562544628303],[24.507555718774302,60.335629430992604],[24.507579235457793,60.335633285537114],[24.50761324140959,60.33563931304474],[24.507622138785102,60.33564073751182],[24.507690370309408,60.335652527119464],[24.507705688036143,60.33565577875647],[24.507739349766076,60.335662518428336],[24.50775399648168,60.33566458967056],[24.50778904168399,60.335669109483774],[24.507825148340636,60.33567373003669],[24.507851353589817,60.33567440999226],[24.5078868518613,60.33567085344886],[24.507919484607193,60.33566329059255],[24.507924803476588,60.33566150385105],[24.507952700058794,60.335649989444136],[24.507978355056146,60.33563745384546],[24.50803454028496,60.33561308488378],[24.508053642790745,60.33560472935432],[24.50807989925607,60.33559238467535],[24.508105159872724,60.33557955419957],[24.508126075863697,60.3355673788905],[24.50814656888844,60.335552671387546],[24.508158997343546,60.33553583641183],[24.508160488495864,60.33553030380283],[24.508158194991395,60.33551238436399],[24.508150522443955,60.3354949030766],[24.50814141242689,60.33547821230694],[24.508130672588823,60.3354610328432],[24.50811759365979,60.33544434851692],[24.50810560696999,60.33543163724578],[24.508089898763217,60.33541545159776],[24.50805820246333,60.33538081129762],[24.508044081321778,60.33536591303555],[24.508029473234373,60.335349559357645],[24.508016482673586,60.33533171785175],[24.508011950103405,60.335325335697995]],[[24.44425677873453,60.30761647872202],[24.4442566667581,60.30761652148471],[24.442669194104973,60.30818905362637],[24.443213140164058,60.30855074756277],[24.443213208272503,60.30855080277399],[24.444617241876948,60.308040799441244],[24.444617190444134,60.308040762518324],[24.444542049555807,60.307989800643334],[24.444402547975912,60.30789520797058],[24.44425677873453,60.30761647872202]],[[24.508186366445397,60.34046094005566],[24.508221490303683,60.340456657690986],[24.50825620520738,60.340451559169985],[24.508273510795522,60.34044873944007],[24.508411185335465,60.340426535394705],[24.50844433784496,60.34042006007267],[24.508477395893188,60.340412684658986],[24.508573621837673,60.34038762851517],[24.508581242272722,60.34038561537915],[24.50864454051924,60.34036812571293],[24.50867532392875,60.34035873133428],[24.50870378731066,60.34034767650749],[24.508715952449943,60.34034215528019],[24.50874032640586,60.34032887684143],[24.508761111757373,60.34031417469617],[24.508778490782106,60.34029851040155],[24.508789348040036,60.34028613747954],[24.508824083541995,60.34023514438655],[24.508833271790895,60.34022445596312],[24.50885095838996,60.340208797423614],[24.508870858581176,60.34019381816465],[24.50887913311672,60.340187505366984],[24.508897848802025,60.34017213559958],[24.508913741705424,60.34015599428414],[24.508924200697027,60.34013886181332],[24.508925187251215,60.34013590688388],[24.508927760596357,60.34011808765888],[24.508927814885602,60.34010335634273],[24.508929483128735,60.34006746406563],[24.50893390217261,60.34003162333452],[24.508935709036788,60.34001791300329],[24.508935646357436,60.34001683385314],[24.508932114709413,60.339998981077194],[24.508925521496714,60.33998134940854],[24.508915854409118,60.33996410031232],[24.50890907120958,60.33995490024191],[24.508893686235094,60.3399387207875],[24.508875962546632,60.33992302751055],[24.50883863197132,60.339892333292504],[24.508830184953165,60.339884988496074],[24.508795801039163,60.339853442187255],[24.50877385304273,60.33983919686531],[24.50876027237459,60.33983310332978],[24.50872891200126,60.33982417030527],[24.508694363231623,60.339819022301384],[24.508622534244285,60.33981436139847],[24.50860811557327,60.33981355218949],[24.508572295563916,60.339810814757726],[24.508430805519183,60.339795406916096],[24.50841719043679,60.339793804265575],[24.50837570251843,60.339789343585274],[24.508305220211877,60.339781285176535],[24.508294480172676,60.33978000589531],[24.508259398716977,60.33977566525754],[24.508223821344977,60.33977212379692],[24.508196762003287,60.339770718280064],[24.50816079698632,60.339772020428235],[24.50812526933421,60.33977566637968],[24.508055294052067,60.33978495478904],[24.508037428244574,60.33978704533431],[24.50800152585256,60.339789426589675],[24.50789306840973,60.339792864164906],[24.507871217027205,60.33979327199136],[24.507835236533257,60.33979501393534],[24.50779932042967,60.339797574541976],[24.507692792012794,60.33980779445248],[24.507685719921874,60.339808560178184],[24.50765407980822,60.3398173094441],[24.50762293420969,60.33982741544436],[24.507595334717628,60.3398390252242],[24.507570978769213,60.33985230379266],[24.50754973634687,60.339866817523315],[24.50753102021046,60.33988218709885],[24.50751746829698,60.33989566822461],[24.507489764039832,60.33992883554428],[24.507480552251188,60.33993935275877],[24.507464532755087,60.33995548255416],[24.50743004548113,60.33998752555503],[24.50741475355187,60.34000385763261],[24.50740187736951,60.34002059432956],[24.507392471675868,60.340037926102696],[24.507388358538105,60.34005572542039],[24.507388303360628,60.34006048544766],[24.50739212372828,60.34007834368865],[24.50740010454073,60.34009583078147],[24.50741928693804,60.34013039823151],[24.507423702917738,60.34014045231104],[24.507428308349365,60.34015823543897],[24.507430131182236,60.34017614605609],[24.507432437720535,60.340229989300376],[24.507434006038068,60.340239361166645],[24.5074396867713,60.3402570656409],[24.507448101991,60.3402745608746],[24.507458238924453,60.34029181889496],[24.50746303071809,60.340299086263904],[24.50747486002354,60.34031601668854],[24.50748823007244,60.34033270650583],[24.507503318120886,60.340348970392846],[24.50752136272135,60.34036449021156],[24.50754347339195,60.34037873879181],[24.507559785374504,60.34038703961246],[24.507588078523003,60.34039817017017],[24.50761926187127,60.34040728878708],[24.50765194896128,60.34041498930412],[24.50768681197069,60.34042220060176],[24.507827558268197,60.34044738687719],[24.50789944328995,60.34044325475606],[24.50793569618122,60.340442227559706],[24.5079717916489,60.34044326352311],[24.507989078821616,60.34044448589465],[24.508024312580947,60.3404487396184],[24.50809390367802,60.340458757741814],[24.508129343843997,60.34046220682444],[24.508150508794714,60.34046296287362],[24.508186366445397,60.34046094005566]],[[24.52593584024654,60.32441681636122],[24.525905526769883,60.324426492746134],[24.525878526466062,60.32443667097708],[24.52585065188674,60.32444810852477],[24.52582411717233,60.324460271692566],[24.52579976139407,60.32447356237553],[24.525787894313737,60.324481246557205],[24.52576889495719,60.324496523407426],[24.525754090573066,60.324512857513426],[24.5257462025561,60.32452636495035],[24.52574103430521,60.32454414507529],[24.525741365805604,60.32456201861132],[24.52574369168724,60.324571494157965],[24.52575153405058,60.32458897752824],[24.52576089207875,60.32460630047133],[24.525765741305054,60.324616900967236],[24.525771103197545,60.32463460764776],[24.525773405749376,60.32465252686281],[24.52577296917485,60.32468844210701],[24.525773020721648,60.32469374308909],[24.52577334544783,60.32471170632921],[24.525779365880794,60.3247834046495],[24.525780233415816,60.324792044566024],[24.525780759665174,60.3247989713418],[24.525785373823418,60.32481674494767],[24.525791206076505,60.32483446038337],[24.525794606045768,60.32484386609432],[24.525799057414122,60.324861636668714],[24.525799791910863,60.324866052056514],[24.525803168548627,60.324883901435946],[24.525804859554235,60.324887885476954],[24.525820347729923,60.32490487338642],[24.525834501204358,60.32492130644331],[24.52584477703894,60.32493488255099],[24.525857358993466,60.32495173550242],[24.525867719121024,60.32496611267216],[24.525879984325787,60.32498547498887],[24.52589058618622,60.32500264141409],[24.525900565550376,60.32501989506349],[24.52590216168007,60.32502297902789],[24.525904745693996,60.32502904580232],[24.525908776439202,60.32504017003901],[24.52591568285872,60.32505781563379],[24.52592412984344,60.32507521143209],[24.525937358600967,60.32509189675385],[24.525951819732622,60.32510833552355],[24.525961241701655,60.32512098843301],[24.525968148165575,60.32513863402513],[24.525973195935887,60.32515642467704],[24.52597543153395,60.325165179889886],[24.5259824901995,60.325182729500334],[24.525992783976037,60.325199899163316],[24.526002549743346,60.32521183982225],[24.526019349063173,60.325227783125136],[24.526039268915124,60.32524270654534],[24.526057775806613,60.325254279917374],[24.526082548345457,60.32526731738563],[24.5261052702242,60.32527753191915],[24.526133550720324,60.32528873924648],[24.526159291130142,60.32530143539285],[24.52617620616805,60.325313697762674],[24.52619785599893,60.32532802454383],[24.526222004534965,60.32534140969269],[24.52622715149529,60.325344011779485],[24.526253830411274,60.32535627622151],[24.526282596535744,60.32536705238365],[24.526318969453957,60.32537617350985],[24.52635386909884,60.325380587015935],[24.526389947970955,60.32538162685491],[24.526425944059813,60.32537969174193],[24.52646130487457,60.32537585834733],[24.52649573190865,60.32537048043941],[24.52650301078237,60.32536908878887],[24.526536173905995,60.32536198056059],[24.526568075350244,60.32535359121061],[24.526598421168796,60.325343735607476],[24.52662657075804,60.32533250064394],[24.52665287824143,60.32531951562237],[24.526676038174205,60.32530575337111],[24.526698602732466,60.32529171952637],[24.526723103482958,60.325278431374855],[24.526749862997885,60.325267610687824],[24.52678118998544,60.325258671612644],[24.52679146724276,60.325255718790984],[24.52681195326731,60.3252492818688],[24.526823967147138,60.32524564271581],[24.52685401205652,60.32523569162578],[24.526863787501057,60.325229315888215],[24.526878180303505,60.32522248709008],[24.52688578959443,60.32521481340888],[24.52689562597278,60.32519757825403],[24.52730536108492,60.32436255323691],[24.5273046217084,60.32436226998738],[24.52727567906419,60.32435167939862],[24.527250742097692,60.32434464877241],[24.527217263518963,60.32433774666709],[24.527182702474825,60.32433270187616],[24.527147496994395,60.324328273900655],[24.52713556964524,60.32432670449971],[24.527100692052645,60.32432201312032],[24.52706580768271,60.32431741143637],[24.527030410010028,60.32431360866904],[24.526994788455397,60.32431061020368],[24.526958805092537,60.32430832364268],[24.52691792638139,60.324306574789404],[24.52688184120782,60.324305633775595],[24.526845563807836,60.324305317990685],[24.5268095192499,60.324305994668464],[24.526773537941875,60.32430775048387],[24.52673814665436,60.32431176304168],[24.5267045618517,60.32431823464354],[24.526699594095383,60.32431948965239],[24.526636343381394,60.3243368984936],[24.526607348749977,60.32434111989804],[24.526571419561034,60.32434027153428],[24.526535822221618,60.324337192548626],[24.52651484654335,60.32433598468529],[24.52647886450948,60.3243377493911],[24.52644485524229,60.32434384472134],[24.52642353699518,60.32434955642749],[24.52639420498903,60.32436014949812],[24.52636648802258,60.32437166194943],[24.526338919579352,60.32438336580455],[24.526310620817586,60.324394427244094],[24.52627971960394,60.32440373344932],[24.526242960025684,60.324409786518025],[24.526206931204793,60.324410014172486],[24.52613321499634,60.32440486008017],[24.526096991141483,60.32440383542495],[24.526060817615193,60.324404060345984],[24.526024603345956,60.324404823483945],[24.52598875141931,60.32440702166859],[24.52596888268646,60.32440961620669],[24.52593584024654,60.32441681636122]],[[24.49064518251256,60.29603469550476],[24.490644750642677,60.29603442683114],[24.490636970347833,60.29603085721782],[24.490615607033128,60.29602103016361],[24.490586387190397,60.29601051567],[24.490554584886965,60.29600063510247],[24.490525061706943,60.29599148031643],[24.490514110254672,60.295987725012694],[24.490502348096133,60.29598368489271],[24.490489596701586,60.295978619957026],[24.49047410576405,60.29597246120047],[24.49045843024492,60.295964933501395],[24.490448218182753,60.2959600333244],[24.49043222996977,60.295949975422246],[24.490425841641226,60.29594595598554],[24.490423173652015,60.295943929259586],[24.490420505663153,60.295941902533556],[24.49040358702312,60.29592604183811],[24.490395680938764,60.29591538205384],[24.490391171906918,60.295909278080075],[24.490387216155042,60.295901387911925],[24.49038244377898,60.29589187431238],[24.49037632827031,60.29587415159817],[24.490373462658233,60.29586125141188],[24.490372376494793,60.29585629908721],[24.49037200058393,60.295852941234195],[24.4903702808448,60.29583784383859],[24.490369969258364,60.295819961295706],[24.49037150796716,60.29580202388302],[24.490374546018824,60.29578412378473],[24.49037896947067,60.29576633071366],[24.490382264358377,60.29575593647692],[24.490384603786037,60.29574856052252],[24.49038773097713,60.29574058859279],[24.490388944267814,60.29573751229954],[24.49039790137207,60.295720074391376],[24.490411957752382,60.295703640143635],[24.49041804780111,60.29569880545046],[24.490420244995978,60.29569705930186],[24.490443974489654,60.295683583650366],[24.49045512505026,60.295679078139415],[24.49047197351746,60.29567225481396],[24.49049713101872,60.2956644655791],[24.490502581278545,60.29566278089534],[24.490539455906283,60.29565324571462],[24.49063083799348,60.295629630575355],[24.490643434690174,60.2956256195008],[24.490651615906387,60.295623016218805],[24.49068063981788,60.29561224569829],[24.490692887877042,60.29560688054579],[24.49070775827708,60.29560036118228],[24.490713247855904,60.29559745551195],[24.490732381079376,60.29558727067198],[24.490754202367018,60.29557295042374],[24.490755686135817,60.29557177470195],[24.490767681227496,60.295562155689765],[24.490782399652804,60.29554817735562],[24.49078444998689,60.295546221812145],[24.490815283079495,60.29551374599676],[24.49081673807792,60.29551223735082],[24.490818270181652,60.295510667278876],[24.490828235356553,60.29549990497263],[24.490833386347706,60.29549433386108],[24.490845663361846,60.29547749764158],[24.49084087490858,60.295460168334124],[24.49082333870123,60.29545424945628],[24.490807301516735,60.2954488439915],[24.49077602796212,60.29544505511506],[24.490772136496854,60.295444586331556],[24.490731225481703,60.29544327440488],[24.49071523637813,60.29544408624135],[24.49069528614261,60.29544510171709],[24.490679172464482,60.29544659392206],[24.490659687166367,60.29544839073575],[24.490650922932566,60.2954493929683],[24.49062992716404,60.29545200566405],[24.490615839162036,60.29545375173222],[24.49058998093353,60.2954577008859],[24.490581299675732,60.29545903706167],[24.490551333953015,60.295465334075494],[24.490547986278607,60.29546603439849],[24.49053912572081,60.29546829245786],[24.490507948591553,60.29547740527806],[24.490447186274576,60.29549681981578],[24.49043571711558,60.295500052668],[24.490415722500046,60.2955056577014],[24.490402614054155,60.29550855414532],[24.490382694925454,60.2955129388791],[24.490346371983584,60.295517642471026],[24.490326779887436,60.295518943140095],[24.490310535153963,60.295520019595315],[24.490266834472404,60.295521098254625],[24.490238311418924,60.295521798949686],[24.490162182351813,60.295524941783384],[24.490054789531793,60.295532425549446],[24.49002287871864,60.295535056456174],[24.489933160640177,60.29554358382536],[24.489880891095076,60.29554854287443],[24.489877005170154,60.29554894554425],[24.489865366843738,60.29555013595408],[24.489688937135185,60.29556952000784],[24.489680028260256,60.29557051944322],[24.489469544806767,60.295596634798926],[24.48944339905846,60.295600317783375],[24.489431341254736,60.295602021254645],[24.48940577142148,60.295606218180126],[24.489362660405277,60.29561329053309],[24.489350291071027,60.29561575168418],[24.489329228172398,60.295619943959466],[24.489296473753257,60.2956276702142],[24.489287356097336,60.29563021079543],[24.489267197179405,60.29563583051983],[24.4891712526117,60.295660867666136],[24.489137669516186,60.29566759904258],[24.48910275674674,60.295671610298214],[24.489083310296174,60.295672662008116],[24.48906695408531,60.29567353857366],[24.489030830398946,60.29567375395297],[24.48900508777704,60.29567288996686],[24.488994654202973,60.29567253100991],[24.48888690102035,60.295666541137145],[24.48886199095177,60.29566544133323],[24.488825807887967,60.295664308046625],[24.488760726920585,60.29566380515938],[24.488753618194192,60.29566375159713],[24.488750356865346,60.29566379773094],[24.48871746697966,60.295664325700564],[24.488686305521433,60.29566544330556],[24.488681387193388,60.2956656198048],[24.488645433050795,60.29566763493503],[24.488637334977035,60.29566820945318],[24.488636389005517,60.29566827241519],[24.4886328373092,60.29566856458658],[24.488600799749058,60.295671192757986],[24.48856534301621,60.29567474442482],[24.488460271054578,60.2956880560114],[24.488355124653253,60.29570139305793],[24.48834708594348,60.29570237292748],[24.488332816991505,60.29570411533433],[24.48826264004334,60.29571293926363],[24.488228107492425,60.295718125304504],[24.488193964770367,60.29572412720168],[24.488160233222384,60.29573066687838],[24.488128793576372,60.29573941485636],[24.488110679642418,60.295748334005005],[24.488103137086874,60.295752045169],[24.48808757090311,60.29576809130235],[24.48808752855995,60.295768171350765],[24.488085408126473,60.29577245219123],[24.488084892457593,60.29578129094153],[24.488084344942674,60.29579030875454],[24.488091683834593,60.295807875063225],[24.488103174125726,60.29582488207525],[24.488116686167633,60.2958414871436],[24.48812776141558,60.295853527548594],[24.488131736988667,60.29585785181511],[24.488134710669915,60.295860845578396],[24.488144323804296,60.295870477767814],[24.4881692214005,60.295894610525586],[24.488226731417075,60.29595036124354],[24.488230400129254,60.2959542035911],[24.48824531336199,60.29597047581358],[24.488285963346595,60.29602046379944],[24.488288326882373,60.29602362568518],[24.48828970521009,60.29602547535117],[24.488297687561275,60.29603678350545],[24.488301654384102,60.296042401188856],[24.48831237134561,60.296059582203476],[24.48831751096418,60.296069255544836],[24.488321574502365,60.29607691425441],[24.488327671546795,60.296094627744104],[24.48833026607946,60.29611246364571],[24.48832969877994,60.29612574812845],[24.48832287367738,60.29616325887903],[24.488319936038398,60.2961793641931],[24.48831902942233,60.29619730456602],[24.48832043208402,60.2962087398201],[24.488320601614586,60.2962095964349],[24.488327284555357,60.296244434096195],[24.48832728285094,60.296257423844224],[24.48832728089804,60.29626240052806],[24.488322943214477,60.296277410359096],[24.488318297171407,60.296285119959194],[24.48831263265151,60.29629454406603],[24.488307457522517,60.296300186495834],[24.48829765943846,60.29631087991939],[24.488278574541155,60.29632607799037],[24.48827851550197,60.296326139756644],[24.488255798454443,60.296340083346735],[24.48825137570952,60.29634229043497],[24.488237259756353,60.296349344829665],[24.488222463236273,60.29635536226163],[24.488209403965328,60.296360675920006],[24.488194453057076,60.29636563938888],[24.48817922278594,60.296370705371814],[24.4881476267554,60.29637936057127],[24.488139579424068,60.29638115774319],[24.488119560837724,60.296385648065616],[24.48805294780666,60.296399659758436],[24.488020354277296,60.29640739773757],[24.48798888898008,60.29641623503784],[24.48795930219245,60.29642653619739],[24.487937917112475,60.29643609415136],[24.487928826629364,60.29644016231],[24.48790612811568,60.296454097210294],[24.487895223456025,60.29647095015359],[24.487899997989402,60.29647854147494],[24.487902434310605,60.29648240543773],[24.487914371850092,60.29648793134327],[24.487928775046747,60.296494581873056],[24.487960580838863,60.29650299886891],[24.487988452295166,60.296508439855025],[24.487994212067985,60.296509563899335],[24.48802886145305,60.29651489052237],[24.488035819392444,60.29651573179534],[24.48805943205345,60.2965184152105],[24.48807100515739,60.29651973004737],[24.48808565464693,60.296520815601944],[24.4881067655082,60.29652237370269],[24.488142790443902,60.29652369283106],[24.48817891506845,60.29652347769907],[24.488190603014527,60.29652306092997],[24.488214995817845,60.29652218373743],[24.48825097158308,60.296519899623064],[24.488265816128504,60.296518680151095],[24.488286561793323,60.29651697938018],[24.488305432678136,60.29651518026928],[24.488306874222097,60.296515027865375],[24.488340639912575,60.29651135444456],[24.488359082207747,60.29650900822614],[24.48837573268303,60.296506897618514],[24.48839142098302,60.29650458914873],[24.48841040305701,60.29650181295145],[24.48843734968188,60.29649713918077],[24.48844454035853,60.29649589173609],[24.488477844058746,60.296488804892945],[24.488486167832377,60.2964867074974],[24.48851001328043,60.29648069944853],[24.488515934365182,60.29647901476323],[24.488544408581582,60.29647023756238],[24.488577442357688,60.29646006433623],[24.488603246891845,60.2964525841295],[24.48860861407095,60.29645104168172],[24.488641345896088,60.29644338702369],[24.488650703596015,60.296441731380824],[24.488659585199787,60.29644014758436],[24.488674402844428,60.29643833466425],[24.488694664082228,60.29643587007787],[24.488727196381515,60.296433880056526],[24.48873065091027,60.296433675876806],[24.4887666515059,60.29643318874366],[24.488802856070937,60.29643405294454],[24.488838663896377,60.296436077456676],[24.488894760859232,60.29644046187419],[24.488911366534026,60.296441763987595],[24.488921640622113,60.29644231756408],[24.488947343916948,60.296443701843494],[24.48896869418659,60.29644379108091],[24.488971860408878,60.29644380602544],[24.489007785271305,60.29644241907017],[24.489043395986887,60.29643922951658],[24.489078346583412,60.296434500321695],[24.489093810177668,60.29643205277313],[24.48911275514299,60.296429051193996],[24.489180330846114,60.296416404660484],[24.489185681647193,60.29641531104254],[24.489190075441893,60.29641442391394],[24.48942375018691,60.29636612749801],[24.489436871983504,60.2963637703927],[24.489574100425067,60.29634112136893],[24.48959601854269,60.296337583024915],[24.489698557340184,60.29632003644914],[24.489718010954363,60.296316065225135],[24.48976543116344,60.29630638820048],[24.489831565760745,60.29629057895212],[24.48991156356313,60.29626864458607],[24.48998973074995,60.29624721457206],[24.490005757817293,60.296242846170394],[24.490070126167062,60.29622646443241],[24.49007607038029,60.29622518436217],[24.49010326728156,60.29621936513357],[24.490119025695527,60.2962163750613],[24.49013684130243,60.29621299266694],[24.490171231385865,60.296207542920854],[24.490206175385747,60.296202894158746],[24.490231783014682,60.2962003327394],[24.490276980531505,60.296195796866215],[24.49038442176828,60.29618794549582],[24.490393440973122,60.29618739725828],[24.49040786704876,60.29618643913988],[24.490465134153485,60.29618264330607],[24.490482804353167,60.29618092001851],[24.490500602437372,60.29617918117843],[24.490535414850886,60.29617435916276],[24.490535818646666,60.29617428594301],[24.49057188228641,60.29616778074288],[24.49060463076432,60.29616013490793],[24.490630439236696,60.296152357943264],[24.49063551504253,60.29615083685999],[24.490644622869223,60.29614724496072],[24.490663807888758,60.296139693195634],[24.490686505018484,60.296125757815],[24.490690490899933,60.29612074860591],[24.490699665357923,60.29610920779244],[24.49070201332658,60.29609865192691],[24.490697415728253,60.29608095790873],[24.49068704280601,60.296067062486216],[24.490684844627935,60.296064101401676],[24.490667145411678,60.29604850447536],[24.49064518251256,60.29603469550476]],[[24.475663185010404,60.34137833385326],[24.475628310878136,60.34137344951129],[24.475601874848078,60.34136772825193],[24.475569706707144,60.341359490628435],[24.475537369463208,60.34135133063495],[24.475525227928824,60.34134849493035],[24.475491553354765,60.34134192651426],[24.475457021617846,60.34133659946622],[24.475421791363868,60.34133233713342],[24.475348206574292,60.34132484007906],[24.475333549835806,60.34132312441232],[24.475297476153173,60.34132180151668],[24.475261262397925,60.34132229056687],[24.475224849771177,60.34132347652353],[24.47515261070476,60.34132623683656],[24.47511683958605,60.34132897108284],[24.475098203899588,60.34133113244759],[24.475064024844933,60.34133695122188],[24.47503138322401,60.341344685670656],[24.475000583158636,60.34135415292325],[24.474993685901588,60.341356627060954],[24.4749653413177,60.34136785674461],[24.474939204960183,60.34138029618793],[24.474889360639363,60.34140728733299],[24.47486571156175,60.34142084301355],[24.4748428122299,60.341434781244644],[24.474820652175485,60.34144900301195],[24.474810342648855,60.34145599378128],[24.474790270240796,60.341470875042866],[24.474771393087682,60.34148623715153],[24.474754135761508,60.34150198037375],[24.474738399452093,60.3415182106321],[24.474728181659522,60.34152987442725],[24.474715125308787,60.34154660475298],[24.474703279478884,60.3415636185866],[24.474692698272808,60.341580216262706],[24.474682358067735,60.341597447343496],[24.474672326207877,60.341614675297706],[24.47465300799838,60.34164933401415],[24.47464328307605,60.341666576780305],[24.474641150000025,60.341670488889356],[24.47455771540592,60.341807937664825],[24.474548146328853,60.34182527321799],[24.474523339237706,60.34187770431171],[24.47452147217833,60.341882160467556],[24.474497668795802,60.341953017301655],[24.474492187078503,60.34197069999711],[24.474488472862,60.341981229670964],[24.474474157735486,60.34201634273971],[24.47446532363304,60.34203378208287],[24.474454983852585,60.342051004173236],[24.474449833510718,60.342058542091266],[24.474437385197042,60.34207537377687],[24.47442710801848,60.342089911063184],[24.47441723181241,60.34210723179027],[24.47440793404066,60.34212457248898],[24.474405127361155,60.34212945995518],[24.4743940343345,60.34214657789888],[24.474385736744033,60.34216106295789],[24.474381756424822,60.34217104857887],[24.474379942420246,60.342176224400895],[24.474375514484304,60.34218871682765],[24.474370931321303,60.34220649743895],[24.474370159229682,60.3422244492688],[24.47437132117619,60.342233095262536],[24.474376513027018,60.34225080106532],[24.474402372989275,60.34230311671237],[24.474404073126102,60.34230691299241],[24.474418900600522,60.342342049685314],[24.474427316688242,60.34235954724064],[24.474438048539824,60.342376630643265],[24.474450746369847,60.34239196372681],[24.474467844290057,60.342407820577726],[24.474488046489906,60.342422676375115],[24.47451139887993,60.34243640622427],[24.474526711886618,60.342443704056464],[24.474580722589483,60.342467628373555],[24.4746059778923,60.34248042416269],[24.474627761560907,60.34249475301778],[24.474635175312773,60.342501541452506],[24.474648844666092,60.34251814164147],[24.4746603611544,60.34253515907923],[24.474672011279182,60.342552089221876],[24.474685995279902,60.342568605550866],[24.474699907641096,60.34258018871449],[24.474724224171904,60.34259340682603],[24.474753472479463,60.34260402363786],[24.474784983972842,60.34261279694977],[24.4748174809242,60.342620780480054],[24.47482904018517,60.34262341653548],[24.47486221423229,60.3426306134066],[24.474895890691485,60.342637173018275],[24.474930423702915,60.342642500219],[24.474966041971264,60.34264551237921],[24.474977636098117,60.34264582242285],[24.475013715486583,60.3426449805325],[24.475049228932576,60.342641612574624],[24.475083812579616,60.342636439282224],[24.475184577959247,60.34261616441328],[24.475191869742993,60.34261468591255],[24.475260095335898,60.34260268641121],[24.47529469347244,60.34259732469186],[24.47536442114846,60.34258769829082],[24.47543507859389,60.342579877175616],[24.475453092695588,60.34257779378384],[24.47548554566803,60.3425685284842],[24.475510504864104,60.34255561740997],[24.475534444083706,60.342542067118956],[24.47556140792389,60.34252901443721],[24.475586674731158,60.34251610919062],[24.475615070917534,60.34250023600852],[24.475682699397055,60.34246242507974],[24.47570987654041,60.3424484870784],[24.475736452063142,60.342436235481536],[24.47576404683023,60.342424632059526],[24.475792823033338,60.34241368887456],[24.47582247438929,60.34240338214395],[24.475834054664528,60.34239964939122],[24.475895639579313,60.34238069622071],[24.475925870855534,60.34237085862386],[24.475954328815334,60.34235981054724],[24.475978572568188,60.342348412957094],[24.476002204465164,60.34233484776787],[24.47602760186874,60.34232212458563],[24.4760484119188,60.34231552172719],[24.47611677866715,60.342303793974864],[24.476138892080723,60.342296039041976],[24.47614403063651,60.342278798937386],[24.4761357758366,60.34226131354736],[24.476129192857623,60.34224986968526],[24.476119983796377,60.34223253685918],[24.476113426707162,60.34221489505005],[24.476110534388944,60.342196972469495],[24.47611446809389,60.34217773317835],[24.476125835938944,60.34216079998478],[24.47614249218613,60.34214485653034],[24.47616213344209,60.34212968840257],[24.476183384248202,60.342115269487905],[24.476205844216626,60.34210115200564],[24.47625089640224,60.34207308123937],[24.476272016211226,60.34205848015972],[24.476291649729568,60.34204341068288],[24.47630530538629,60.342030644214695],[24.476317896815402,60.342013824066726],[24.476326259377107,60.341996375661665],[24.476330389687437,60.34197857741663],[24.47632994743224,60.3419606115196],[24.47632922623364,60.341956106207626],[24.476323418032962,60.34193838879302],[24.47631499340448,60.34192099002204],[24.476312731875023,60.341916715983025],[24.476303232544595,60.341899386641906],[24.476285472200097,60.34186465264931],[24.476278752208565,60.34184700775525],[24.476277640172302,60.341843573012326],[24.47627321439382,60.3418257920059],[24.476270937346733,60.34180788110889],[24.476269880487905,60.34178989456004],[24.476269831777383,60.34177481077068],[24.47627029514399,60.34175685308156],[24.47627092537693,60.34172102190687],[24.476269578260517,60.341703038830836],[24.476266064328716,60.34168518530155],[24.47626011073082,60.34166747410558],[24.476254481237817,60.341655419521885],[24.476243901067832,60.34163824033742],[24.476230545851788,60.34162155644764],[24.476215473585423,60.34160528013809],[24.476201440588923,60.34159126936741],[24.476184523910284,60.34157540720085],[24.476166238054216,60.34155943818916],[24.476148784244128,60.34154419464725],[24.476136054763636,60.341533721064245],[24.476130124831133,60.34152883838196],[24.476125529580287,60.34152497817847],[24.47610126347436,60.34150548198867],[24.476068046806446,60.34147305067355],[24.47604941250154,60.341457605040006],[24.476031495926783,60.34144459850623],[24.476008761611887,60.341430611159055],[24.47598303262066,60.341418085118505],[24.47597785324218,60.341415920635505],[24.47594811085265,60.34140584268008],[24.475914772216964,60.34139891243836],[24.475874817526424,60.34139644700702],[24.475838639050792,60.341396478739874],[24.475802478673042,60.34139651080649],[24.475766466591654,60.34139438970034],[24.47574462936514,60.3413908399041],[24.475710785582976,60.34138434918096],[24.475698404875835,60.34138249710804],[24.475663185010404,60.34137833385326]],[[24.498956669989408,60.29682435392355],[24.498938275361397,60.29683981799473],[24.498897299343124,60.29686940065592],[24.49889324335459,60.29687273789832],[24.498876928971885,60.29688869029545],[24.498864812013064,60.29690561107178],[24.498856925398677,60.29692306965403],[24.498852390488384,60.29694237901242],[24.4988520853514,60.29696033969223],[24.49885561428618,60.29697810307624],[24.49886388851549,60.29699558750825],[24.49887910356008,60.29701177431226],[24.498900076033657,60.29702438641513],[24.498929457106758,60.297034731387406],[24.498960785237347,60.29704375655194],[24.49899079705788,60.297053664226816],[24.499015690918498,60.297067068808126],[24.49902795945228,60.297083918767534],[24.49904204697057,60.29711911974638],[24.49905540244688,60.297135720673296],[24.499061091268143,60.29713896293324],[24.499094438078355,60.29714525924621],[24.499130423162715,60.29714521816362],[24.49916652044802,60.29714347237369],[24.499192670471988,60.29714233878612],[24.499228774526568,60.297142398732284],[24.49930075525931,60.29714573030378],[24.499335257057425,60.297147098552294],[24.499371382372026,60.29714688038036],[24.49940736248298,60.29714477299059],[24.499442154105264,60.297140217748755],[24.499473844553158,60.29713219049338],[24.499501109401795,60.29712049561168],[24.49952382225533,60.29710655007409],[24.499563459389112,60.297076483874285],[24.499578132526896,60.29706589940783],[24.499624441182053,60.29703829442248],[24.499644913433055,60.297023588028125],[24.49965532553979,60.2970131030024],[24.499665330712876,60.29699586392458],[24.499682168758618,60.29696097570295],[24.499698019733373,60.29694492465577],[24.49971197427259,60.29693782111671],[24.49974498756503,60.29693071702313],[24.499779774550348,60.29692598194474],[24.4998116460816,60.29691984449502],[24.499838016305755,60.29690777337871],[24.499853729445277,60.29689162988742],[24.499861308273246,60.29687416545904],[24.499869681455962,60.296838489050856],[24.499870604405327,60.29683446397992],[24.499876515408946,60.29681679747517],[24.499884263721327,60.296799246403936],[24.499894106045737,60.29678200424535],[24.499905778133215,60.29676497619288],[24.499913729606853,60.29675471432724],[24.49992765149792,60.29673808795041],[24.49995863184197,60.2967057117047],[24.499961428809108,60.29670297955738],[24.499995679741186,60.296671383523034],[24.500054378577754,60.29662326040282],[24.50011509265615,60.2965786067752],[24.500160929599677,60.29654910626318],[24.500184380287283,60.296535444003744],[24.500208862322786,60.296522259295294],[24.500234659394803,60.29650962934234],[24.50026192413654,60.29649792532831],[24.500271980167724,60.296493991298775],[24.500301563894144,60.296483678403405],[24.500424542890414,60.29644583794559],[24.50043532438096,60.29644235773423],[24.500464338320608,60.29643168373548],[24.500490722300075,60.29641942410836],[24.500500957134904,60.29641314880976],[24.50051905039385,60.29639758903018],[24.50053056989232,60.29638065687156],[24.500536036161566,60.29636288315732],[24.500537098747074,60.296344945721685],[24.500534190297,60.29632710423647],[24.500532741802957,60.29632213621311],[24.50051790583448,60.29628700216872],[24.500512398556538,60.296269300422544],[24.50051270276647,60.29625133973162],[24.500514652619348,60.296245717005085],[24.500524819069042,60.29622848988788],[24.500530452578765,60.296218714376174],[24.50053513482491,60.29620101573953],[24.50053959574066,60.296180528143076],[24.500556450488986,60.296145640138576],[24.500557634408246,60.296140092829624],[24.500555032518342,60.296122266096624],[24.50054752419588,60.29610469737503],[24.500544058219855,60.2960962867489],[24.50053948090262,60.296078494705576],[24.50053154508917,60.29602482340761],[24.500530459349218,60.29602103002758],[24.50051684810343,60.295985739364006],[24.500512258229048,60.29596597976021],[24.5005154534133,60.295948082457706],[24.50052409727421,60.29593064702301],[24.50053271327966,60.29591760385245],[24.500558136406582,60.29588403593097],[24.50056874768582,60.295866907014634],[24.500575676459274,60.29584799300454],[24.500577353476263,60.29583006713081],[24.500580994263785,60.29581225906167],[24.500582479235916,60.29580869372371],[24.500593253817737,60.295791558895665],[24.500598405171235,60.29577387806825],[24.500571040102304,60.29576321206657],[24.500535658421192,60.295759402096195],[24.50050008419857,60.295756217317326],[24.500478199833342,60.295753649495005],[24.500445552666694,60.29574602818292],[24.500416337393446,60.29573541715995],[24.500364926453308,60.29571020391321],[24.50033779518473,60.295698374444754],[24.50032859419687,60.29569514698485],[24.500295454186485,60.29568805535147],[24.50025988006622,60.29568487050891],[24.500223776925424,60.2956848198231],[24.50018781902908,60.29568665833527],[24.50015235224111,60.2956901230592],[24.500115388551652,60.295695176576366],[24.50008139690592,60.29570136401014],[24.500049075450573,60.29570937951509],[24.500020511354904,60.29572033138138],[24.50000422605699,60.29572999620528],[24.49998433063029,60.295744982999075],[24.49997922916074,60.2957480310962],[24.499947255996354,60.29575551414058],[24.49991138715157,60.29575429098053],[24.499842603163135,60.295743033803646],[24.49981821919461,60.29573907133668],[24.499783197214672,60.29573481877499],[24.499747165059247,60.29573360147907],[24.49972071462525,60.295736786661614],[24.49969142125021,60.29574709590508],[24.499667238608147,60.29576039394945],[24.49964408248383,60.29577423234097],[24.49963011223086,60.29578178473257],[24.499601960430596,60.29579302275266],[24.499570368600995,60.29580167172131],[24.499536514471995,60.29580795143927],[24.499514330952486,60.295810956400096],[24.499478878358808,60.29581423256646],[24.49937135061323,60.29582137096725],[24.499351093452468,60.29582332520164],[24.499316289511185,60.29582805983502],[24.499282442849072,60.295834240814415],[24.499216114715836,60.295848631709504],[24.499203719271794,60.29585144362385],[24.499170700103633,60.29585863729293],[24.499137125654656,60.295865281505485],[24.499110751076937,60.29586936631822],[24.499075550083464,60.295873374756034],[24.499039688509974,60.2958758435994],[24.498967593403854,60.29587807030559],[24.498949743644147,60.295878363002366],[24.498805347649917,60.29588148288733],[24.49879784927487,60.29588179083752],[24.498761884234018,60.29588371866485],[24.498726189641364,60.29588637023291],[24.498690825929266,60.29589037550516],[24.498659521102535,60.29589526569933],[24.49862620825031,60.295902274039726],[24.498529134443977,60.29592630844499],[24.49849597733076,60.29593340951881],[24.49846895385249,60.295937931144856],[24.498433621844065,60.29594175728247],[24.498362197017627,60.29594705058032],[24.498326580140816,60.295950341314345],[24.49830118266896,60.295953716732356],[24.498267745675324,60.29596045314974],[24.498236301590918,60.29596929323778],[24.498206561896904,60.29597951290596],[24.49817754695177,60.29599019538047],[24.498167327487,60.29599413515752],[24.498139494146955,60.296005459723716],[24.498113102776763,60.296017808584146],[24.498093075447734,60.29603261295823],[24.498090250947513,60.29603570387769],[24.498082972448902,60.29605325472273],[24.4980816074653,60.29607110561094],[24.4980815910927,60.29608907173579],[24.498078864460357,60.29610697782281],[24.498076785838176,60.29611214893236],[24.49806392273239,60.296128884902124],[24.49804851015823,60.29614511470061],[24.498035647024658,60.29616185066736],[24.498033643845126,60.29616603504369],[24.498033194378525,60.29618398402686],[24.498036697862602,60.29620183679379],[24.498038246895014,60.29620761523276],[24.498046327731622,60.29624324217978],[24.498055825278616,60.29626057903495],[24.49805863954802,60.29626377617484],[24.498077731515814,60.29627895812738],[24.49810201747743,60.29629225262688],[24.498155976481613,60.29631608642472],[24.49817878678968,60.29632666713108],[24.498202588523313,60.29634014113743],[24.498223886859126,60.296354636987104],[24.498242838726608,60.296369995939465],[24.498275911330516,60.29640188048681],[24.498292220250175,60.296417719658756],[24.498326989973748,60.29644918699774],[24.49836457615836,60.29647980007058],[24.498384314671306,60.29649481448875],[24.498403359042186,60.29650872886063],[24.498424512304116,60.296523230926084],[24.49844674126443,60.296537393919635],[24.498470561333942,60.29655086821958],[24.49849721403946,60.296563039399956],[24.49852124868774,60.29657157696368],[24.49855289218139,60.2965802578262],[24.498586518822968,60.29658690989129],[24.498621158866847,60.296592143719046],[24.498646081800633,60.29659521822816],[24.498681466650385,60.29659875925625],[24.498717241044805,60.296601229625246],[24.498743560056838,60.2966019049398],[24.498815854984457,60.29660111042893],[24.498851890551855,60.296602058533594],[24.498875056689073,60.296604201594896],[24.49890852762041,60.2966107608129],[24.498938719763615,60.29662067190099],[24.49896569983259,60.29663258863567],[24.49898620664907,60.296643476165926],[24.49900843593521,60.29665763906723],[24.499027521715483,60.29667291058957],[24.499040274417798,60.29668958101994],[24.499042876169135,60.29669745438914],[24.49904106052602,60.29671528781035],[24.49903150009109,60.296732625051426],[24.4990026171793,60.29676548974856],[24.49898843991964,60.296781662065165],[24.498964512747744,60.296815518394524],[24.498956669989408,60.29682435392355]],[[24.43001558363483,60.31794850538998],[24.43139168564727,60.318463399907635],[24.433605763261227,60.3176182072428],[24.432622354474194,60.31697662182018],[24.43001558363483,60.31794850538998]],[[24.576646771168384,60.32420102886835],[24.576636161561733,60.32418385769591],[24.576630609329875,60.324166149938314],[24.57662644521134,60.32414828783401],[24.57661950488357,60.32413073442243],[24.57660789064416,60.32411660810201],[24.57658433240991,60.324103063460505],[24.576555399180556,60.32409238516204],[24.57649381362441,60.32407330526592],[24.576465347858722,60.3240621863259],[24.576439600081812,60.324049589849636],[24.57641606604204,60.324035964771646],[24.57641152616593,60.32403318710569],[24.576390025100498,60.32401877266867],[24.57637024017061,60.32400368885718],[24.5763521895928,60.32398817854296],[24.57633598788892,60.32397216296901],[24.57633343054793,60.32396952026776],[24.57631940332796,60.323953005372665],[24.576308008809036,60.32393591866788],[24.576301087449657,60.32391835659958],[24.576300595250668,60.323902277184914],[24.576307085988063,60.32388460938302],[24.57631811274984,60.32386757226323],[24.576342890541355,60.323833889054626],[24.57634707011884,60.32382686877336],[24.57635355349775,60.323809299647394],[24.576365008396007,60.32375570986071],[24.576368627772638,60.323745984487495],[24.57639551674295,60.32369384394601],[24.576396839841635,60.32367600105346],[24.576378616820474,60.32365842152442],[24.576345935255393,60.32365090866642],[24.576326280526676,60.32364848414934],[24.576290483538784,60.32364585506518],[24.5762543241799,60.323645914237645],[24.576226496717467,60.32364891006184],[24.57619389623114,60.32365666960438],[24.576164155101456,60.32366690667704],[24.57614739830475,60.323672790288505],[24.576116511693563,60.32368210816717],[24.57608279417809,60.32368832021382],[24.576059139241323,60.32368878706018],[24.576023876171504,60.323684820205],[24.575984260464995,60.323682390874566],[24.575956600554754,60.32369338449627],[24.575938816964058,60.32370895988802],[24.575925896706657,60.32372075234806],[24.575904676951183,60.32373527693813],[24.57587757212388,60.32374708913179],[24.575853702563307,60.32375240280327],[24.575817764108855,60.323753633667295],[24.57578232301682,60.32375011264719],[24.575710669271576,60.32373955316519],[24.575674905507988,60.32373647537591],[24.575638845864354,60.323735188763244],[24.575566598279504,60.32373458941022],[24.57556080970738,60.3237344838097],[24.575524743416693,60.32373328687388],[24.575488755109404,60.3237312828882],[24.575417345747056,60.32372548865233],[24.575346330443217,60.32371853378756],[24.575313474333196,60.32371532929077],[24.575134823517367,60.32369743653917],[24.574035367058883,60.32463144748932],[24.57406951819593,60.324625513349154],[24.574105105299434,60.32462292909363],[24.57411132562492,60.32462332110733],[24.5741443557729,60.324630292912914],[24.57417218619965,60.32464167024389],[24.574195662665463,60.32465215963336],[24.5742244382336,60.32466300624614],[24.574254175017877,60.32467334938743],[24.574280058017877,60.32468216694819],[24.57433731662982,60.32470414224372],[24.574357608918767,60.32471213911429],[24.574443794059775,60.324744882847305],[24.574470673593385,60.32475687156288],[24.574485510690018,60.324764418517496],[24.574508596296724,60.32477822439689],[24.574571365558494,60.32482211967602],[24.57458184081952,60.32482912888659],[24.574604757046046,60.32484302148616],[24.574652797395103,60.324869858843975],[24.574675630756502,60.3248826719677],[24.57469839568384,60.32489665161817],[24.57472004261566,60.32491105102549],[24.57474045024727,60.32492579611321],[24.574778448109118,60.324956393662255],[24.574794925497102,60.32497088736177],[24.574829485501606,60.325002410281144],[24.57484896211289,60.32501749767829],[24.574875223507895,60.325033427512324],[24.574901946069097,60.32504558394647],[24.574930072544465,60.32505688566632],[24.57494150077455,60.325061307188655],[24.57497045240824,60.32507198616899],[24.575002315374427,60.32508029287653],[24.575009871368557,60.32508123921072],[24.575045869499125,60.32508117741551],[24.57508109984112,60.32507705928762],[24.57509588775922,60.32507526303651],[24.57513149046829,60.32507222963992],[24.5751677312696,60.3250710942892],[24.575203805675503,60.325072201622554],[24.57523924934285,60.32507546232184],[24.575257047014208,60.32507802378367],[24.575291059695985,60.32508421374139],[24.575325439819977,60.325089601931225],[24.57535017948342,60.32509113123489],[24.57538592981204,60.32508854960933],[24.57542073636641,60.32508379485602],[24.5754362973613,60.32508183301245],[24.575472127718797,60.32507988162818],[24.57550814890755,60.325081706541255],[24.575522487836484,60.32508376470693],[24.575554816518054,60.32509190011763],[24.57558629704914,60.325101457314965],[24.575649674043557,60.32511887251949],[24.575663730406916,60.32512254244027],[24.575727617751692,60.32513942794117],[24.57575025089823,60.325144691569555],[24.575784106382017,60.32515104920699],[24.575818985490763,60.32515581756484],[24.575854777434394,60.325158536492836],[24.575884363240323,60.32515871682387],[24.575920206300527,60.32515659487432],[24.5759559718379,60.32515356422664],[24.575981894332283,60.32515160266548],[24.576017847626932,60.325150192350804],[24.576053836055937,60.325148064033904],[24.576065664214237,60.325146851479985],[24.576133142180325,60.325133889160135],[24.576168470598134,60.32513040133774],[24.57618789850832,60.32513174378034],[24.576254071173558,60.32515054813283],[24.576289759986626,60.32515074984612],[24.576323054540655,60.325143910195365],[24.57635494992646,60.32513541911295],[24.5763625693508,60.325133312335076],[24.576395615011144,60.32512592016983],[24.576429909106555,60.3251202575167],[24.576465257436645,60.32511650049162],[24.576471230891325,60.32511607044625],[24.57650733962214,60.32511476164634],[24.576543429300568,60.325115419747554],[24.576579050601822,60.32511848570225],[24.57659157103779,60.325120151275094],[24.576659950451894,60.32513191712575],[24.576695025742563,60.32513623968381],[24.57670293655881,60.32513655460383],[24.576738650658964,60.32513397195441],[24.576771550851458,60.3251265860272],[24.576801718779596,60.32511671590479],[24.576829695671872,60.3251053685607],[24.57683396653402,60.3251034701897],[24.576887181081183,60.32507911759828],[24.576917342279863,60.32506933715698],[24.576926481216834,60.325067258051504],[24.576961031347924,60.32506204907688],[24.57699641759972,60.32505802311601],[24.577030829640712,60.325052721776736],[24.577055461344845,60.325045445539196],[24.577076812211928,60.32503111179499],[24.577091008320423,60.3250145725569],[24.577102426540417,60.3250003182315],[24.577118416459985,60.324984260839095],[24.57713769249354,60.32496908079787],[24.577159496188827,60.32495474631374],[24.57720637448836,60.324927403555066],[24.577216898022986,60.32492130736099],[24.577239434829362,60.324907345545576],[24.57726049794575,60.32489273704068],[24.577279473644754,60.32487745269315],[24.57729440941007,60.32486119640608],[24.577303165180062,60.32484375849338],[24.577304046898554,60.32484017241871],[24.5773038500103,60.32482230181671],[24.57729551357592,60.32478667632672],[24.577293334119723,60.32476867077127],[24.57729377301375,60.324762750049814],[24.577302967538213,60.32472717465218],[24.57730214024198,60.32471780835907],[24.577290272754524,60.324700982615155],[24.577267342173684,60.324687269887974],[24.57723934714212,60.324675899201345],[24.57720992955718,60.32466539188354],[24.577176438853403,60.32465436115868],[24.577057282765256,60.32461356230985],[24.57704421009055,60.32460884150288],[24.57701542284521,60.324597896486736],[24.576987930368855,60.32458634626623],[24.576963271091405,60.324573230770376],[24.576945887778518,60.324558729814306],[24.57693465620017,60.32454163715906],[24.5769278850866,60.32452399702353],[24.57692480891793,60.32451613478538],[24.57691586518433,60.3244987245244],[24.57690431946548,60.32448171596756],[24.576891064811722,60.32446503556772],[24.57687626336754,60.324448695263584],[24.576795431516285,60.32436620454301],[24.576731350128178,60.324282321424256],[24.576714528010626,60.3242644081764],[24.576661421020017,60.324217456266325],[24.576646771168384,60.32420102886835]],[[24.50615543933551,60.328543472561215],[24.506168317647084,60.32852665520221],[24.50617910052225,60.32850952004601],[24.506187750412803,60.328492084354856],[24.506194725364356,60.32847451842045],[24.506212058683676,60.32842140288242],[24.506226183382044,60.32838421714902],[24.506243339675954,60.328349325102415],[24.506254103675662,60.32833219857],[24.50626681287166,60.32831545887792],[24.506281653646727,60.32829903765758],[24.50629120763258,60.32828969477829],[24.50630933426655,60.328274134708415],[24.506329228895048,60.32825914679789],[24.506350620154034,60.328244725954455],[24.506373351386035,60.32823078838976],[24.506389144217085,60.32822183205447],[24.506514728023983,60.32815727274417],[24.506563441857768,60.32813070721525],[24.506586155513116,60.32811676030318],[24.506592259421545,60.32811274256815],[24.506613055231714,60.32809805000235],[24.50663222158109,60.32808286872321],[24.506650047238573,60.32806721313194],[24.50666636254406,60.32805116987774],[24.506681334033022,60.32803493073157],[24.50669526621656,60.32801830377717],[24.50670799999674,60.32800147467635],[24.506719509755623,60.32798454176351],[24.506769408040224,60.3278963829504],[24.50679138127502,60.327862219009106],[24.50679565011381,60.32785637021039],[24.506714610672272,60.32782484620662],[24.5046841497888,60.32703739993187],[24.50330971742707,60.32817792497234],[24.50329225848902,60.32849818810962],[24.50585621609048,60.32873174999112],[24.505856219513962,60.32873170513962],[24.50593606760372,60.32873897972502],[24.5059251802158,60.328724725765106],[24.50592265576089,60.328719584944196],[24.50591774300523,60.328701822890565],[24.505916449105943,60.32868127210437],[24.50591709413598,60.32866332688539],[24.50593493967642,60.32865643931355],[24.505945633129894,60.3286523460349],[24.505975382336505,60.32864212450705],[24.505983043304685,60.32863954637179],[24.5059956103952,60.328635353501205],[24.506025343533743,60.32862510471158],[24.506054091335024,60.32861423555471],[24.5060804995218,60.32860197501719],[24.506091651789923,60.328595905059906],[24.506113789507594,60.32858167792103],[24.506132956376288,60.32856649671799],[24.506149271504736,60.32855046250174],[24.50615543933551,60.328543472561215]],[[24.4829012451806,60.27274383562707],[24.482930913433123,60.27275410012563],[24.48295881940526,60.27276540919873],[24.48298089826909,60.272775350119666],[24.48300753221731,60.272787443560404],[24.48303527308334,60.27279901898509],[24.483066096583183,60.27280813752741],[24.48309175516401,60.272809154021864],[24.483123301342037,60.27280086764409],[24.483147472751128,60.27278758147691],[24.483152952368325,60.272783822549506],[24.483172541098583,60.27276874266811],[24.483194781024608,60.27275470121016],[24.483212244809543,60.27275126830265],[24.483242603031155,60.27276055764878],[24.48326970303872,60.27277247122245],[24.48329404432114,60.27277886166402],[24.483326922025558,60.27277301698815],[24.483350054681697,60.27275936074434],[24.483358709087018,60.272751709346174],[24.483371877209645,60.272734980556955],[24.483381738708292,60.272717739916644],[24.48339338481391,60.2727008115893],[24.483406746466034,60.27268956627504],[24.48343673075169,60.27267971407259],[24.483469319642456,60.27267197739628],[24.48350258624846,60.27266507103899],[24.48352578249763,60.272660471131466],[24.483556776422294,60.27265136568859],[24.4835846203208,60.27263994572024],[24.483608498192226,60.27262647424259],[24.483629706078293,60.2726119729706],[24.483649594610526,60.27259698853851],[24.483668445165154,60.27258162509662],[24.483671213803653,60.2725792520881],[24.483723860434214,60.27253219838069],[24.48374017592488,60.272516167030076],[24.483754840099344,60.27249973606232],[24.483767256298822,60.27248290315179],[24.483777098761983,60.27246567110765],[24.483780019941868,60.2724594291893],[24.483786241894748,60.27244176918753],[24.483790202790004,60.27242387767913],[24.483791880577577,60.272406041711626],[24.483791741915347,60.27238807249796],[24.48378657982444,60.27233426354544],[24.483785392266523,60.27232194290789],[24.483781765261753,60.27226816305144],[24.483779181664143,60.27225023732736],[24.483774301883763,60.27223253757843],[24.483766663266582,60.272214965201954],[24.483756118035256,60.27219779587837],[24.483752931499186,60.272193603163124],[24.483738200469897,60.27217724384245],[24.4837204998384,60.27216163672705],[24.48370080675085,60.2721465398223],[24.483635431874912,60.27210362710629],[24.48362136645278,60.2720943771903],[24.48351705450094,60.27202108144771],[24.48349483037428,60.27200691570861],[24.483480706585784,60.271998661815786],[24.483456124286892,60.27198552936114],[24.483429649076335,60.27197325934639],[24.48340127144279,60.271962210921906],[24.48336799641113,60.271951348128944],[24.483336538926213,60.27194248712621],[24.48330638532243,60.27193266267281],[24.48328792335649,60.271921083544],[24.483289736347558,60.27190360947366],[24.483309599643455,60.271888714449204],[24.4833350945599,60.271876082178096],[24.48336364384005,60.27186512479998],[24.483393889723015,60.27185609505487],[24.48342658353727,60.27184862988656],[24.483493714066583,60.27183525972651],[24.483525491348168,60.2718260703337],[24.483550830490962,60.27181334523685],[24.483570418447986,60.271798265290045],[24.4835862709877,60.27178213535178],[24.483600628151763,60.271763812091244],[24.483611522193257,60.271746779659345],[24.483646126756593,60.2716770155824],[24.483653508167347,60.27166215340257],[24.483705037314564,60.27157618985372],[24.483713538867026,60.2715587527319],[24.483715407321014,60.27155420666939],[24.483721485339913,60.271536534958834],[24.483741736823102,60.271447373358775],[24.48374294728924,60.27144362332004],[24.483749025271294,60.27142595160775],[24.483757219753876,60.271408508663015],[24.483767514742137,60.27139126723249],[24.483781125990358,60.271374645625265],[24.48379848636548,60.271358894594265],[24.4838068855528,60.271352675661],[24.483829723770903,60.271338834099666],[24.48390414643098,60.27129973906427],[24.48392669203777,60.27128570329179],[24.483932501602535,60.27128141159205],[24.483948816353422,60.27126538020856],[24.48396093254593,60.2712484427821],[24.483970323044,60.271231202160656],[24.48399310404763,60.2711785516614],[24.48399967823311,60.27116618948725],[24.48401148598013,60.27114926417725],[24.484025704805905,60.27113273491256],[24.484042320236835,60.27111679006735],[24.484098073407772,60.27107069344791],[24.484101483451973,60.27106797325668],[24.484158161739707,60.27102207381318],[24.484175358524237,60.271006328619755],[24.484190321898193,60.27098999311568],[24.48419978967523,60.27097786543816],[24.48421052749486,60.27096074016912],[24.484218740357765,60.27094328856458],[24.48422435534312,60.27092551822629],[24.484227856744177,60.270907716814854],[24.48422930367506,60.2708888793219],[24.484228857757813,60.27087090428527],[24.48422674284748,60.2708529964343],[24.484219123629497,60.27081727819581],[24.484215526480696,60.27080265708827],[24.484198611539163,60.27073138646725],[24.484195738873023,60.270713455270794],[24.48419427176635,60.27070077000591],[24.4841892773118,60.270628997653525],[24.484185783771835,60.27061114452245],[24.48417998231033,60.27059343629991],[24.484176478153493,60.270585374756934],[24.484144639197215,60.27053393487265],[24.48413624656832,60.27051652788664],[24.484131959009616,60.27050289083588],[24.48412650075072,60.27044916610721],[24.48411854844918,60.27043167763201],[24.484109155550858,60.27042305531351],[24.484080595815616,60.2704122730654],[24.484045747449972,60.270408019257715],[24.484009674918276,60.27040769488776],[24.483901879558246,60.27041346719315],[24.483895452358095,60.27041379453353],[24.483787370884343,60.27041740533248],[24.483606889831062,60.27041991310545],[24.483569941671416,60.270421099177355],[24.483498207839233,60.27042521911194],[24.483427087714997,60.27043123713489],[24.483321392781697,60.270443328115284],[24.483217034794336,60.27045778900093],[24.483185301374636,60.2704626581713],[24.483014332859135,60.270491756392985],[24.482913392712675,60.27051139334602],[24.482883844279158,60.27051748068902],[24.482784999434624,60.270539501918535],[24.48275269952488,60.27054750439941],[24.482720971539635,60.27055606569943],[24.48268996490663,60.270565359335365],[24.482660094973884,60.2705753931843],[24.48264945516463,60.27057923389733],[24.482621038150864,60.27059036430326],[24.482593943937523,60.27060216658681],[24.482568005859292,60.27061469148784],[24.482543380795796,60.27062778028287],[24.48252009659102,60.27064154130017],[24.482498151734035,60.27065575891271],[24.482477526098435,60.27067045968929],[24.48246814185324,60.270677728870716],[24.48244943632779,60.27069309488942],[24.48243209372805,60.27070884608612],[24.482416084832888,60.27072489207422],[24.482387364559752,60.2707578460987],[24.48236268841167,60.270791595482216],[24.482357519651966,60.270799312922314],[24.48230298195119,60.270884859592485],[24.48229024483761,60.270901865950584],[24.48226212448938,60.27093501099529],[24.48225283889188,60.27094875899292],[24.482244950043196,60.27096621663467],[24.482240989190878,60.27098409912621],[24.48224021290725,60.271001961168984],[24.482242199636442,60.27101987561715],[24.482254671268464,60.27107337414615],[24.48225639931566,60.27108077322701],[24.48225944106212,60.271098608868385],[24.482261095849342,60.27111660685301],[24.48226124126916,60.2711344773938],[24.482258652196567,60.27115239488686],[24.48225273599765,60.2711700696096],[24.482248563674847,60.27117870427518],[24.482237650375207,60.27119574522104],[24.4822231423691,60.27121225983775],[24.482205788216923,60.271227920956676],[24.48218622756772,60.27124264189277],[24.482118296731773,60.27128454513061],[24.482096763304007,60.271299048969496],[24.482076761902373,60.2713157378564],[24.48206299349377,60.27133227546893],[24.482053595068688,60.271349605651054],[24.482048574779984,60.27136738719279],[24.48204734000307,60.271385330371324],[24.48204946505006,60.2714212050627],[24.482055196672075,60.27145768716133],[24.482063385491188,60.27151137396986],[24.482064606765178,60.27152936373433],[24.482063679684767,60.27154730376569],[24.482062003995875,60.271559219769976],[24.482057742163935,60.27157701569829],[24.482051356924085,60.271594672533475],[24.482043153900772,60.27161221403893],[24.482033599054702,60.2716294604035],[24.482022841814192,60.27164658514397],[24.482016159772716,60.27165634002746],[24.481990430149686,60.27168989868635],[24.48197607316536,60.27170632631111],[24.48196050123772,60.27172256020595],[24.481943903234306,60.27173849615351],[24.481925803966597,60.271753963440204],[24.481906215285566,60.271769043139926],[24.481885144776335,60.271783636579706],[24.481878720837564,60.271787916539914],[24.48175976924493,60.271855451331824],[24.48173708474287,60.27186939428415],[24.481715713981085,60.271883892169754],[24.481706356113385,60.27189081145449],[24.48168808721643,60.27190636532606],[24.48167254000617,60.271922509825686],[24.48165953458137,60.27193923255803],[24.48164967242414,60.27195647306816],[24.481643893319138,60.27197424020187],[24.481642518254603,60.2719862427553],[24.48164403515724,60.272004148300624],[24.481649365240106,60.27202185668611],[24.481658081979603,60.27203926998676],[24.481669560886417,60.27205627753856],[24.48170988306514,60.2721062619737],[24.481712941281547,60.272110003142174],[24.481751267512337,60.27216030903098],[24.481765676729605,60.272176842146294],[24.481782586765704,60.2721926052195],[24.481802599106363,60.272207537793165],[24.48182575319494,60.27222136213173],[24.48183204936192,60.272224625721165],[24.48185917957461,60.27223636948616],[24.48188660244,60.27224595382148],[24.481917404406268,60.27225534173248],[24.481947550983396,60.27226525620231],[24.4819611333668,60.27227090381846],[24.48198382918023,60.27228480926817],[24.482000738686757,60.27230058128459],[24.482013296481895,60.27231743858436],[24.48204081718045,60.272369506762466],[24.48205123018836,60.272386503042114],[24.48206503678876,60.27240311452404],[24.48208162627645,60.27241905114131],[24.482100545782902,60.27243432226982],[24.482142782236508,60.272463420763245],[24.48216276145687,60.27247690633867],[24.48220372858154,60.27250651973396],[24.48222235303251,60.27252186609709],[24.48223831414268,60.272537979424065],[24.482248872459905,60.27255120545669],[24.482268755138705,60.272585710100685],[24.482279775468065,60.27260280771097],[24.482289427590548,60.27261394141128],[24.4823082028265,60.27262920977092],[24.48233120604998,60.27264312098578],[24.48235158438901,60.27265329926275],[24.482378690186316,60.27266513228393],[24.4824072444022,60.27267600460571],[24.482437403368188,60.272686000041524],[24.482468364175805,60.27269521116326],[24.482499987303417,60.272703806007115],[24.4825077527134,60.27270583976361],[24.48254034780713,60.27271355470033],[24.48257362327766,60.27272065370047],[24.48260757816881,60.27272667859727],[24.482642393632947,60.27273139027645],[24.48267811999904,60.272734133911186],[24.482712632402084,60.27273478835827],[24.48278458877529,60.27273184083185],[24.482820732790533,60.27273126852805],[24.482833787449838,60.272731785565085],[24.482868789488077,60.272735952741115],[24.4829012451806,60.27274383562707]],[[24.494081527760773,60.295066082016206],[24.494072783186066,60.29506399461125],[24.494052503399168,60.2950591562853],[24.493992952840568,60.29504860924535],[24.493984399934554,60.295047091394586],[24.493978032139587,60.29504610885157],[24.493949895668212,60.295041769055565],[24.49393256654562,60.295039286094564],[24.493897544741785,60.29503504993055],[24.493897383464972,60.295035028920886],[24.49389427550373,60.29503472772807],[24.493790875305354,60.29502485336895],[24.49376622437831,60.29502250171839],[24.49369914067754,60.29501579196285],[24.493659914682908,60.29501186267731],[24.493635870131186,60.29501057348365],[24.49362393787405,60.295009935075605],[24.493587849275638,60.29500970318555],[24.493556101746556,60.295011394773454],[24.493551885609914,60.295011620636245],[24.493544981236568,60.29501220899498],[24.4935100147081,60.2950169390382],[24.493481416150576,60.29502288520713],[24.49347672662797,60.29502385672518],[24.49344499556951,60.295032420771584],[24.49342579232344,60.29503833763056],[24.49341424465892,60.29504189264923],[24.493406793569136,60.29504442004444],[24.49339061003704,60.295049899812064],[24.493301994699955,60.29508091731165],[24.49327096327436,60.29509003351656],[24.493261958423627,60.29509228903066],[24.493259615130988,60.29509287362925],[24.49316029255732,60.29511434638166],[24.493150656942408,60.29511703914448],[24.49312866721855,60.295123181847046],[24.49312632549966,60.29512398207068],[24.493121177881957,60.29512573545452],[24.493106357376632,60.295132085340136],[24.493093912465746,60.29513742902618],[24.493050398398083,60.295158993892734],[24.49304274191348,60.29516278402737],[24.493036302336893,60.29516557304296],[24.49301546887831,60.295174576255356],[24.49299110065626,60.29518247068634],[24.492957533249132,60.295189014661275],[24.492922428744013,60.29519365211627],[24.49290211662691,60.29519632298829],[24.49286755350946,60.29520168930754],[24.49284005580031,60.29520696441345],[24.4928338476654,60.29520814978935],[24.49273548262383,60.295230817111346],[24.49271561563756,60.29523547267053],[24.492649163335763,60.29524957049975],[24.492616095034215,60.29525550396922],[24.49261517766509,60.295255666314915],[24.492576777985512,60.295261499123406],[24.492546353799348,60.29526504803772],[24.492541732668386,60.2952655986026],[24.49250612355037,60.29526878910445],[24.49248829206964,60.2952697909499],[24.49247015266912,60.295270795962665],[24.492465470733826,60.2952709590977],[24.492460080536503,60.295271153776696],[24.492387884937177,60.29527257549362],[24.492376408851833,60.295273068491895],[24.492363569771733,60.29527363457022],[24.49233885436651,60.29527566525835],[24.49232798125306,60.295276555916466],[24.492292897193234,60.29528092409617],[24.4922731739984,60.295283938372805],[24.492258358837528,60.295286200894346],[24.492219831770722,60.2952927498546],[24.492153688827205,60.295303987628245],[24.49201415782341,60.29532299348364],[24.492005366159912,60.295324354616206],[24.49190227154426,60.29534118274794],[24.491867074605757,60.295345369020325],[24.49186272365722,60.29534570008317],[24.49186154000822,60.29534579451245],[24.491825723407825,60.29534791191003],[24.49179810258411,60.29534841437864],[24.491789547626663,60.29534857621331],[24.49171720708256,60.29534810835042],[24.491703042591467,60.295348020507205],[24.491682175666902,60.29534824625902],[24.491666888125977,60.29534840669918],[24.491630833734156,60.29534961224623],[24.491594862028485,60.295351627836766],[24.491559121904725,60.295354635947916],[24.49155421089823,60.29535518998717],[24.491524072048318,60.29535855541079],[24.491505386929465,60.29536124781805],[24.4914894095429,60.29536356016947],[24.491455554370102,60.29536983782158],[24.491422814446228,60.29537738520045],[24.49139193112254,60.29538668343829],[24.491363932655183,60.29539801247252],[24.4913451957664,60.29540798928821],[24.49132455819391,60.29542269131765],[24.49130869770325,60.29543882208048],[24.491304638104868,60.29544526723241],[24.491297943349867,60.29545586676585],[24.491295340702656,60.29546408218646],[24.49129230958383,60.295473636999816],[24.491291848780946,60.2954796470672],[24.491293824233964,60.29549755204768],[24.491297071202908,60.29550548269838],[24.491301020210962,60.29551511545898],[24.49130555977257,60.29552271119535],[24.491311268700883,60.29553228736593],[24.49131370704051,60.2955356572222],[24.4913184535837,60.2955422058285],[24.49133871425438,60.29556971791163],[24.491343288831352,60.29557591292232],[24.491347633279965,60.29558628977615],[24.491350630119666,60.295593470091646],[24.491351510862188,60.29559779868301],[24.491351068522512,60.29560427622767],[24.491350298009582,60.295615742255436],[24.491342697575003,60.295633196863434],[24.49133882281095,60.29563959160824],[24.49133223665229,60.29565042675903],[24.49132308272054,60.29566453720694],[24.491321787334858,60.29566656091778],[24.49131215945384,60.295681659552464],[24.491302312969093,60.29569890105191],[24.491300855880105,60.2957020895295],[24.491294271179264,60.29571644613653],[24.49129148911618,60.29572629311793],[24.491289234448733,60.29573421866441],[24.49128829362485,60.29574058797749],[24.49128819276914,60.295751581559074],[24.491288147706424,60.29575854271944],[24.4912908870775,60.295794338777604],[24.491291285853222,60.295798343852084],[24.49129191028494,60.295804598999105],[24.4912916010251,60.29582255963882],[24.49128938336515,60.29583495953815],[24.49128842576639,60.29584036732759],[24.491285282203098,60.295847611324014],[24.491280817678188,60.29585792060371],[24.49127481219523,60.295866610742706],[24.491258512708736,60.29588256252801],[24.49124653307912,60.29589150813282],[24.491238469320876,60.29589753628507],[24.491193769852018,60.295925797642525],[24.49118482326067,60.29593177318247],[24.49117755579818,60.29593662160188],[24.491169331115913,60.295943095872445],[24.49115825695282,60.29595179805979],[24.491151947789263,60.29595807494873],[24.49114209507059,60.29596784226362],[24.49112983609081,60.295984678850594],[24.491123143405446,60.29600233025996],[24.491122104648152,60.29601398885113],[24.491125766996994,60.296031844849956],[24.49113586477653,60.29604909477071],[24.491139158749238,60.29605239994336],[24.49115184836413,60.29606511736921],[24.49117885034008,60.29608071927137],[24.49120870123338,60.29609079638939],[24.491223565409566,60.296093565520174],[24.491242516002778,60.296097094564175],[24.49127810338785,60.29610010241381],[24.491297177145512,60.296100372860074],[24.491314171835427,60.29610061301637],[24.49132963782161,60.296099782239864],[24.491350138191034,60.296098678239446],[24.491373032851367,60.296096325872874],[24.49139921455282,60.296092176056966],[24.49140742330157,60.29609086683441],[24.49144016394681,60.29608331946445],[24.49146366579407,60.29607635218228],[24.491471203697845,60.296074113994884],[24.49149091798906,60.296067209919734],[24.49154809610048,60.29604521189905],[24.49156231145434,60.29604086299531],[24.49157882422829,60.296035820854804],[24.491599292583334,60.29603135648037],[24.491634494613407,60.29602735003048],[24.491640220758814,60.29602726054378],[24.491670664270575,60.29602677547666],[24.491690026854613,60.296027527433395],[24.491706664567094,60.29602817402711],[24.491728041383197,60.2960295658952],[24.491834737275376,60.29603921660136],[24.49184357872408,60.29603980578058],[24.491866735826907,60.29604134802815],[24.49190290568093,60.29604265989468],[24.491933402140763,60.29604313697355],[24.492011279919407,60.29604434707009],[24.49202800162803,60.29604484249444],[24.492063971905054,60.29604686920733],[24.492075514170985,60.29604787768294],[24.49209955244102,60.29604996653958],[24.49213474323927,60.29605413449154],[24.492169237064488,60.29605936726225],[24.49220170595605,60.2960652804484],[24.492243218767303,60.29607362816538],[24.492268779818858,60.296078755127816],[24.492303991295795,60.296082653927584],[24.492317821369085,60.29608309471796],[24.492326744651475,60.296082616404654],[24.492353642382334,60.29608116590925],[24.492423786563524,60.29607252785142],[24.492459513650047,60.296069698917364],[24.49247027505906,60.29606956072814],[24.492471107786056,60.296069558483374],[24.49250652318141,60.296072922085045],[24.492540161785723,60.296079396265235],[24.492543162481784,60.296080153608564],[24.492604744848737,60.29609561753457],[24.492635936981937,60.2961023689],[24.492637877368317,60.2961027918108],[24.492638180483,60.296102851432565],[24.492643290900023,60.29610371148463],[24.492678482516165,60.29610787032304],[24.49269501529168,60.29610846989494],[24.492714507898523,60.29610917923975],[24.49274956928691,60.29610818820694],[24.49275054934763,60.2961081528088],[24.492786534882757,60.296105966475245],[24.492822244591387,60.29610312813228],[24.492829608590775,60.29610244966895],[24.49283190502158,60.29610224148826],[24.492863708915525,60.29609935635355],[24.49293857921086,60.296092576936175],[24.492960868338944,60.296091039324686],[24.49297442336849,60.29609010940312],[24.492988725086963,60.29608935527281],[24.493008242591124,60.29608832229709],[24.49318879585327,60.29608481316105],[24.493224871626502,60.296083338088025],[24.493226927608042,60.296083197228164],[24.493231003425297,60.296082914826115],[24.493266723586373,60.29608017537727],[24.493282163067573,60.29607850843314],[24.493337407107358,60.29607252619167],[24.493379872359835,60.296067263960616],[24.49344371582735,60.29605935986167],[24.493695480797356,60.296037520682965],[24.493837727532735,60.29602467287799],[24.49386704725006,60.29602208199258],[24.493878313157484,60.29602102793619],[24.493938106758268,60.296015427740556],[24.493972166323243,60.29601050079472],[24.49398566470954,60.296007710173114],[24.49400561727921,60.29600359502931],[24.494022181078783,60.29599929916087],[24.494037636456977,60.29599529678979],[24.49406644662964,60.29598730630832],[24.49413150538613,60.29597156448578],[24.494145392047056,60.29596772115282],[24.49416310634291,60.29596281814776],[24.494194247589245,60.29595227546629],[24.49421595717934,60.295943414362554],[24.49422223436755,60.29594085578959],[24.49424044970558,60.295932009606226],[24.494248044460274,60.295928317053296],[24.49429598105896,60.295901472240935],[24.494300490533046,60.29589883539839],[24.49430761426935,60.295894675811205],[24.494341670420493,60.29587395619026],[24.494376200329647,60.29585295803542],[24.494397419482038,60.295838446182756],[24.49440845248433,60.29582979685942],[24.494416540375518,60.29582344558127],[24.4944532054936,60.29579252528717],[24.494466156663197,60.29578435232379],[24.494475456518764,60.295778482050544],[24.494501997965028,60.295766316393504],[24.494516462869203,60.29576177425649],[24.494532449572382,60.295756739798456],[24.49456746448523,60.295753277026286],[24.49457052242422,60.29575352335939],[24.494573057627957,60.29575374186504],[24.49457996196195,60.29575599215084],[24.49460279218248,60.295763456687084],[24.49461272397485,60.295770606041074],[24.494623308192587,60.295778216862864],[24.494638706028027,60.295791982165376],[24.494671001734712,60.29582403267453],[24.494685428319546,60.29584055546769],[24.494693216878275,60.29585040427157],[24.494704861392652,60.29586733272838],[24.494714979089768,60.2958845827296],[24.494723394734063,60.29590207910436],[24.494738164256617,60.295942961891996],[24.494742510649665,60.29595498258745],[24.494747699958296,60.295972777431736],[24.494749843306074,60.295980714118734],[24.49476068063433,60.29601622262629],[24.49476417756764,60.29602515503364],[24.494767553958706,60.296033770754185],[24.49477704970481,60.29605110783319],[24.4947921115241,60.296067373097586],[24.494806666694277,60.296078436497694],[24.494810018775567,60.296080278404396],[24.494830788509063,60.29609172851847],[24.494859201984678,60.296102864659304],[24.49487500890903,60.29610774425131],[24.494889860503935,60.29611233632553],[24.494914559460693,60.29611903654377],[24.494921509439564,60.29612092834226],[24.494940348984926,60.296125676477615],[24.494973139795764,60.29613330186371],[24.494993025779223,60.29613762056681],[24.495006271513688,60.29614049349313],[24.49503991138418,60.29614695807344],[24.49504291673565,60.29614741900076],[24.495074561579266,60.29615228286361],[24.495086924567133,60.29615368385024],[24.4951097666205,60.29615627062492],[24.49511584574984,60.29615677155513],[24.49511960445578,60.29615708499074],[24.49515557072986,60.296158931122015],[24.495184095351384,60.296159397214],[24.49522773171458,60.29616011235987],[24.49528670977408,60.2961602005251],[24.495300101618607,60.296160219511144],[24.495336175248426,60.29616089979848],[24.495364044413936,60.296162126048486],[24.49537216214037,60.29616247676291],[24.49537642551924,60.29616281767475],[24.49540790832034,60.296165306829906],[24.495423472056363,60.296167217304706],[24.49543906002071,60.2961697570603],[24.495457794497934,60.29617280530992],[24.495494276070183,60.2961792694608],[24.495525900856933,60.29618486946109],[24.495560915869664,60.296189212847295],[24.495561977369164,60.296189295746025],[24.49556636451806,60.296189674918395],[24.495601783883238,60.29619086382309],[24.495602396991405,60.296190893350385],[24.495638328205374,60.296189414895736],[24.49566796820236,60.29618736864524],[24.49567417228381,60.296186946633604],[24.495681274986215,60.2961863708844],[24.495695645106824,60.296185195541014],[24.495713805766442,60.29618344487572],[24.49576657376993,60.29617835817916],[24.495801651488513,60.29617407878838],[24.49580187111041,60.296174046996356],[24.49583592418829,60.29616825706216],[24.49585896897946,60.29616252008064],[24.49586808376278,60.296160248495475],[24.49587479094428,60.296158218979755],[24.495895243322167,60.29615064545283],[24.495903644122247,60.296147533947256],[24.495930623441048,60.29613555592821],[24.49596008404741,60.296121190231155],[24.49598223073043,60.296110396707824],[24.495996732685516,60.29610395066549],[24.496008592988282,60.29609867653673],[24.49603772837237,60.29608808662898],[24.49606876686137,60.296078880077204],[24.49607741262215,60.296076824216414],[24.49610121293766,60.29607114635386],[24.496134801925244,60.29606432350826],[24.49616757599864,60.29605868904355],[24.49620304659251,60.29605258437788],[24.496210134851516,60.296051487301646],[24.49621029956705,60.29605146345715],[24.496278848901152,60.296039999528645],[24.49628388805234,60.29603895365279],[24.496312137445372,60.2960330811431],[24.496329480858634,60.29602734440479],[24.4963421637305,60.29602314577351],[24.496360044313857,60.29601440977773],[24.496379941553666,60.29599942353848],[24.49638581301859,60.29599152118299],[24.49639235364213,60.295982679219506],[24.496393737963647,60.29597877964605],[24.496396251520828,60.2959717123149],[24.496396811451365,60.29595493322666],[24.49639684714857,60.29595375709738],[24.496394506875976,60.295947442693254],[24.49639026967998,60.29593611582612],[24.496383659889645,60.29592741225169],[24.49637754424112,60.29591934681726],[24.49637496464707,60.29591710628447],[24.496359679713905,60.29590374756687],[24.496337955829116,60.29589080646199],[24.496336658710725,60.295890018436424],[24.49633503284958,60.295889269129916],[24.496323706042094,60.29588402500586],[24.496294157311763,60.2958737661036],[24.496230058265354,60.29585711559261],[24.49622636913701,60.29585612975802],[24.496221703851674,60.29585489195738],[24.49619070613956,60.29584559387029],[24.496170284891797,60.29583833672448],[24.49616133387003,60.2958351585996],[24.496147105863468,60.29582927585668],[24.496133562107232,60.29582367550856],[24.49610769740289,60.29581115936059],[24.496087992077054,60.295800223593474],[24.496083582818738,60.29579776889614],[24.496078956238375,60.295794842973905],[24.49606119204412,60.29578361141885],[24.49604099016464,60.29576875858041],[24.496032071742782,60.295761134365044],[24.496022830537193,60.295753234566824],[24.49601995153286,60.29575041345546],[24.496013050389223,60.295743626777686],[24.49600172062852,60.295730854627166],[24.49599845433907,60.295727181790596],[24.495975158062116,60.29569647809296],[24.495947505742233,60.29566002384825],[24.495945545474846,60.29565773210047],[24.495944996444223,60.29565710190669],[24.49586568596978,60.295576482336806],[24.49585952520283,60.29556900891785],[24.49585200674224,60.29555988393623],[24.49584097186451,60.29554278741553],[24.495838437235484,60.29553806834905],[24.495831715565647,60.29552042432545],[24.495822379050576,60.29548610304936],[24.49581721167728,60.29546706898098],[24.49580898709362,60.295447069963224],[24.495800857489236,60.29543481627582],[24.495797645041435,60.29542996764616],[24.495783049236085,60.29541352263621],[24.495765348603825,60.2953979174048],[24.495759084873647,60.29539320887238],[24.495745459818945,60.295382998553585],[24.495736893814193,60.295377393203324],[24.49572355377463,60.29536866150523],[24.4957157708129,60.29536417585494],[24.495700067867773,60.2953551031538],[24.495695615687417,60.295352737465244],[24.49569551137163,60.29535268159893],[24.49567930238649,60.295344309028266],[24.49567044126491,60.295339722196445],[24.495644111573807,60.29532737684706],[24.495616830903913,60.29531563340277],[24.495600632188893,60.29530925529182],[24.49558856242323,60.295304500151694],[24.495440741067487,60.295252852891466],[24.49542335853586,60.295247045326846],[24.49536596499689,60.29522793365821],[24.495243254498412,60.29518706347706],[24.495181272120472,60.29516855689214],[24.495149630896897,60.29515987523866],[24.495136316033804,60.29515625540972],[24.495135446966884,60.29515602342159],[24.495120273396424,60.2951523326027],[24.49507052289475,60.29514024610348],[24.49500377393892,60.29512632081153],[24.49496995255278,60.2951201132978],[24.494959282835644,60.29511834897052],[24.494935637478033,60.295114444440514],[24.494900823219126,60.29510938600144],[24.494873990702448,60.2951059783047],[24.49486581631787,60.295104952745476],[24.494829232754597,60.29510101975107],[24.49480207718653,60.295098522235456],[24.494793666020694,60.29509775271911],[24.494721937908288,60.29509307592107],[24.4946721970989,60.29509126626701],[24.494613739022043,60.295089139436826],[24.49459335958222,60.29508867414782],[24.49458593321634,60.29508851608882],[24.494557312095168,60.29508790430419],[24.494340414141593,60.29508632776947],[24.49431851705533,60.295086300934145],[24.49430537866624,60.29508628662529],[24.494275849339537,60.295085954091974],[24.4942330473504,60.2950854699543],[24.494205570558165,60.295084331706555],[24.494197055521443,60.29508397342107],[24.49416148269065,60.29508078695275],[24.494149370202624,60.295079192969325],[24.49414879669629,60.29507911926606],[24.49411450744102,60.29507335186577],[24.49409471670361,60.295068980918536],[24.494081527760773,60.295066082016206]],[[24.513849305670938,60.293829142666304],[24.51415853894652,60.295016010261044],[24.515088912695525,60.295336368569274],[24.517381099273777,60.29480729534439],[24.51540952846687,60.29275001583117],[24.513578978004308,60.292720239556495],[24.513849305670938,60.293829142666304]],[[24.586008123018008,60.328140508201265],[24.586013736334163,60.32814078981109],[24.586157392288623,60.328149686905945],[24.58619354454866,60.32814954400254],[24.58622929922863,60.32814669002244],[24.5862630334118,60.3281402870338],[24.586283799229268,60.32813384614852],[24.586309287740335,60.32812110419932],[24.586331691455893,60.32810695879336],[24.58635260856698,60.32809233724322],[24.586374565911356,60.32807810287844],[24.5863997534082,60.3280652656176],[24.586429488796295,60.328055115974124],[24.586440178376957,60.32805289369636],[24.586475542713487,60.32804894563494],[24.58651116577683,60.328045909533024],[24.586546825131446,60.32803821196711],[24.586566387001014,60.32802329628931],[24.58657831513582,60.32800626576002],[24.58658527830026,60.32799660984573],[24.586602156428164,60.32798074714314],[24.586624270452074,60.327966596430066],[24.586650209210678,60.32795413208034],[24.586706780440405,60.32793163312307],[24.586721252046345,60.32792578753259],[24.58682925657184,60.32787799240386],[24.586857413336958,60.32786664623181],[24.58689121163742,60.327854953338274],[24.586923269163748,60.327846471649714],[24.58695444440419,60.32783742597975],[24.5869706068581,60.32783125174632],[24.58699536084841,60.32781814600347],[24.587019093321672,60.3278046444297],[24.58703188825031,60.32779868752051],[24.587063351102266,60.327789916533746],[24.587098424952877,60.327785972019974],[24.58713457747496,60.32778581988741],[24.587170411269984,60.327788266992826],[24.587276846875756,60.32779900239614],[24.587283815244252,60.327799578037606],[24.587319649066483,60.32780202510296],[24.587355689013656,60.32780339795525],[24.587390431694033,60.32780393879059],[24.587499023879086,60.32780411336912],[24.587535088551583,60.327805396792705],[24.587570877818795,60.327808202296225],[24.587590216887147,60.32781052954943],[24.587692820549076,60.327828022048294],[24.587728616477666,60.32783073780104],[24.58776957707441,60.32782950498676],[24.587803865495303,60.32782392911496],[24.587823986914692,60.32781369450986],[24.587816561048278,60.3277964922775],[24.587798333503006,60.32778107023505],[24.5877852785843,60.32776772728478],[24.5878126211538,60.3277590610004],[24.587848773647437,60.3277589086734],[24.587921135514552,60.32776004228192],[24.587937337735276,60.32775970752286],[24.58797294226465,60.3277566706981],[24.588006525467883,60.327750093861056],[24.588036553730326,60.327740137822445],[24.588061751788796,60.32772739027764],[24.58808237356949,60.32771258345003],[24.58814885238051,60.327648852646256],[24.588161532417985,60.3276383122815],[24.5881840731155,60.32762425889073],[24.58820689787123,60.32761470208718],[24.588240186566356,60.327607940191676],[24.5882761685978,60.32760616774023],[24.588312186082458,60.32760808788288],[24.588382839643643,60.32761591841698],[24.588411141938604,60.327619036988956],[24.588446919611428,60.32762175221907],[24.58851898906521,60.32762512591768],[24.588627322520438,60.327628798206646],[24.58866331423691,60.327631068118],[24.588690427826073,60.32763335660522],[24.588760916284592,60.32764146241006],[24.588796554795497,60.327644345695234],[24.588832751069884,60.32764384356442],[24.5888538423806,60.327641082186055],[24.588884872167313,60.32763203343314],[24.58891111074445,60.32761966392313],[24.588957670775958,60.327592131670215],[24.58896260448074,60.327589346651955],[24.588988272445945,60.32757660746141],[24.589015219601944,60.32756469992912],[24.589098026981606,60.327529830402675],[24.589107676814418,60.327525244524985],[24.58913199133182,60.32751194178488],[24.5891529061517,60.32749732875412],[24.589167536333612,60.3274809758238],[24.589171066313607,60.32747241629955],[24.58917117712923,60.32745446155364],[24.58916760279221,60.327436610637086],[24.589166322587484,60.32742302328245],[24.589171883801793,60.327405347058864],[24.589192880196563,60.32737096420671],[24.589195712344264,60.32736572466858],[24.589202045509243,60.32734814329206],[24.58920351382702,60.32733020418669],[24.58919979475268,60.3273123506454],[24.58918777547362,60.32729552330309],[24.589175051370464,60.32728604014486],[24.589147364766536,60.32727457883218],[24.58911583664393,60.327265832519906],[24.58908331969368,60.32725796654986],[24.58904775213903,60.32724798815637],[24.589020386402975,60.3272363529794],[24.588997625158918,60.32722246577769],[24.5889795480539,60.32720696578227],[24.588965356858377,60.3271903595212],[24.5889294945799,60.327136988483225],[24.588916691618536,60.3271202277426],[24.588902970866286,60.327103630008146],[24.588887854669427,60.327087285425925],[24.588854348677014,60.32705550701761],[24.588817887911752,60.327024492436195],[24.58880421401025,60.32701364457777],[24.58876400689932,60.32698381063325],[24.588742503724273,60.32696932639],[24.588720190210857,60.32695526760207],[24.58869664959888,60.32694163569074],[24.58867119684639,60.32692887635311],[24.58864383813005,60.326917151391804],[24.588614414818846,60.32690664656789],[24.588601895726683,60.32690273645064],[24.5885698712598,60.32689434031171],[24.588536856194033,60.32688709396477],[24.588367097378452,60.32685590634149],[24.588334070926457,60.326848569907774],[24.588306550827358,60.32684124355403],[24.588276624221976,60.32683117866407],[24.58824816347929,60.32682015225091],[24.588138118796582,60.32677342958338],[24.58812475595202,60.32676843514619],[24.588094999572785,60.32675827449124],[24.58806380560305,60.32674918365114],[24.588031598744003,60.32674105355498],[24.587998432604817,60.32673389415784],[24.587964397638746,60.32672770710062],[24.58792986228666,60.32672240924064],[24.58789482169758,60.326717820832],[24.58785957128639,60.32671386639002],[24.587788186839536,60.32670762123774],[24.58775235902468,60.32670535405067],[24.587720597499825,60.326703708613415],[24.58764847541709,60.32670132161651],[24.587576045499375,60.32670089624249],[24.587539861065007,60.32670149704498],[24.58750376837891,60.326702818133136],[24.587467774061185,60.32670476979841],[24.58743202768436,60.326707534413586],[24.587400675660035,60.32671064827462],[24.587365438403868,60.3267148593741],[24.587330607055915,60.32671970663423],[24.587261892488904,60.32673103525729],[24.587127100139337,60.3267572346077],[24.587105741127306,60.32676141912445],[24.586935416174835,60.32679165326955],[24.58686615730998,60.32680225317882],[24.58685165690048,60.32680432544778],[24.586781594574127,60.32681329380729],[24.58671074271679,60.326820442235615],[24.586674857387163,60.326823123280406],[24.586638869517518,60.32682498501161],[24.58660279720165,60.32682602775775],[24.586566638454762,60.326826278431284],[24.586538583930288,60.32682594864734],[24.58646625977019,60.32682408733131],[24.586430121564042,60.32682405987146],[24.586395034758457,60.32682819260282],[24.586364449594956,60.3268375991811],[24.58635252569359,60.32684402996874],[24.586334317711163,60.32685950917],[24.58631802446583,60.32687555313191],[24.586302626747575,60.326885603808925],[24.58626845758664,60.32688785778537],[24.58623756075967,60.32687867309672],[24.586211165375317,60.32686642614583],[24.586186972814907,60.32685305142213],[24.58616514344863,60.326838830308674],[24.58614823145549,60.3268262166077],[24.58612984241283,60.32681079138508],[24.586113633860997,60.32679478594364],[24.58609992129807,60.326778098219876],[24.586089136456987,60.32676101452524],[24.58608159350845,60.32674345073782],[24.586068951055275,60.3267081070372],[24.58606613610406,60.32670060011913],[24.586058592518437,60.32668304530125],[24.5860498061592,60.32666563858525],[24.586039334891566,60.326648479735],[24.586026703050024,60.326631631973605],[24.586010350570213,60.32661561492046],[24.585989622602735,60.32660095565281],[24.5859773038702,60.32659409355413],[24.585949953037524,60.32658227833676],[24.585919390642502,60.32657274032838],[24.585886213684354,60.32656549037074],[24.585851854925558,60.32656001551436],[24.5858167900969,60.32655551594041],[24.585781389432654,60.32655163905838],[24.58574336200363,60.32654825342414],[24.585671715456748,60.326543358779375],[24.5856355340431,60.326541713395855],[24.585599455803667,60.326540878336125],[24.585563260059825,60.326541388564344],[24.58552741538003,60.326543522079334],[24.5854914447657,60.326547360044565],[24.585456863018397,60.32655275032231],[24.585354972227243,60.32657128136097],[24.585320165466648,60.326576038713775],[24.585300800381656,60.32657775294377],[24.58526471438494,60.32657898371583],[24.5852286626308,60.32657778972169],[24.585193234838236,60.32657428048775],[24.585158695280757,60.326568802165816],[24.585091173798258,60.32655588857946],[24.585057983124702,60.326548826803894],[24.585028420987257,60.32654218128499],[24.584871722556063,60.32649954869516],[24.58484327427478,60.326492294572766],[24.584809093650033,60.32648637353636],[24.584773635316402,60.326483034308566],[24.584737596949036,60.32648166076521],[24.58470134935625,60.326480912211785],[24.584683982064515,60.32648059659385],[24.584503505097697,60.326474891250086],[24.58446735583186,60.326474773221726],[24.584438952509164,60.3264752451109],[24.584402840075416,60.326476834482854],[24.584366975505386,60.32647923680995],[24.58415400008731,60.32650023930342],[24.584130827458715,60.32650224346815],[24.583915002857815,60.3265144893729],[24.583879269676576,60.32651707361557],[24.58384363961665,60.326520468183325],[24.58380839796779,60.326524489622166],[24.583773691148007,60.3265296077045],[24.583739845454314,60.32653581938007],[24.583732096511344,60.32653747507967],[24.583699476774306,60.326545236124545],[24.583668301892494,60.32655428103472],[24.583638422310674,60.32656442743433],[24.583610146236744,60.32657567194507],[24.583583317965694,60.32658767038718],[24.583558105803895,60.32660059649652],[24.58353453031425,60.32661417217833],[24.583520100946814,60.3266236113463],[24.58349978536226,60.32663842305203],[24.583481419969434,60.326653809187],[24.583465281622743,60.32666994546069],[24.583450843753088,60.32668782838324],[24.58343995713962,60.326704967415026],[24.58343135481014,60.32672232763788],[24.58342470449548,60.3267399928396],[24.5834200382203,60.32675777496207],[24.58341224147169,60.3268115215514],[24.583409934262,60.32682826862084],[24.58339329801092,60.32693565300867],[24.58339213407861,60.32695359762419],[24.583391758319713,60.326970927768556],[24.583392428229086,60.326988815899355],[24.5833942928217,60.32700671676978],[24.583397405046405,60.327024649308306],[24.583401725225883,60.32704241516981],[24.583407130220404,60.327060209738704],[24.58341390533122,60.32707784956167],[24.583416114255915,60.32708300997239],[24.583424441063514,60.327100489367695],[24.583434137328673,60.327117822987425],[24.5834450656203,60.327134909520645],[24.58345725615242,60.32715183036243],[24.58347065995979,60.32716851275896],[24.583485303095596,60.32718484938892],[24.583497360276645,60.32719720449427],[24.583514189472805,60.32721313172282],[24.583532245216773,60.32722864108806],[24.58355142511284,60.32724389241974],[24.583571668736802,60.32725872292678],[24.58359302439342,60.327273214332955],[24.583615311169925,60.327287363348525],[24.583638403090614,60.3273011586998],[24.58366023881914,60.327313323271525],[24.58378603414999,60.32737776284461],[24.583810353403894,60.32739113133221],[24.58383359551754,60.327404857514836],[24.583845546848536,60.32741252159414],[24.583947291652876,60.3274866744472],[24.583953392751752,60.327490647996385],[24.58397665375057,60.3275043655126],[24.584074796757466,60.327557163345126],[24.584097870970368,60.32757095828949],[24.58411937179528,60.327585452243866],[24.58413838868567,60.327600709504146],[24.58414107954787,60.327603273623716],[24.58415573466981,60.32761970021914],[24.584167906991436,60.327636629639805],[24.584199812559444,60.32768804372361],[24.58421182210421,60.32770497018083],[24.58422460593653,60.327719754817785],[24.58424253631589,60.32773525281639],[24.58426247782575,60.327750257376195],[24.584325580098483,60.32779406402353],[24.584345062759127,60.327809150058975],[24.584362502303506,60.32782491758833],[24.584369279029435,60.32783249655056],[24.584380660996985,60.32784958225908],[24.58440716373363,60.32790179637734],[24.58441811087988,60.327918883162084],[24.584432603453934,60.327935306768595],[24.584436759220626,60.32793888562276],[24.58445763868497,60.32795345805286],[24.58448276907654,60.32796640098834],[24.5845109208205,60.32797768309773],[24.584569301136543,60.32799886574533],[24.584576136880457,60.328001235695474],[24.584695170030002,60.32804202528282],[24.584756442234717,60.328061095523026],[24.584768397420326,60.328064546610726],[24.58479993175033,60.32807320424247],[24.58483261790735,60.32808098450857],[24.584866477577947,60.328087348829285],[24.584901912936488,60.328090777421494],[24.584924147786623,60.32809118144771],[24.584960018923258,60.328088958726475],[24.584992403046595,60.328084157428556],[24.585025719386238,60.32807703751172],[24.5850557079517,60.32806959661823],[24.58508750677634,60.32805849664499],[24.585115200536798,60.328047052591664],[24.585140551324475,60.32803421853059],[24.58516399571642,60.328020460522275],[24.585186237689896,60.3280063033825],[24.585200824529963,60.32799669621995],[24.58522576935378,60.327983225965816],[24.585258958221345,60.32798616450419],[24.58528174310617,60.327999962958664],[24.58530136510035,60.32801513222397],[24.58531667258231,60.32802690841745],[24.585337545868835,60.3280415704202],[24.585360306104768,60.32805545824123],[24.585385751787694,60.32806830791678],[24.585413751908924,60.32807968588697],[24.585443667287798,60.3280896613842],[24.58547115463354,60.3280974368738],[24.585503671523572,60.32810530372633],[24.585537032660607,60.32811228761934],[24.58557105712406,60.328118385265604],[24.585605752202355,60.328123497985366],[24.585621010971526,60.32812539208807],[24.585656596026148,60.32812900285447],[24.585692247366584,60.32813171652722],[24.58576448886859,60.3281347355194],[24.58579126965615,60.32813540163183],[24.585936012958253,60.328137671387005],[24.586008123018008,60.328140508201265]],[[24.506590615664475,60.325036080551925],[24.507795094437313,60.32480665129617],[24.507735335313725,60.3248702901519],[24.50772485443762,60.32488159203181],[24.507681578946812,60.32493098728692],[24.507674195756213,60.324939912822835],[24.50761194014815,60.325024166057474],[24.50760044492829,60.32504092862754],[24.50756059622491,60.325099541946145],[24.507581581577355,60.32510038467678],[24.510281648205893,60.325210823519676],[24.51029080376899,60.3252066831333],[24.510313662922158,60.32519291801347],[24.510317547401893,60.32518805904022],[24.51031921483365,60.32517021382552],[24.510314150673413,60.32515251199576],[24.51030890763622,60.32513525597173],[24.510301096483154,60.325099635209625],[24.510298632754296,60.32508584484665],[24.510292517579664,60.32505007619335],[24.510291229762988,60.32504296436809],[24.510288476621398,60.325025126168846],[24.510286779484556,60.32500721792148],[24.51028707830045,60.32498926621842],[24.510291031794786,60.32497137399976],[24.51029297255889,60.32496611030456],[24.510301757839336,60.32494875776233],[24.510313879658323,60.32493183603537],[24.510328109322035,60.32491530413822],[24.510335869525683,60.32490736468945],[24.510404009472374,60.324843980543776],[24.510420013785517,60.32482793104002],[24.51043655551769,60.32480910682811],[24.510449430117927,60.32479228902341],[24.510461552484095,60.32477535831147],[24.510473059812462,60.32475841607707],[24.510481672230775,60.324745471008775],[24.510492740980233,60.32472834089421],[24.51050319469372,60.324711199257514],[24.510521711652828,60.32467643102841],[24.51055677429878,60.32458663658511],[24.51056063371679,60.32457782455397],[24.510591913734846,60.32450772215692],[24.51059874754425,60.324490063548176],[24.51060422400159,60.32447238849627],[24.510624723303902,60.3244013654961],[24.510631657693605,60.32438452623586],[24.510639244349385,60.32436697155897],[24.510646378094805,60.32434941738106],[24.51065200672676,60.32433164636343],[24.510655344916394,60.32431374261028],[24.51065584242673,60.32430126536266],[24.510653535023856,60.32428137838111],[24.510652697520477,60.32426240826426],[24.50962944477849,60.323641474028946],[24.509965976330346,60.32316420842811],[24.509906092804346,60.32313138483448],[24.50700475685433,60.322616493810784],[24.506763688587117,60.32402498572418],[24.506590615664475,60.325036080551925]],[[24.61482455801582,60.31405393319251],[24.61795724379009,60.314101434987656],[24.618741456789145,60.31411331754176],[24.619442120921963,60.31412393218004],[24.619638340530038,60.314127169030726],[24.619551511369213,60.314035893467796],[24.619506488218043,60.3139884752014],[24.619401605082317,60.31390243642478],[24.61931325704268,60.31384895099596],[24.61902087902664,60.31372246249607],[24.618816958952454,60.31359549255473],[24.618710542033998,60.3135618851762],[24.61851708112379,60.31350092805438],[24.61770730591315,60.31327293585215],[24.616882420495504,60.3130412361329],[24.61372337920613,60.31085688989662],[24.61105205479203,60.311879268456885],[24.610587051445865,60.312448447975754],[24.612687914535464,60.31275817526631],[24.61482455801582,60.31405393319251]],[[24.52954886377762,60.308057335194704],[24.52943505270184,60.30802019366813],[24.528786256349935,60.30780801026787],[24.525449859527555,60.30910003795485],[24.523561687134084,60.309808791665866],[24.523482791920078,60.309838034291616],[24.523719148411473,60.30989165840042],[24.52716734719965,60.310673337371185],[24.528786501334988,60.31020320460936],[24.530811354720598,60.309615297294464],[24.531992714742124,60.30889843446336],[24.53205056724773,60.30887534467394],[24.5300182592852,60.30821082561739],[24.52954886377762,60.308057335194704]],[[24.507183700239136,60.32172542474863],[24.507184231610758,60.32172534488501],[24.507191648375613,60.321679633984],[24.507307636869157,60.320965070630386],[24.507372962108136,60.320562574961464],[24.507394482572124,60.32054424875622],[24.508246828759532,60.319818486069025],[24.508252387382125,60.31981375736472],[24.507519421583975,60.318948272944844],[24.507202415975353,60.318573944935146],[24.50720238254052,60.31857390837524],[24.50791394762337,60.31796137185537],[24.50791398652907,60.31796133665242],[24.50696996141655,60.31767642409494],[24.506014105066626,60.318721904831705],[24.503947745931068,60.31918067434822],[24.50232706082958,60.320107629973336],[24.502326871741598,60.32010773421731],[24.502054636358142,60.32085205637803],[24.50204846922904,60.32086899949905],[24.501946828267236,60.321244310329284],[24.501945026717742,60.32124939687273],[24.50195058883734,60.32124985177622],[24.50247221354218,60.32129263374522],[24.50247847352827,60.32129320055743],[24.504679043082714,60.32149540247335],[24.5071819915284,60.32172526693089],[24.507181866885205,60.32172571375058],[24.507183700239136,60.32172542474863]],[[24.503132217872047,60.29574043644079],[24.50315149948607,60.29575553137205],[24.503151601077906,60.295755623113905],[24.503169807103394,60.29577105714978],[24.503182573189797,60.29578283156989],[24.503186902078085,60.29578682064092],[24.50320273320375,60.295803018513645],[24.50320875892104,60.295810623779],[24.50321593953694,60.295819697049865],[24.503221219356828,60.295829013066694],[24.50322573572577,60.29583694928504],[24.50322774323443,60.295842897968726],[24.503231695545274,60.29585466839232],[24.503233532969613,60.29587257051623],[24.50323183339708,60.29588488148168],[24.50323083670744,60.295892013371486],[24.503226526958745,60.295903664411256],[24.503224312526193,60.29590967745865],[24.503218244221678,60.29592136730505],[24.50320625669892,60.29594445335424],[24.503202379281177,60.29595138735806],[24.50317131152257,60.29600298671634],[24.503159525165803,60.29601987813631],[24.503159503670165,60.2960199226482],[24.503146329102623,60.29603674305382],[24.503143139375133,60.29604035721743],[24.50313183395708,60.296053080489],[24.50312280680709,60.29606203771361],[24.503115677857966,60.29606912618481],[24.503104541636826,60.296079157675365],[24.50308570508657,60.296094515169166],[24.503065210041683,60.296109311472186],[24.50304339372783,60.296123633772325],[24.503020383340203,60.29613747547707],[24.50299620242802,60.29615076516291],[24.502976722135934,60.296160801468794],[24.502971145226145,60.296163679041854],[24.502945193661358,60.29617621677356],[24.50291837333723,60.29618828002376],[24.502908589083734,60.29619245292155],[24.502898992404642,60.296196539513275],[24.502871015234213,60.29620787133145],[24.5028421393207,60.29621864725422],[24.502823887654845,60.29622491572838],[24.50281240149558,60.296228858990276],[24.502781807236694,60.29623843477639],[24.502763477786214,60.29624358786321],[24.50275034600314,60.296247275598645],[24.502740310204956,60.296249763896455],[24.502718024642903,60.296255291753084],[24.50268487930408,60.29626248391879],[24.50266044809829,60.296266956320345],[24.502523806475068,60.29629034844086],[24.50250086461222,60.29629522611353],[24.502490487174907,60.296297447455814],[24.502458608215193,60.296305831195546],[24.50242843890612,60.29631576523815],[24.502401324045046,60.296327652168074],[24.502389229972152,60.29633434180548],[24.502370697487137,60.29634736928904],[24.502368458986638,60.29634895315332],[24.502367970865556,60.29634942008385],[24.502352140392073,60.29636498672331],[24.502341633150817,60.29638005159145],[24.502340331982253,60.296381922578135],[24.502333337314255,60.29639957778016],[24.502331025405383,60.29641587474738],[24.502332130716187,60.29642439364168],[24.502333338426894,60.29643370498329],[24.502339247259204,60.296448530584435],[24.502340371030403,60.29645135447606],[24.502353565949765,60.2964679430523],[24.502374230505115,60.29648270477256],[24.502388880261137,60.296489007988086],[24.50240021826189,60.296493883478576],[24.502413835299695,60.296497355529254],[24.50243221106256,60.296502030981124],[24.50244644508575,60.29650405935195],[24.50246703554281,60.29650698878794],[24.502502413888866,60.29651061850349],[24.502502521643663,60.29651062951291],[24.50257359493489,60.29651634975802],[24.502573756909495,60.29651636178689],[24.502580433330504,60.29651686462098],[24.502596179646066,60.29651805004136],[24.50266431456064,60.2965236161711],[24.50266751653846,60.29652387400754],[24.502844616676274,60.29654166681063],[24.502879974565484,60.29654556553587],[24.502912154031097,60.296549134998486],[24.503112884329347,60.2965701115818],[24.503372078274918,60.296597217427326],[24.503401597225114,60.29659983843936],[24.50340258578161,60.29659992888703],[24.50343717950915,60.29660293274482],[24.50347274879541,60.2966061974771],[24.50354332029293,60.29661399186793],[24.503578354953156,60.29661833348954],[24.50361317220919,60.296623389671296],[24.503646978762543,60.29662959466285],[24.50366117748203,60.29663279903696],[24.50367994850553,60.29663704156524],[24.503703592950153,60.29664359453583],[24.50371156854368,60.2966458105712],[24.50374176904456,60.296655630873346],[24.50375022593391,60.29665865545656],[24.50377864982325,60.29666970000684],[24.503805730268397,60.29668032404136],[24.50380704881476,60.29668083391483],[24.503836745251153,60.2966910938809],[24.503863720618465,60.29669811366675],[24.503868724922576,60.29669942044732],[24.503900806387595,60.296704514968425],[24.503936581326236,60.29670698393491],[24.503947081680074,60.29670694770576],[24.503972699311966,60.29670685421187],[24.503996661280155,60.29670568754803],[24.50400865130034,60.2967051043843],[24.504021910000123,60.29670402403582],[24.50404438499737,60.29670218262951],[24.50407974212631,60.29669826563727],[24.504112982729513,60.29669385970265],[24.504286107689452,60.29666792651906],[24.504341882032275,60.29666090762652],[24.504427060696298,60.296650183170826],[24.504437242900977,60.29664862276555],[24.504461598612984,60.29664490320654],[24.50448288869148,60.29664103621096],[24.50449558975862,60.29663872362398],[24.504528615422085,60.29663143892634],[24.504539903853882,60.29662842605414],[24.5045603383646,60.29662296192943],[24.50457224453352,60.29661920607262],[24.504573783617904,60.29661872294746],[24.50461508510864,60.296604496994945],[24.50463295984761,60.296598185262056],[24.504662835198484,60.2965880655374],[24.504694140437884,60.29657913150212],[24.50471195010776,60.2965753338305],[24.504746494742122,60.2965699640879],[24.504776845118712,60.29656690506899],[24.504781824284418,60.29656640572093],[24.50478429867369,60.29656623661015],[24.504817686221156,60.296563935329615],[24.50485359941708,60.29656245404283],[24.504946507851592,60.296561199025895],[24.504962071135857,60.29656098833122],[24.505034285329625,60.296559110937935],[24.505036066090888,60.29655901862466],[24.50507026817553,60.2965571907247],[24.505105976709583,60.29655435804664],[24.505119757889325,60.296552595698444],[24.505140922765598,60.296549894062125],[24.505166599651265,60.296544986461896],[24.50519920304738,60.296537064845246],[24.505216434210446,60.296532070459264],[24.505230370347682,60.29652803826303],[24.50526024545257,60.29651791840241],[24.505318457925167,60.29649648196383],[24.505347266753212,60.29648586594753],[24.50535442809587,60.29648333244805],[24.5053679517411,60.29647853790218],[24.50536817545977,60.29647845227225],[24.505397820603285,60.2964684987431],[24.505428120761263,60.29645873717383],[24.50546484912859,60.29644774885213],[24.50552107981041,60.296430937382176],[24.505521209742643,60.29643089490649],[24.505552671397776,60.296422278022845],[24.505718338440055,60.296379467253516],[24.505904867541396,60.29633079574134],[24.505905144793488,60.296330720098986],[24.505931753170636,60.296323323536484],[24.506026434925694,60.29629689424534],[24.506058181389488,60.29628833649221],[24.506090190342,60.296280134004824],[24.506122786417457,60.296272301861706],[24.506149297223683,60.296266421583546],[24.506176037708443,60.29626132715013],[24.506183164276035,60.29625996076882],[24.50621795405525,60.296255403740325],[24.506229084271023,60.29625446287377],[24.506232672715587,60.296254161939686],[24.5062685478834,60.29625151174678],[24.50628944000926,60.296248822776256],[24.506303331489196,60.296247035428955],[24.506313327931842,60.296243872387286],[24.506333616818495,60.296237462027314],[24.50634049848566,60.296232659461985],[24.506354051387053,60.29622320309356],[24.50637111404302,60.296207353707516],[24.506389516057766,60.29619197862504],[24.506417606134068,60.29618128600713],[24.50645277989469,60.296183563350034],[24.50645817615359,60.29618423958518],[24.506487807664303,60.29618799390765],[24.506497673841412,60.296188439648155],[24.506533234154457,60.296185882288874],[24.506564669419664,60.29617712992832],[24.506583718213047,60.296167516202175],[24.506589874216882,60.29616439782365],[24.50659247434821,60.29616257813388],[24.506596950234098,60.29615941923049],[24.50661505170905,60.29614394864438],[24.50663548823092,60.29612918664767],[24.506635545184547,60.29612915178411],[24.506664770831737,60.29611946858414],[24.506682179292213,60.29612187948743],[24.50668649594513,60.29612247256399],[24.506717971728047,60.296131238142614],[24.506742891966073,60.29613672755341],[24.506750955360435,60.29613850487738],[24.50675100889621,60.296138514865554],[24.506760041266315,60.29613921442997],[24.506777081797804,60.29613766581186],[24.506795180137345,60.296136011283934],[24.506825784386066,60.2961265246084],[24.506855234833743,60.29611602811716],[24.5068869481182,60.29610576274251],[24.506918401286484,60.29609701063631],[24.50695100382019,60.2960890885839],[24.506968401006556,60.29608547152044],[24.506984308297476,60.29608216784986],[24.50700321776636,60.29607889357951],[24.50701842315945,60.29607625046904],[24.507053109055065,60.29607115228456],[24.507192354099764,60.29605320331224],[24.507193011564365,60.296053125820244],[24.50720890909925,60.29605089992232],[24.507216721292796,60.296049797884116],[24.50725141328135,60.29604461891423],[24.507325012337514,60.296032148158645],[24.507354073625887,60.29602723179677],[24.507363030634696,60.29602559427811],[24.50736380200369,60.29602544705749],[24.50743029492325,60.29601241168681],[24.50743033175269,60.29601240339481],[24.507444413891005,60.29600929898017],[24.507496361767203,60.29599784114623],[24.507507134406502,60.29599517767546],[24.507528826997483,60.295989817563125],[24.507560435709692,60.29598115805914],[24.507581478476553,60.29597482454314],[24.5076426811153,60.29595568004152],[24.507672959946465,60.295946420631935],[24.507673422704418,60.29594628558474],[24.507705013263887,60.29593762570666],[24.507721401684115,60.29593346859238],[24.507737328709304,60.2959294285827],[24.507741161687512,60.29592853032383],[24.50774447768908,60.29592776609484],[24.50777648587406,60.295919563195966],[24.507806933815502,60.29590998353534],[24.507825697309187,60.29589579184376],[24.507819935355304,60.2958913628147],[24.507808269136714,60.295885798913574],[24.50779391465602,60.29587893590544],[24.507778773919682,60.29587146525189],[24.507757689663567,60.29585838536058],[24.507756220421506,60.29585747743882],[24.507754822855283,60.29585610373652],[24.507740076654297,60.29584155275004],[24.50773994924856,60.29583823556469],[24.507739434669723,60.29582384383231],[24.50774926527168,60.29581477562238],[24.507772573856407,60.295801028553164],[24.507784796567957,60.29579429593934],[24.507796735198802,60.29578772867432],[24.507803621847298,60.29578166848464],[24.50781439022691,60.29577216870784],[24.507813700240686,60.29576340614044],[24.507812818550306,60.2957526457092],[24.507808274144285,60.29574221180974],[24.50780517920767,60.29573508397023],[24.507802752598977,60.29572084500713],[24.50780577428474,60.29570303415576],[24.507808696671514,60.295697932645254],[24.50781563017883,60.29568579171939],[24.50782563536293,60.295676331520326],[24.507832384606257,60.295669936373315],[24.507855673238016,60.295656449428925],[24.507884946614123,60.29564612905933],[24.50791851160032,60.295639581297394],[24.507945990228887,60.29563714142301],[24.507953642995805,60.29563646754436],[24.50802543624105,60.29563224502625],[24.50803846055481,60.29563043224822],[24.508060101018714,60.295627415685594],[24.50808406219629,60.29561483963946],[24.508084356146444,60.29560693995422],[24.508084358879117,60.29560690407273],[24.508070270729796,60.29557182991453],[24.508072682188494,60.29555418727311],[24.508077090524782,60.29555214995287],[24.50808815996091,60.29554701264754],[24.508120224455016,60.29554281722701],[24.508122966116463,60.29554246442291],[24.508125800502043,60.295542319971645],[24.50815889924032,60.29554070415324],[24.508185593253177,60.29554001021342],[24.508192648163565,60.29553981917964],[24.508271837737706,60.29553828652087],[24.508301001571812,60.29553771974254],[24.508337069330235,60.295536330261136],[24.508372916229845,60.295534038308475],[24.508408382032112,60.295530571383324],[24.50844491298363,60.29552523796249],[24.50858045870282,60.295500211293465],[24.50861471484144,60.29549456565898],[24.50861850098539,60.295494043790725],[24.508640287938906,60.29549100293364],[24.50867297424415,60.29548719633876],[24.508675494240943,60.29548690224767],[24.508711102127098,60.29548370740328],[24.508746937702337,60.295481325306476],[24.508782881289655,60.295479663880464],[24.508798840648222,60.29547923559254],[24.508855099074527,60.295477703660616],[24.50887493724753,60.29547743794834],[24.50891104023098,60.29547748628158],[24.50894726179601,60.29547835429842],[24.508983045054833,60.2954804627466],[24.508998011213432,60.295482144820234],[24.509018413815973,60.29548444987871],[24.509028628203698,60.295486024861624],[24.509036194454506,60.29548719983358],[24.509069494450657,60.29549411260097],[24.509101625733642,60.295502350917864],[24.509132785105468,60.295511469317034],[24.509162968152438,60.29552128805279],[24.509167608625045,60.29552285730544],[24.509283627867294,60.2955608041115],[24.509283698792917,60.29556082340795],[24.509294836163384,60.2955638260378],[24.509302674811035,60.29556594035301],[24.509335292186176,60.295573738568514],[24.509368592334983,60.295580651261766],[24.50940289614957,60.29558650478623],[24.509437582322615,60.295591377322175],[24.5094729400167,60.29559527429161],[24.50948578257658,60.29559632359821],[24.5095085361634,60.29559817859022],[24.50953595122303,60.29559966284514],[24.509544495221174,60.29560011950108],[24.50956763288366,60.29560073302313],[24.509587083726412,60.295600801301475],[24.509603874446835,60.29560086461338],[24.509636105282905,60.295599950807194],[24.509639914235937,60.29559984256367],[24.50967589205083,60.29559773237782],[24.5097113441384,60.2955944445119],[24.509746288567847,60.29558997930518],[24.50975383698637,60.29558877335946],[24.50975422197779,60.295588708712515],[24.509788254996025,60.29558313944188],[24.509822642632713,60.29557766664321],[24.509847039173568,60.29557481824729],[24.509857703622465,60.295573571903226],[24.509893809917806,60.29557191322652],[24.509910648628086,60.29557301046481],[24.509932169210984,60.29557442005781],[24.50996666549183,60.29557964822156],[24.510000135265948,60.295586474103054],[24.510066053153096,60.295601184667824],[24.510079737551433,60.295603776838746],[24.51011406882639,60.29560927136535],[24.51014925031695,60.29561334451366],[24.510150727513484,60.29561343508844],[24.510185207711327,60.2956155457312],[24.510208420484027,60.29561517240009],[24.510221214055782,60.29561496307235],[24.510256555656653,60.29561122383136],[24.51027990850361,60.29560663102155],[24.5103120784078,60.29559843055466],[24.51037485784719,60.29558065287278],[24.51039065920633,60.29557706833729],[24.510407731476906,60.29557319321178],[24.510442526787937,60.295568545364645],[24.510446867355355,60.295568348247976],[24.510450935465062,60.29556816399045],[24.510477717015,60.295568935488376],[24.5104869634855,60.29556919863791],[24.51052235983541,60.29557282655596],[24.510545351421168,60.29557583567704],[24.510592214033043,60.295581951239285],[24.510618060157178,60.29558431316372],[24.510619299676854,60.29558443521117],[24.510655278230647,60.295586358219644],[24.510691278298363,60.29558776059747],[24.510691086626206,60.295588376844],[24.510691231209062,60.29558837955385],[24.510699270547125,60.29558880871033],[24.51134359637859,60.293723732884786],[24.511323808806512,60.293721206133604],[24.511318412164822,60.29372053906815],[24.511318385223987,60.29372065534457],[24.511309785789198,60.29371950605363],[24.5111696464066,60.29370226432718],[24.5111693766938,60.293702241306505],[24.511162431340047,60.293701473346715],[24.511140709411944,60.29369939540981],[24.5110914819183,60.293694664012925],[24.511055698430717,60.29369210694654],[24.511048610535873,60.29369178546815],[24.51101957564064,60.29369044182903],[24.510983489973096,60.29368995419319],[24.51095098112126,60.29369050376501],[24.510914929139204,60.29369171456189],[24.510878870331204,60.293693015052774],[24.51084300656828,60.29369413054284],[24.510842825167796,60.29369413612616],[24.510806678769093,60.29369444680664],[24.510778109633215,60.29369364185142],[24.510670193489922,60.29368793606453],[24.510657469926162,60.293687473000084],[24.51063416993264,60.293686632028844],[24.510610464475587,60.29368660092251],[24.510598068910536,60.29368658417596],[24.510585219477893,60.29368706197873],[24.510567939343435,60.293688211316706],[24.51054938599206,60.293689444584835],[24.510513915577945,60.29369300179987],[24.51047883553021,60.293697374808815],[24.510443904470268,60.29370193026491],[24.510408810754466,60.2937064826629],[24.510373471232242,60.293710221958],[24.510344959195724,60.29371247226004],[24.510274136788833,60.29371636383221],[24.510201116072846,60.29372036686906],[24.51018583950705,60.293721347105595],[24.510175091490247,60.29372203494487],[24.510103925193906,60.29372806695917],[24.510033367720666,60.293736086649155],[24.510016893882007,60.29373829308127],[24.509913291917826,60.29375413735888],[24.50988595840186,60.29375873630267],[24.50985253722018,60.2937655657089],[24.509822523193343,60.29377542343953],[24.509814149134833,60.29377939868869],[24.509792326762796,60.29379362311623],[24.50978251674446,60.2938031499929],[24.509775892728825,60.29380957452836],[24.50976137630773,60.29382601105341],[24.50975881634513,60.29382897241807],[24.509747350220678,60.29384218727566],[24.50973558268626,60.293855082069534],[24.50973238265591,60.29385860635555],[24.5097162308831,60.293874652885236],[24.50971078166516,60.2938791950121],[24.50969783243245,60.29389001948054],[24.509692008478062,60.29389449169784],[24.509691950166264,60.29389454450352],[24.50965232381923,60.29392440716107],[24.509652246752687,60.29392446859823],[24.509641400614264,60.29393571877359],[24.509636685137018,60.293940607033754],[24.509633056305198,60.2939461983913],[24.50962533881933,60.29396366070905],[24.50961957068697,60.293981429074755],[24.5096160722111,60.29398982562805],[24.509612280767918,60.29399898025792],[24.509600476983234,60.294015916791665],[24.509592964269043,60.29402260313299],[24.509583237291874,60.294028421500556],[24.50956996494991,60.29403635629835],[24.509541542529853,60.29404741162791],[24.509539824967536,60.29404786451201],[24.509518847314315,60.2940533641048],[24.509484723761688,60.29405919210237],[24.509469140797478,60.294060391092465],[24.509449007743637,60.29406192696433],[24.50941295411061,60.2940612508605],[24.509378268874674,60.294056387297424],[24.509366212062844,60.29405310691294],[24.509354828333493,60.29405001881345],[24.50932690196909,60.294038625451485],[24.509313188315865,60.29403190936529],[24.50930118563614,60.29402601588453],[24.50928356111391,60.29401742083257],[24.509257396659116,60.29400594371653],[24.50925641603809,60.29400551209961],[24.50922392432725,60.29399798569541],[24.509210357749012,60.29399765939746],[24.5092070519463,60.293997579432684],[24.509198269202443,60.29399860049677],[24.50917182924218,60.2940016799316],[24.50910592928054,60.294014835036386],[24.50910484391487,60.2940150662092],[24.509074319255898,60.29401878766993],[24.509069770853216,60.29401934016844],[24.50903087597724,60.29401771235325],[24.508962510780588,60.2940095220284],[24.508960663026254,60.29400930770776],[24.508937106432867,60.294008506544166],[24.508924633049098,60.294008083940156],[24.50891420711145,60.29400905619855],[24.508881060969436,60.29401607018828],[24.50886088492191,60.294024351533764],[24.50885320739652,60.29402749537031],[24.508831702226132,60.29404182441166],[24.508828654535098,60.29404501017383],[24.508827730713623,60.294045972012256],[24.50882040874829,60.29405300325073],[24.508811134117728,60.29406191127962],[24.50879095015915,60.29407671425641],[24.50877830591441,60.29407948644666],[24.508766784547653,60.29408201020298],[24.508730775461284,60.29408241273142],[24.5086594365737,60.294076672778594],[24.50865155345464,60.29407633625577],[24.508636670695793,60.294075706731206],[24.50862074002261,60.294075767218715],[24.50860053752924,60.29407583740125],[24.508564834401874,60.29407840158786],[24.508552830280447,60.294080134732816],[24.508530157681722,60.294083410479104],[24.508523299350134,60.29408482692742],[24.508516238810962,60.29408628449796],[24.50849572201351,60.29409143324971],[24.508483913462477,60.29409440075338],[24.508453036108282,60.294103702996196],[24.50844968242889,60.29410472704599],[24.508448366531113,60.29410513355238],[24.50844414502533,60.29410638386743],[24.50841733333906,60.29411434303177],[24.50839907736098,60.29411832145301],[24.508384317901665,60.29412153901579],[24.508364760936526,60.294120974484116],[24.508348743354688,60.29412051228419],[24.50831892484011,60.294111867995035],[24.508294642522188,60.29410324671653],[24.50828955017956,60.294101435389614],[24.508255760107286,60.29409693867032],[24.508239075344157,60.294103812183685],[24.508220010738956,60.294114369066],[24.508214909291844,60.294117192888045],[24.50818100629063,60.29412392301059],[24.50814575834344,60.29412074638814],[24.50812473729571,60.29411683057334],[24.5081119422478,60.294114452507216],[24.508078985236914,60.294107096754374],[24.508072651340832,60.29410566636712],[24.50806295512143,60.29410347220388],[24.508046560837023,60.29409987675117],[24.508029828653473,60.29409620309084],[24.508029222403298,60.29409608391739],[24.507895272211982,60.294070052527616],[24.50788867849178,60.2940687070878],[24.5078885178935,60.29406867712471],[24.507854575398678,60.29406238080511],[24.507820404373547,60.29405670901127],[24.507785227280937,60.29405236580724],[24.507784691579314,60.29405250846887],[24.50775692613163,60.29405991959599],[24.50775777460787,60.29406398693446],[24.507759600356422,60.2940728067503],[24.507766976759,60.29408787522429],[24.507768167129022,60.29409030505548],[24.5077659885667,60.2941027508015],[24.507747889767018,60.294106327840296],[24.50773443970036,60.294108985995805],[24.507712576949316,60.29410661739428],[24.507699221569766,60.2941051809906],[24.507665430483243,60.294098797632124],[24.507665270568264,60.294098758698404],[24.50763212779783,60.2940917047755],[24.50746973542207,60.29405346105296],[24.507468810712357,60.294053246068366],[24.5074514310679,60.29404975781286],[24.507441199204738,60.29404770626486],[24.50742746722631,60.294045274615],[24.507407218249178,60.29404167860328],[24.507389022196964,60.29403892960475],[24.507372561361098,60.29403644673353],[24.507354600861202,60.29403416927684],[24.507337553833448,60.29403201676043],[24.50730216635327,60.29402829830167],[24.507263009592663,60.294025119944216],[24.507159514284407,60.294016727463394],[24.50712414050989,60.29401282955021],[24.507117233080805,60.294011801577916],[24.5071040981236,60.29400984822606],[24.507039137734576,60.2939999690921],[24.507000314615254,60.29399407501316],[24.506973479561864,60.29399117277649],[24.506965097381606,60.29399026084419],[24.50695830545296,60.29398985487158],[24.50692915939691,60.293988068076345],[24.50691987042927,60.293987893707104],[24.506883838500965,60.29398883429615],[24.506848225927488,60.29399210939347],[24.506815067470992,60.29399690379408],[24.5068135671194,60.293997118174865],[24.50681281523492,60.29399724779114],[24.506797496896535,60.29399996061194],[24.506771886942452,60.29400544468126],[24.506764343488413,60.29400706377435],[24.506732754561746,60.294015723440886],[24.506723618779226,60.294019001478276],[24.506703450557694,60.29402622263344],[24.506692317779333,60.29403267017697],[24.506680011905658,60.29403978740209],[24.5066683760775,60.2940566370157],[24.506668075331547,60.29406058397278],[24.506669968972663,60.294069458981056],[24.506671890556536,60.2940784423121],[24.506674462295567,60.29408601850499],[24.506677859467704,60.29409606260459],[24.506677565525376,60.29411393363211],[24.506673348379422,60.29411916352624],[24.506665293677717,60.29412915433137],[24.506656104400584,60.294137884155944],[24.50664853334412,60.29414509026818],[24.506643878847914,60.29415344708374],[24.506638991380896,60.29416224868484],[24.506641419826575,60.29417028033078],[24.506643502035885,60.29417715562831],[24.506648090638777,60.29419483984028],[24.50664630276173,60.29419740241686],[24.506641248486876,60.294204592895696],[24.50660044469636,60.29423419003017],[24.50659299345447,60.29425407366866],[24.506599720696308,60.294271717184515],[24.506611501358574,60.2942852694063],[24.5066139961738,60.29428815493136],[24.50661942055158,60.29429202072395],[24.50663670321306,60.29430438265758],[24.506660041543302,60.2943180260896],[24.506684481006687,60.294331232046545],[24.506707211075604,60.29434478320198],[24.506707661128797,60.29434505216336],[24.50670976643529,60.29434663679497],[24.506727553648865,60.294359978372256],[24.506732872328243,60.29436594424165],[24.506736255949196,60.29436975375172],[24.506741476785198,60.29437961648765],[24.506745450369575,60.294387084247205],[24.50674789218714,60.29440491679986],[24.506745408004143,60.29441352995824],[24.50674457141262,60.294416433789245],[24.506743043977956,60.2944193785503],[24.506735486306606,60.294433771469706],[24.506729913444985,60.29444254224091],[24.506724570815635,60.29445090410735],[24.506704943401928,60.29447833860893],[24.506700363537846,60.29448476544212],[24.506699966168366,60.294485467654134],[24.50669771734226,60.2944895666864],[24.506693214192477,60.294499974512],[24.506690136585036,60.29450711226934],[24.506690025034896,60.29450738865403],[24.50667815622221,60.29454154449974],[24.5066778334916,60.294542454726226],[24.506670553103493,60.294560095779026],[24.506660552383984,60.294577335417245],[24.506647400360098,60.29459199161789],[24.50664589631396,60.29459367917065],[24.506641576465547,60.29459693083481],[24.50663068833845,60.2946051526564],[24.506606517542714,60.294618344344194],[24.506578086107922,60.29462949770349],[24.50657456146366,60.2946306262958],[24.506547787993608,60.29463925954994],[24.506516754451102,60.294648459607934],[24.506485164837095,60.29465711921064],[24.506453558886005,60.29466551798685],[24.506453263577086,60.29466559329114],[24.506433362221482,60.29467096888397],[24.506401617433013,60.29467952673884],[24.506377595489752,60.29468530106713],[24.506369023018472,60.29468735896217],[24.506359473958252,60.2946894075038],[24.506335868819928,60.29469446201213],[24.506301073884796,60.294699108786276],[24.50626500697723,60.294700497720115],[24.506261142922032,60.294700380251314],[24.506256483685437,60.29470024785171],[24.50622089634385,60.29469724401518],[24.50620153469598,60.294693637534806],[24.506187098109912,60.2946909499827],[24.50616255358814,60.294684820716654],[24.506154792045614,60.29468288732218],[24.506123476052146,60.29467394492558],[24.50609736813039,60.294666007618844],[24.5060926453837,60.29466457145827],[24.506083888301987,60.29466192765999],[24.50605837776454,60.29465422614263],[24.50602608984103,60.29464616379057],[24.505990665231256,60.294643162947054],[24.505987178262465,60.29464332204698],[24.50598514391245,60.29464341859287],[24.505950348984232,60.2946480652752],[24.505916845210578,60.294655242505335],[24.505884058548705,60.29466227149659],[24.505876184906533,60.29466347111407],[24.505852740880115,60.29466569885762],[24.50584072731609,60.294666838693836],[24.505804638927493,60.294666610124615],[24.5057746147084,60.29466446522989],[24.505768872899818,60.29466405196979],[24.50573346441304,60.29466060220085],[24.505698108196025,60.29465670424446],[24.505687110580585,60.29465543768517],[24.50567213100898,60.29465370108018],[24.505494882936123,60.294635828307094],[24.505387381367107,60.294628688730434],[24.505370360824866,60.29462784800752],[24.50536370720895,60.29462752540148],[24.505360602884753,60.29462741319327],[24.505327538287542,60.294626217206144],[24.505291484146085,60.29462553998046],[24.50525535722083,60.294625580033276],[24.50521916258701,60.29462650814052],[24.50519897859762,60.29462775495576],[24.505183340710992,60.29462871885348],[24.50516982509005,60.29462985736327],[24.50515987967127,60.29463069462598],[24.505124524904385,60.294634611921325],[24.505089709350113,60.29463952748787],[24.50508463083514,60.294640384305254],[24.505055591263,60.29464526463512],[24.504954301685185,60.29466465199324],[24.50494795731255,60.29466597011726],[24.504947662684245,60.294666036447836],[24.50481564752181,60.294694611211355],[24.504815464062812,60.29469464369744],[24.504783162811112,60.294702660708055],[24.504777043390362,60.294704351361375],[24.504751566539436,60.29471140062842],[24.504720825297145,60.29472079441256],[24.504699709318192,60.29472785373626],[24.50467671661023,60.29473602764515],[24.504670428942816,60.294738263107526],[24.50464170388987,60.29474922189799],[24.504547164442776,60.29478806761424],[24.504530311116532,60.29479500039049],[24.504521518557233,60.294798518293604],[24.504464507037277,60.294820614728245],[24.50446433959719,60.29482067446442],[24.504435650947617,60.29483139134972],[24.50431715387885,60.294872544581615],[24.504251580524045,60.29489323137838],[24.504220258718163,60.294902164980954],[24.50418767109819,60.29490989799051],[24.504177238345413,60.2949119028218],[24.504153949647435,60.29491636102077],[24.50411866815824,60.29492144724621],[24.504085684788873,60.29492440271656],[24.504083060467508,60.294924640860806],[24.504079868093033,60.29492473358175],[24.504047020602208,60.29492567037679],[24.504011020907377,60.29492427517469],[24.50399635839862,60.29492265213813],[24.503975716627732,60.29491969501383],[24.50396169869254,60.294917688826494],[24.50396064405403,60.29491751629168],[24.50389362804476,60.29490633935035],[24.50389307395944,60.29490624808805],[24.5038863744209,60.29490534063758],[24.50385837568541,60.29490155352011],[24.503828451579828,60.2948983320843],[24.503823012601373,60.29489774476789],[24.503822958384234,60.2948977437489],[24.503680623431915,60.29488719925124],[24.503679957491517,60.2948871508016],[24.50365043760041,60.29488479930983],[24.503579117773263,60.29487879648426],[24.5035431343003,60.294876952299376],[24.503506987259488,60.294877252014686],[24.50347142501018,60.29488008699162],[24.503455520145014,60.29488288722531],[24.503437285865218,60.29488609282975],[24.50340851355228,60.294894580091906],[24.50340407009586,60.294895888960525],[24.50337681903878,60.294907683680115],[24.503326458341043,60.29493321047761],[24.503326251331256,60.29493331438455],[24.50327428937552,60.294959664466084],[24.503222723969007,60.294985797403044],[24.503149464254424,60.295025374570606],[24.50313243706402,60.295035528874756],[24.503078741637452,60.29506751469391],[24.503053823042233,60.29508052101707],[24.503026847174155,60.29509250050578],[24.5029973964489,60.29510299614784],[24.502994846313264,60.29510368482561],[24.502964725514833,60.29511181426415],[24.50293114204005,60.29511836043231],[24.502897877287804,60.29512286441478],[24.502896194765782,60.29512309329355],[24.50286061166236,60.295126197214785],[24.502824778553073,60.295128308273824],[24.502788724740103,60.29512951685334],[24.50275258796018,60.295129915375014],[24.5027439959946,60.295129852638176],[24.50272348193231,60.295129727429256],[24.50261510310661,60.29512813871152],[24.50257883106139,60.295128175314325],[24.50256204184608,60.29512856928239],[24.502542805312746,60.295129016043624],[24.502509123907146,60.29513091594924],[24.502506833764215,60.2951310435651],[24.502505210934114,60.2951312016958],[24.50247139341413,60.29513441057988],[24.5024644631453,60.295135340275436],[24.502456142249123,60.29513646840013],[24.502428753716007,60.29514104683482],[24.50242186122913,60.29514219283554],[24.502413869183776,60.295143991898705],[24.50238899174146,60.29514957874956],[24.502357401257363,60.295158228390086],[24.502338475936142,60.29516455598914],[24.50232738810528,60.29516826414999],[24.502299100017375,60.295179410329325],[24.502292011558527,60.295182412161004],[24.502275200109175,60.29519068394409],[24.50226636090973,60.29519504524607],[24.502243505979905,60.295208988552474],[24.502224964863107,60.295224270631806],[24.50221284958069,60.29524120070203],[24.50220809015269,60.29526158391291],[24.502208086165012,60.295262347410166],[24.50220732714807,60.29529742152693],[24.50220733974249,60.295297493629434],[24.502203837636092,60.295315394172505],[24.502203472196495,60.29531615087205],[24.50220093219141,60.295321448108716],[24.502188817544162,60.29533836920593],[24.502188757848142,60.29533843994886],[24.50217281715276,60.29535450755019],[24.502156198584245,60.29537044561935],[24.502143090792373,60.29538449137606],[24.502139866363766,60.29538879657048],[24.50213053112326,60.29540131426686],[24.50212744984333,60.295408011685296],[24.502122483974947,60.29541877000038],[24.5021221813523,60.29543672173217],[24.50212984034823,60.295452325869626],[24.50214227324675,60.29546916963997],[24.502153922184643,60.29548608849703],[24.5021608783975,60.29550283824819],[24.502162269047364,60.29550809262625],[24.50216559494341,60.29552071369401],[24.50216827894996,60.29553486780057],[24.50216897411357,60.295538563987655],[24.50217231782652,60.295556404631135],[24.502172637628988,60.295557668294],[24.502176752069836,60.295574184935],[24.502185171639525,60.295591680861605],[24.502199633707292,60.295608023795154],[24.502207552082435,60.29561217023815],[24.502224399396106,60.29562097620392],[24.50224821097234,60.29562627494229],[24.502254468109317,60.29562681482603],[24.50228379208335,60.29562936954998],[24.502305775827338,60.29562945059583],[24.50231990640534,60.295629509718665],[24.502355864818096,60.29562766165789],[24.502369913684767,60.29562618311122],[24.50238335998649,60.29562477408052],[24.502400514916797,60.29562243765428],[24.502418163287047,60.29562003863936],[24.502490221354105,60.29560808954887],[24.502520973045264,60.29560284669917],[24.502555148421624,60.29559732685971],[24.50255536803335,60.29559729505647],[24.502578926452667,60.29559405493335],[24.502614289393453,60.295590048621015],[24.50264985248434,60.29558721387899],[24.502685959111254,60.29558555716378],[24.502715703295124,60.295585451682875],[24.502722075855697,60.295585427773204],[24.502752885227437,60.295586779624514],[24.502758080593704,60.29558700307498],[24.502793464828102,60.29559054300429],[24.502798066393847,60.295591195465235],[24.502801449966594,60.29559168129402],[24.502824085251206,60.29559555643219],[24.5028356079938,60.29559753378885],[24.502868400851025,60.29560514826426],[24.502899395891973,60.295614265057225],[24.502913922280964,60.29561933520123],[24.50292908354882,60.29562462389365],[24.502957186023103,60.29563583327396],[24.50297277954725,60.29564280994642],[24.502983997271865,60.2956478358433],[24.502995315770104,60.295653438558595],[24.502996742973533,60.29565418404689],[24.503020226393808,60.29566639353928],[24.503037557132988,60.29567645715203],[24.50304372749755,60.29568003168847],[24.503046991286922,60.29568208731884],[24.503066109340402,60.29569410693428],[24.50306629924222,60.29569422728602],[24.503087867417836,60.29570852977726],[24.50310867409031,60.29572308744466],[24.503108708182364,60.295723115035166],[24.503112037016475,60.29572550426501],[24.503112173384682,60.29572561462708],[24.503132217872047,60.29574043644079]],[[24.58804550910473,60.30005771506006],[24.592383699997058,60.30139405652031],[24.596363075852327,60.29970457961062],[24.596958512453252,60.30004231151493],[24.600191860356258,60.298609331559604],[24.599585368188123,60.2982761483624],[24.599584956046556,60.29827633853744],[24.599092256955355,60.29849627238325],[24.596308791742228,60.29800888762933],[24.596260487042503,60.29800047684831],[24.596257627941476,60.297999975964125],[24.596257676292684,60.298146640298555],[24.596260408681452,60.29829002953722],[24.59624668007743,60.298441663602844],[24.59628766959228,60.29859301230126],[24.596352833865133,60.29879717759986],[24.596407614437968,60.29881280198767],[24.596357394723412,60.298809746331344],[24.594315386551195,60.29868277962659],[24.594015757604502,60.29866414784098],[24.592806130109203,60.298067865935224],[24.590429801553718,60.29849153952604],[24.588548693478003,60.29870258142278],[24.588434036556144,60.29901117356467],[24.588158657603522,60.29975323693436],[24.58804550910473,60.30005771506006]],[[24.460477239368863,60.33108898792957],[24.46042235370526,60.33108391468906],[24.460263811762623,60.33106927881324],[24.460255816010886,60.33106841634282],[24.46025459344077,60.3310682941646],[24.460229165197777,60.33106513123247],[24.460219528016115,60.331063940944524],[24.46021356203081,60.3310630723419],[24.460184844036117,60.33105887633932],[24.46017595702556,60.331057359017585],[24.46015051229235,60.33105300995796],[24.460129720595045,60.331048938461294],[24.460116996199577,60.33104644048956],[24.46010437206567,60.33104358510015],[24.460084020237893,60.331038983003346],[24.460072788476932,60.33103616320252],[24.460069114612523,60.331035176696446],[24.460040969904405,60.331027568975955],[24.460025943342753,60.3310229877881],[24.46001012009075,60.33101816679044],[24.459989314996708,60.331011238321956],[24.45998007756722,60.33100816916031],[24.45992210191351,60.33098667804584],[24.45990861678946,60.33098138068824],[24.459853209138775,60.330958321624315],[24.459800193399484,60.33093386193771],[24.459775103786424,60.33092098544394],[24.459759527625195,60.33091228834648],[24.459751123446143,60.330907591147536],[24.45973975330241,60.330900726181724],[24.45971932933552,60.330887732233705],[24.459717517585723,60.33088656570846],[24.45969652889987,60.33087197990013],[24.459657216800007,60.33084185308394],[24.459604078656245,60.33079566932201],[24.459549328672555,60.33074808028047],[24.459451938605188,60.330672393830376],[24.459431417109517,60.33065762825722],[24.45941176250037,60.33064359791657],[24.459389375566086,60.33062859006171],[24.45934723653322,60.330600340519936],[24.45933414248411,60.3305925801646],[24.459324062436817,60.330586602220016],[24.45929928366614,60.3305734620726],[24.459290109290865,60.33056911843502],[24.459276932871045,60.33056288366262],[24.459254490016004,60.33055348928645],[24.45924929676973,60.33055130588035],[24.45922023407432,60.33054059915172],[24.459201491743997,60.33053441068541],[24.459159981307742,60.330520681152],[24.45915219825101,60.33051825059894],[24.459144644803757,60.3305158963014],[24.459026034765458,60.330480579116085],[24.45892382253524,60.33045014784124],[24.45874564328993,60.33040174366561],[24.458701515162332,60.33038976059622],[24.458671148187225,60.33038208313223],[24.45856401077883,60.33035534835776],[24.45844352628531,60.330325276984325],[24.458411861244496,60.33031658647188],[24.458381011179608,60.3303072018544],[24.4583512809039,60.33029693132856],[24.45834127941716,60.33029250892222],[24.45832430716267,60.33028499769689],[24.45831578777454,60.33028062159829],[24.458298691107537,60.330269352962944],[24.458294038123313,60.33026628151798],[24.458276174239103,60.33025066824751],[24.45826840800101,60.330241967605744],[24.45826159272313,60.330234318231476],[24.458249315195847,60.33021746429316],[24.458241884460424,60.330205149788156],[24.458238917879456,60.330200197145324],[24.458221058323655,60.33016845889092],[24.45820004798706,60.33013110868456],[24.45818876115096,60.33011526185131],[24.458173872885077,60.330098896974185],[24.45817016148088,60.33009536741601],[24.458157259586034,60.33008304708647],[24.458084751976926,60.330020852266614],[24.458069398595956,60.33000627514482],[24.45805479919883,60.32998992476087],[24.458028625305342,60.32995350884719],[24.458018324929917,60.32993919006212],[24.45799186535673,60.32989876211505],[24.45797359687259,60.32987088781089],[24.457968815992455,60.329864570928336],[24.457960878462128,60.32985411524218],[24.457946908936773,60.32983758824204],[24.457931398143554,60.329821310243645],[24.457919323424584,60.32981046999054],[24.45791698667577,60.329808368115316],[24.45791599322602,60.32980763044802],[24.457896950736778,60.329793431908406],[24.45781003221069,60.329736000925436],[24.457789682536546,60.32972113954984],[24.45778147913754,60.32971433497795],[24.457771200548745,60.32970579286343],[24.45776834766328,60.32970310618009],[24.457768077051433,60.329702858454105],[24.457767361952026,60.3297020362767],[24.457725402200364,60.32965335255618],[24.45771752479984,60.32964515281752],[24.457709866533023,60.329637163886424],[24.457693431164554,60.32962112868766],[24.457675100984442,60.329605695057],[24.45765080978246,60.32959049774496],[24.457647148773013,60.329589116148455],[24.457622051879678,60.3295796168116],[24.45760289833315,60.32957406704099],[24.457590867970772,60.32957057596132],[24.457558874705732,60.32956215743664],[24.457543790594347,60.32955809588586],[24.457523769522382,60.32955205339178],[24.4575129352125,60.32954879180168],[24.457336914560077,60.32948577513477],[24.457317746691086,60.32947947943179],[24.45730670446856,60.32947586349698],[24.45729674961852,60.32947294211374],[24.45727494469075,60.32946654205296],[24.457242472115208,60.32945846462915],[24.45720914201221,60.32945162845594],[24.457174805522534,60.329445851018264],[24.45716031239332,60.32944397469403],[24.457139918345057,60.32944132968397],[24.45712269338707,60.32943986822061],[24.45710415408361,60.32943830075749],[24.45707253150971,60.329436995014305],[24.457068106938138,60.32943681154052],[24.45706424870699,60.32943680060248],[24.4570522572266,60.329436768796405],[24.457016167018896,60.32943769525566],[24.457007296053902,60.32943830706903],[24.4569802830646,60.32944016180012],[24.45694489975947,60.32944387761338],[24.456917013726756,60.32944763805811],[24.45690990931376,60.329448598083594],[24.456807106618438,60.32946585526816],[24.456780527793377,60.32947027851468],[24.456607736912716,60.329497066087306],[24.456592504995015,60.32949979299245],[24.456573708987555,60.32950315238887],[24.456540236153092,60.32950978830443],[24.456512371597974,60.32951606440788],[24.45650715343164,60.32951723119361],[24.45650576729062,60.32951758196583],[24.456502182252592,60.32951848355582],[24.456470258468972,60.329526864914676],[24.456378037511243,60.32955527496035],[24.456368650232566,60.329558329298294],[24.456244720729313,60.32959817004923],[24.45615480896172,60.32962833097393],[24.456126043942227,60.32963918922706],[24.456098891522153,60.32965097667319],[24.45607466033247,60.32966433821124],[24.45605315536174,60.329679916909605],[24.456036658702097,60.32969586096931],[24.45602436235076,60.32971277477557],[24.456016137017507,60.32973022465501],[24.45601062944466,60.32974790622202],[24.45600680914864,60.329765790768754],[24.456004200246536,60.32978370748642],[24.45600249370559,60.32979957531105],[24.456000261680373,60.32987129140869],[24.45600417260696,60.32992507758467],[24.45600674472264,60.32994300364003],[24.456009288655117,60.3299573358248],[24.456017801405174,60.3299929739291],[24.456029996517575,60.330028323183626],[24.456037777640752,60.33004589977711],[24.456047117471947,60.33006323670527],[24.456058143349942,60.330080327421754],[24.456071023684864,60.33009710328298],[24.45608591089094,60.33011346838906],[24.456090878341158,60.330118315648825],[24.456108112034926,60.330134096832246],[24.45612720375183,60.330149284743335],[24.456190155294774,60.33019315145482],[24.456200888390082,60.33020027404471],[24.456396791420875,60.330329322848364],[24.456402185214372,60.33033265108939],[24.456538451118025,60.330416459166756],[24.45655556108608,60.330428015756226],[24.456694916465345,60.330532894780745],[24.45671357994181,60.33054590942439],[24.45682477328568,60.33061666074884],[24.45684592264227,60.33063125908765],[24.456857898319114,60.33064011222821],[24.45687620290676,60.33065564429399],[24.456959715195637,60.330735199505526],[24.456970339174596,60.33074582343656],[24.45707997287156,60.33083872451191],[24.45708969992328,60.33084690577449],[24.45712479882495,60.330878291287156],[24.45714124151053,60.330894236856],[24.45715675170548,60.33091052391488],[24.457170577239033,60.330927039257],[24.45718406473524,60.330945802944065],[24.45722384426536,60.33101482826337],[24.457247148366868,60.33104877291461],[24.45726288247428,60.33106614224158],[24.457281987074605,60.331081411067395],[24.457303585096284,60.33109583824305],[24.45732677678183,60.331109577237335],[24.457374881196916,60.33113636048824],[24.457393280769335,60.33114695346545],[24.457416006273164,60.331160863191336],[24.457437774212753,60.331175203760964],[24.457458592266146,60.331189876505114],[24.45755271754801,60.331266499147596],[24.45756516916562,60.33127715798665],[24.45763579125414,60.33133985598948],[24.457651938665048,60.33135587668975],[24.457668553939904,60.33137380181774],[24.457695254615825,60.3314071825173],[24.457755016805677,60.331491861520874],[24.457760958863556,60.33149979066522],[24.457878136236488,60.33163109525811],[24.457883171444266,60.3316369408879],[24.457987631778774,60.33177078696661],[24.458000905069124,60.33178649213314],[24.458031015574317,60.33181913845404],[24.458064077415766,60.331851113562685],[24.45811858651077,60.33189760264222],[24.4581271996589,60.331904504852915],[24.458167293097528,60.33193436857919],[24.4582100428866,60.33196339374351],[24.45825515681445,60.33199137712217],[24.458273706023153,60.33200215249438],[24.45832259960934,60.33202860011448],[24.45837386431675,60.33205391624292],[24.458454688360078,60.33208985890025],[24.458511067762924,60.33211231726469],[24.45851565728014,60.3321141118532],[24.458602539166485,60.33214648709153],[24.458622838593023,60.3321543313835],[24.45870555542609,60.33218924105784],[24.45881238481284,60.33223771834972],[24.458823750018606,60.33224278663287],[24.458931854739024,60.33229047970873],[24.45895789567425,60.33230301520515],[24.458982809921334,60.33231605917185],[24.45900647641414,60.332329537428464],[24.459020007940453,60.33233797093525],[24.459041473929506,60.33235248511455],[24.459061360219458,60.33236750808945],[24.459098465447045,60.33239830255281],[24.459109495892726,60.33240767640115],[24.459236352546156,60.332516445907224],[24.45924035730352,60.33251993612068],[24.459310374945165,60.33258279227616],[24.459323086375107,60.332594084733174],[24.459359580397958,60.33262505608253],[24.45937946769566,60.332640070041236],[24.459401703740934,60.33265423954412],[24.459414729126994,60.33266149550204],[24.459440589615518,60.33267402744793],[24.45946855606307,60.33268534197825],[24.459497949929563,60.332695776471375],[24.459528137885183,60.33270578595334],[24.459546894766387,60.332711803950275],[24.45973315169317,60.33276718855753],[24.45973821461106,60.332768722649924],[24.459831427877237,60.332796376044584],[24.45986129520161,60.33280655000344],[24.459889420599623,60.332817687813176],[24.459902401886218,60.33282341571533],[24.459927637733806,60.33283629495717],[24.459950831751033,60.33285003350486],[24.459972602617537,60.33286436469996],[24.460013012766098,60.33289415303139],[24.46009099604377,60.33295456478855],[24.46011197924787,60.332969240239684],[24.460124478714814,60.332977204739],[24.46014813918206,60.33299077249686],[24.46017354506431,60.33300356510489],[24.460200218974464,60.33301566327307],[24.460228331418623,60.33302697144228],[24.46026144510606,60.33303874348458],[24.46029196908559,60.33304839987387],[24.460323453511563,60.3330573559429],[24.460420786229168,60.33308121581242],[24.460753648569142,60.333217096630335],[24.461019532074445,60.333239333963405],[24.461114044359928,60.3332659242594],[24.461122590877466,60.33326856690232],[24.461144727492734,60.333275403820494],[24.46115703159517,60.333279591497565],[24.461174613063488,60.333285586804465],[24.46120303578336,60.333296640170474],[24.461217796091198,60.33330303075034],[24.461243693967685,60.33331556304299],[24.46125126605925,60.33331978609365],[24.46126765927293,60.33332894776488],[24.461290211158456,60.3333430331335],[24.461355122520708,60.33338936013679],[24.4614187233527,60.33343296708449],[24.461440953851675,60.33344722595348],[24.461448954569708,60.33345222974254],[24.461492046572502,60.333477145964835],[24.461519617889017,60.3334930968661],[24.461549741147074,60.33350838681745],[24.46162074349641,60.3335444273412],[24.461629584998498,60.33354863867824],[24.461660260994893,60.333563112695046],[24.4617343743556,60.33359806270348],[24.461749049180487,60.333605556534884],[24.46175961152463,60.33361094160437],[24.46178477274862,60.33362479822997],[24.46179964437095,60.33363372415868],[24.461807816391346,60.33363862339632],[24.461893020066768,60.33369665658073],[24.461897861025207,60.33370011775913],[24.461903851511654,60.33370440938516],[24.461953961983323,60.33373858650287],[24.461989048559076,60.33376253220958],[24.462011608021893,60.33377652775881],[24.462013307993203,60.33377750346557],[24.462035269851672,60.33379009518774],[24.462047101520845,60.33379640279995],[24.462061785515505,60.3338042471184],[24.46208736258898,60.33381695277713],[24.462102264517764,60.333823858005374],[24.46211386109713,60.333829226859145],[24.462169116500945,60.333852461648036],[24.462194704370113,60.33386246351743],[24.46219741339751,60.33386351238748],[24.462212374647898,60.33386918802314],[24.462358552849302,60.333922105729904],[24.462370779381136,60.333926597240364],[24.462378864758637,60.33392958134346],[24.462436543798702,60.33395124529334],[24.462466419266306,60.33396133794689],[24.462485134325604,60.33396674384899],[24.462497753460035,60.33397038044562],[24.462499849464287,60.333970923524674],[24.462504184826773,60.33397203038601],[24.462537196327176,60.33397930823606],[24.46257153854364,60.3339850843204],[24.462586788376985,60.33398681276946],[24.462606780038133,60.33398908090285],[24.46264258118971,60.333991471165604],[24.462642943058054,60.33399147807356],[24.462656451874224,60.333991825784224],[24.46269261791286,60.3339916178421],[24.46272875483222,60.333990151672396],[24.46277427962462,60.33398679853625],[24.462871927066647,60.33397959830938],[24.46288770461936,60.333978731640144],[24.462905665185787,60.33397822105317],[24.462923789289064,60.333977704602006],[24.462939877836046,60.333977733209316],[24.4629599518106,60.333977775002474],[24.462995992445187,60.333979181578115],[24.463031797778573,60.33398175148155],[24.463067032363004,60.33398583764237],[24.463101389311497,60.33399142522038],[24.463107848576517,60.33399271633164],[24.463118356520344,60.3339950728787],[24.463140835176855,60.334000083387465],[24.463172353335718,60.33400885973638],[24.463186639862194,60.33401365998508],[24.463202391927958,60.334018955334095],[24.463230985782854,60.33402992168144],[24.463258297742275,60.334041761887164],[24.463284338271098,60.334054107836565],[24.463294738869834,60.33405948070844],[24.463304006580945,60.3340642749943],[24.463327827836643,60.33407766555964],[24.463354083850028,60.33409447132227],[24.463416487134527,60.33413441616847],[24.4634461480761,60.33415474545953],[24.463458930599966,60.33416351454281],[24.463475571734218,60.334175330730886],[24.46350976701495,60.33419980698657],[24.463578623272955,60.33424906480479],[24.46358357441795,60.3342529771856],[24.46359472511229,60.33426176003194],[24.463631539592054,60.3342926464075],[24.463658850376138,60.33431897655919],[24.463664616355366,60.33432453046172],[24.463666305221157,60.334326350364144],[24.463679816850473,60.334340900612695],[24.46368905512633,60.33435167718288],[24.46370225627875,60.33436835952876],[24.46370765957196,60.33437625114868],[24.463713909024694,60.33438538064242],[24.46371790314718,60.33439251772598],[24.46372355058746,60.334402632877726],[24.46373040779804,60.33442027216468],[24.463733063917807,60.334435774114546],[24.463733461151406,60.334438126334305],[24.46373350447565,60.33444737097173],[24.463731569267416,60.33445759296866],[24.46373012899977,60.33446517433756],[24.46371995589487,60.33449444542981],[24.46371167387726,60.3345182638126],[24.46371056781869,60.334522707405185],[24.463709671973422,60.334526310579186],[24.463707663938788,60.33454423885346],[24.463707957795112,60.33455329063887],[24.46370826836572,60.33456212714413],[24.46371053811529,60.33458003822807],[24.46371500526533,60.33460325545216],[24.46372087010795,60.33463367699843],[24.463722578528373,60.3346469150409],[24.463723327714426,60.334664806093336],[24.463722387908387,60.33468274576734],[24.463721021289683,60.334692179100166],[24.463719782772714,60.33470066264805],[24.46371107691115,60.334736241059794],[24.46370590257035,60.33475177325983],[24.463689315276202,60.33478943812247],[24.463659573308025,60.33485696397608],[24.46365816319768,60.334859955456],[24.46365539170012,60.33486577764618],[24.463631219279282,60.33491781477041],[24.463606652138026,60.334970733705056],[24.463598011921764,60.334987726925924],[24.46349010990496,60.33515892870867],[24.463488229334384,60.33516167764366],[24.46354781213645,60.335134121992624],[24.46356766121763,60.33512493354932],[24.463570566800357,60.3351234528508],[24.46359291994058,60.33511212026285],[24.463616413827072,60.33509846479891],[24.463635712607577,60.33508562761078],[24.463652107246517,60.33507331891851],[24.46365564827006,60.335070655565254],[24.4636647778768,60.33506276277355],[24.46367365414919,60.33505509871294],[24.463705087362772,60.33502414018636],[24.463723040422643,60.33500646226251],[24.463757523106025,60.334974969014354],[24.463776720286543,60.33495970437905],[24.463793696562632,60.334948071532466],[24.46379928572418,60.33494423451059],[24.463819515426586,60.33493247508881],[24.463822760612494,60.33493058763336],[24.463897078752915,60.33489131130815],[24.46392310766222,60.33487627581734],[24.46392682540308,60.334873669728836],[24.463944090410365,60.33486158422505],[24.46401948031398,60.3348003281972],[24.464035335384022,60.334786796421874],[24.46405956534465,60.33476855548153],[24.464114896908306,60.33472688657783],[24.464133955986902,60.334711529426826],[24.46414137266773,60.33470492446953],[24.464149841613544,60.33469736939127],[24.464151747813588,60.33469545638309],[24.46416574609681,60.33468133220542],[24.464172503091188,60.33467342106686],[24.46417984050668,60.334664802337656],[24.464203912949866,60.334631547284715],[24.46421676307333,60.33461377194757],[24.46425379545919,60.33456319280809],[24.464268189707024,60.33454676746829],[24.46428017031705,60.33453529079291],[24.464284847728027,60.33453082549457],[24.464299353817193,60.33451879511562],[24.46430412164666,60.334515499369694],[24.464320322238923,60.33450428286101],[24.464387978334813,60.33446210335116],[24.464391499728393,60.334459924703104],[24.46441322104399,60.33444551663005],[24.464453511868133,60.33441575100472],[24.46447270142877,60.334400575963826],[24.464479065009225,60.33439539721072],[24.464529727926887,60.334353863672156],[24.464535263336668,60.33434931591604],[24.464542742444326,60.33434400572307],[24.464555937179654,60.33433462732496],[24.464578252636656,60.33432050005879],[24.46460248458503,60.3343071280091],[24.46460780349493,60.33430443566194],[24.464609312943544,60.33430366494123],[24.46463617884306,60.33429160977169],[24.464656843366456,60.33428381117312],[24.464664945215468,60.33428074969179],[24.464695448523553,60.3342710905643],[24.46469555986974,60.33427105675494],[24.46470869801626,60.33426730978719],[24.464732531623486,60.334261404215766],[24.464741066986623,60.33425929424434],[24.464774550058507,60.33425256658771],[24.46480914097015,60.33424720754664],[24.464843419365984,60.33424377394378],[24.46484895323481,60.334243214727344],[24.46487282149638,60.33424199907033],[24.464884955352094,60.334241386066225],[24.464957286621868,60.33423935194454],[24.464993295690206,60.334237433553845],[24.465028807901668,60.33423397851821],[24.46503458046645,60.334233145364394],[24.465039289682057,60.33423247159651],[24.46507205170422,60.334225927746935],[24.465072917415434,60.33422574662472],[24.46507363628989,60.33422558965203],[24.465105702403065,60.33421820605977],[24.465122689541595,60.33421459533902],[24.46513905105458,60.33421110743433],[24.46514786751798,60.334209577728664],[24.465183145867417,60.33420539952923],[24.465219127046566,60.33420383987775],[24.46525520284243,60.3342047973421],[24.465285794884267,60.33420706958338],[24.465291001655793,60.33420745633981],[24.46529639075328,60.334208062171854],[24.46532624374021,60.33421145220481],[24.465361218597035,60.33421679045798],[24.46549554878233,60.334243597838785],[24.465509631861078,60.33424588761488],[24.465529905735913,60.33424919376324],[24.465552183829544,60.33425189132735],[24.46556512701883,60.33425345866592],[24.465577400745648,60.33425431254179],[24.465595478345175,60.334255564545956],[24.465608792454784,60.3342556207769],[24.465631616841662,60.33425571460679],[24.46566772888921,60.33425433699449],[24.46570725296764,60.33425242254738],[24.465739718451026,60.33425086758904],[24.465746459708473,60.33425062780424],[24.4657496581,60.334250509119464],[24.465785834865777,60.33425039935268],[24.465799237356286,60.334250717764974],[24.46582191838769,60.334251257993465],[24.465931210773544,60.334256755320766],[24.465954960033553,60.33425754047415],[24.466003489893275,60.334259130429835],[24.466051941796415,60.334259389355104],[24.466075778735732,60.33425951139511],[24.466096787497737,60.33425918425123],[24.466111990300465,60.33425895303849],[24.46613078676661,60.33425841303291],[24.46614265894814,60.33425790272527],[24.466166931503672,60.33425684725928],[24.466202791600644,60.33425474603598],[24.466215191268212,60.33425374271314],[24.466238568863567,60.334251843711506],[24.466266860240502,60.33424896936242],[24.46627831902604,60.334247480967534],[24.466301858733793,60.334244426201145],[24.46632186461819,60.334241375935875],[24.466336442439335,60.33423915646132],[24.466370324634287,60.334232885179325],[24.46640368347528,60.33422588525025],[24.46643631923514,60.33421816185078],[24.466454537954622,60.334213388643036],[24.466486045593637,60.33420455675113],[24.46648869975948,60.33420374494569],[24.46651683502379,60.33419517216552],[24.466531851147895,60.33419010433934],[24.466576679586993,60.33417493259227],[24.466632679885866,60.33415449395725],[24.466664623657845,60.33414284060198],[24.466781417996984,60.33410042862436],[24.466820328214425,60.33408492840711],[24.466837791662687,60.334077975782776],[24.466845696307843,60.334074649898135],[24.46685639148041,60.33407015546785],[24.466882974522804,60.334057995650056],[24.466908531760414,60.334045277280886],[24.46693246122907,60.3340318182067],[24.466954018303824,60.33401740660565],[24.466962129480827,60.33401118304952],[24.46697967668009,60.33399543736821],[24.46699407000321,60.33397900275197],[24.467003026366097,60.33396561765606],[24.46700546464464,60.333961980975324],[24.467006539715936,60.33395980055813],[24.46701413758463,60.33394453901652],[24.467018378537176,60.33393190848809],[24.46702007352623,60.333926874216736],[24.467020732425173,60.33392421873779],[24.46702211353397,60.333918558638295],[24.46702345876159,60.33390424695239],[24.467023794022424,60.33390062409455],[24.467021733011176,60.33382881736123],[24.467021433580104,60.33382449967862],[24.467020548554274,60.3338125440282],[24.467021231172623,60.33378036992918],[24.46702167418109,60.333758764589504],[24.46701985568976,60.33374085319919],[24.46701899539754,60.33373722552451],[24.467015605043503,60.33372299427584],[24.467010140230123,60.333708876210274],[24.46699448130908,60.333680639784994],[24.466981350801788,60.333656952167225],[24.466980500938092,60.33365295637623],[24.466977546258946,60.33363918259306],[24.466980885424384,60.33362930173188],[24.466983482856147,60.33362150882393],[24.466988653817463,60.33361628027952],[24.466990620326953,60.33361428753306],[24.466999130204808,60.333609463982874],[24.467014387298185,60.33360081636789],[24.467040820966687,60.33358847401122],[24.467064868273063,60.33357349000468],[24.467068858870768,60.33356595720957],[24.46707399758785,60.333556236405464],[24.46707217838085,60.33353833398531],[24.46707100215705,60.33353480808974],[24.467068836238944,60.3335283886831],[24.4670609413131,60.333512894783624],[24.46705996767006,60.33351096278977],[24.467055775359384,60.33350543902834],[24.467047231369996,60.3334941099862],[24.467035445248055,60.33348323120618],[24.467030152769453,60.333478342257976],[24.467028038594407,60.33347709820845],[24.467006948350434,60.33346469462581],[24.466995278036794,60.333459800916465],[24.466963766309245,60.33345093576986],[24.466938242198346,60.333445706172355],[24.466930430059907,60.333444102000215],[24.46689642997062,60.333437884400595],[24.466863273270732,60.333430604871275],[24.46684934486066,60.33342655745892],[24.46684507413181,60.33342531722279],[24.466817583919074,60.33341366301529],[24.466772917365958,60.333391242865446],[24.466766777416307,60.33338817034451],[24.46676600496688,60.333387850190825],[24.466753766865466,60.333382801905465],[24.466722424376922,60.3333738590757],[24.466689109125,60.333366756145374],[24.466655268515513,60.33336035287298],[24.46664300268937,60.33335776546901],[24.466622091081373,60.333353342385095],[24.466598924742268,60.3333471515315],[24.46657049942899,60.33333610827774],[24.466563963532604,60.333332534119435],[24.46654619998602,60.33332279902106],[24.466533298630814,60.33331345304499],[24.466525836460523,60.333308037622174],[24.46650813608717,60.333292347803464],[24.4664982402653,60.333282097899826],[24.466484264977474,60.33326557176893],[24.46644885474047,60.33321468921979],[24.46644268615794,60.33320567818455],[24.466417450351763,60.333172201540975],[24.466404635873214,60.333155194463075],[24.466402969173604,60.33315308755373],[24.466396447823083,60.33314488727074],[24.466371592056504,60.333111184295724],[24.466361472080816,60.33309401297635],[24.466355380567805,60.33307629859994],[24.466355254595033,60.33307558651892],[24.466354740269157,60.33307287274533],[24.466354502802858,60.333066121769875],[24.466354134400095,60.33305498445427],[24.46635768785061,60.33303837022549],[24.466357968258645,60.33303709096055],[24.466365127739895,60.333019539341635],[24.466374698447467,60.33300220436748],[24.466420820958174,60.33293294203565],[24.466448507849716,60.33288083670899],[24.46645729365533,60.3328682479106],[24.466460348437394,60.332863904328036],[24.466462105470153,60.33286180878032],[24.46646503849727,60.33285833425578],[24.466481531040746,60.332842397857355],[24.466482978433326,60.332841257619],[24.4665007256806,60.33282713280864],[24.46652751642513,60.33280947925876],[24.466568418529448,60.33278252747407],[24.466611940441346,60.332752634177176],[24.46663192135887,60.332738911256214],[24.466653465897313,60.33272535288427],[24.466654378866547,60.33272479535502],[24.466657538776758,60.332723067908546],[24.46667874656158,60.332711515370455],[24.466687707199473,60.33270741909643],[24.466705310458394,60.33269935523467],[24.466730159114007,60.33269015383683],[24.466734840894805,60.33268842844461],[24.466757509468145,60.33268210505901],[24.466766491720886,60.33267959923352],[24.466799119583918,60.33267195646354],[24.466865390582974,60.3326575975614],[24.46688026056238,60.33265393729535],[24.466897901479346,60.33264959320709],[24.466913511127228,60.332645039722216],[24.466942706745474,60.3326344568546],[24.466969726983244,60.332622485030456],[24.466994681807762,60.33260957551113],[24.467047298096706,60.332578525867696],[24.467064539939923,60.332568344000656],[24.467082708660865,60.332557892329675],[24.46708690047718,60.33255547485872],[24.467128417877824,60.33253319696142],[24.467160614978027,60.332515915814994],[24.467163009386095,60.33251424563579],[24.46718156969416,60.332501313044176],[24.467198061705826,60.332485376552846],[24.46719978455944,60.332483019829574],[24.467201487929337,60.332480680701536],[24.46720866851992,60.33246542018333],[24.467209708036066,60.332463230104054],[24.467211242890265,60.33244530176516],[24.467206986031336,60.3324275235755],[24.46719857624639,60.332410025579115],[24.467185996168613,60.3323932655918],[24.46717067238382,60.332378240992355],[24.467150782328766,60.33236321920755],[24.467139220126285,60.33235600089468],[24.4671282278622,60.33234914378989],[24.467053766108076,60.332310003971976],[24.467053226797816,60.332309715212446],[24.467047173996683,60.332306455713585],[24.467023517381428,60.33229280843745],[24.467001278241113,60.33227864018992],[24.46698028609213,60.33226404653879],[24.46690368956199,60.33220313537792],[24.46689580304627,60.33219641829213],[24.466825153606525,60.332133823765545],[24.466813220488692,60.332122277391946],[24.46678155260834,60.332089971811655],[24.466770615254863,60.33207726760163],[24.466753143482666,60.332057000686696],[24.466748372412052,60.33205053161884],[24.466740715460155,60.33204015371701],[24.46672968403282,60.33202305488268],[24.46672778560969,60.332019964381765],[24.46668435241911,60.33193282512776],[24.466674213136045,60.331915437860225],[24.46667411571067,60.331915292270686],[24.466662165832286,60.33189835558949],[24.46666113591992,60.331897150165204],[24.466648191035315,60.33188182947583],[24.46664010769528,60.3318743809751],[24.46663109535942,60.331866061354425],[24.46662563482669,60.33186194174456],[24.466618854917055,60.33185684475793],[24.46660683930339,60.33184940215329],[24.46659629476592,60.33184284998288],[24.46657088027381,60.33183014829067],[24.466543095751543,60.33181856924534],[24.466522903175456,60.33181142891809],[24.466518441993525,60.331809843673085],[24.466487917285868,60.33180018870763],[24.466469081707913,60.33179494276233],[24.46645640033221,60.3317914131498],[24.466430033485878,60.33178491869473],[24.466391576084316,60.33177545385834],[24.466377207972524,60.33177194598474],[24.466215572433086,60.33172960775322],[24.46612252576311,60.33170188119044],[24.466092481407173,60.33169187595722],[24.466063408470102,60.33168126040653],[24.466046958395616,60.331674927984096],[24.465933336080578,60.3316258509935],[24.465910562809505,60.33161601129605],[24.465897490477275,60.33161098294821],[24.465891895804184,60.33160882808946],[24.465885012412414,60.331606468993726],[24.46586217308639,60.33159864926858],[24.46576979092897,60.331570306289144],[24.465739252753142,60.33156083055473],[24.46571494176954,60.33155283002688],[24.46567898781114,60.33154099620668],[24.465675394435188,60.33153990359387],[24.465648134469795,60.3315316132573],[24.465632157738447,60.33152735596416],[24.46559915495093,60.331519989190994],[24.465592111557303,60.33151875892336],[24.465564973412654,60.33151403725902],[24.465558925783224,60.33151328412533],[24.46552992486065,60.33150968577769],[24.465494294588318,60.33150676052082],[24.46547454638494,60.331506042573025],[24.465458086766102,60.33150544123344],[24.465434441807286,60.331505439500454],[24.465398346709804,60.33150663766823],[24.465368505900326,60.33150872765934],[24.465326714565627,60.331511649771606],[24.465298463067125,60.33151380598908],[24.46522660683846,60.33151773577026],[24.46520106080485,60.33151841640366],[24.465154307357867,60.33151967175147],[24.465131095205688,60.331519929751195],[24.46511811134726,60.33152006840572],[24.465113474206007,60.33152005183258],[24.465096753637532,60.33152001141888],[24.465024333798578,60.33151952852798],[24.465003072111053,60.331519868622394],[24.46498812386768,60.33152010454722],[24.46495613981565,60.33152156067084],[24.464920496259495,60.33152464483009],[24.464885511637767,60.331529277691494],[24.46485146498338,60.33153536576169],[24.4648184133575,60.33154264063103],[24.464786334493816,60.331550922209615],[24.464772908673343,60.331554888267206],[24.464727909098464,60.331569032015075],[24.464711770115482,60.331574105158424],[24.464701008711955,60.331577124886984],[24.46468026456174,60.33158293664572],[24.464646653405133,60.331589482136565],[24.464630492913372,60.33159132985709],[24.464613429237584,60.33159197455178],[24.464594365682878,60.33159270686099],[24.46455832759814,60.33159130073407],[24.464536412517976,60.33158955314903],[24.46448690910625,60.33158561735927],[24.46448319396538,60.33158539377055],[24.4644784148706,60.331585104968504],[24.464455604213768,60.33158415776521],[24.464442365669317,60.33158360876496],[24.46441772698478,60.33158356992786],[24.464406205087702,60.33158354775409],[24.464396208481414,60.33158394994293],[24.464370088988428,60.33158501474235],[24.46434078036812,60.33158724940674],[24.464334327725247,60.3315877461518],[24.4643038479352,60.33159129697584],[24.464292354501886,60.33159300911149],[24.464269274386368,60.331596467533984],[24.464259203264746,60.33159829663508],[24.464235219892654,60.331602654115294],[24.464177649543423,60.331614877970935],[24.46413548126971,60.33162382031217],[24.464125735084686,60.33162589815195],[24.464116099539904,60.3316279511521],[24.464103593591304,60.33163033566731],[24.4640823330568,60.33163439472242],[24.464048311202546,60.33164039323029],[24.464013722941388,60.331645752091596],[24.463984083636152,60.33164967821196],[24.463978738067034,60.33165038471272],[24.463976837685138,60.3316505910015],[24.463943345452293,60.33165420104794],[24.463912327018498,60.33165675334302],[24.46380469501409,60.331663593038286],[24.463777371537216,60.33166616190873],[24.46376505071127,60.33166732819653],[24.463730879863775,60.33167314411521],[24.463706992361626,60.33167813216199],[24.46363083524307,60.33169404358527],[24.463606797388984,60.331699334177344],[24.463572892961047,60.33170568515497],[24.463538435365198,60.331711226053955],[24.46350054931289,60.33171635116663],[24.463468595450404,60.33172068216732],[24.46345278344217,60.33172270707951],[24.46344608510093,60.33172356740821],[24.463271031223194,60.331744885637676],[24.463199966514786,60.33175354567177],[24.463189992049006,60.33175482855672],[24.46318117062362,60.33175596276566],[24.463110519950522,60.331763956907494],[24.463088702685354,60.331765849187825],[24.463074875271147,60.331767049539046],[24.46303877981407,60.33176824706375],[24.463025404843343,60.33176758751933],[24.463002769475068,60.33176648171419],[24.462999191418298,60.33176612595122],[24.4629929176431,60.33176548516689],[24.46295839741063,60.331760163911106],[24.46292472204171,60.331753762810635],[24.462906428977274,60.331750637784005],[24.46289038906133,60.33174789712989],[24.462858925595064,60.33174451170733],[24.462822771815098,60.33174436056461],[24.462784061330385,60.331745867433256],[24.462747876879355,60.33174634451579],[24.462734757264997,60.331746129998415],[24.462711594403373,60.3317457507043],[24.462691100844907,60.331745296597404],[24.462679615100246,60.33174504139895],[24.46260733956897,60.33174455995154],[24.462571116126114,60.331745305740654],[24.462541280570196,60.33174662263819],[24.462505518989353,60.33174935355357],[24.46249844068321,60.33175020658075],[24.46247039883771,60.3317536238669],[24.462452843526545,60.331756864057304],[24.46243650040989,60.33175989382289],[24.46240095594531,60.33176962684853],[24.462343426164544,60.33179134604768],[24.462313667636273,60.33180146800251],[24.46230325744788,60.3318034611665],[24.462280062762204,60.33180792319048],[24.462269954724874,60.331808359026176],[24.462235538199064,60.33180356957675],[24.462223543467783,60.331799369933805],[24.462205975137955,60.331793213308174],[24.462154072487852,60.33176814702532],[24.462149210087404,60.331765898188685],[24.462039343103147,60.33171916227852],[24.46201492546773,60.33170741298933],[24.462013301430254,60.331706627380306],[24.462003069515784,60.33170096116626],[24.461987125171834,60.33169046065176],[24.461981299209484,60.33168662133068],[24.46197618999068,60.331682651963106],[24.461961870547093,60.3316715266925],[24.46194448917505,60.33165573451496],[24.461897765274372,60.33160715889358],[24.46189109768027,60.331600392905465],[24.461890561240818,60.331599834679885],[24.461887604178386,60.33159708321957],[24.461856552975252,60.33156810300987],[24.46182998786964,60.33154621543999],[24.461800629223493,60.331522037673146],[24.461701670794742,60.331446853040305],[24.461693311631368,60.331440405084955],[24.461607083571938,60.3313704492313],[24.46159888590806,60.33136378875449],[24.46159866465098,60.331363604862695],[24.461592440239308,60.33135836550082],[24.461548210268656,60.33132317758305],[24.461515856607946,60.33129744233351],[24.461507786235714,60.33129147599631],[24.461495655287386,60.331282503546326],[24.461484758576177,60.33127513573038],[24.46147434404984,60.33126809153867],[24.461456656351928,60.33125718035892],[24.46145164178901,60.33125409314124],[24.461427345981416,60.33124078296766],[24.461406789285416,60.33123041886482],[24.461380134454913,60.331218321287594],[24.46135169467533,60.3312072765916],[24.461350370543837,60.33120682908463],[24.461340677177617,60.33120356266196],[24.461320495017212,60.33119770633589],[24.461309508771414,60.331194523015654],[24.461276849730957,60.331186712552125],[24.461243340238198,60.33118005366568],[24.46110581499947,60.331157492723584],[24.461083682195575,60.33115365627629],[24.460916728284506,60.33111902535197],[24.460882552196825,60.33111325196902],[24.460847684318043,60.33110845352494],[24.4608085869523,60.33110492176536],[24.460785875543525,60.33110410158875],[24.460772523833544,60.33110361294068],[24.460627768936902,60.33110344351443],[24.46062688383347,60.33110340863705],[24.460595361066996,60.33110219549523],[24.460574592599976,60.33110038830729],[24.460559763051616,60.33109909883695],[24.460536467457512,60.33109623722776],[24.460489499143243,60.33109047085794],[24.460480344844544,60.33108936168205],[24.460477239368863,60.33108898792957]],[[24.567632325882883,60.33280352767271],[24.566020174509802,60.33386354869724],[24.563981536196515,60.33520420558612],[24.564672059821945,60.33546211950662],[24.5674510493548,60.336500963901244],[24.569521857282684,60.33524583941763],[24.56970076165037,60.33513739872209],[24.572168443429508,60.3340283394499],[24.574797422218488,60.33284664195892],[24.57287719049727,60.3317966219118],[24.571521777131274,60.33105538691701],[24.569901541892147,60.3317836462],[24.567632325882883,60.33280352767271]],[[24.505891702215038,60.30737263218256],[24.50590156962387,60.30735530024014],[24.50591208064408,60.30733831275786],[24.505912182670006,60.3073381619593],[24.50591226388026,60.30733804670264],[24.50592353011402,60.30732112729704],[24.505935358161192,60.307304200471684],[24.50594776541605,60.30728727553618],[24.505957231607578,60.3072749666368],[24.50595745031743,60.30727471023067],[24.50600886099689,60.307207861392],[24.506012998677726,60.307201561014836],[24.5060200637103,60.30719082400537],[24.50602658137656,60.307179429930976],[24.506029923469548,60.30717359072592],[24.506038123059902,60.307156047800696],[24.506044340772913,60.30713837783717],[24.50604465788774,60.307137305809206],[24.506045776829026,60.30713355388108],[24.506046525978157,60.3071299028089],[24.50604942221049,60.30711566494622],[24.506051253516503,60.307097822803975],[24.506051265337288,60.307096718095174],[24.506051392221657,60.307079859054554],[24.506051397693998,60.307079787291876],[24.506049112950553,60.30704398237352],[24.506048435989086,60.30703813958311],[24.506047809748914,60.30703281876916],[24.506046411471882,60.30702456392911],[24.506044777771383,60.30701488532746],[24.506040992834837,60.30699922846023],[24.50604048397463,60.30699711684392],[24.506034212721822,60.30697940106853],[24.506029785667458,60.306971215132485],[24.506024863832515,60.30696215752258],[24.506011489675345,60.306945467229966],[24.50600780359061,60.30694204730422],[24.505994412552184,60.30692961471861],[24.50599207800517,60.30692770238989],[24.505991259462586,60.30692704023411],[24.505979597679506,60.30691899695214],[24.505970103043865,60.306912449629436],[24.505952502061145,60.30690299228271],[24.505945648442083,60.30689932424124],[24.505926842628035,60.3068916588732],[24.505917712424488,60.30688793012292],[24.50588571548244,60.30687969370077],[24.505852143226434,60.30687668285351],[24.505850291348406,60.306876513337365],[24.505811470785744,60.306879647252686],[24.50577830404706,60.30688675007539],[24.505776235412636,60.306887286159586],[24.5057462784166,60.306895033144826],[24.505740414643437,60.306896665785935],[24.50573444034312,60.306898323301105],[24.505734181763632,60.30689839031157],[24.50567221772839,60.306916549701874],[24.505642031985637,60.306926583079765],[24.50561331013222,60.30693736259195],[24.50560658068877,60.30694013780307],[24.505601028537896,60.306942432061426],[24.50557406246347,60.306954403363],[24.505570451712433,60.30695616813309],[24.5055483924856,60.30696694696996],[24.505451638561084,60.307020367756365],[24.50543828874525,60.307027573115676],[24.505413362532842,60.30704057083986],[24.50538741000208,60.30705301927965],[24.50536642184699,60.30706185986746],[24.50535983767423,60.30706462881139],[24.505330245862705,60.30707494276957],[24.505307952804984,60.30708118965502],[24.505266217224154,60.30709286557693],[24.50523519566486,60.30710198485194],[24.505206166178628,60.30711275850236],[24.505178613682915,60.30712814130577],[24.505159760371768,60.30714340899464],[24.505145834335526,60.307159353121655],[24.505145398273335,60.3071598479905],[24.505143464118373,60.30716289289785],[24.505134495620272,60.307176980776],[24.505126754363864,60.307194442427345],[24.505100635347976,60.30726508072614],[24.50510048347394,60.30726541025157],[24.505098994445973,60.307268553349736],[24.505090205236236,60.3072859863353],[24.50508018155071,60.30730322545602],[24.504989001837888,60.30743947671595],[24.504986629306458,60.30744399561285],[24.504979912016324,60.30745681421759],[24.504977695241088,60.30746190197994],[24.504976206478233,60.30746527864462],[24.50496410340133,60.307500516929906],[24.50496405971475,60.3075006149244],[24.5049400310959,60.30760768331868],[24.504939319563483,60.30761036490917],[24.504938117097943,60.30761473510032],[24.50493809080618,60.30761484240467],[24.504932651868415,60.307632500001],[24.504926126105175,60.30765016413461],[24.504918239983997,60.307667623054826],[24.50491015058084,60.30768205082508],[24.504908534672744,60.30768495797576],[24.504907222633292,60.30768672996966],[24.504896115490904,60.30770179276627],[24.504881145834574,60.30771812151135],[24.504871524428996,60.30772676228744],[24.50486870580145,60.307729296504476],[24.50486858979632,60.30772939314067],[24.504850014708705,60.30774456720121],[24.504831382342456,60.30775954255359],[24.50483101556252,60.30775984109283],[24.50481303763375,60.30777549348982],[24.504803187260727,60.30778571100059],[24.504797484281262,60.30779164058274],[24.5047938920416,60.307796720474464],[24.504785510829063,60.307808564584384],[24.504778170855616,60.3078269320734],[24.50477812169269,60.30782710183042],[24.504768895930688,60.30786259177363],[24.504763297563272,60.30788020145378],[24.50476327400836,60.30788027287681],[24.50475996754364,60.307887064939564],[24.504754791116092,60.30789772057977],[24.50474335418309,60.307910459510175],[24.504740128650386,60.307914055080424],[24.504715514992437,60.307926977706266],[24.50470345412686,60.30792985934849],[24.50469982126621,60.307930725363356],[24.5046815844224,60.30793315862245],[24.504665011983324,60.30793537161302],[24.50466490282132,60.30793537854581],[24.504593811987345,60.30794166094731],[24.504559243354144,60.30794694949576],[24.504539918998358,60.30795343168879],[24.50453062799243,60.307956553991964],[24.504530134650317,60.307956850153026],[24.50450789836895,60.30797041028897],[24.504493228902188,60.307986834464465],[24.50448948451596,60.307994381865505],[24.504484608045207,60.308004189728734],[24.504480295714394,60.30801704450419],[24.504478671744444,60.308021954748156],[24.504476463523776,60.30803191154814],[24.504474724882694,60.30803974815508],[24.504472289178075,60.30805766876345],[24.504471862374444,60.30806468559372],[24.504471209445573,60.308075614843254],[24.50447119898308,60.30807788739157],[24.504471160857847,60.30808028518471],[24.504471174993682,60.308081049020664],[24.50447124359182,60.30810269079246],[24.504472242926248,60.30817002952318],[24.504471489308113,60.30818797274554],[24.50447126958135,60.30819085221913],[24.504469593895152,60.30820877812076],[24.504463952286354,60.30825233938779],[24.504458490176262,60.30829829355245],[24.5044580437494,60.30831956632199],[24.504457741581923,60.308334203230714],[24.504459102604216,60.308352195158704],[24.504461753771942,60.30836751636727],[24.504473402598613,60.30841820269481],[24.50448223849036,60.30845663702194],[24.50448326701462,60.30846475018789],[24.50448452844895,60.30847455656688],[24.50448481623239,60.308485970612075],[24.504484986179524,60.30849252254309],[24.50448325195903,60.308505758124525],[24.50448277722146,60.30850936942862],[24.504482727371382,60.30850954815583],[24.504465299160906,60.308580628078836],[24.504462249369514,60.30859852816793],[24.504461327242733,60.30861227307879],[24.504461043046543,60.30861647186878],[24.50446195892437,60.308634365602366],[24.50446345297531,60.30864159817811],[24.504465630490497,60.30865221228504],[24.504472182049618,60.30866814575001],[24.50447379073428,60.308671266182266],[24.504508046446848,60.30873771144636],[24.504513702463303,60.308755415739554],[24.50451508845332,60.30877331830262],[24.504509466909848,60.30879099042072],[24.50449405755364,60.30880714018895],[24.504469422583014,60.30882033187259],[24.504461687980275,60.30882322289763],[24.504440554030346,60.30883110839898],[24.504410804446643,60.30884132937847],[24.504404053809328,60.30884366396031],[24.504401710686228,60.308844473347214],[24.50436570189972,60.30885746932257],[24.504343230258687,60.30886556324293],[24.504286936398035,60.308888131499046],[24.50427496190772,60.308893197642554],[24.50421983139947,60.308916416548485],[24.504190237544936,60.30892673023774],[24.504164672864615,60.3089343078795],[24.504159189013635,60.3089359386103],[24.50415437082848,60.30893715065384],[24.504127011250088,60.3089440477793],[24.504096625149902,60.30895074430871],[24.503996275083516,60.30897122710311],[24.503969750808544,60.3089771427573],[24.50396323061561,60.30897859231207],[24.503958505835275,60.308980003733566],[24.503932344008923,60.308987812658465],[24.503929020798893,60.30899363420492],[24.503923903739853,60.30900255717828],[24.503924803918867,60.309002861553026],[24.503932376819083,60.30900541132832],[24.503965361492945,60.3090125887746],[24.50399918524865,60.30901897349068],[24.50403169056049,60.30902650124117],[24.504050742549087,60.30903237485429],[24.504062364492967,60.309035961893514],[24.504090968709352,60.30904691977848],[24.504118112306383,60.30905874853464],[24.504119318078267,60.30905931916144],[24.504126785699288,60.3090627742487],[24.504148651113386,60.30907377620001],[24.504152190634628,60.309075558483435],[24.504157201127,60.309078706895356],[24.504174581981985,60.309089633575475],[24.504181121093552,60.30910335695831],[24.504182744708235,60.309106756153085],[24.50416469638103,60.30912141900061],[24.50415349139393,60.30912517906303],[24.504134815496908,60.309131457792056],[24.50410180198489,60.309138652938124],[24.504089309400708,60.30914030470715],[24.50408925447531,60.30914031265842],[24.504020106129254,60.30915028743512],[24.504019941352997,60.30915031128891],[24.503993978083255,60.30915504272643],[24.503985936375425,60.30915649962947],[24.50397129734902,60.3091606533008],[24.50395477031299,60.30916534642206],[24.503952365256158,60.30916672956143],[24.503949655852015,60.30916830461263],[24.503948191653194,60.309169696445736],[24.50393291740548,60.30918407002236],[24.503925476210362,60.30920161809977],[24.503923040102737,60.309219538692844],[24.503924571109778,60.309237435006374],[24.50392870660009,60.30925323327316],[24.503935579928164,60.30927087961525],[24.503935754163063,60.309271206283356],[24.50394930057267,60.30929892238171],[24.503952742548115,60.3093057783351],[24.503961173269598,60.30932318444039],[24.50396804731367,60.309340821810494],[24.503972646940603,60.30935860509537],[24.50397295906258,60.30937657732229],[24.50397219823931,60.309379428662886],[24.50397101735642,60.309383987899054],[24.50396546075972,60.309395822150165],[24.503962822919164,60.309401440978014],[24.50395131098589,60.309418472400004],[24.50393769293945,60.30943510492395],[24.50390905130173,60.309467094897975],[24.503879005387546,60.309500639522035],[24.503868645004733,60.309515392879156],[24.503867041363215,60.3095176624434],[24.50386685125074,60.309518018198716],[24.503862417573956,60.309526289254755],[24.503857823692403,60.309537845145094],[24.503855445666186,60.309543855129455],[24.503851498261657,60.309561648510986],[24.503850580842936,60.309579597637025],[24.503851333754167,60.30958586407766],[24.50385270847875,60.30959750516077],[24.503857368886276,60.30961496619688],[24.503857452719593,60.3096152911665],[24.503864344160892,60.30963293785131],[24.503873390337883,60.30965034654138],[24.503884415926112,60.3096674420767],[24.503897313129816,60.30968421344822],[24.503911926758217,60.30970055892466],[24.50391829999901,60.3097069668933],[24.503988059519088,60.30976989316767],[24.504004728105098,60.30978564841778],[24.504004829057262,60.309785749129404],[24.50401531768863,60.309796833799275],[24.504020209016385,60.30980201915808],[24.504033565203716,60.30981870930585],[24.50404431972107,60.30983579973306],[24.50404634965206,60.309840518106824],[24.504048056717703,60.30984448481086],[24.504053874702386,60.309862201148036],[24.50406596134419,60.30991568949762],[24.50407130240575,60.309933486705475],[24.504074535466344,60.30994118314809],[24.504075563508565,60.30994313384562],[24.504083726482378,60.30995859454175],[24.504091265580033,60.309969893287324],[24.50409508458031,60.30997560647121],[24.504100566351656,60.30998254565594],[24.50410829622896,60.309992293894275],[24.504108428550925,60.30999245807744],[24.5041368699299,60.31002525099212],[24.504146866797775,60.31003613776447],[24.50417606969841,60.31006891802629],[24.504188822559403,60.31008568665314],[24.504199408353752,60.31010285474408],[24.50420706631586,60.31012042597439],[24.50420829071041,60.310124311742975],[24.504210935500385,60.31013663245104],[24.504212113093175,60.31014208041361],[24.504212877363933,60.31016006113044],[24.50421201836501,60.31016918088722],[24.504211201408527,60.31017798702248],[24.504208313350478,60.31019589912734],[24.504204530831668,60.31021366866445],[24.504204510012297,60.310213704206056],[24.504203204368576,60.31021918636758],[24.50420226619075,60.310223175241255],[24.50419148479437,60.31025862694334],[24.50419001280787,60.31026225544484],[24.5041843252418,60.31027627914017],[24.504175088837595,60.31029362282555],[24.504172967429383,60.31029674505196],[24.504163584220024,60.31031055558913],[24.504162462145644,60.310311971818464],[24.50415969312112,60.310315513071124],[24.50415534794449,60.31032048897219],[24.504145329090225,60.31033195194014],[24.50412916625841,60.310347997687714],[24.504117642812385,60.310358534070005],[24.504094730680446,60.31037950156538],[24.504076829038684,60.310396502790574],[24.504030278257584,60.31044510760153],[24.50402960256711,60.31044589441033],[24.50402692130936,60.31044899713356],[24.503999981222357,60.31048216894752],[24.50399984027672,60.31048235494632],[24.503999597970935,60.310482682771735],[24.50396409503149,60.31053314802525],[24.503954327447925,60.31054724777272],[24.503949201601845,60.31055367325915],[24.503941010133897,60.310563966799286],[24.503933931936807,60.31057011305916],[24.503923206631374,60.310579442708836],[24.503899989133547,60.310590648702615],[24.503897243851846,60.31059198053406],[24.5038687242904,60.31060005957558],[24.503835702383554,60.31060734434782],[24.503802524580216,60.31061453635113],[24.503783941164453,60.31061982862904],[24.503771187492816,60.31062346973579],[24.503750743340518,60.31063771921186],[24.50375093719271,60.310639923733426],[24.503751475593365,60.3106459166479],[24.503771978079616,60.31068024032562],[24.50377202479045,60.31068034001824],[24.50377438658184,60.31069162235266],[24.503775033572065,60.310694769638964],[24.50377466991188,60.31069597553556],[24.503769574003492,60.31071244477411],[24.503755917762682,60.310727908753655],[24.503755064949296,60.31072888088001],[24.503754911398243,60.310728994776305],[24.503735607113654,60.31074396635583],[24.503722455252092,60.31075258564222],[24.503713781854945,60.310758279709134],[24.503699222115227,60.31076660304483],[24.50369002174959,60.31077184703302],[24.503565032627314,60.31083749219113],[24.50355370604802,60.31084425929143],[24.50354186730269,60.31085133117832],[24.503524952149803,60.31086323045838],[24.503505487278918,60.31087840560221],[24.503487646959414,60.31089364720304],[24.503487394097526,60.31089387601423],[24.503480638055454,60.31090030678392],[24.50340385278222,60.31097349616149],[24.5033473884726,60.311022192940456],[24.503345144065886,60.311024315710426],[24.50333062452127,60.311038038655745],[24.503315814566136,60.311054379231244],[24.50330369377881,60.3110713093318],[24.503295029112063,60.31108874455593],[24.50329075861089,60.311104834030495],[24.503289840820237,60.311122783146715],[24.503290694057153,60.31112986894517],[24.503291985624664,60.311140699984485],[24.50329641990942,60.31116230701858],[24.503299327292176,60.31117640236806],[24.503300097390074,60.31117959688629],[24.50330118610223,60.311184073003794],[24.50331203804359,60.31121957185663],[24.503315053383055,60.31122727320894],[24.503318936355537,60.31123712886301],[24.503327649664513,60.31125463014457],[24.5033402404879,60.31127138682191],[24.503356630888103,60.31128557384347],[24.503358278627168,60.311286997200554],[24.50336117220423,60.311288704481406],[24.503381464784823,60.311300638184456],[24.503397687678266,60.311307770255475],[24.503427902197085,60.31131758172106],[24.503460868530347,60.311325028413194],[24.503468193576214,60.31132632488827],[24.503494866610797,60.31133105717529],[24.5035297200045,60.311335844354964],[24.503539397424117,60.31133692451604],[24.503546406731516,60.31133761318075],[24.50364594057311,60.31134737065152],[24.503667622734636,60.31134988011297],[24.50368115686187,60.311351436972004],[24.50371566868061,60.311356666843295],[24.503749146326264,60.3113635840788],[24.503767269095174,60.311368838382286],[24.503780307942005,60.311372613753946],[24.503794375545027,60.31137833085355],[24.503808109191624,60.31138391591257],[24.5038083367184,60.3113840190024],[24.5038855025226,60.31142136558384],[24.50388574744663,60.311421477983565],[24.503889659105788,60.31142313251439],[24.503890185116887,60.31142335799326],[24.50391878010885,60.31143422588126],[24.50394962514531,60.31144360889458],[24.503982440227375,60.311451142444234],[24.504016931659386,60.3114566413476],[24.50405255067513,60.31145946647157],[24.504088657565585,60.31145969562939],[24.504088984402564,60.311459683803065],[24.504097540516643,60.31145932351541],[24.504169015266175,60.31145356952054],[24.504169142521558,60.31145356292793],[24.504204969781377,60.31145199914869],[24.504221634260627,60.31145311169844],[24.504240623042605,60.3114543757065],[24.504269724115307,60.311462647902175],[24.504294975060706,60.311475339357045],[24.504315819393884,60.31149001416182],[24.504355489300963,60.31151995466251],[24.50435560971026,60.31152003777287],[24.50436141633915,60.31152391079698],[24.504377088970635,60.31153351176488],[24.50438426762865,60.31153791361802],[24.504391985716126,60.31154212797345],[24.50440856735851,60.31155120702153],[24.504415761207607,60.31155493541992],[24.504441943744915,60.31156728501672],[24.5044726444062,60.31157666519309],[24.504489543376383,60.31157897687537],[24.504510671270666,60.311581871045284],[24.504545381781345,60.31157857040999],[24.50455478838684,60.31157299785812],[24.50456570410082,60.31155595518416],[24.504570862850898,60.31153818453983],[24.50458041119066,60.311521026350285],[24.50461170874901,60.311514517482856],[24.504645569437958,60.3115204535328],[24.504663148458338,60.31152500579371],[24.50467770837876,60.31152878269422],[24.504739885356756,60.311547108338864],[24.504761353534903,60.31155361111353],[24.504761477367975,60.311553649371966],[24.50482373372779,60.311571410526916],[24.50482401687291,60.311571496693134],[24.504846583101116,60.311577373287],[24.504856011257196,60.31157982309525],[24.50486848933118,60.31158264459234],[24.50488897818727,60.311587269436416],[24.504902799782375,60.31159004429631],[24.504922470012804,60.31159400697262],[24.50494186337646,60.311597326641014],[24.504956645074326,60.31159985901357],[24.50496719247935,60.311601404565735],[24.50497910039951,60.31160315533029],[24.505013954309103,60.31160794212359],[24.50514009393856,60.31162286035828],[24.505154791923616,60.311624591633915],[24.505225040180633,60.31163301643635],[24.505249957794863,60.31163608046405],[24.505238171121118,60.311670713857424],[24.505223635508813,60.311713371505405],[24.505060503826943,60.312166653467834],[24.50475867719907,60.31300885323712],[24.504583068964024,60.313495174068656],[24.504601211678825,60.31349686229458],[24.50585459928421,60.313459562913344],[24.506884173017948,60.3134287691179],[24.50759568363221,60.31340799122362],[24.507577190039395,60.313282625600785],[24.50914332573136,60.31313964493532],[24.5103180641273,60.312460024756795],[24.510592284357866,60.31233286812925],[24.51074466585883,60.31223387218597],[24.510919332816417,60.3120483456368],[24.511295014029663,60.3116319983144],[24.511367649365074,60.31156886883108],[24.511645430691708,60.311420935951894],[24.512126813333303,60.311263888502026],[24.51208742589258,60.311232527376106],[24.512067832564508,60.31120565119035],[24.512238708117323,60.31117212780705],[24.51228874935583,60.31115770362777],[24.51232407594226,60.31112010585943],[24.51243884466142,60.31109647313121],[24.512532063827162,60.31108357594672],[24.512729093238168,60.311031138013384],[24.512897251841327,60.31097689271252],[24.512972611197558,60.310962403247196],[24.51305117551393,60.310931723218296],[24.513302231319567,60.31088432919243],[24.513495844990246,60.31084439364081],[24.51366803752461,60.310811602776056],[24.513768276645344,60.31078447206297],[24.51386854943419,60.31075903972075],[24.514041193444175,60.31075840750621],[24.514134334999355,60.31073841108035],[24.514230897743573,60.31070770781133],[24.51432435539014,60.31070379699715],[24.514413709407854,60.31066954513304],[24.51454957981207,60.31061909546163],[24.514713803438482,60.31053459993195],[24.514900339224265,60.31050530974697],[24.51503624972805,60.31045836377011],[24.515182619339697,60.310390053737],[24.515239634034177,60.310354118513615],[24.51533957170031,60.31031090118719],[24.515436431560417,60.310296273465376],[24.515533186359992,60.310270872924185],[24.515701688952422,60.31023629470125],[24.515744501368864,60.31021473621675],[24.51579060586825,60.31017176957297],[24.51586911636966,60.31013577789004],[24.51598762242631,60.31012102450811],[24.516059077883625,60.31009757601661],[24.516119820607233,60.31006879783015],[24.51614825035644,60.31004373639103],[24.516129619087046,60.31000988095535],[24.51603984084581,60.31001377197384],[24.515910757578222,60.31003929604142],[24.515806469166957,60.310043274921895],[24.515716579630602,60.31003647370599],[24.515594403339943,60.31005115821039],[24.515457735997273,60.310049949924554],[24.51527041783295,60.310029288939575],[24.515054223723972,60.31000333550857],[24.514819878622994,60.309963199168095],[24.514519582121384,60.3098483644378],[24.5143312677862,60.30977055965056],[24.51412872777795,60.309689353287204],[24.51392236550828,60.30960627844689],[24.513821065362244,60.30957096548954],[24.51361757253486,60.30943612007334],[24.513486491228484,60.309329570074304],[24.513369817632842,60.30923190444547],[24.513257355865,60.30916100647806],[24.513065991572372,60.30911530239032],[24.512853270925437,60.309084011423046],[24.512612466751683,60.30908677944129],[24.51245467050165,60.3091229825043],[24.51229725960068,60.30917006221456],[24.512142988527696,60.309192047712514],[24.51202039043253,60.30917826238162],[24.51185428519425,60.309127091695196],[24.511745561939062,60.30907754351133],[24.511633561013575,60.30903871362843],[24.511489173384515,60.309010766459245],[24.51128052863564,60.309008025897946],[24.511101118712734,60.30903368049295],[24.510961701733365,60.30908054776966],[24.510800324571683,60.30910977375179],[24.51072197850533,60.30916354323336],[24.510694553161983,60.30924933954258],[24.51068827574928,60.3093118255498],[24.51070334087278,60.30935629598322],[24.510787672392468,60.30945415757537],[24.510910556104534,60.30950011807412],[24.511019372914422,60.30955676538372],[24.51109214330195,60.30961004235775],[24.51117214670575,60.30966677855639],[24.511173288742423,60.3097417015054],[24.51120664287158,60.309800438375355],[24.51117880302487,60.30985766955132],[24.51112176859102,60.30989000944692],[24.51109443521671,60.309986497504],[24.51110952736153,60.31003276501415],[24.511016664591885,60.31006884439087],[24.510909115207816,60.31009781236513],[24.510702188878664,60.31019847236699],[24.510645279033945,60.310245097624495],[24.510423402591574,60.31031378450651],[24.510128686269404,60.31032200574603],[24.509891580511002,60.31034432273478],[24.509777000147103,60.310373337697364],[24.50953295713221,60.310402809366515],[24.50933225180366,60.31045356568088],[24.50918947285423,60.3105147412297],[24.5090747875205,60.31054725706664],[24.508889216142293,60.310633690137884],[24.50870300068305,60.31068435789317],[24.508474438569298,60.310788651264076],[24.508346482042185,60.31088909084703],[24.50821074376579,60.310953820016564],[24.507982102811894,60.31105102338416],[24.507774454620254,60.31110892355834],[24.507523011905846,60.311131326794204],[24.507299273725746,60.31108222231748],[24.50708939787442,60.31099736404186],[24.506887000818327,60.31093032463992],[24.50670642783772,60.31088104098828],[24.50649714161833,60.31084262681524],[24.50628006251233,60.310754209430584],[24.506105853219765,60.31065142382689],[24.505974847984792,60.31055196431701],[24.505850223769038,60.310399003895974],[24.50581945032934,60.31027070340519],[24.50586143073056,60.31019200840091],[24.505880656547816,60.31004201795045],[24.505915154053227,60.309945575432735],[24.50591449084282,60.30990631549494],[24.505985393413763,60.30983821558373],[24.506012824776718,60.309752510035274],[24.505990320584242,60.3096955025632],[24.50606833989715,60.309620259842475],[24.506124551069533,60.30953087243485],[24.50612322413855,60.30945235255372],[24.50609318746904,60.3093704191222],[24.506059800153526,60.30926048511025],[24.506088184368355,60.30917604609714],[24.506074539106802,60.30917120852818],[24.506042334174907,60.30915973432768],[24.506015752528057,60.30915026113264],[24.505996467412892,60.30914292815611],[24.50598715880614,60.30913939370041],[24.50597036956334,60.30913162248305],[24.505960645312612,60.309127128006],[24.505951888603477,60.309122292364975],[24.505939715024624,60.309114302365735],[24.50593009486994,60.30910796828973],[24.505927731539337,60.30910595660697],[24.50591177862541,60.30909244286724],[24.505896706093058,60.309076169852204],[24.505890625975496,60.30906805169787],[24.505884104216477,60.30905931439613],[24.505873680580645,60.30904214948849],[24.505864338055094,60.30902481622974],[24.505837039901262,60.30897274929415],[24.505828756795324,60.3089595681825],[24.505757845470985,60.308857831914146],[24.50574788149186,60.30884057680953],[24.505745646626064,60.30883616902706],[24.505744701391656,60.30883431871264],[24.505737526651302,60.308816576983766],[24.50571623194141,60.30876390407675],[24.505716185911403,60.30876379541441],[24.50570047931608,60.30872901410918],[24.505700448629483,60.308728941667624],[24.50569048471831,60.30871168655883],[24.50568172948505,60.30870066151716],[24.505643332403217,60.30865026363019],[24.505631571390666,60.30863330715197],[24.505631521940114,60.30863324334126],[24.505610198968625,60.30859898539371],[24.505609460735602,60.30859750727496],[24.505601622220222,60.30858158564169],[24.505596569806205,60.308563793919824],[24.505596186763196,60.30855884598066],[24.505597174038382,60.30854922556919],[24.50559800717874,60.30854091380746],[24.505601150548166,60.3085322232132],[24.505604388130166,60.30852324692616],[24.505615001041356,60.308506117645365],[24.50563035751467,60.30848993981287],[24.5056304158596,60.30848988700928],[24.505635588903413,60.308486157303754],[24.50565089272824,60.30847517973979],[24.505675976516155,60.3084622657678],[24.505699373936316,60.308453182895164],[24.505728691296344,60.30844268402583],[24.505756540263835,60.3084312592638],[24.50576338983327,60.30842643813303],[24.505777165390484,60.308416743406134],[24.505779079431377,60.30841372506173],[24.50577947188233,60.308401694973796],[24.50577965662297,60.30839594920949],[24.50576923324493,60.308378784293716],[24.505739403176634,60.308346154298604],[24.505725562254323,60.30832964386855],[24.505715593048997,60.308315308192384],[24.5057019346358,60.308295693007054],[24.505681435450963,60.30826226800354],[24.505679968760766,60.30825989585664],[24.505670463833386,60.308242559529255],[24.505661853325623,60.308225365758815],[24.505661743187638,60.30822514809466],[24.50565693495137,60.30821412529076],[24.505654467751885,60.308208491431465],[24.505648642328605,60.308190864860165],[24.505645140405413,60.30817292258692],[24.505645579182126,60.30815506328644],[24.50565543328361,60.308137910773006],[24.505677688075306,60.30812386570581],[24.505684593373758,60.30812139921824],[24.50569475448851,60.308118499784946],[24.505715909455937,60.308112465022006],[24.50574535745713,60.30810214826884],[24.505762910781876,60.30808802390092],[24.505766147196105,60.308079299117594],[24.50576942934598,60.308070449428406],[24.505766987226867,60.30805261688825],[24.505765168533912,60.3080484504812],[24.50575335137517,60.30803151990599],[24.5057382787137,60.308015255844396],[24.505721812173693,60.307999226122554],[24.505708313737543,60.30798344975561],[24.505707682812805,60.307982701289255],[24.505699250802845,60.307965304258346],[24.505700112849468,60.307954001640724],[24.50570148311251,60.307950991054184],[24.50570814326413,60.30793654538823],[24.505708183528316,60.30793649224513],[24.505720706074676,60.30791972220629],[24.505732472472864,60.30790550715815],[24.505747252316866,60.307886677434865],[24.505747493901183,60.30788635857628],[24.505755043720747,60.30787330403795],[24.50576023166068,60.30785988176058],[24.505761876437447,60.30785564563229],[24.505765985975373,60.307837846266935],[24.50576699573147,60.30783125360692],[24.50576870954099,60.307819940031294],[24.505779351724605,60.307712449513126],[24.505779864316388,60.30770976418391],[24.5057822450023,60.30769849007817],[24.505786806493948,60.307680699197604],[24.505826423171538,60.30755674751224],[24.505826452196832,60.30755660432635],[24.505828708239573,60.307549100814086],[24.50582873384426,60.30754900247987],[24.505860009909163,60.307442537153484],[24.505866842473583,60.3074248787405],[24.505868251984488,60.307421590410875],[24.505874275361073,60.307407420244566],[24.505874298913202,60.30740734882133],[24.505882612889877,60.30738996974912],[24.505891702215038,60.30737263218256]],[[24.580242865310304,60.32344731263068],[24.580104906982047,60.32347478557781],[24.579997187808317,60.32354814575189],[24.579812307097864,60.323622930295215],[24.579684225299637,60.32369973713907],[24.57958508718881,60.32374501101846],[24.579461690419738,60.32383191892607],[24.579379047206345,60.32391640703951],[24.579296446471087,60.32400202772588],[24.5792298826791,60.32409880979925],[24.57921303847044,60.324181936215865],[24.57920053007345,60.324254946009845],[24.57927864201589,60.32431749750007],[24.57933399968854,60.32437789180562],[24.57942755859911,60.32441458429919],[24.57957290576455,60.324424130381026],[24.57972206833427,60.3243887593996],[24.57982579571263,60.32434684773344],[24.579986506031005,60.324326023468146],[24.58017535467376,60.32436234856104],[24.580302908974527,60.324435573054004],[24.580303534303027,60.32443593477257],[24.580420029362752,60.32450856254238],[24.58047122965869,60.3245404857],[24.580475245189515,60.32454301113758],[24.58048892331897,60.32455179391269],[24.58051091083407,60.3245660278739],[24.580533032302093,60.324580165457945],[24.580555648191417,60.32459423119286],[24.580579038987803,60.32460786188561],[24.580603523667705,60.32462115317171],[24.58061101858071,60.3246248827742],[24.58066285122596,60.32464998137676],[24.580688456398345,60.32466257441187],[24.580713262636664,60.324675682889264],[24.580717070924376,60.324677827264594],[24.58073967617481,60.32469179396065],[24.58076071474665,60.32470636991966],[24.580780187302977,60.32472154617156],[24.580798089697332,60.32473713400065],[24.580807666392456,60.3247460217397],[24.58082353841587,60.324762120562994],[24.58083787578918,60.324778640594275],[24.58085067436496,60.32479539311763],[24.580861304474322,60.32481256429575],[24.58086992477822,60.32482996837629],[24.58087199507726,60.32483503648518],[24.580877839819557,60.3248527403759],[24.580891768378425,60.324924219325446],[24.58089249176691,60.32492692736287],[24.58090623547297,60.32498034731554],[24.580909480099507,60.32499818353413],[24.580911354030157,60.325016183443836],[24.580911754876453,60.325033527737126],[24.580911378866904,60.32506944351001],[24.580912789762998,60.32508733617937],[24.580916811613402,60.32510519552738],[24.580924369512893,60.32512275992246],[24.58093595075044,60.325139319601575],[24.58095167896655,60.32515540680517],[24.580970227447192,60.32517083569115],[24.58100947603929,60.32520101398522],[24.581023938411988,60.325211688399634],[24.581044342455154,60.32522652224488],[24.581065230141192,60.325241185231505],[24.58108751511292,60.32525532568939],[24.581115196492917,60.32526679762795],[24.581147389360698,60.32527483037454],[24.581181574677228,60.325280662633936],[24.581216290105502,60.32528569607145],[24.58122383969608,60.32528673176186],[24.581212557775547,60.325298922833966],[24.580585848565363,60.32597009903669],[24.58055779099816,60.32595978792263],[24.580529642360087,60.32594850499123],[24.580504677899278,60.32593556428726],[24.580483645306064,60.32592089857809],[24.580464623787048,60.32590573948622],[24.58045580298853,60.32589740446209],[24.580440988336562,60.32588096553552],[24.58042914421499,60.32586404171298],[24.58041880345314,60.325846875771695],[24.5804089456744,60.32582954794733],[24.580401119732937,60.32581585027345],[24.580389258228564,60.32579891714732],[24.580367419481348,60.325784865544165],[24.580352131477806,60.32578118269088],[24.580316308649973,60.32578106946671],[24.580281876425833,60.32578664077887],[24.580249263285616,60.32579431126937],[24.580218106944447,60.325803346728456],[24.580204664032,60.325807773080314],[24.580175492580874,60.32581838074512],[24.58014749812647,60.325829728466196],[24.58006468568348,60.32586459239393],[24.580042436451706,60.3258727210301],[24.580012407527057,60.325882675261134],[24.57998121899641,60.325891898721245],[24.579949467848902,60.32590040228019],[24.579917016159214,60.325908336135434],[24.579883970478956,60.325915729175385],[24.579812462892654,60.32592977881518],[24.57977831803782,60.32593562471981],[24.579743754124376,60.3259410138394],[24.579733280094548,60.325942529852114],[24.5795943327919,60.32596290585751],[24.57958814989716,60.32596396103366],[24.579519834114222,60.325976002579246],[24.57948516459317,60.32598085971788],[24.579449294258865,60.3259833414566],[24.579413185454502,60.32598268380893],[24.579394563211345,60.325980727716455],[24.57936038347568,60.325974814258366],[24.579294853376876,60.32595951755095],[24.579288259537933,60.325958050015046],[24.579254403183537,60.325951684291105],[24.579219516060576,60.325947006535245],[24.57918349848849,60.32594536236681],[24.57917431808531,60.325945554463246],[24.579138453748882,60.325947955380975],[24.579103118098036,60.32595153369698],[24.579067620289134,60.32595510006699],[24.579031781852372,60.32595715109462],[24.57902626903006,60.32595723033125],[24.578990068705924,60.325955852268564],[24.578954242381357,60.32595358271839],[24.578918200080782,60.325952027856566],[24.57889972659066,60.32595222131845],[24.578863665822464,60.32595336097712],[24.578827503898655,60.32595342083452],[24.578807609162507,60.32595225892196],[24.578773069522153,60.325947048404025],[24.578743309531244,60.32593698435495],[24.578727892409606,60.3259267324566],[24.57871540270139,60.32590997636737],[24.57871077766872,60.32589220476388],[24.57871112961083,60.32588134185887],[24.57871639529398,60.325863570790105],[24.578725916517104,60.32584630842949],[24.578737112169964,60.32582918436832],[24.57874359233313,60.32581996020258],[24.57876866459346,60.325786201080895],[24.578810027163147,60.32573647966768],[24.57882541417033,60.32572024041826],[24.57884185653427,60.325704182085545],[24.578844970316585,60.32570127445174],[24.578880380111148,60.32567003918991],[24.57889921744084,60.32565466226651],[24.57895823103516,60.3256094843259],[24.57896645699242,60.325603346140866],[24.57900531628242,60.325572982147634],[24.579022497011838,60.32555722469751],[24.57903668573039,60.325540774956366],[24.579047411428668,60.32552363332805],[24.579055431394558,60.32550609207814],[24.579073850909065,60.325453069145965],[24.579081387205036,60.32543569874243],[24.579106767690057,60.32538334158005],[24.579110121446554,60.32537523720945],[24.57913925240814,60.325286675385605],[24.579144729610935,60.32527240250585],[24.579151526637283,60.32525474016274],[24.579156502529607,60.325236963800705],[24.579156920361196,60.325219095429226],[24.579151680776334,60.325201303664166],[24.5791388578095,60.32518293360189],[24.579121252724267,60.32516725214705],[24.57910117041942,60.32515224419776],[24.57908028367771,60.32513758090788],[24.57906302059242,60.32512559764887],[24.579001641302757,60.325081190920955],[24.578982332178857,60.325066017378724],[24.578963633335594,60.32505067529271],[24.57892875509229,60.325019237530284],[24.578912217506836,60.32500357549189],[24.57889446059525,60.324987990050246],[24.57887515157547,60.324972816492895],[24.578850339878798,60.3249597884132],[24.578818792052477,60.32495112906389],[24.578784409986945,60.32494771798743],[24.57874846846064,60.324949219090065],[24.578736757939236,60.324950802323144],[24.578703450116592,60.32495783096956],[24.578671555501707,60.32496632262037],[24.578636309420144,60.32497457354413],[24.578603002216813,60.324981593194316],[24.578536655939114,60.324995924808476],[24.578504324136954,60.32500395930908],[24.57848530034781,60.32500963123713],[24.57845542792019,60.325019677793925],[24.578427138666395,60.325030849105865],[24.578399882950055,60.32504273991101],[24.578373504463876,60.325055014994334],[24.57836241987827,60.32506037343911],[24.578337212850684,60.3250732178185],[24.578312595606395,60.325086414290716],[24.578265735416956,60.32511376674347],[24.578243337638394,60.325127812108526],[24.578221810443573,60.32514233146246],[24.57818133319506,60.32517203694366],[24.578162502461346,60.32518732405804],[24.57814441221723,60.325202885168146],[24.57813950715781,60.325207475879175],[24.578122771799226,60.3252233311639],[24.578107083135176,60.32523948399103],[24.578092597995163,60.325256018065],[24.578079764505176,60.325272752911495],[24.57806913810567,60.325288548840604],[24.578008993804847,60.32539199588972],[24.578002199340723,60.325401304122956],[24.577988775415736,60.325417938372475],[24.577974423414965,60.32543438503216],[24.577959035460527,60.32545063315276],[24.577863860827538,60.32554742318819],[24.57785654244249,60.325555733746185],[24.577842654678317,60.32557226969979],[24.57775037930135,60.32568932404748],[24.577744713427276,60.325695868136116],[24.577729927009088,60.32571230685424],[24.577714383299764,60.325728453298254],[24.577698103851546,60.32574450548482],[24.577681060461533,60.32576035510467],[24.57766313115027,60.32577593705391],[24.577625161601603,60.32580649654729],[24.577617887075686,60.325812014207685],[24.577597424627815,60.32582682236228],[24.57755456291833,60.32585568472725],[24.57746347407883,60.32591149707057],[24.577443703154504,60.32592308396003],[24.57742028114682,60.325936760192945],[24.57730605187925,60.32600635260802],[24.577291116200666,60.326016491539534],[24.57727019642123,60.3260311116518],[24.57718654066069,60.32608976317116],[24.577142192546994,60.32611814018551],[24.577117324087748,60.32613250863192],[24.577092573459733,60.32614553178531],[24.577066619251497,60.32615817367569],[24.577039651547487,60.32617006946849],[24.577011361477066,60.32618123149778],[24.576981611631737,60.326191558445586],[24.576950730172676,60.326200777823516],[24.57693641059561,60.326204559065154],[24.576903952435448,60.326212321403595],[24.57687034869909,60.32621916455673],[24.576836345894197,60.326225281792574],[24.576767492655463,60.32623624317606],[24.57675655282753,60.32623793012232],[24.576721995430997,60.32624321977245],[24.576653122161208,60.326254450219764],[24.57661939356121,60.32626102154647],[24.57658649152197,60.32626841639866],[24.576567847382822,60.32627310686661],[24.576536232531527,60.326281953461],[24.57650548161883,60.32629136375957],[24.576383202470936,60.32632973672983],[24.576369025630846,60.32633379000207],[24.576274187881868,60.32635998839866],[24.57624415072568,60.326370031476074],[24.57621631061283,60.3263814710345],[24.576191396622047,60.3263944910471],[24.576182405348746,60.326400435452996],[24.576163283512965,60.326415716993],[24.576146847458894,60.32643166733356],[24.576131602845994,60.326447917871675],[24.576116376973935,60.32646415976707],[24.576099777389498,60.32648011610278],[24.5760792073746,60.3264963593405],[24.57603856300521,60.32652607014347],[24.576020332927712,60.326541538603934],[24.576005696634866,60.32655789005273],[24.57599764481536,60.32657192722176],[24.5759826851732,60.32660704706304],[24.575972548515217,60.32662428005539],[24.575959132567423,60.32663858768675],[24.575940017805557,60.32665377051414],[24.57591835649086,60.32666811639546],[24.575873843671136,60.326696490003556],[24.57586143534926,60.326705516084424],[24.575842458575586,60.32672079124466],[24.57582481132213,60.32673645895214],[24.57577549413817,60.326784417483175],[24.57575928707181,60.326799473664906],[24.575742102781035,60.32681524861891],[24.575726250010643,60.32683138920929],[24.575713269283053,60.32684813014366],[24.57570404839298,60.32686546965103],[24.57570103876483,60.32687502647299],[24.575698665169302,60.326892859178884],[24.575700850514732,60.32691077504307],[24.575706692794736,60.32692847914166],[24.575713934082327,60.32694612791235],[24.57572193108676,60.32696360182598],[24.57573085673424,60.326981011831606],[24.57573471861221,60.326988538093644],[24.575743814413148,60.32700585238976],[24.57578215621247,60.32707508241089],[24.575787732189017,60.32708416703175],[24.575798505073465,60.32710134123782],[24.575833306695998,60.327152361180275],[24.575846482009823,60.32717011817593],[24.57586050434214,60.32718671385736],[24.57587639316211,60.327202813588485],[24.575895551353007,60.327218065673584],[24.575921156654488,60.32723065962357],[24.5759525364069,60.327239406404495],[24.57598949264085,60.32724502103489],[24.576023035467824,60.32725147169208],[24.57604165802803,60.32725953663764],[24.57605818270223,60.32727536947174],[24.57606526143105,60.32729301525451],[24.576068665768293,60.32731086351152],[24.576069621797267,60.32732874796297],[24.57606908576578,60.32734427862784],[24.5760668323158,60.327362203357545],[24.57606185372911,60.327379988557595],[24.576052488135947,60.327397325448516],[24.576046728462757,60.3274051253684],[24.576031182436083,60.32742128057294],[24.576012042495453,60.327436552784334],[24.575990236619646,60.32745088706257],[24.575966656731822,60.327464470349035],[24.575941741806776,60.32747749030741],[24.575915499164147,60.32748984825837],[24.57589183791643,60.32750037585747],[24.575864290954044,60.32751200035899],[24.575851468887766,60.32751707539606],[24.576480052044,60.32851567998686],[24.577402628574617,60.32986361337832],[24.577437911938652,60.329856890491705],[24.577471777123357,60.32984852482468],[24.577501679705975,60.329838380174685],[24.577525830489854,60.32982517531082],[24.577528753494114,60.32982289302941],[24.577542643939385,60.329806348159146],[24.577550358906745,60.329788792444894],[24.577556849550607,60.329771133570034],[24.577565173289866,60.32975538553148],[24.577578918946177,60.329738838019004],[24.577603815020794,60.32972608688774],[24.577642552732534,60.32972213076013],[24.577678824325865,60.32972260316402],[24.577714846866566,60.32972228052352],[24.57774956464956,60.3297170743432],[24.57778058799027,60.32970793817729],[24.577808724699977,60.329696683330894],[24.577835695068707,60.329684787403444],[24.577863839054228,60.329673433866475],[24.577883061099815,60.32966732544651],[24.57791495388263,60.32965892372665],[24.577947709526523,60.32965134618448],[24.577980740673212,60.329643962295734],[24.57801306644035,60.32963582894717],[24.578027590137115,60.32963151231939],[24.57805717931695,60.32962119116261],[24.578084883490234,60.32960965889094],[24.578110539157844,60.32959692150925],[24.578134714259047,60.329583627153596],[24.578157717697522,60.32956976348752],[24.578179661494026,60.329555530176684],[24.57819427833739,60.32954555599894],[24.578214760978458,60.3295307481019],[24.578253017886954,60.329500274489725],[24.578270646750976,60.329484615108925],[24.578287246843367,60.3294686585115],[24.578291844298867,60.32946407116816],[24.57830709593496,60.32944773068313],[24.578321147991577,60.32943119766501],[24.578333965615023,60.329414453513316],[24.57834575314255,60.32939743008812],[24.578356028204997,60.32938028029332],[24.578365104359435,60.32936292899601],[24.578366561871597,60.329359640859934],[24.578373975363228,60.3293419897818],[24.57838001382284,60.329324313650766],[24.578388901663505,60.3292887236264],[24.57839073963189,60.32927834592786],[24.57839313670473,60.32926042379383],[24.578394564997463,60.32922452718433],[24.578393626422493,60.32920663410529],[24.57839113124199,60.329188721648414],[24.578387110324723,60.32917086223928],[24.578383625010563,60.32916019891152],[24.578368368883588,60.32910693079881],[24.578365421416038,60.32908901010041],[24.578365319705224,60.329080115172225],[24.578367409206187,60.32906218743433],[24.57837222332341,60.32904440815021],[24.578378732123717,60.32902674058872],[24.578386874014814,60.329009282439465],[24.57838921650813,60.32900456417972],[24.57839857469875,60.328987316831366],[24.578408856247442,60.32897007732265],[24.578420047192065,60.32895303404002],[24.57842654256755,60.328943369999465],[24.57845161164457,60.32890969170538],[24.57846506221683,60.32889295907511],[24.578508982566458,60.32884374244944],[24.57851872555106,60.328833769273324],[24.578534861436818,60.328817714362906],[24.578638737993693,60.32872314839229],[24.5786415046389,60.3287207734107],[24.578659597300145,60.3287052032798],[24.578733572936233,60.32864350891177],[24.57875315200669,60.32862841499242],[24.57877347763043,60.32861351432828],[24.578815902276716,60.32858447291183],[24.578827582392428,60.32857696038659],[24.57885028390368,60.32856300128213],[24.578873731301453,60.32854924440219],[24.57909248874632,60.32842964237555],[24.579097581438372,60.32842668094986],[24.57925911797395,60.328329930919345],[24.579283599889756,60.32831663297507],[24.57930135762373,60.32830753333459],[24.579450246928904,60.32822913836232],[24.5794974290098,60.328201890133734],[24.579519829057382,60.32818783560182],[24.579526725657548,60.32818302060303],[24.579607427156667,60.32812342450468],[24.579628485350877,60.32810889637424],[24.57965103001197,60.32809484445502],[24.579675348765942,60.32808154347104],[24.57970174733111,60.328069268475545],[24.579724030710906,60.328060700338895],[24.579754062403275,60.32805073721757],[24.57991183409837,60.32800672834846],[24.579932942499116,60.32799983655135],[24.57996239217202,60.32798941364171],[24.57999082091985,60.32797834333373],[24.580018089987362,60.3279665422557],[24.580044320701138,60.32795408448046],[24.58006968483227,60.327941341435114],[24.580094441643237,60.32792823699442],[24.580166380167913,60.32788787510504],[24.58030343641517,60.32780433216848],[24.580318823116258,60.32779446161724],[24.580340483275048,60.32778011501406],[24.580361390717457,60.327765413354],[24.58038068501897,60.327750233178485],[24.580397566009133,60.32773437128023],[24.58041294861323,60.327716236377384],[24.58046869064487,60.32763085362517],[24.580473072963084,60.32762500468997],[24.580484105512298,60.32760787751995],[24.580481594832204,60.327590404991234],[24.580456564566756,60.32757809190104],[24.580422350422666,60.327572618275866],[24.580397416001396,60.327573691438246],[24.580362714193075,60.327578718911425],[24.580327234004816,60.327582025453985],[24.580318556736845,60.3275817776499],[24.580283995203025,60.32757683663838],[24.58025661243016,60.327565468798774],[24.580248853244388,60.32755086506575],[24.580258818488993,60.32753371848158],[24.58027524233097,60.32751766861819],[24.580294236275442,60.32750238417589],[24.580316193089526,60.3274859858953],[24.580400742343663,60.32742771700582],[24.580422100644125,60.32741328405067],[24.58044089703363,60.32740042137501],[24.580504237837136,60.32735675878481],[24.580525445842344,60.32734215240293],[24.5805304267119,60.327338739745],[24.58065561706181,60.32725074952457],[24.58065901182115,60.32724820627963],[24.58069935136341,60.32721840771175],[24.580720571305125,60.32720388236398],[24.580743114203432,60.32718983922214],[24.580765224015334,60.327177485961194],[24.580790575808464,60.327164652734275],[24.58081738747861,60.32715265453635],[24.580845251399616,60.32714112463105],[24.58087381653332,60.32713015544013],[24.58090312703169,60.32711963997197],[24.580911421502165,60.32711673675769],[24.580941457941236,60.32710669262226],[24.58100294733854,60.32708777992414],[24.581034573906003,60.327079013332416],[24.58106660144467,60.327070703176005],[24.581099367048395,60.32706294541867],[24.58113253179672,60.32705591354949],[24.581166271128232,60.32704944008606],[24.581200555001473,60.32704368617326],[24.581235400845667,60.3270386611108],[24.581248330751265,60.32703701001267],[24.581425540176934,60.3270188556108],[24.581461086039248,60.32701465168914],[24.581530900565436,60.32700514262927],[24.581565308479224,60.32699966935057],[24.58159961696214,60.32699382595515],[24.581667216631228,60.326980952851336],[24.581700536695372,60.326974022480776],[24.581798781445922,60.32695119692241],[24.581811371858674,60.32694801250111],[24.581843555257464,60.32693979482603],[24.581875288184317,60.32693129946058],[24.582063105622872,60.32687724395495],[24.582091955309178,60.32686878591386],[24.582401891853372,60.326775989551685],[24.582407826994398,60.326774121276884],[24.582438295695386,60.32676434517897],[24.58246875110575,60.326754748490416],[24.58249979504926,60.32674552181595],[24.582531690438856,60.32673702925303],[24.582564430640097,60.32672936050934],[24.58258442673129,60.3267252417546],[24.582618015893548,60.32671858554069],[24.582651187272376,60.32671145460926],[24.58268278831392,60.3267027769994],[24.582711370544782,60.32669180773607],[24.582720125576145,60.32668683774064],[24.58274073033437,60.32667204039179],[24.582759258239307,60.32665666629347],[24.58276433034011,60.32665201557588],[24.58276438461311,60.326652016562974],[24.58279823251956,60.32664381995334],[24.582853844533698,60.32663601017619],[24.582923450234514,60.32662661337879],[24.582951913612316,60.32659251095864],[24.58298525459575,60.32657843027278],[24.583010804139175,60.32656021049926],[24.583038888337658,60.32654470473392],[24.583075959640173,60.32653113202584],[24.58307636560217,60.32653103161368],[24.58310701660022,60.32652098919576],[24.583164602018538,60.32649922881745],[24.583188020982984,60.3264904651833],[24.583193549224532,60.3264884637148],[24.583288076903624,60.32646295547065],[24.583288520372726,60.3264628377741],[24.58341267160709,60.32643995213651],[24.583412875913748,60.32643988398824],[24.583413127015874,60.326439672964625],[24.583449459448655,60.32639248172967],[24.58346408798422,60.32637348839661],[24.583573597567987,60.32633644884526],[24.5835949645098,60.32632921983859],[24.583717747032182,60.326293229952654],[24.583719230113694,60.32629277183984],[24.58371991605546,60.32629255973842],[24.583785933380174,60.32626969479193],[24.583825588873193,60.32625595327319],[24.583856802965055,60.32624514839644],[24.58389626734543,60.32621536892677],[24.583956738772493,60.32616974823371],[24.583962821055678,60.326165151768535],[24.583982218332107,60.326150502961546],[24.58398239043344,60.326150380329665],[24.583982457969523,60.32615020189961],[24.58399387383187,60.32611511565503],[24.584008361199185,60.3260705813489],[24.58398918408342,60.32600555594044],[24.58396330747168,60.32594392104846],[24.583914597431388,60.32587676877718],[24.58397260870642,60.32581369452076],[24.584052719342697,60.32571460533968],[24.5840585189952,60.32565060887352],[24.584114708540106,60.325615599921214],[24.584191534765754,60.325596219010286],[24.584287809313786,60.325516152835874],[24.58426633707149,60.32544663921859],[24.584178457574545,60.325340355244535],[24.584125188525594,60.32526871855298],[24.5840746422976,60.325227394686195],[24.58415761851494,60.32516646296221],[24.584315505107153,60.32510861753255],[24.58448692533404,60.32504509817595],[24.58459482516155,60.324982948365715],[24.584668244462016,60.32493414920424],[24.58470113936106,60.32491479603564],[24.584791711168844,60.32484174931887],[24.584859747939976,60.32483048155472],[24.584998795189353,60.32486257099533],[24.585127696214737,60.324878513337595],[24.585294534485236,60.32489462384018],[24.58536149527148,60.32489178916513],[24.585577025541024,60.32486915148483],[24.585762954947175,60.32481735627413],[24.58587730715244,60.32474726502491],[24.5859554963894,60.32469933333673],[24.58603896593553,60.32453649864421],[24.58600677204457,60.324392852477764],[24.58594272233929,60.32423465028741],[24.585760814445727,60.324115817008064],[24.585262776630014,60.32398532909204],[24.585122608016846,60.32396257967372],[24.58494615279817,60.32394185658701],[24.58481086306816,60.323902604100205],[24.58473164243948,60.32386448725044],[24.584603581011198,60.32379875859386],[24.584409154302993,60.32375455924232],[24.584305513051945,60.32373929088255],[24.584187702780365,60.32374760546864],[24.583999947494444,60.323782001316246],[24.5837825948939,60.32380976839762],[24.583653382872388,60.32381475815549],[24.5835346603617,60.32376582557308],[24.58346979357784,60.323677404237515],[24.583400468357443,60.32359686063649],[24.583323965914364,60.32349163623172],[24.583350011560544,60.32341522527192],[24.58341002680267,60.32333529090042],[24.583440433520654,60.32324986853887],[24.583400565333907,60.323165845205835],[24.583331111732733,60.323074070596014],[24.58313260551952,60.32299963055312],[24.582993259658775,60.32293619227952],[24.582939298048878,60.32296781876519],[24.582812361866544,60.32297391802313],[24.582709665984915,60.322933908710255],[24.582684040896098,60.32289024385397],[24.582671349049185,60.322802735170974],[24.582571018276724,60.32276945203741],[24.582422831052643,60.322721743054565],[24.5822844461431,60.32272003399445],[24.582130304443574,60.32272736236297],[24.581940272889177,60.322759522017414],[24.581702141962264,60.32276266272146],[24.58153202100459,60.3227621989016],[24.581285028453333,60.32277885855027],[24.581050319005563,60.32285495661],[24.58087522037923,60.32297460157012],[24.580756826429397,60.323090670351355],[24.58064303270966,60.32321456604477],[24.58052670051376,60.323319398628556],[24.580453049762074,60.323396002397736],[24.580242865310304,60.32344731263068]],[[24.607636089593477,60.310281104337086],[24.608172856050164,60.310338134891076],[24.609069803762168,60.308602754245804],[24.6089296019459,60.30819681242078],[24.608922131537746,60.30817517308996],[24.60868463816232,60.308005461900265],[24.60864970408991,60.30790259058042],[24.608672777296604,60.30785692398909],[24.608610347216036,60.30772427372362],[24.608537041947592,60.307661870989314],[24.608404322321086,60.3076553587804],[24.60832297073566,60.307619561934715],[24.608201119937235,60.30755578203148],[24.608053932884992,60.307523309134346],[24.60798144603751,60.307491076164986],[24.60794364618949,60.307423464522444],[24.607874062190973,60.30738298362184],[24.607800979583185,60.30738489253844],[24.607714604644176,60.30739749416665],[24.60761040952541,60.307397297690606],[24.60755269788545,60.30740514244794],[24.607350020614756,60.30740857094096],[24.607181507142663,60.30734492881221],[24.60710359155183,60.3072819930626],[24.607027021761464,60.307250898695884],[24.606788698089193,60.307197415784486],[24.606589469980417,60.307187125568014],[24.606410353411594,60.307148173859105],[24.606259022646164,60.30711868741765],[24.606079308003366,60.30710869412146],[24.605801808555334,60.30710047763905],[24.605682795596284,60.307143193097694],[24.60562555632195,60.30722817216997],[24.60549407905374,60.3073286111109],[24.605485000780096,60.307378176474856],[24.60555361261062,60.30744327208077],[24.60569028951466,60.307494880450754],[24.60577852941129,60.30751320570935],[24.60590659400271,60.307557822704574],[24.606063021382337,60.30761293057956],[24.606161021356485,60.30767427956735],[24.606261637734804,60.30778423682146],[24.60634381419952,60.30787132382917],[24.606373436822903,60.30804914274162],[24.606301424420966,60.30814970164828],[24.606227285165996,60.308262986805865],[24.60614054067899,60.30837458958292],[24.606027305586483,60.30846099421374],[24.6057698293786,60.308590387342434],[24.60541272616753,60.308706809738105],[24.6050401999134,60.30881747365028],[24.604883562555308,60.30886876255507],[24.604669100757345,60.30899093434986],[24.60450733263361,60.30927390552388],[24.604602304112845,60.30942581988892],[24.604623266474835,60.30956281780876],[24.604655567430083,60.30970173586699],[24.604607701363868,60.30981264632742],[24.604576191187263,60.3098856476554],[24.604488373130962,60.30998284857257],[24.604485278619407,60.30998628710177],[24.599947547573237,60.3080280816433],[24.599947493330436,60.308028080663384],[24.599850099174944,60.3081054062481],[24.59973940971851,60.30819267812375],[24.59950653427179,60.30833118128106],[24.599223647661187,60.30844875755008],[24.598951003587377,60.30856588056476],[24.59859603811914,60.308720410881335],[24.59846401572411,60.30884071239453],[24.598342013624507,60.30895965885362],[24.598251727572208,60.30909912050907],[24.59818347925451,60.30922102377303],[24.598120788465106,60.30932937353082],[24.5956562079605,60.31056569791602],[24.596426884522643,60.313240985930754],[24.600072232410447,60.31315051463352],[24.60389915055027,60.31221081866933],[24.606374088415713,60.31160312196249],[24.60714780968247,60.3116971764088],[24.607636089593477,60.310281104337086]],[[24.435111214812682,60.311724256893754],[24.43560728517375,60.312019344143835],[24.436370741753652,60.31247347516226],[24.437622436779677,60.31321798401055],[24.438847994387082,60.31394686631771],[24.44048665497677,60.31492136911274],[24.440567811361763,60.314969637190444],[24.440752647253817,60.315253874948105],[24.440758531920626,60.315260366511254],[24.440773574618003,60.315276646711],[24.44079016507144,60.31529258840199],[24.4408508783598,60.31533921382362],[24.44086231082672,60.3153488665943],[24.440881247026162,60.315364224616744],[24.44092428148554,60.3153930816971],[24.44094288522711,60.31540852314055],[24.4409535973409,60.315425528413854],[24.440953567389016,60.31544349463108],[24.44094927058318,60.31546136968329],[24.440947565942416,60.31547921381121],[24.44095206207672,60.31549187716464],[24.440966501920123,60.31550822657881],[24.440988573780455,60.31552239628545],[24.441013619137397,60.31553536558208],[24.44106645129074,60.31555982978187],[24.441072787381188,60.31556263784756],[24.441099433039223,60.31557482944245],[24.441150997597536,60.31559998786552],[24.44117542598096,60.315613205766155],[24.441198430232866,60.315627034056476],[24.441220029137728,60.315641464115565],[24.441299312652777,60.31570397923524],[24.441309401913845,60.31571136024766],[24.441329592214288,60.315726203347346],[24.44134759187219,60.315741731912745],[24.441360144728883,60.31575859292834],[24.4413661465012,60.315777474818525],[24.44136576856506,60.31581331128734],[24.441366015382716,60.3158258927936],[24.441367794661552,60.31584388486441],[24.441371287091037,60.315861739240965],[24.441375998814085,60.31587951828008],[24.441380938747272,60.31589623268959],[24.441384883266817,60.31591409577144],[24.44138607283653,60.315931986651606],[24.44138521358667,60.315937180474116],[24.441378796472343,60.31595484402164],[24.441368291493518,60.315971979678736],[24.441366247467045,60.31597472516912],[24.441352595641998,60.3159913420727],[24.44132064806014,60.31602351623921],[24.44131269727864,60.316031618867285],[24.441263946126632,60.31607972038724],[24.441245867156027,60.31609644067482],[24.441227572020793,60.3161119889558],[24.44120719991429,60.316126769580585],[24.441190202070104,60.31613731213894],[24.44116598133116,60.31615059027938],[24.44114088449353,60.31616349220728],[24.44112166428598,60.31617327328572],[24.441096999134018,60.316186444037996],[24.441073810128216,60.31620019120254],[24.441054175628974,60.31621526449631],[24.44104444873222,60.31622477024605],[24.441031240995866,60.316241494489866],[24.441000055436223,60.31629307841366],[24.44099134980361,60.31630503832953],[24.440950373803474,60.31635490650322],[24.440948506510598,60.31635747572379],[24.44092555756359,60.31639152097996],[24.44092190040174,60.31639728974941],[24.440889654616008,60.31644876339627],[24.4408875473233,60.31645231616715],[24.440857138916133,60.31650391503],[24.44084467713132,60.316520824309514],[24.440831553432535,60.31653647214681],[24.440818207812065,60.31655310388209],[24.440806360825945,60.31657002500005],[24.440799053136523,60.31658749170251],[24.440795966971972,60.31660539905207],[24.44079625205968,60.31662327251849],[24.440800907707125,60.31665911610884],[24.440801977314706,60.31666488608427],[24.44081334141338,60.316718448375475],[24.440828049606168,60.31677209304184],[24.44083205656929,60.31678707367338],[24.440845260542442,60.316840500712786],[24.440856029242486,60.31687645305727],[24.44086365456529,60.31689402771329],[24.44087419030803,60.316911209255025],[24.44088127111928,60.316920239196286],[24.440925452014763,60.31696941181542],[24.440937553717514,60.31698625519247],[24.44094086679724,60.316992517545025],[24.44094942850433,60.31700993056172],[24.440959360543378,60.317027190302106],[24.44097549283945,60.317043212963796],[24.440988734103517,60.317051283539016],[24.441013628924676,60.31706433975271],[24.44103587161426,60.317078422891],[24.44104217838649,60.31708554241875],[24.4410511812028,60.3171028740891],[24.441057425291614,60.31712051196416],[24.441061540499806,60.31713226064877],[24.441068399448575,60.31714991036467],[24.44107356958893,60.31716761738951],[24.441074589240618,60.31718559483291],[24.441074004298166,60.317189365576766],[24.441062681924173,60.317224802614106],[24.44105930719538,60.317242695426486],[24.441059921988792,60.31725034315224],[24.441065085117593,60.31726813987596],[24.441081110436585,60.31730311542444],[24.441083091327577,60.31730881311248],[24.441087205611442,60.3173265896355],[24.44108822527338,60.317344567078464],[24.441086676317916,60.31736250403657],[24.44108458297552,60.31737351329678],[24.441081659637444,60.31739142378601],[24.441082849074366,60.3174093146646],[24.44108596966349,60.31741826832351],[24.441097297338402,60.31743528542637],[24.44111294567289,60.31745147841458],[24.44112985111626,60.3174673452581],[24.441143091078242,60.31747936848313],[24.441176122149308,60.31751134766005],[24.441190537164236,60.317527795371966],[24.441202631480245,60.31754473739436],[24.44121183306619,60.317561614724845],[24.44121886195793,60.31757917786861],[24.441223404044152,60.31759704347444],[24.44122611894314,60.31761488287628],[24.44122730074094,60.31763287242215],[24.441227423302433,60.3176507427524],[24.441227196897238,60.317663584645345],[24.44122776383749,60.317681562350465],[24.441230478744707,60.31769940175206],[24.441237653049267,60.31771695871091],[24.441246285531772,60.31772745585234],[24.44126411644917,60.31774307099592],[24.441284470717296,60.317757917240314],[24.441294164661215,60.317764571959735],[24.441382282686913,60.31782141786491],[24.441473125998776,60.317880472198354],[24.441489588218754,60.31789228792901],[24.441508828844192,60.31790748101162],[24.44152619453935,60.31792325784323],[24.44154092436015,60.31793962173936],[24.441553061127344,60.31795602553853],[24.441565930066343,60.31797279378649],[24.441583320225604,60.31798849023023],[24.441602124339692,60.31799954253267],[24.441629422126926,60.31801129737608],[24.441657666970595,60.31802252246146],[24.44167360014937,60.31802929728177],[24.441699612095324,60.31804174602378],[24.44172325417996,60.318055316972966],[24.441743752821722,60.31807017490428],[24.441749324194205,60.31807512422022],[24.44176482777516,60.31809132331857],[24.44180249736755,60.31814180757972],[24.44184683128985,60.31819322863954],[24.44185890810043,60.318210170256116],[24.441869252273367,60.318230043032905],[24.441887828473128,60.31828312418839],[24.441894100691343,60.3182983280555],[24.441902807907596,60.3183157437983],[24.441913199961945,60.318332922475285],[24.44192546542293,60.318349768899054],[24.441939881175855,60.31836621653248],[24.441955172846964,60.318381423352434],[24.44197159563747,60.31839745146798],[24.441985866758053,60.318413896311334],[24.44199627697061,60.318431075330224],[24.44200051785255,60.31844677908835],[24.441999891641213,60.31846473381297],[24.441994841733813,60.31848251354143],[24.44198956940919,60.3184931831264],[24.441977721596228,60.31851011331357],[24.44196094155718,60.318525960373584],[24.441917766836955,60.31855530439065],[24.441899477632795,60.31857076305357],[24.441895417410464,60.31857589525215],[24.44188733288958,60.31859333806945],[24.441882590337944,60.31861112371168],[24.44187966730869,60.31862903421747],[24.441876589235825,60.31864684292101],[24.44187397363861,60.31866475934545],[24.441873636705083,60.31868271963919],[24.441874620290374,60.31869144348053],[24.441881273692545,60.318727235632046],[24.441881585303154,60.31873505718061],[24.441877681655527,60.31878887338433],[24.441877925320107,60.31880126617035],[24.441880748825156,60.31883716425515],[24.44188102747473,60.31885512741639],[24.441880251026024,60.31886319751909],[24.441876098205288,60.318881084348526],[24.441867868916304,60.31889852437802],[24.441865267326992,60.31890260665115],[24.441853274617877,60.31891953403956],[24.44184307633625,60.318936675641815],[24.441841058194072,60.31895459458453],[24.441847672112836,60.31896774783341],[24.441859145380818,60.31898476765901],[24.441864920736382,60.319002387474185],[24.44185213332678,60.3190197487326],[24.441834281907994,60.31903539548558],[24.44181510990903,60.319050558658994],[24.441803437295405,60.31906524635879],[24.441783490423425,60.319099798732275],[24.44177698721698,60.31910883658551],[24.441765584165644,60.319125865153644],[24.441756594484705,60.31914329952093],[24.441755301953986,60.31915611190046],[24.441760309992354,60.31917381576435],[24.44176978394584,60.31919115643991],[24.441780654127275,60.3192082455107],[24.44178888144203,60.31921999248162],[24.441801612621898,60.31923667719343],[24.441818350220093,60.31925262154861],[24.4418591652586,60.3192826033466],[24.441872048899878,60.31929919216866],[24.44187313566733,60.319310532161914],[24.441863650315337,60.31934610344023],[24.44186602515071,60.31936644263753],[24.441871810935393,60.31938416146877],[24.441876052476605,60.31940194040385],[24.441876061627877,60.319411543823335],[24.44187253063982,60.31942935278995],[24.44186106361145,60.31946478709967],[24.441859227138888,60.31947274696044],[24.44185273716287,60.319526513368224],[24.441839255465233,60.319581672346494],[24.441837851465724,60.319599612095224],[24.441838304171004,60.319605630698256],[24.4418416344408,60.31962348192383],[24.441852591878934,60.31965889877941],[24.441857545187958,60.31967938643388],[24.441860260577354,60.31969722582096],[24.441863102902612,60.3197331152804],[24.441863215337495,60.319739315983476],[24.441866881108517,60.31982902281231],[24.44187732772129,60.31990198039502],[24.44187774891777,60.31991025322153],[24.44187890231674,60.319946199998405],[24.441881013899206,60.31996411759363],[24.44188556366604,60.3199818934766],[24.441890689682342,60.31999438923703],[24.441907780142525,60.32002920548317],[24.441914332665288,60.320046849236185],[24.44191603710482,60.32005631460699],[24.441920068766525,60.32011010390189],[24.441924763256598,60.32012788256876],[24.441930064806968,60.32013813585911],[24.44194261959588,60.32015499682198],[24.441959382827378,60.3201708518102],[24.44197893946008,60.320185961049795],[24.442000082516234,60.320200471988834],[24.442022617102417,60.32021456054247],[24.44203033927548,60.320219111057945],[24.442078270533052,60.32024589692001],[24.44215441302142,60.32028436521841],[24.442162491818735,60.32028829375344],[24.442241491068113,60.32032520896375],[24.44225474439341,60.32033129429181],[24.442309640703385,60.320354719595905],[24.44233871389906,60.32036534059456],[24.442369379462487,60.32037482439592],[24.44239137638795,60.32038027848321],[24.442490483471197,60.32040212015783],[24.442522463156344,60.32041055120919],[24.44253301463118,60.320413898474335],[24.442592916408152,60.320434006308034],[24.44262391062088,60.320443226872435],[24.442658065940307,60.32044908559693],[24.442693831349857,60.32044825572696],[24.44270547498144,60.320445515294914],[24.44273583396846,60.3204357686647],[24.442765026273623,60.32042519107059],[24.44279634296176,60.32041663069786],[24.442863582059132,60.32040338056878],[24.4428879473804,60.32039801025458],[24.44298583128043,60.32037483024336],[24.44301959079999,60.320368383005516],[24.443054421704122,60.32036375305238],[24.443125051598518,60.32035577840421],[24.443146149877585,60.320353040193915],[24.443180871146108,60.32034795892925],[24.44321503362536,60.32034214823306],[24.44331630785846,60.32032262657162],[24.443339213648034,60.32031831508325],[24.443441300808388,60.32029997680931],[24.4435104386405,60.3202895387556],[24.443521387106752,60.320288042552676],[24.44355650356389,60.32028369644854],[24.443591723305662,60.32027988234183],[24.44362736415707,60.32027670516411],[24.44366323123408,60.32027434083347],[24.443697660667628,60.32027275734044],[24.443733741035903,60.32027183443524],[24.44380619848351,60.32027152147824],[24.443836523917103,60.32027192517826],[24.44387276037288,60.320272712080424],[24.44390877092993,60.32027430313157],[24.443944573676458,60.32027669867976],[24.44395577785579,60.32027772270695],[24.443991186026324,60.32028145815959],[24.44402587002555,60.320286347512514],[24.444060035812253,60.32029230489404],[24.444081947355972,60.32029676888431],[24.44411459206793,60.32030457452023],[24.444145763395145,60.320313618464844],[24.44416595938824,60.32032056478969],[24.444251035962118,60.320353912481416],[24.44428025518491,60.32036452687219],[24.44431245158702,60.32037412949474],[24.44432991991584,60.320378202550806],[24.44434525444265,60.32038176742961],[24.44436000691839,60.32038397360515],[24.44437977287838,60.320386923005074],[24.444392912272985,60.32038798421404],[24.444404629916374,60.320388928244114],[24.444476655408724,60.32039228979597],[24.44448649916267,60.320393107946465],[24.444521723712697,60.32039710922521],[24.44455606945728,60.32040262076837],[24.444590037630757,60.320409023379206],[24.444597188292832,60.32041046348375],[24.444612701911684,60.32041359158963],[24.444697517545006,60.32043267734659],[24.444744454924134,60.320443246070326],[24.444758780265538,60.32044558772118],[24.444778775658147,60.32044884690756],[24.44478841120471,60.32045117023909],[24.444794953136974,60.320452751344575],[24.444807409586634,60.32045698847841],[24.444807462441247,60.32045700746153],[24.444819319407525,60.32046103543221],[24.444844597886377,60.3204666869598],[24.4449182438944,60.320483150244556],[24.444950719213217,60.32049104224641],[24.444972257503615,60.32049657691464],[24.445034911429484,60.32051440086615],[24.445063295065957,60.32052366048982],[24.445095439830798,60.320534160262184],[24.445153564002535,60.32055548142849],[24.445209416157276,60.320578295043155],[24.445227597441395,60.32058622657076],[24.445236565693012,60.32059013608019],[24.445239398834847,60.3205914302564],[24.445241269510433,60.32059229269277],[24.445248124963474,60.32059542494373],[24.445294435126943,60.320616572808895],[24.44532203981633,60.32062815307697],[24.445343387712285,60.32063589393294],[24.44535393786781,60.32063972604614],[24.445384979055564,60.32064882108925],[24.44538510355295,60.32064885043286],[24.44541775047719,60.320656404247636],[24.445437399490714,60.32065992617448],[24.445451885506078,60.320662531355424],[24.44546224866621,60.32066388943663],[24.445484051024035,60.32066674306652],[24.445507833573494,60.32066882625634],[24.445519653557678,60.32066985300408],[24.44553416244081,60.320670311588884],[24.44555569969373,60.320670995117155],[24.44559686734109,60.320669181325854],[24.44562226528111,60.32066635469223],[24.44564967115679,60.32066054823844],[24.445755314431775,60.3206381891137],[24.44577398637768,60.320634280925354],[24.445774042036945,60.32063426402848],[24.44578632465618,60.32063168832895],[24.445852282567728,60.32061697473068],[24.44586555989243,60.32061441814368],[24.445883268783813,60.32061101246476],[24.445886647734373,60.320610421626064],[24.445890210346302,60.320609798383934],[24.446025925541935,60.320584827965384],[24.44603520603877,60.3205831198294],[24.446097637637838,60.32057203948551],[24.446205474511466,60.32055289330091],[24.446239039858153,60.32054707035519],[24.446273488456104,60.32054153387689],[24.446301651292565,60.3205339182143],[24.446305111816336,60.32053297858129],[24.446305953006018,60.320532644395826],[24.44631990118931,60.32052706427706],[24.446342782969364,60.320513319271896],[24.446345091016532,60.320510902183486],[24.446358251630773,60.320497087139955],[24.44636473027485,60.32048070020629],[24.44636621896183,60.32047694681566],[24.446528681268692,60.320470815987306],[24.447794759596345,60.32042293114166],[24.44749345991576,60.31992207032332],[24.44669065745512,60.31849488262265],[24.446345849414026,60.31845402968672],[24.445649977164138,60.31865684810922],[24.445634371346685,60.31866139912905],[24.44539843987615,60.31854629598495],[24.445164610511576,60.31843374816298],[24.445184970508237,60.318421203568406],[24.445911101931404,60.31797340865319],[24.4455232137546,60.316600550368264],[24.44550583029242,60.315607364010816],[24.44539748422482,60.31438887711737],[24.446024122515645,60.314382445437786],[24.44651548227948,60.314377408564326],[24.446515751671757,60.31379544352056],[24.44651584436491,60.313617107260185],[24.44366820207457,60.31361489991426],[24.44361085094912,60.31355583559498],[24.44360954177534,60.31355312437141],[24.44360731881879,60.313548203618495],[24.443593685229967,60.31351806253686],[24.443590365857307,60.31350840440744],[24.44358759277799,60.31350032888255],[24.443586633274066,60.313493608811605],[24.443585020827175,60.31348250126625],[24.443586278866327,60.31346455869309],[24.44359135880355,60.313448225818156],[24.443600953633677,60.313430892825416],[24.44360641386012,60.31342428729504],[24.443614614288478,60.31341436571809],[24.44363229898868,60.31339871555826],[24.44365415277992,60.31338440328802],[24.44365662668836,60.31338310337983],[24.443666861818112,60.31337773061104],[24.443693272911347,60.31336558118392],[24.443720578802644,60.3133537993203],[24.44372567251373,60.31335141790993],[24.443747004583916,60.31334146151439],[24.44375634526555,60.31333617933029],[24.443770784159877,60.313327994783606],[24.44378232326248,60.313319377141184],[24.443785189254175,60.3133172313524],[24.443789027261772,60.313313307587244],[24.443800937977368,60.31330109475405],[24.44380553893799,60.3132938977471],[24.44381189283526,60.31328396758228],[24.44381486844703,60.31327578706446],[24.443818308077546,60.31326630389934],[24.443819847570293,60.31324846555764],[24.44381513556039,60.31323067762296],[24.443803493465126,60.3132137445271],[24.443800959492773,60.313211180424766],[24.44378962775358,60.31320255395047],[24.44378125373349,60.313196167345424],[24.443755717872172,60.31318345862223],[24.44372617044148,60.31317318805853],[24.44369420378088,60.31316467660168],[24.443661236273922,60.31315738558745],[24.443643039725973,60.31315410688204],[24.44362725404397,60.31315126084785],[24.44359258761962,60.313146012290105],[24.443585274140013,60.31314505407917],[24.443564517973194,60.31314231901553],[24.44354684769532,60.313140415898324],[24.44352914195769,60.313138503113045],[24.443493554822123,60.31313530299254],[24.443421788256007,60.31313068800346],[24.443322832431626,60.31312571146199],[24.443274166099336,60.31312326573161],[24.443245231166852,60.31312091222948],[24.443210007582476,60.31311700035727],[24.443195510894483,60.313114807914346],[24.443175341264038,60.31311175169129],[24.44314253190952,60.313104292905216],[24.44311201683311,60.31309482106781],[24.443095210254807,60.31308789482895],[24.443084087448035,60.31308331483869],[24.44306962969558,60.313075993614156],[24.443058865648098,60.31307053117038],[24.443035692623326,60.31305678977062],[24.443030179401447,60.313053189125014],[24.44300952457488,60.31303850801181],[24.442990914856495,60.313023147584026],[24.44297430706641,60.31300719684544],[24.44295989238283,60.31299075829359],[24.442951479571043,60.31297931323661],[24.44294750245731,60.31297390055629],[24.44293726315623,60.31295663504],[24.442928124363945,60.31293687535378],[24.442922339057674,60.312919156556525],[24.442918927411466,60.312902345849636],[24.442918718781883,60.312901308744024],[24.442918422568816,60.312898149872034],[24.442917066039943,60.31288331014862],[24.44291724989148,60.31286544571878],[24.442917537511676,60.312861768063435],[24.442920151992713,60.31284385159778],[24.442922249054234,60.31283417192814],[24.44292398829159,60.312826057465315],[24.44295210878176,60.31273740258025],[24.44295449114806,60.31272847402291],[24.44295505324667,60.31272614915916],[24.442958780148935,60.31271067961911],[24.442967294786968,60.31266177620342],[24.442971237218845,60.31263915104708],[24.44297135038812,60.31263839862015],[24.44297188061584,60.31263486038491],[24.442984245041007,60.31256243168937],[24.44299017350075,60.312527609374996],[24.44370851284202,60.312260629959916],[24.44406478791841,60.31212820608588],[24.444064753859806,60.31212817848052],[24.44328105758426,60.31158636691015],[24.442766407121407,60.31123054713657],[24.443658339112833,60.310902372904366],[24.443724003419558,60.31087820440991],[24.4437240604656,60.31087816957398],[24.44378863956747,60.310839391139346],[24.444006114642228,60.31097740994352],[24.44417668333894,60.311085662360895],[24.44461723219523,60.31136523756547],[24.444690772080495,60.31142218735131],[24.444719149644445,60.31144416752307],[24.4447983465554,60.31150543027472],[24.44510980850991,60.311746371759625],[24.445320143965144,60.311669521084276],[24.445482089404848,60.31161034425074],[24.4459837282883,60.311427043632854],[24.445983877137735,60.31142699259407],[24.446461391898325,60.31125248833825],[24.447153442118953,60.310999574691344],[24.447539330372493,60.31085857477006],[24.44784556997918,60.31074668601103],[24.448318756815624,60.31057378105371],[24.44881206407309,60.31039264579431],[24.449054922994197,60.31030345994531],[24.449510252007798,60.3101362448273],[24.449048170269425,60.309809514210485],[24.448903831850913,60.309707494263556],[24.447664881133544,60.310120028829644],[24.44766481161404,60.310119991560526],[24.447002689138095,60.30966541260642],[24.446113865729494,60.309990137762966],[24.445830031483517,60.31009383822115],[24.445238523286584,60.31030987911487],[24.44471366295673,60.309945902241076],[24.44324473056179,60.310479443729484],[24.443244674217304,60.31047946959531],[24.44293696263874,60.31033329850627],[24.442936906995687,60.310333315402076],[24.44254759652429,60.3104704272976],[24.441959340312497,60.31067762298376],[24.439815731525027,60.30921818333495],[24.437349294840313,60.3101120994107],[24.437349255165806,60.31011214356248],[24.435111214812682,60.311724256893754]]],[[[24.691020660135496,60.35458927650319],[24.68729180458863,60.35143528828181],[24.684364738226737,60.35197511351451],[24.681635883321782,60.35248024511106],[24.677041765800467,60.35332519606007],[24.67809216106665,60.35074569734784],[24.67957299952578,60.35034099433902],[24.677494650076504,60.34987146492207],[24.677959014071266,60.34936003274362],[24.679315262474837,60.347842743985304],[24.6795277853679,60.347654891080595],[24.679217712106656,60.346634271860616],[24.68029780481909,60.34544858653618],[24.687751480373603,60.33726375523881],[24.695244600349177,60.32890059889366],[24.696742756007204,60.32719449638146],[24.698542653771874,60.32723251002203],[24.69981703539945,60.33339960770908],[24.701349402801956,60.341433625924886],[24.701595128972016,60.34289206619238],[24.701384519616973,60.34295972824123],[24.701218262764765,60.343344295291985],[24.701013906684032,60.343485532638724],[24.700709274618816,60.34352912068228],[24.700390513963338,60.34351363738121],[24.700004457633803,60.34342200342269],[24.699089161352102,60.34319646186007],[24.697457427356934,60.34274322518913],[24.6970550286724,60.34271858732106],[24.6974293188259,60.345537785156054],[24.697556760528656,60.346449828579914],[24.69770079305453,60.34783929979924],[24.697748835478013,60.34822251614603],[24.69778919833039,60.34854832714293],[24.69782824768573,60.348875552562255],[24.697890389144302,60.34944449223044],[24.697950429387205,60.34979874994705],[24.69795051643113,60.34979982935224],[24.697965465309515,60.3499557276718],[24.697964453127906,60.34998525354488],[24.697963618693905,60.349986290050474],[24.69789517721911,60.35009878755268],[24.69783093437767,60.35020469270741],[24.697764250765886,60.350315127663265],[24.697554601147782,60.350571460011096],[24.697360892954308,60.35075207625858],[24.69713990145983,60.350910823489734],[24.694070236941965,60.35278179709661],[24.69119375493501,60.35465865337917],[24.69114237327124,60.354692245172956],[24.691070520288125,60.35463128203014],[24.691020660135496,60.35458927650319]]],[[[24.681614016751325,60.258476555577225],[24.682404622191818,60.25656743124346],[24.68197391247873,60.25548909725311],[24.682092157184197,60.25312258241841],[24.681329137787337,60.253005395929556],[24.68132915330055,60.25300543213119],[24.680093703771547,60.25327006413486],[24.680035699541865,60.253276766249],[24.67832446315098,60.25347729940648],[24.678322222699883,60.25343594896168],[24.678510641529535,60.25341202763116],[24.678470639008708,60.25332583091805],[24.67831486413801,60.25334411625958],[24.678027215128214,60.252790162291205],[24.678082347148237,60.25268443086746],[24.678950027203783,60.252616627507756],[24.679465449406898,60.2525589988486],[24.679912396750694,60.252460395905665],[24.680753537121685,60.25207068162925],[24.680752262285658,60.25207388412203],[24.68075244914428,60.25207379756113],[24.68083982979728,60.25185313872176],[24.681749582840236,60.25176476374867],[24.681992354945656,60.25119385445599],[24.682947810538014,60.25116250118052],[24.68292483309882,60.25131729317715],[24.684029717670967,60.25122199765797],[24.684340908344815,60.25123310524179],[24.68450131494338,60.251036723091296],[24.684793492516288,60.250653977346175],[24.68499437530959,60.250277174837336],[24.68518432203789,60.249839934719695],[24.685408945889442,60.24944848190318],[24.685669372311853,60.24897857898331],[24.685957829978925,60.24859558641889],[24.685085408891148,60.24846866171223],[24.685125484768882,60.24842908266236],[24.684676502981997,60.24838375594386],[24.684707875117816,60.24834460003925],[24.684762134626602,60.248179664253485],[24.684786223076692,60.24809701304198],[24.684868114254197,60.247947919640836],[24.684963952589168,60.24776943577795],[24.685018729632425,60.24767698988711],[24.68505186685013,60.24762331282027],[24.685093639634573,60.247521037587134],[24.685163604962618,60.247357812875606],[24.685309068679352,60.24706046483206],[24.68542417317979,60.24681351868295],[24.685506135132865,60.2466441343775],[24.68556365251186,60.24665259321048],[24.685912726769946,60.24670394488753],[24.68714058074404,60.245173242081115],[24.687819250802036,60.24483122600001],[24.6878706145107,60.24489565524308],[24.688534667787287,60.24467364946014],[24.688897555560498,60.244664394736795],[24.68903642785864,60.24469758800681],[24.69004311905738,60.24493825490562],[24.691387373284325,60.245247576142035],[24.692470138077567,60.24544865886],[24.693994237371847,60.24605977956967],[24.694284957910767,60.24626598831662],[24.69477508223733,60.24654449448492],[24.695093295008146,60.24661911657233],[24.69559097915119,60.24680385565139],[24.695686766305133,60.24685636965862],[24.695985722222893,60.24715058535038],[24.697382080009017,60.24779148821312],[24.698209856635632,60.24827592717708],[24.699183499926402,60.24925470503408],[24.699038417351215,60.24930932774936],[24.699283961513434,60.24952534985346],[24.70019825250028,60.25008907360839],[24.701268341040123,60.25035459972693],[24.702371029609353,60.25121194212668],[24.702955430654836,60.25171234629792],[24.703204299773766,60.25219313478057],[24.70317539360243,60.25241584264489],[24.703106651216057,60.252938040907665],[24.70291863904103,60.25320356352493],[24.701557261453345,60.253989673808704],[24.700808249752594,60.25426269623139],[24.69993328349155,60.25442415073359],[24.698754463589818,60.25476336943614],[24.697296275206917,60.255109453308926],[24.696914851957263,60.25508018971261],[24.696656554324694,60.254889165475134],[24.696630557368177,60.2548699496338],[24.696073735166785,60.25482145264324],[24.69547335518792,60.25496009502381],[24.69289356558715,60.25624696329838],[24.692885387516156,60.25625657624905],[24.69261109226674,60.25655693804137],[24.691449579724488,60.25696721334762],[24.69123968238776,60.25704134267279],[24.689610811203234,60.2575866903905],[24.68898499475474,60.25787984760913],[24.68857909566915,60.25823441967442],[24.686903455050082,60.25869790648947],[24.685250657598633,60.25790722985628],[24.684137844276183,60.258215449861375],[24.682389250325198,60.25896474651509],[24.6820376253153,60.25874118127074],[24.681931443085954,60.25867367269451],[24.681614016751325,60.258476555577225]]],[[[24.53864945231749,60.29319691154148],[24.538527876991527,60.29320050634164],[24.53783594731518,60.292841706082406],[24.537263247382132,60.29253685557218],[24.535898216334246,60.29311211851007],[24.535477577355632,60.2932929314415],[24.535101402161573,60.29345399704491],[24.533577672508844,60.2934906385507],[24.533560999091893,60.29332264144313],[24.533494708122443,60.29264941176384],[24.53349299054804,60.292631862824614],[24.533491247466355,60.29261441222565],[24.53346003775764,60.29230891031679],[24.533393597357513,60.29162570643537],[24.533349045884577,60.291268672124204],[24.533323098528815,60.29090946805285],[24.533276948230473,60.29054557681085],[24.533236703091493,60.29019410205947],[24.533209016171227,60.28983567405887],[24.53317576482235,60.2894764150359],[24.53313320830228,60.28912130400005],[24.533095139081688,60.28876116489526],[24.533053449373316,60.28840273715051],[24.53580033148126,60.287581101188245],[24.54019070003907,60.28626767701497],[24.542207506388007,60.286636532022015],[24.54359629028567,60.28886378149152],[24.54636435051022,60.28847962583228],[24.548857520706964,60.28189087384202],[24.559546320138075,60.283300089933995],[24.559273207775025,60.283546918061894],[24.558624366591044,60.28415829505735],[24.558302847899594,60.28444338834489],[24.558259126430077,60.28448210070379],[24.558098944334613,60.28484874363026],[24.557848318739364,60.28520222479833],[24.55775119502498,60.28544428270956],[24.557644118739848,60.28543584557089],[24.557763805194327,60.28519159762142],[24.55795345903152,60.2848160648754],[24.558054026096038,60.2846012887204],[24.558177927559782,60.28444549293713],[24.55838988900378,60.28421173567781],[24.558660980604095,60.28395553872455],[24.559046308699617,60.28363588319614],[24.555874466520102,60.28447343396532],[24.552630310641565,60.28533049962567],[24.551816438061387,60.28721732393568],[24.551223825623843,60.28717001599841],[24.550184161557528,60.28786432764815],[24.54841951705441,60.289042731189696],[24.546515053373493,60.2903144597046],[24.54538422597158,60.29106946606111],[24.545109968471095,60.2912421445239],[24.543647911299534,60.29223944936735],[24.54044837489678,60.292368653805404],[24.53984539035171,60.29316959142558],[24.53864945231749,60.29319691154148]],[[24.547953345384464,60.28457266343068],[24.547959782503575,60.28486907945071],[24.548834800823425,60.284680187268755],[24.548661564883535,60.284241212372066],[24.547953345384464,60.28457266343068]]],[[[24.593116492741057,60.27379859667544],[24.593230495336773,60.27323811727739],[24.593665693232193,60.27238147241189],[24.594111412530523,60.271445284623546],[24.594291498108166,60.27122764929501],[24.595704984487934,60.27097395070275],[24.599085548800527,60.2703686646951],[24.602485027968456,60.26975988979785],[24.605865710383856,60.26915116640694],[24.59867464656071,60.27518877725154],[24.593158434521918,60.27407791728076],[24.593116492741057,60.27379859667544]]],[[[24.611881651294276,60.24909866100362],[24.620189221175806,60.24494341802559],[24.621505710712,60.24553047357526],[24.624927660273375,60.243877844218105],[24.626860927533535,60.24476595013119],[24.62286849860816,60.24657601204962],[24.617944993814795,60.24879672405974],[24.611929876514917,60.251512761698464],[24.611917043584533,60.25015967315907],[24.611881651294276,60.24909866100362]]],[[[24.703101269567583,60.269524902398324],[24.704661211640467,60.2696879954525],[24.703325522182553,60.271194579853606],[24.704327168978686,60.271454405956156],[24.703839484169446,60.271753337272926],[24.703592454649815,60.27190475027641],[24.701100060869763,60.271619580463934],[24.700738133226963,60.271579798880936],[24.697751292097458,60.27125124782639],[24.697295019123526,60.270661101890404],[24.69614839957375,60.269848001827306],[24.694220109782787,60.26964082800364],[24.69343777362863,60.26931891015209],[24.694186442989206,60.2685856871585],[24.696935974566944,60.268874741856486],[24.698401810071662,60.26903192004147],[24.698633742549067,60.26867820082819],[24.69888375327934,60.26829692168598],[24.69903876470448,60.26809880306502],[24.699316639883833,60.26774365140809],[24.699452381014606,60.26733269759455],[24.699791678578283,60.26709354151959],[24.70035308078197,60.26669781263016],[24.700707349242638,60.26658857712691],[24.70105185717493,60.26648235149992],[24.701051930671294,60.2664823348076],[24.70138607589688,60.266673763952326],[24.70178139509976,60.26726341555356],[24.701850833099204,60.26736697403399],[24.702765260759794,60.26838040488963],[24.703101280261752,60.26952474987983],[24.703101269567583,60.269524902398324]]],[[[24.513330225855483,60.35492295988491],[24.513769230771736,60.35681629801851],[24.51318561486705,60.3572261269749],[24.51299690227598,60.35728020654519],[24.513191204811363,60.35768751349241],[24.511445120370308,60.35788678558455],[24.509966573006075,60.35759331756944],[24.505936156792227,60.3555953759354],[24.504063053638085,60.35462628340224],[24.505859139967058,60.35432956567497],[24.51295193568228,60.353144534760155],[24.513330225855483,60.35492295988491]]],[[[24.642163360336816,60.307101792918786],[24.642380787520388,60.30761720813491],[24.64252436068784,60.30776130544812],[24.64301571091272,60.3080929876845],[24.64321472271057,60.30829491027912],[24.64323583638163,60.308401891627895],[24.643276921344604,60.30863774287327],[24.64357844871161,60.30888539973051],[24.643813943743517,60.30914823335795],[24.64392311373611,60.309334018432104],[24.643965769698415,60.30966877886359],[24.643853131995307,60.30992239335358],[24.643824695455653,60.31013087175314],[24.643691109961445,60.310759609762314],[24.64362010184,60.31104475507823],[24.64362302869956,60.311435581668505],[24.643742081434286,60.311776547594754],[24.643892996664274,60.31220834557315],[24.64397473525921,60.31238169698259],[24.64421355184632,60.31256915160266],[24.63997643688655,60.31168591098533],[24.63827006728396,60.309774213425875],[24.64018346734104,60.306960653135036],[24.640190443127654,60.30695053673717],[24.64021589478392,60.30695709706541],[24.640250046022388,60.30696327294598],[24.64028440530887,60.3069688237223],[24.640309083738426,60.30697330427241],[24.640343109781696,60.30697920842333],[24.640354571516568,60.30698093905875],[24.640389800263698,60.306984978187145],[24.64046136310717,60.30699028242031],[24.640470461595683,60.30699089314723],[24.640542205315064,60.30699594903274],[24.640577624051332,60.30699936269444],[24.6406060331924,60.307002822534265],[24.6406754198401,60.30701294765594],[24.640765307235117,60.30702649091804],[24.641357970806613,60.30692519717854],[24.641641498014685,60.30687472625723],[24.64179404773659,60.306847530669074],[24.642163360336816,60.307101792918786]]],[[[24.546107043055088,60.31298072742145],[24.546283234318306,60.312687056256266],[24.546343355977054,60.31261316722585],[24.54652725332707,60.31245444643385],[24.546627150354304,60.31236881434294],[24.546681796552473,60.31228872458927],[24.546767399413888,60.312098912763574],[24.546743134387494,60.31194470218619],[24.546689275876904,60.31175823505662],[24.546697490532967,60.31158792473854],[24.546956292765557,60.30938398239172],[24.547163359327584,60.30896289907845],[24.54746818503825,60.30875458670526],[24.547685614927488,60.308548882508504],[24.54835472867457,60.30818266902305],[24.549072880430884,60.30778447914798],[24.549282801480047,60.30779472968426],[24.551039861841204,60.308819224322434],[24.551561348742393,60.30954268951972],[24.551574211009363,60.31043181400906],[24.551577415400114,60.31065551422502],[24.551534166165048,60.31096035532011],[24.551498672043596,60.31121046207801],[24.55146039001793,60.311253315214195],[24.55098538752831,60.311783532426126],[24.55004507164431,60.31256176867547],[24.548378746728766,60.31208374929393],[24.547343716061526,60.31332249514633],[24.546107043055088,60.31298072742145]]],[[[24.605129172254433,60.32872877395027],[24.605153385548718,60.32877511241255],[24.605155291555807,60.328873939746465],[24.605120913813646,60.328920560941405],[24.605010988387683,60.328996622917245],[24.604854867307132,60.32911072099786],[24.60485481105655,60.32911074693268],[24.604698060515968,60.32918695296532],[24.604697378929874,60.3291873538917],[24.604483489667206,60.32931295947717],[24.604387703504987,60.329404932846835],[24.604374042467676,60.32941804407188],[24.6043739842431,60.32941809691936],[24.60432269252584,60.329461385861805],[24.604322170476415,60.329461834575966],[24.60432207540831,60.32946189574215],[24.604200644127733,60.329552508471735],[24.604142596974327,60.32959106739737],[24.604117867242262,60.32957155111049],[24.604117799475002,60.329571487009254],[24.60410959801577,60.32956498832091],[24.60297129977432,60.328662567356176],[24.60297124418109,60.328662584319204],[24.602509401470407,60.32880584848589],[24.602381611393056,60.32884580752698],[24.60224056364321,60.32888991089871],[24.601744128192326,60.32904381288588],[24.601376252973527,60.329157849833855],[24.601376255607533,60.32915781395008],[24.601376247392423,60.32915767905943],[24.60137423539453,60.329118944733196],[24.601374243296547,60.329118837081865],[24.601374174218616,60.329118790921115],[24.601374053496855,60.32911870789708],[24.601335192415945,60.32909033947967],[24.601335003933595,60.329090192352936],[24.601334879260968,60.32909016315455],[24.601183059755183,60.3290499738079],[24.601182082444755,60.32904971363315],[24.601180256759278,60.32904941119844],[24.601046996959354,60.32902712706646],[24.60104599497229,60.32902695627357],[24.60103312035531,60.32902613103265],[24.601026557057804,60.3290257071549],[24.601025984682035,60.32902560699572],[24.600922269543606,60.329008059952116],[24.600913716150153,60.329006612036565],[24.59972336219506,60.3279155888163],[24.599489252472065,60.3277010007232],[24.59920984527204,60.32744489272769],[24.599180386632963,60.32741804987502],[24.599180962195085,60.32741366766503],[24.599194583683783,60.32730987451288],[24.599194612979208,60.32730972233387],[24.599194730755407,60.3273095987016],[24.59926962726474,60.32723676233839],[24.59926968549352,60.327236709493164],[24.59926985358963,60.32723664066679],[24.599456498281228,60.32716363983917],[24.599465674751254,60.32716005075593],[24.59956652355362,60.327099630143586],[24.599626395249686,60.32701010160927],[24.599646724716678,60.32697971154033],[24.59964705173748,60.32697920542484],[24.599647223784952,60.32697908277237],[24.599783998256637,60.32686903390391],[24.599785172328485,60.32686809394355],[24.599864790257264,60.3267807633947],[24.599941294371707,60.32669685292942],[24.599941332530708,60.32669682666999],[24.60008333904287,60.326596905822534],[24.600085880882354,60.32659510125709],[24.60008690589843,60.32659446401909],[24.600236537234817,60.3264999805715],[24.600237049410527,60.32649966643734],[24.600237455979403,60.32649955700155],[24.600527550938637,60.32642283528063],[24.600528548276912,60.32642257481861],[24.600737157018315,60.32634910645818],[24.600737417537914,60.32634901235001],[24.600738376096707,60.326348293062],[24.600763317051282,60.32632934038464],[24.60082438279217,60.32628295050596],[24.6008253031893,60.32628225747696],[24.60082650448144,60.32628168629541],[24.600930582204256,60.326232237132295],[24.60093277721898,60.32623120779732],[24.601052016126232,60.32614228318769],[24.601052417767196,60.32614199400389],[24.601246996643663,60.326002463420195],[24.601410893298805,60.325960839638476],[24.60141174259709,60.32596062141251],[24.601462486466087,60.32595093745709],[24.60154636708003,60.32590342293955],[24.601546418060682,60.3259034687737],[24.601641428337835,60.32597976776252],[24.602672560121192,60.3268090262503],[24.604593951456998,60.325530372402305],[24.60387073840688,60.32490833611292],[24.603857174463997,60.324896674396555],[24.604250728900112,60.324738701010034],[24.604264201991747,60.324744683904434],[24.605765470833973,60.32541049688375],[24.60731995091969,60.32475698347266],[24.607347556207454,60.32474536264379],[24.607566954744613,60.32478074317386],[24.607628615979436,60.3247995403049],[24.607658467873236,60.32480968927191],[24.607687290376266,60.32482053832719],[24.60771452108024,60.324832346832245],[24.60773992415485,60.324845119525826],[24.607763265739028,60.32485883423391],[24.60778295870738,60.32487265393675],[24.607801890783207,60.32488796006992],[24.60788579234724,60.32496745001047],[24.60790402198813,60.32498295008918],[24.607920620768034,60.32499524089724],[24.608028397245093,60.32506730947947],[24.608044050814183,60.325079646138775],[24.608061725403136,60.32509530687763],[24.608077461115066,60.325111471687514],[24.608091099072674,60.325128083812956],[24.60810220313163,60.3251451623536],[24.608110562111207,60.325162622664216],[24.60811410569461,60.32517286396079],[24.608118199333553,60.32519068766419],[24.608120076083175,60.32520860621189],[24.608120120437142,60.32522656364414],[24.60811266428067,60.32529824700766],[24.60811200094223,60.32530805327896],[24.60811139402898,60.32532599899009],[24.60811403080094,60.325379817534774],[24.608126004553455,60.32545134754108],[24.608169281248696,60.32561221798626],[24.60817373415061,60.32563231181898],[24.60817906690294,60.325668105467955],[24.608180126994952,60.325686045247224],[24.60817950267286,60.32570398166136],[24.608175967697417,60.32572183874545],[24.608169188842822,60.32573946677753],[24.6081589628015,60.32575667345931],[24.608147932959838,60.32577001205017],[24.60813134993565,60.32578596350861],[24.60811263669845,60.32580131969376],[24.608008081361778,60.325874543233276],[24.6079885884303,60.325889660799184],[24.60797451285846,60.325902288815186],[24.607924140601526,60.32594998818343],[24.607905037707138,60.32596522055163],[24.607883177611686,60.32597951399347],[24.607857631336024,60.32599219604213],[24.607844907124985,60.32599675485784],[24.60781329259249,60.326005474051364],[24.60778057764575,60.32601314040781],[24.607747358697967,60.326020267698816],[24.607646304271363,60.32603995356354],[24.607624060993913,60.3260453740346],[24.607592565769558,60.32605419413534],[24.607561974843424,60.32606377608028],[24.607414224371738,60.326115570134014],[24.607409606085334,60.326117041021156],[24.6073787071416,60.32612637484436],[24.607347038744862,60.32613508397736],[24.607314728190413,60.32614316172843],[24.60728181166176,60.32615060874853],[24.607214591289246,60.32616391477919],[24.607145905263103,60.32617521817034],[24.607107574617785,60.32618065433308],[24.607037230741067,60.3261891162005],[24.60696612714607,60.326195830669526],[24.606894459560987,60.32620084617711],[24.60686049267629,60.326202597045096],[24.60678826823045,60.326204826779986],[24.606752077955868,60.326205028471875],[24.606715907997316,60.3262044579979],[24.60667981263058,60.32620311633546],[24.60653145968163,60.326193851387856],[24.606495319658126,60.32619311970209],[24.60645917517396,60.32619393296998],[24.606423510785444,60.32619684786978],[24.606408100054562,60.32619900467119],[24.606374383230445,60.32620550284401],[24.60634192137871,60.32621341594676],[24.60621687030151,60.326249574211595],[24.606184509029802,60.32625759688212],[24.606156940014277,60.3262630110167],[24.606122383884067,60.32626835319242],[24.606087112870345,60.32627232607788],[24.606051423702798,60.32627533026101],[24.605979575174633,60.326279596446106],[24.60596131015917,60.32628040825743],[24.605852964939416,60.3262838642473],[24.605635867837,60.326285199291],[24.605608597009805,60.326285058322334],[24.605536197190656,60.32628522715555],[24.605463898435488,60.326286736209795],[24.60542802462774,60.3262890452229],[24.60539268903508,60.32629290896801],[24.605358165648514,60.326298296450894],[24.60533185724141,60.326303562455806],[24.6052994285982,60.32631151183764],[24.60526830618375,60.326320670479376],[24.605238555444238,60.32633088685336],[24.605210152028512,60.32634199883107],[24.605127158722162,60.326376722099226],[24.605121330213695,60.32637913226265],[24.604982344372136,60.32643657909064],[24.604929761069265,60.32646123254386],[24.604927369472442,60.32646247398858],[24.604904753725922,60.3264742022218],[24.6048808144226,60.326487676214605],[24.60486120935386,60.32649960242139],[24.60483943540247,60.32651393286577],[24.604818861390648,60.326528698141104],[24.60479952613157,60.32654386301618],[24.60470997431473,60.32662183688578],[24.604698238095082,60.32663243170219],[24.60456563015826,60.32676002311296],[24.604555628334694,60.326771421699725],[24.604528712468507,60.32680473892852],[24.604518062407607,60.32681979081917],[24.60450472736765,60.326838603030794],[24.604483731917302,60.32687295218971],[24.60446460716355,60.32691020058231],[24.60445012686853,60.32694537680836],[24.60443921155436,60.3269808508423],[24.604434924098395,60.32699930511935],[24.604429095425605,60.32703507744],[24.604423010431294,60.32712476001788],[24.604408917231613,60.327288595144665],[24.60440648346978,60.32730202550553],[24.604402782759273,60.327319888508406],[24.60438811225876,60.32737322455952],[24.60437456782979,60.327408480526984],[24.60435746422697,60.32744335794185],[24.604353799349635,60.32744985832408],[24.604314048355263,60.32751887544094],[24.604306440066402,60.32753641648879],[24.604300864960475,60.32755414689234],[24.604297887832185,60.327572022935364],[24.604297625984827,60.3275847378866],[24.60429964613702,60.32760265010871],[24.60430408368341,60.327620453196246],[24.604310615605574,60.32763810539532],[24.604318900134885,60.32765557359678],[24.604357688574712,60.32772473080394],[24.60436142391513,60.32773184964386],[24.604378028608135,60.32776679566323],[24.604397498611448,60.32781974099506],[24.604406663340125,60.32785535238082],[24.604412683051297,60.327891113684494],[24.604414685917423,60.32791148688366],[24.604415678378444,60.32794737316301],[24.604413410330977,60.32798325457173],[24.604407762353976,60.32801903014628],[24.604398576211405,60.328054634154604],[24.604396237602064,60.32806182317151],[24.60434973867272,60.32818531624225],[24.604340571165793,60.32822091160025],[24.60433992949328,60.32822496925083],[24.60433888379463,60.328238739027775],[24.60433182824582,60.328331027082754],[24.604381351073137,60.328386472346956],[24.604464091734158,60.328450915228274],[24.604596302639113,60.32853372121462],[24.604596729300887,60.32853407923392],[24.604656431068186,60.328545575257415],[24.604700680273236,60.32855409792935],[24.604702576699403,60.32855467107497],[24.604757574402434,60.328571274344775],[24.60482173588332,60.32859063876284],[24.604821859899683,60.32859067692896],[24.604824994501342,60.328591164591785],[24.604861505755213,60.32859675410988],[24.604968155650223,60.3286130753932],[24.60496878230843,60.32861317651347],[24.604969110283577,60.32861339801101],[24.605069250536232,60.32868220527381],[24.60506971601984,60.32868252805977],[24.605071567434802,60.32868396273911],[24.605129172254433,60.32872877395027]]],[[[24.47344894330062,60.3574560282788],[24.473603586389423,60.357162465584715],[24.47367675137253,60.356891681485],[24.473494318311072,60.35672463984969],[24.47357371021233,60.35671026582317],[24.473861172243517,60.35665821613215],[24.4740589405904,60.356578626375615],[24.473916419910204,60.35614165161031],[24.473902966535384,60.35610040554686],[24.47552724380658,60.355384070318756],[24.476218840256866,60.35508103314806],[24.47916539822832,60.35425101620705],[24.479139853485673,60.35439443413197],[24.478642351871194,60.35718735302061],[24.47488728610329,60.35771852844922],[24.4736476282021,60.35789386384653],[24.473556587308323,60.35769325445105],[24.47344894330062,60.3574560282788]],[[24.475569500438567,60.35589339520344],[24.47569523052102,60.355961143929456],[24.475877829874577,60.35605953579475],[24.47641196123658,60.35581674144725],[24.476105575428296,60.355652426647076],[24.476059574330172,60.35567329296653],[24.475569500438567,60.35589339520344]]],[[[24.494014837108594,60.37481661411559],[24.493982607305835,60.374812000507696],[24.493950819990875,60.37480658674434],[24.493923939494078,60.37480130134039],[24.493893351538055,60.374794445904],[24.493863510608982,60.37478684096591],[24.49383436029109,60.37477851241327],[24.4938060783039,60.37476950851025],[24.493778117513692,60.37475963030389],[24.493752126907854,60.374749375983605],[24.493727775369933,60.37473856863278],[24.493705432121295,60.37472712537684],[24.493685143044374,60.3747149213172],[24.49366662861548,60.37470181644144],[24.493649664543803,60.37468789635602],[24.493634128343505,60.37467333841691],[24.493619079642023,60.37465763083461],[24.493604060402998,60.37464130396844],[24.493588949218296,60.37462499333432],[24.493575881120027,60.374611371219395],[24.49350797618383,60.374546886412595],[24.49349507450334,60.37453558507596],[24.493457229800022,60.37450394305451],[24.49339651660173,60.37445801812153],[24.49338865041083,60.37445248900118],[24.49336640689921,60.37443739142241],[24.493320019378665,60.37440831926839],[24.493294726080457,60.37439395472756],[24.49326894423979,60.37438028166142],[24.49326319841142,60.37437737963355],[24.493236302237328,60.37436427845092],[24.4932080817236,60.37435141281862],[24.493123309454745,60.37431614654516],[24.493105699330957,60.37430922106514],[24.49296226717955,60.37425396668893],[24.492957652442332,60.374252163940845],[24.49292920709975,60.37424104572349],[24.49281359437704,60.37419774201786],[24.49279408946188,60.374191158076755],[24.492766419895442,60.37418198582099],[24.4927362894395,60.37417202157713],[24.49270629340009,60.374161961044976],[24.49264779994115,60.37414075429478],[24.49261958322858,60.374129496587244],[24.4925991514167,60.37412081105554],[24.49251706309669,60.374084867331064],[24.492486664912935,60.37407272405974],[24.492464674554896,60.37406496134319],[24.492457197855906,60.374062628524186],[24.49242473299293,60.3740547132791],[24.49240710354699,60.3740520543349],[24.49236691462767,60.37404879946473],[24.492349638963017,60.37404767431723],[24.49231492785713,60.37404514252591],[24.492306006629896,60.374044372486026],[24.492270676780766,60.374040921721225],[24.492235227530024,60.37403713631954],[24.492199771390627,60.37403344060993],[24.49216199038457,60.3740300154738],[24.492087736098945,60.37402479780655],[24.49204858955702,60.374022379957125],[24.492038373503682,60.37402216939343],[24.49200214666617,60.3740218906651],[24.49198582275741,60.37402160088003],[24.491958309542174,60.37402125285423],[24.491946193196096,60.37402074594567],[24.49193630272428,60.374020784057464],[24.49192199020249,60.37402028964056],[24.491902918688236,60.37401963363336],[24.491886758515683,60.37401933793995],[24.491871356965333,60.37401884993491],[24.491857066881508,60.37401853559707],[24.491846047518255,60.37401839072148],[24.491833947074884,60.37401862072097],[24.491823693593773,60.374018660963365],[24.491814896472466,60.37401887239382],[24.491804620555612,60.374018732548684],[24.49179491607335,60.37401871127457],[24.4917805291263,60.374001255246796],[24.49177092067702,60.3739839432124],[24.49175692316111,60.373966377743216],[24.491752562389436,60.37396127394004],[24.491738245586163,60.37394526551713],[24.49167834165463,60.37387989750115],[24.49166632462475,60.373864417522455],[24.491661762657277,60.37385768397155],[24.491630120208846,60.37380605404308],[24.491617407152496,60.373787830056465],[24.491601934109845,60.37376940131298],[24.49158261932189,60.3737511516558],[24.49155969781631,60.37373427129123],[24.491533586771272,60.37371852553873],[24.49150517680271,60.37370412881972],[24.491474702547627,60.37369086097848],[24.49135652196547,60.373647498548806],[24.491343397747933,60.373642642696666],[24.491315788728553,60.3736322226106],[24.491287269266696,60.37362113856202],[24.491259891118172,60.37361007603053],[24.49123205698072,60.37359857370239],[24.4911212687539,60.37355227822574],[24.49109444885752,60.3735412711028],[24.491066945926093,60.373529945664906],[24.491039281866982,60.37351835667064],[24.491030762088133,60.373514728487564],[24.49089247333806,60.373455670100235],[24.490832923506137,60.37343289749121],[24.49080137993118,60.37342198087262],[24.490769264097505,60.37341166430684],[24.490736139848067,60.373401957532764],[24.490711410243396,60.37339538252115],[24.490676719285016,60.373386939754106],[24.49066524811233,60.37338418113977],[24.490376413100826,60.37330916693709],[24.49043408466322,60.373290087723035],[24.490477067505672,60.37327587873967],[24.49237386111412,60.37264857388729],[24.49279496422584,60.372509295341025],[24.493620330868904,60.37223631902915],[24.49445953402577,60.371958738492076],[24.49451859597201,60.37193920764571],[24.494585193619237,60.37195217599142],[24.495217248873956,60.3720752450775],[24.495456081308543,60.372121738099686],[24.495949672541872,60.37221784333111],[24.495982043035156,60.37222413898836],[24.49602772885785,60.372233038857175],[24.49602142304139,60.37224097803816],[24.4960147365388,60.372249386159524],[24.496009534469504,60.37225594474624],[24.495998811561147,60.37226943321078],[24.49599862924403,60.372269681306896],[24.49567667152845,60.3726749675929],[24.49566845862929,60.37268529630483],[24.495661972379708,60.37269345665229],[24.495655845950225,60.37270118359945],[24.49565550493089,60.37270160837026],[24.495649019363473,60.372709759746854],[24.495648878092894,60.37270994573328],[24.49558025571036,60.37272497621072],[24.495228286976378,60.37280205438641],[24.494867347845922,60.372881109695435],[24.494836957140862,60.37288776881602],[24.494836126789792,60.372887950808135],[24.494832713430398,60.3728886950111],[24.494695597368594,60.37291871261574],[24.494696419654957,60.372918871832084],[24.494698080965144,60.37291920854622],[24.494750975110044,60.37292969088433],[24.494759856538558,60.37293144815972],[24.494767504537396,60.37293296661068],[24.495231667865653,60.3730249808104],[24.495516725310093,60.37308148882013],[24.49552516013259,60.37308315678697],[24.49552941308648,60.37308400042247],[24.495539277179635,60.37308595580772],[24.496129927740995,60.3732030394671],[24.49660943074066,60.37329809530173],[24.496613469805578,60.37329888996111],[24.4966175269864,60.37329968496128],[24.497109452592667,60.3733972005442],[24.497116939836246,60.373398688883256],[24.4971368112702,60.37340262905701],[24.49715032092202,60.373405308677754],[24.497188759946155,60.373412921937],[24.497238831968385,60.37342284711379],[24.497239324435952,60.373430851368305],[24.497240402256757,60.37350262892168],[24.49723833861334,60.373520538399255],[24.49723486331019,60.3735384033522],[24.497232638594788,60.37354729971586],[24.497201525205657,60.37367260400064],[24.497195895104426,60.37370932892696],[24.49719461615319,60.37372150396112],[24.497193400943864,60.3737392317713],[24.49719104755301,60.37377510206492],[24.497188759178375,60.373791920354435],[24.49718495916552,60.37380834189575],[24.497179224869107,60.37382467314687],[24.49717812840136,60.373827140846196],[24.497169745283752,60.37384300005509],[24.497159149252962,60.37385885356238],[24.497147074301232,60.37387577518675],[24.497145554527986,60.37387784864697],[24.49713680546443,60.37388689175351],[24.49712143275006,60.37390234097912],[24.497105172367846,60.3739170638346],[24.497095939721195,60.37392460664009],[24.497077127740933,60.37393853588536],[24.497056961641302,60.37395214320734],[24.49703568953892,60.3739655051388],[24.496918480343435,60.37403396114836],[24.496899053509633,60.374046207938015],[24.4968764045996,60.37406119683642],[24.496833835583423,60.37409154936136],[24.49675544887363,60.37415292938351],[24.49674789958453,60.37415910247301],[24.49673036620966,60.374173388107884],[24.49663166724178,60.37424861512929],[24.496611756240448,60.37426196667751],[24.496595866552234,60.374271854540915],[24.496573653169598,60.37428494716215],[24.496551150168518,60.3742975582235],[24.496526517651347,60.374310731076974],[24.496502121359498,60.37432318972066],[24.49647657911955,60.37433592323808],[24.496450932293424,60.37434860088378],[24.496399708292177,60.37437399340437],[24.496394915337966,60.374376400515125],[24.496369996542317,60.374389046931476],[24.496344839674467,60.374401958356955],[24.496192651730087,60.37447888232814],[24.49618349530706,60.3744833003775],[24.496158130590633,60.37449537242575],[24.495997599624147,60.37456799793137],[24.495991213480767,60.374570833180535],[24.495965482222804,60.374582242525406],[24.49585639063661,60.37462950651008],[24.495830172268747,60.374640170043484],[24.49580177619992,60.37465131360113],[24.495772929058333,60.3746621881509],[24.495758780117164,60.37466735660751],[24.495731280304355,60.37467722345009],[24.495701555325578,60.374687479589916],[24.495672301419443,60.37469703492326],[24.495579062777086,60.37472472641552],[24.495549232171005,60.3747330491591],[24.4955173539079,60.374741575891726],[24.49550765630176,60.37474406131649],[24.49547701530884,60.37475159623793],[24.495444175320436,60.374759179584444],[24.49541325345979,60.374765882755],[24.49537977943593,60.3747727444811],[24.49534837350342,60.37477889953489],[24.495246211657353,60.37479733186304],[24.49521209902009,60.37480305863146],[24.495142913611172,60.37481378439629],[24.495110695056695,60.37481823526398],[24.495075529015317,60.37482255875979],[24.495041876357533,60.374826075310644],[24.495035479776256,60.37482668250018],[24.49500120709365,60.37482953159681],[24.494967452973437,60.374831770612566],[24.49493399588564,60.374833449275165],[24.49489786217183,60.374834781083266],[24.494863847681543,60.374835685665055],[24.494827639512057,60.37483633333332],[24.494791399729493,60.374836683952786],[24.494756829908297,60.3748367875332],[24.494722383945007,60.37483669580796],[24.494686138734544,60.37483640849351],[24.494541291584728,60.37483351892496],[24.49451694487559,60.37483279988256],[24.494334629495306,60.374828539673025],[24.494149419672453,60.37482747659045],[24.494114112598986,60.374825841353],[24.49408072735406,60.37482351467262],[24.49404758117374,60.374820437902954],[24.494014837108594,60.37481661411559]]],[[[24.56911313857844,60.339978449141405],[24.5691278154042,60.33996241350586],[24.569237974719154,60.33984930261021],[24.569326931639598,60.33977099008029],[24.569394256210153,60.339707445158815],[24.56940640527659,60.33969420188279],[24.56954367840978,60.33952818300726],[24.569546720559682,60.339525049687225],[24.569662234942296,60.33941324008429],[24.569674797657154,60.33939881860235],[24.569729078726876,60.339332268332576],[24.569759073113943,60.339299606793375],[24.569776001526627,60.33928374699707],[24.569797370021366,60.33926618076421],[24.5698174724952,60.33925125931266],[24.56988212573959,60.339208002666496],[24.569891641738064,60.33920164603327],[24.569933667856315,60.339172411297625],[24.569953380735306,60.339157365927214],[24.569971522429608,60.3391422469195],[24.569988539810307,60.33912640669021],[24.570003849157622,60.339110139989316],[24.570016874016133,60.339093400348666],[24.57002726786287,60.33907621736663],[24.570034623760282,60.33906040713845],[24.570037151340102,60.33904786826691],[24.570048220549406,60.33897629705759],[24.57004896975497,60.33896135418827],[24.570073750375407,60.33892763611116],[24.57008660804817,60.338912411522436],[24.570117011922772,60.338879838241006],[24.570131572016038,60.33886243496692],[24.570141607111363,60.33884520050522],[24.570149381254865,60.33882766421249],[24.57016991252919,60.33877481567439],[24.570175087821568,60.33876493024223],[24.57018661027636,60.338747920587515],[24.57020036688118,60.33873132904957],[24.570214328203456,60.338715639544176],[24.570228888490803,60.33869920641966],[24.570241787717794,60.3386824464975],[24.570245231732546,60.3386768322389],[24.570261138693226,60.338640589435535],[24.570269289431522,60.33862310493446],[24.570274863524958,60.33860931921732],[24.57027816738977,60.338591458675324],[24.57027922985278,60.33857961165562],[24.57028641538329,60.338525890375465],[24.57028879302572,60.33851439077842],[24.57029798396853,60.33847877978756],[24.57030142109811,60.33846667973301],[24.57031220801937,60.33845346538398],[24.570442579072026,60.33828606191745],[24.570454404863284,60.3382691116836],[24.57050171123975,60.338201265882894],[24.570514863155875,60.338183540399996],[24.57061087467125,60.33806728639817],[24.570613786480777,60.33806395304991],[24.570628256451382,60.338047509252945],[24.570733632022833,60.33793325881125],[24.570740945886854,60.337925559357764],[24.57078825992106,60.33787708976389],[24.57082255931692,60.337845476831404],[24.57084104896416,60.33783004967251],[24.570860672119885,60.33781497559191],[24.570881410019087,60.33780026322912],[24.570887320954366,60.337796319941916],[24.57097766152421,60.337740210516266],[24.570999351877745,60.33772584790757],[24.57101968276623,60.337711002326735],[24.571038225867195,60.337695585101905],[24.57105431626459,60.33767952120423],[24.571060858410686,60.33767147526601],[24.571105208666292,60.3376031440785],[24.571118267870414,60.33758641395164],[24.571134340743765,60.337570340742154],[24.5711561691623,60.33755460624577],[24.571179864992832,60.33754105278266],[24.571205733444998,60.33752850018279],[24.571233152467688,60.33751678437025],[24.571346160223356,60.33747190427818],[24.57136517337175,60.337463322616365],[24.571390989401717,60.33745074207546],[24.571415824670442,60.337437703449325],[24.57143981995089,60.337424263207694],[24.57159811790637,60.33732616906564],[24.571608551373856,60.337320134498086],[24.571632528391593,60.33730669388991],[24.57182759101893,60.337200584597284],[24.571850584451234,60.33718672175432],[24.571872626649228,60.33717249119896],[24.571893001267334,60.33715826611264],[24.57197333225371,60.33709854174412],[24.571993945851027,60.33708378203324],[24.5720152646248,60.33706928672083],[24.57203758888264,60.33705516010353],[24.572061249791126,60.337041578904824],[24.57207472560095,60.33703459378211],[24.57210080313273,60.337022143647175],[24.57212782118976,60.33701020474531],[24.572295750787134,60.33694192036706],[24.57230583807732,60.33693737058952],[24.572332282137435,60.33692510676307],[24.572385203057898,60.33690062460868],[24.57241270761381,60.33688896402307],[24.572441823794975,60.33687829403459],[24.572472742095048,60.33686897743742],[24.57250557529021,60.33686144746962],[24.57254304119395,60.3368557088444],[24.572578648222503,60.33685255029314],[24.572650613867456,60.33684855549528],[24.572669185055556,60.336847619028084],[24.572705102100006,60.336845409310065],[24.572740836543993,60.336842486598016],[24.572776077212907,60.33683840504757],[24.57280940787884,60.33683149492739],[24.572838535311966,60.336820914888726],[24.572846893991656,60.33681645927042],[24.57286672610147,60.33680147855497],[24.572881942424036,60.33678520985046],[24.572906218393133,60.33675139224935],[24.572919133556276,60.33673463238072],[24.57293454554922,60.336718412157865],[24.572952109080614,60.33670567167153],[24.57297645245588,60.336692408196434],[24.573003694511236,60.33668061693956],[24.573032965185146,60.336670057441566],[24.57306347413364,60.33666039188693],[24.573157000188434,60.336633021655906],[24.5731872690454,60.336623172032276],[24.57319760843807,60.3366193723738],[24.573225598508337,60.33660799895983],[24.57325240732068,60.33659593924022],[24.57327820384296,60.33658335799269],[24.573403938186676,60.3365188024128],[24.57343055446416,60.336506649315126],[24.57346265559223,60.336493841767805],[24.573491978907686,60.336483301099086],[24.57352207455871,60.33647334044537],[24.5735528225354,60.33646386778649],[24.573742273548884,60.33641120051675],[24.573928056231736,60.33635497168309],[24.573959689023187,60.33634626964553],[24.57399188433102,60.33633804497795],[24.57402466702327,60.33633045084317],[24.57403107576905,60.33632906765495],[24.57406462891455,60.33632232298174],[24.574098692399904,60.336316270314754],[24.574133232033038,60.336310882080824],[24.574168092943754,60.33630604765846],[24.574273756278767,60.336293585210726],[24.574298535335718,60.336291037081885],[24.574334040227953,60.33628753485546],[24.574511656503876,60.33627024983038],[24.574523253501564,60.33626903314734],[24.574558587263063,60.33626515045685],[24.57462888305959,60.33625653387235],[24.57469833094533,60.33624640163555],[24.574732477392654,60.33624044913407],[24.574766130225427,60.33623382288317],[24.57479918219666,60.33622650296079],[24.574810473509224,60.33622378951336],[24.574842582001313,60.33621550916235],[24.57503192628061,60.33616276628542],[24.57505509389203,60.33615726917618],[24.575088214111602,60.33615000432603],[24.575121815821802,60.33614333213992],[24.575155862831927,60.336137251957275],[24.575190303518635,60.33613172690444],[24.57536467198963,60.33610764433177],[24.575380386351874,60.336105640315594],[24.575590095980473,60.336077566876085],[24.575624600262948,60.336072159649994],[24.575692973613812,60.33606038139879],[24.575714142546055,60.33605641973479],[24.575747776233438,60.336049801873685],[24.575814297810577,60.336035627286556],[24.576009549655872,60.335988461369034],[24.57627184081215,60.33592574643311],[24.57630266670631,60.33591911317166],[24.576437139274407,60.33589248725071],[24.57647111939087,60.33588632467142],[24.57664294669284,60.335858115881585],[24.576667792993092,60.33585440974869],[24.57684220590519,60.33583042489026],[24.576861215255075,60.335827968739615],[24.57693379029082,60.33581938351891],[24.577002068151998,60.33581132178663],[24.577073271666002,60.33580485840451],[24.5771093600053,60.335802273354],[24.57739750703457,60.33578791534422],[24.57741483619396,60.335786856775535],[24.577450746989317,60.335784466021074],[24.5776649617953,60.33576669399558],[24.57767530136947,60.335765813443544],[24.577961888149936,60.33574536232924],[24.577976911239617,60.33574461200344],[24.57804905137548,60.33574164154946],[24.578157563059115,60.33573935167478],[24.57822994569936,60.33573970921303],[24.57830221609613,60.335741825314784],[24.578320077099328,60.33574263577735],[24.578356064039276,60.3357445938888],[24.57846349857838,60.33575243481453],[24.578487397567155,60.335754415227285],[24.578558926747803,60.335759931187035],[24.578578048645234,60.335761087967164],[24.578614111188177,60.33576275993279],[24.578650243694394,60.335763732497135],[24.578686452145753,60.335763924923036],[24.578722603739863,60.33576317309941],[24.57875863007896,60.33576142188314],[24.5787915602382,60.3357589046145],[24.578826986915402,60.33575522011799],[24.578861972718133,60.33575063827567],[24.57889655796985,60.33574534846311],[24.578930754116087,60.335739440718086],[24.578947200656813,60.33573635370693],[24.57901491678235,60.33572363656141],[24.579049419479407,60.335718237411434],[24.579084657519566,60.33571416314721],[24.579117457758997,60.335711930885225],[24.57915359717545,60.33571109787737],[24.579189772336452,60.335711738705236],[24.579225822082357,60.335713338408965],[24.579261685997867,60.335715734196306],[24.579336381442157,60.33572253805277],[24.57947705838738,60.33573954419304],[24.579416777458885,60.33576049953209],[24.57793491877922,60.33627579612672],[24.573889340241827,60.337674609189754],[24.56911313857844,60.339978449141405]]],[[[24.54596511587284,60.303758832686555],[24.546027956300197,60.303804127246806],[24.54584890383197,60.303674751446906],[24.544055259346255,60.302378720556916],[24.544045870931363,60.30237188155517],[24.54417292113365,60.3023285965766],[24.5443420487948,60.302270970874275],[24.544398661641903,60.30224796082223],[24.544603189627615,60.302164857512565],[24.544774618717128,60.30205339349352],[24.5448599802508,60.30198981717164],[24.54491353220789,60.3019499340704],[24.544919108256735,60.30195402560135],[24.545250078361985,60.30219628856857],[24.54539190180958,60.30230010334557],[24.545785753798835,60.30258861272039],[24.546892773646924,60.30339950537899],[24.5471507995175,60.3035961477318],[24.54715086846518,60.30359619392009],[24.547429894096922,60.30379456191096],[24.54743224835244,60.3037962402893],[24.547195419282264,60.30387865275155],[24.54661322137844,60.304081239837465],[24.54647706260325,60.30412861691578],[24.54596511587284,60.303758832686555]]],[[[24.430271509764697,60.305793849260155],[24.43226398159139,60.30536518559611],[24.43306521746994,60.30629389119757],[24.43108306956721,60.30672261436561],[24.430271509764697,60.305793849260155]]],[[[24.44266782837786,60.305100893565964],[24.442877863877253,60.305380996855725],[24.442938046633465,60.305489327331124],[24.442613784198112,60.30556214797338],[24.441993556722615,60.3056994023453],[24.44145683312993,60.30582009779232],[24.440837229437168,60.30595734991692],[24.440893915165873,60.3058465266695],[24.44090487272265,60.305825186568406],[24.440906841697835,60.305821541302876],[24.44090811883145,60.30581887088408],[24.440913693339237,60.30580801851748],[24.440915140188096,60.30580526153405],[24.44091516124392,60.30580499243749],[24.440932783666046,60.30577066495495],[24.441095407574593,60.30547299731098],[24.441385626322248,60.30507584349961],[24.441624037832074,60.304783587738534],[24.441640562118767,60.30476351365751],[24.44266782837786,60.305100893565964]]],[[[24.57875518265236,60.32679778998576],[24.578774892950044,60.32680560487252],[24.578798284556626,60.326819235879455],[24.578814810356924,60.326835068378394],[24.5788249630167,60.32685232085127],[24.578832502079564,60.326869885027236],[24.578838364143472,60.326887589327846],[24.578842843980144,60.32690536725996],[24.578844493553365,60.326911954830834],[24.57886931835679,60.327000870708375],[24.57887257947122,60.32701871626666],[24.5788735408484,60.327026279419755],[24.578874654582332,60.32704425653479],[24.578874700273445,60.327062223176405],[24.578873968043496,60.32708017564681],[24.578873109838767,60.32709811683942],[24.578872543761936,60.32711382661037],[24.578871829620184,60.327131779410166],[24.57886988593897,60.32714970082886],[24.57886552401205,60.32716749734879],[24.578853297933215,60.32718434214736],[24.57884200001268,60.32719257128187],[24.578814467639724,60.32720401698704],[24.578782989896077,60.32721296542822],[24.57875052450989,60.32722081792111],[24.57871891529603,60.327229584294365],[24.578693024670592,60.32723916449135],[24.578670342117217,60.32725312390615],[24.578651510388152,60.32726841107964],[24.578632980211115,60.32728378459065],[24.57861004836844,60.327298907231764],[24.578580311287947,60.32730905511684],[24.57854658861743,60.32731553721947],[24.5785113381791,60.32731965592335],[24.578475615167786,60.3273223287429],[24.578439744475006,60.32732454971692],[24.57840387923853,60.32732694145593],[24.57836839249097,60.327330337184165],[24.5783315093329,60.32733595318592],[24.57829977510992,60.32734444769712],[24.57827134635455,60.32735551764428],[24.578247016804166,60.327368719364166],[24.57822506721499,60.32738305137803],[24.578204748770055,60.32739786225592],[24.578184423658445,60.32741276283849],[24.578162318502795,60.327426993195935],[24.57813904043089,60.32744067218536],[24.578064436965605,60.32747981665785],[24.578057294440146,60.32748354915171],[24.577912843441013,60.32756390088017],[24.577905518109908,60.327567899522094],[24.577855845781528,60.32759403284385],[24.577831965650752,60.32760752115204],[24.577810744834927,60.327622037057935],[24.57779311611319,60.32763770535716],[24.57778408657065,60.32764832028574],[24.577774866539748,60.327665659939996],[24.57776899090506,60.32768333901489],[24.577764610209822,60.32770113516366],[24.57776236963923,60.327713032613865],[24.577757988936018,60.327730828762355],[24.57775104587893,60.32774848838291],[24.577738211205496,60.32776522318387],[24.57773266465039,60.327770152525964],[24.57770996322526,60.327784111441524],[24.577679393993286,60.32779325584722],[24.57764368076599,60.32779529982492],[24.57761023337923,60.32778974961842],[24.577588243145826,60.32777578463174],[24.577577154897543,60.32775869466775],[24.57757122031548,60.32774808548274],[24.57755905138523,60.32773115547828],[24.577547690516553,60.3277177435349],[24.57753320151414,60.32770131919836],[24.57751731163685,60.32768521966012],[24.57750087481527,60.327672343997754],[24.577477641185524,60.327658535986],[24.577451097120733,60.32764637438256],[24.577431236454416,60.327638385886466],[24.577372231208066,60.32761763779118],[24.577346378971544,60.32760836330731],[24.577318388750218,60.32759689394831],[24.577294989902608,60.3275833613614],[24.57728686625266,60.32757369139578],[24.577283153671278,60.32755583756023],[24.577282179548057,60.32753794381357],[24.57728260444948,60.32751999472284],[24.57728348230012,60.32750204490578],[24.57728364852793,60.32749369383],[24.577281109254223,60.327457814716496],[24.577276301915646,60.32742198408809],[24.57727557371036,60.327417389530005],[24.577273505489043,60.32738151001955],[24.577273767569245,60.32736355796045],[24.577274547519295,60.32734668430765],[24.577279152344463,60.32729287977194],[24.577280029522843,60.32727493892509],[24.577279387699296,60.327256961405894],[24.5772774143283,60.32724228329096],[24.57727339356921,60.32722443281912],[24.57726738823385,60.32720671684595],[24.577251689238796,60.327171675792776],[24.577244383769216,60.327157080136665],[24.577235746726384,60.3271396755046],[24.577227441319497,60.32712219607109],[24.577220047795826,60.32710463444776],[24.57721526126864,60.32708685086012],[24.577213611323373,60.327074163862385],[24.577214181644543,60.32705620843844],[24.577217947445458,60.32703840109469],[24.57722474523574,60.32702074783354],[24.57723411076144,60.32700340188404],[24.577245584425306,60.326986453679744],[24.577257499593745,60.32697185806225],[24.577272743900622,60.32695560739434],[24.57728992686778,60.32693984120965],[24.577309203997444,60.32692466115401],[24.577330870865204,60.32691023430683],[24.57734935052953,60.326899701839494],[24.577375574731597,60.32688733429788],[24.577487547778645,60.32684186469667],[24.57750484284224,60.32683509242157],[24.57758707263029,60.326799851110636],[24.577616947625206,60.32678979579187],[24.57764969978012,60.32678222727428],[24.577684644050425,60.32677783373713],[24.57769904526509,60.32677710809006],[24.57773530627824,60.326777679138104],[24.577771331333327,60.32677923399585],[24.577807474218734,60.32677944355491],[24.577842130865672,60.32677477524746],[24.577851027311297,60.326772062850786],[24.577877106494405,60.326759692570704],[24.577882478127655,60.326757365079935],[24.577915354971648,60.3267500682576],[24.577951068894986,60.3267477547463],[24.577987376421436,60.326747697769996],[24.578023422940287,60.32674700722385],[24.57804565165197,60.32674552589094],[24.578078816715216,60.32673849478536],[24.578108560073552,60.326728257301596],[24.578135811331407,60.32671644730501],[24.57816205251709,60.32670408890576],[24.57818932182649,60.3266922792276],[24.57821861468727,60.32668176402387],[24.5782262458,60.32667974717865],[24.5782602355326,60.32667380900478],[24.57829608743023,60.32667158774521],[24.578332190317965,60.326672335408595],[24.578368160258073,60.32667487722111],[24.578405367372795,60.32667905848882],[24.578440077188876,60.326684182364616],[24.578473929338433,60.32669036855338],[24.578506953359067,60.326697707422944],[24.578538792231186,60.32670637212738],[24.578568704227607,60.32671634915381],[24.578596550084196,60.326727806641486],[24.578608032253662,60.326733225919504],[24.57865671369954,60.326759803941464],[24.578682313740977,60.32677247810172],[24.578695032775883,60.32677783007632],[24.57875518265236,60.32679778998576]]],[[[24.512775458285553,60.30939125166189],[24.512919628295677,60.309412096633636],[24.51294178605784,60.30944762656921],[24.51300671408524,60.30946168792841],[24.513086679163276,60.30951491879169],[24.513145402898484,60.30959675858361],[24.513147204247037,60.30970735690273],[24.513184738452573,60.30980712565285],[24.513185571669368,60.30986426509282],[24.513158558784127,60.309974952871855],[24.513030238135592,60.31005041678466],[24.512901541492443,60.31010081953747],[24.512787109268306,60.310144123034746],[24.512629377009127,60.31017323087178],[24.51245660215059,60.31015967436713],[24.5123191873466,60.31011020933706],[24.51222420572865,60.31001421550191],[24.512165066201533,60.309921677549916],[24.512092038328827,60.309843432193695],[24.512026432578345,60.309790200137364],[24.511967514902626,60.30970475394515],[24.511930239107695,60.30961567959348],[24.5119721978314,60.309537063290485],[24.512164793898013,60.309436402548926],[24.51229330996512,60.309382403882275],[24.512429821625265,60.30936753270406],[24.512551723840215,60.30934215604187],[24.51269553529323,60.30934152481706],[24.512775458285553,60.30939125166189]]],[[[24.52908585514838,60.30882870864436],[24.52790478206228,60.309243468099304],[24.527730700579205,60.3090031378079],[24.528805672470796,60.30855141725862],[24.529591024887793,60.30807180045382],[24.5300182592852,60.30821082561739],[24.52908585514838,60.30882870864436]]],[[[24.515402634633624,60.28146434396479],[24.515378987737098,60.28145078603592],[24.515373486018643,60.281446999982606],[24.51535562078462,60.28143139427883],[24.51534164219057,60.28141487315444],[24.515329063108258,60.28139802787389],[24.515324509955605,60.28139390024209],[24.515305086458866,60.28137880436101],[24.515263756846874,60.281349383599505],[24.51524511256094,60.28133403279563],[24.51523345765703,60.28132122027826],[24.515567749543074,60.28129126460073],[24.5155005042462,60.28149082514703],[24.515477156112183,60.28149240048902],[24.515459609490147,60.28148642173977],[24.51543023248533,60.281475900708145],[24.515402634633624,60.28146434396479]]]]},"properties":{"OBJECTID":35,"KohdeId":852,"LsAlueTunn":"KPU010030","Nimi":"Nuuksion kansallispuisto","NimiRuotsi":" ","KohdeTyypp":202,"TyyppiLyhe":"KPU","TyyppiNimi":"Kansallispuisto","PaatPvm":760320000000,"PaatNimi":"Laki Nuuksion kansallispuistosta","PaatURL":" ","ViimPaatPv":1679529600000,"ViimPaatNi":"Laki Nuuksion kansallispuistosta annetun lain muuttamisesta","Voimaantul":1685577600000,"LakiPerust":" ","LakkautusP":253402214400000,"CDDATunnus":101965,"IUCNKatego":"II","IUCNLuokka":"Kansallispuisto","LPAlue":"Rannikko, LP","ELY":"Uudenmaan ELY-keskus","Olotila":"Voimassa","OlotilaMuu":253402214400000,"DigPohja":" ","MuutosPvm":1759363200000,"Lisatieto":" ","Shape_STAr":55785979.3748,"Shape_STLe":156407.36334,"Shape_Length":156407.36333968246,"Shape_Area":55785979.38268283}}]}